customer_id,customer_type,city,registration_date
CU00001,Fleet,Ghaziabad,2023-05-23
CU00002,Individual,Ghaziabad,2024-04-15
CU00003,Individual,Faridabad,2023-10-13
CU00004,Individual,Noida,2022-07-24
CU00005,Fleet,Noida,2023-01-16
CU00006,Individual,Faridabad,2025-01-01
CU00007,Individual,Faridabad,2025-01-04
CU00008,Fleet,Faridabad,2022-03-18
CU00009,Individual,Noida,2024-03-26
CU00010,Individual,Faridabad,2024-02-07
CU00011,Fleet,Delhi,2023-02-14
CU00012,Fleet,Ghaziabad,2022-04-16
CU00013,Individual,Ghaziabad,2023-07-05
CU00014,Individual,Gurgaon,2024-04-05
CU00015,Individual,Gurgaon,2022-03-29
CU00016,Fleet,Ghaziabad,2024-05-30
CU00017,Individual,Delhi,2025-01-05
CU00018,Individual,Noida,2025-01-05
CU00019,Individual,Noida,2023-06-24
CU00020,Fleet,Delhi,2022-09-02
CU00021,Individual,Noida,2023-08-01
CU00022,Fleet,Faridabad,2024-09-08
CU00023,Individual,Ghaziabad,2023-12-18
CU00024,Individual,Ghaziabad,2022-05-22
CU00025,Fleet,Delhi,2024-06-11
CU00026,Individual,NOIDA,2025-01-12
CU00027,Individual,Gurgaon,2025-03-12
CU00028,Fleet,Gurgaon,2022-12-18
CU00029,Individual,Noida,2023-06-29
CU00030,Individual,Gurgaon,2024-07-01
CU00031,Individual,Delhi,2022-06-01
CU00032,Individual,Delhi,2025-03-27
CU00033,Individual,Noida,2023-10-15
CU00034,Individual,Gurgaon,2024-08-15
CU00035,Individual,Delhi,2024-02-02
CU00036,Individual,Delhi,2023-09-16
CU00037,Individual,Faridabad,2023-10-18
CU00038,Individual,Faridabad,2023-03-26
CU00039,Individual,Delhi,2023-12-22
CU00040,Individual,Noida,2025-06-01
CU00041,Individual,Ghaziabad,2022-02-12
CU00042,Individual,Ghaziabad,2022-09-21
CU00043,Individual,Delhi,2024-10-23
CU00044,Individual,Delhi,2023-08-19
CU00045,Individual,Delhi,2024-11-05
CU00046,Individual,Noida,2024-12-18
CU00047,Fleet,Faridabad,2024-10-09
CU00048,Individual,Delhi,2022-06-26
CU00049,Individual,Delhi,2022-03-04
CU00050,Individual,Gurgaon,2024-08-15
CU00051,Fleet,Noida,2024-09-29
CU00052,Individual,Delhi,2023-07-15
CU00053,Individual,Gurgaon,2025-06-23
CU00054,Individual,GHAZIABAD,2024-08-12
CU00055,Individual,Delhi,2024-04-29
CU00056,Individual,Delhi,2023-08-27
CU00057,Individual,Gurgaon,2023-08-29
CU00058,Fleet,Noida,2024-04-09
CU00059,Individual,Delhi,2025-05-07
CU00060,Individual,Ghaziabad,2024-01-16
CU00061,Individual,Delhi,2023-07-12
CU00062,Individual,Ghaziabad,2022-03-05
CU00063,Individual,Faridabad,2025-06-07
CU00064,Individual,Faridabad,2024-07-30
CU00065,Individual,Ghaziabad,2022-09-06
CU00066,Individual,Noida,2025-06-23
CU00067,Individual,Delhi,2024-07-28
CU00068,Individual,Delhi,2022-06-06
CU00069,Individual,Faridabad,2024-01-05
CU00070,Fleet,Ghaziabad,2024-09-11
CU00071,Fleet,Delhi,2025-01-16
CU00072,Individual,Delhi,2024-12-25
CU00073,Individual,Noida,2023-10-24
CU00074,Individual,Gurgaon,2024-11-09
CU00075,Fleet,Faridabad,2022-02-02
CU00076,Individual,FARIDABAD,2023-07-12
CU00077,Individual,Gurgaon,2022-03-14
CU00078,Individual,Delhi,2024-04-04
CU00079,Individual,Noida,2025-03-02
CU00080,Individual,Noida,2024-12-14
CU00081,Fleet,Faridabad,2022-03-02
CU00082,Fleet,Noida,2022-09-29
CU00083,Individual,Gurgaon,2022-09-03
CU00084,Fleet,Delhi,2025-04-14
CU00085,Individual,Gurgaon,2023-09-20
CU00086,Individual,Ghaziabad,2023-12-06
CU00087,Individual,Faridabad,2023-10-24
CU00088,Fleet,Noida,2025-02-28
CU00089,Individual,Ghaziabad,2025-01-30
CU00090,Individual,Noida,2022-11-06
CU00091,Individual,Delhi,2023-05-10
CU00092,Individual,Delhi,2022-12-04
CU00093,Individual,Delhi,2023-08-02
CU00094,Individual,NOIDA,2022-01-10
CU00095,Individual,Ghaziabad,2022-02-18
CU00096,Individual,Delhi,2023-09-15
CU00097,Individual,Ghaziabad,2024-01-01
CU00098,Individual,Noida,2024-03-05
CU00099,Individual,Ghaziabad,2024-08-28
CU00100,Individual,Noida,2022-05-13
CU00101,Fleet,Noida,2022-03-24
CU00102,Individual,Faridabad,2022-02-26
CU00103,Individual,Noida,2023-01-11
CU00104,Fleet,Noida,2022-12-15
CU00105,Fleet,Gurgaon,2022-09-28
CU00106,Fleet,Delhi,2022-04-21
CU00107,Individual,Faridabad,2024-05-18
CU00108,Individual,Faridabad,2024-06-05
CU00109,Individual,Faridabad,2022-03-17
CU00110,Individual,Gurgaon,2025-03-27
CU00111,Individual,Noida,2022-11-25
CU00112,Individual,Delhi,2022-05-02
CU00113,Individual,Ghaziabad,2022-02-10
CU00114,Fleet,Noida,2025-04-05
CU00115,Individual,Gurgaon,2024-07-10
CU00116,Individual,Noida,2023-10-04
CU00117,Individual,Noida,2024-11-12
CU00118,Fleet,Gurgaon,2022-10-06
CU00119,Individual,FARIDABAD,2024-02-02
CU00120,Individual,Faridabad,2023-04-14
CU00121,Fleet,Delhi,2022-01-09
CU00122,Individual,Delhi,2022-01-13
CU00123,Individual,Faridabad,2024-07-12
CU00124,Individual,Ghaziabad,2024-07-11
CU00125,Individual,Noida,2024-12-11
CU00126,Individual,Ghaziabad,2025-05-17
CU00127,Fleet,Noida,2025-04-29
CU00128,Individual,Faridabad,2024-12-10
CU00129,Fleet,Delhi,2023-10-15
CU00130,Individual,Delhi,2023-09-13
CU00131,Individual,Ghaziabad,2022-07-15
CU00132,Individual,Delhi,2023-02-21
CU00133,Individual,Faridabad,2023-10-26
CU00134,Fleet,Ghaziabad,2022-05-28
CU00135,Individual,Noida,2024-09-27
CU00136,Individual,Delhi,2022-12-30
CU00137,Individual,Gurgaon,2023-02-06
CU00138,Fleet,Delhi,2023-08-29
CU00139,Individual,Noida,2022-08-17
CU00140,Fleet,Ghaziabad,2023-06-21
CU00141,Individual,Noida,2022-09-25
CU00142,Individual,GURGAON,2024-10-31
CU00143,Fleet,Faridabad,2022-05-06
CU00144,Individual,Delhi,2022-11-02
CU00145,Individual,Ghaziabad,2025-01-17
CU00146,Individual,Faridabad,2023-09-20
CU00147,Individual,Noida,2023-11-20
CU00148,Individual,Ghaziabad,2024-11-03
CU00149,Individual,Faridabad,2025-05-17
CU00150,Individual,Ghaziabad,2022-10-08
CU00151,Individual,Gurgaon,2023-03-19
CU00152,Individual,Gurgaon,2024-04-16
CU00153,Individual,Delhi,2023-01-24
CU00154,Individual,Delhi,2023-09-09
CU00155,Individual,Gurgaon,2022-05-27
CU00156,Individual,Ghaziabad,2023-06-05
CU00157,Fleet,Gurgaon,2023-09-22
CU00158,Individual,Delhi,2023-03-10
CU00159,Individual,Gurgaon,2022-05-24
CU00160,Individual,Gurgaon,2022-10-16
CU00161,Fleet,Ghaziabad,2022-01-14
CU00162,Individual,Faridabad,2022-09-14
CU00163,Fleet,Delhi,2025-05-15
CU00164,Fleet,Ghaziabad,2024-05-07
CU00165,Fleet,Gurgaon,2024-07-31
CU00166,Individual,Gurgaon,2025-04-10
CU00167,Fleet,Faridabad,2023-04-09
CU00168,Fleet,Delhi,2022-09-27
CU00169,Fleet,Delhi,2025-05-29
CU00170,Individual,Noida,2025-03-21
CU00171,Fleet,Delhi,2023-09-15
CU00172,Individual,Faridabad,2025-04-21
CU00173,Fleet,Noida,2022-03-13
CU00174,Fleet,Noida,2022-03-15
CU00175,Individual,Gurgaon,2022-12-21
CU00176,Fleet,Gurgaon,2023-05-12
CU00177,Individual,Delhi,2024-09-14
CU00178,Fleet,Noida,2023-08-03
CU00179,Individual,Gurgaon,2024-06-28
CU00180,Fleet,Faridabad,2023-01-08
CU00181,Fleet,Gurgaon,2022-12-28
CU00182,Individual,Gurgaon,2022-04-03
CU00183,Individual,Noida,2022-11-20
CU00184,Fleet,Noida,2023-01-19
CU00185,Fleet,Ghaziabad,2023-07-29
CU00186,Individual,Faridabad,2024-01-06
CU00187,Individual,Noida,2024-01-07
CU00188,Individual,Delhi,2022-12-12
CU00189,Individual,Faridabad,2025-01-31
CU00190,Individual,Faridabad,2025-05-23
CU00191,Individual,Noida,2025-04-30
CU00192,Individual,Faridabad,2023-12-20
CU00193,Fleet,Noida,2024-02-20
CU00194,Individual,GURGAON,2024-10-16
CU00195,Fleet,Ghaziabad,2025-05-02
CU00196,Fleet,Gurgaon,2023-10-26
CU00197,Individual,Noida,2023-08-23
CU00198,Individual,Noida,2022-01-11
CU00199,Individual,Gurgaon,2022-07-06
CU00200,Individual,Delhi,2023-12-27
CU00201,Individual,Delhi,2024-11-04
CU00202,Individual,Delhi,2024-02-17
CU00203,Individual,Noida,2023-02-15
CU00204,Individual,Faridabad,2024-08-13
CU00205,Fleet,Noida,2023-08-08
CU00206,Individual,Faridabad,2024-12-11
CU00207,Individual,Gurgaon,2024-11-17
CU00208,Individual,GHAZIABAD,2023-07-31
CU00209,Individual,Faridabad,2024-11-06
CU00210,Individual,Delhi,2025-06-06
CU00211,Fleet,Noida,2024-09-15
CU00212,Individual,Gurgaon,2025-05-18
CU00213,Individual,Delhi,2024-01-13
CU00214,Individual,Gurgaon,2025-02-01
CU00215,Individual,Ghaziabad,2022-07-23
CU00216,Individual,Noida,2024-12-12
CU00217,Individual,Noida,2024-08-31
CU00218,Fleet,Ghaziabad,2024-07-28
CU00219,Individual,Noida,2024-12-13
CU00220,Individual,Faridabad,2024-11-20
CU00221,Individual,GURGAON,2025-03-04
CU00222,Individual,Delhi,2024-12-17
CU00223,Fleet,Ghaziabad,2022-04-15
CU00224,Individual,Faridabad,2022-09-10
CU00225,Individual,Delhi,2022-10-22
CU00226,Individual,Delhi,2023-10-30
CU00227,Individual,Ghaziabad,2025-03-27
CU00228,Individual,Faridabad,2023-07-03
CU00229,Individual,Delhi,2023-09-23
CU00230,Individual,Delhi,2024-12-26
CU00231,Individual,Faridabad,2022-10-26
CU00232,Individual,Noida,2022-04-11
CU00233,Individual,Delhi,2024-12-15
CU00234,Individual,Gurgaon,2022-11-28
CU00235,Individual,Faridabad,2024-04-15
CU00236,Individual,Delhi,2023-01-28
CU00237,Individual,Ghaziabad,2024-05-23
CU00238,Individual,Gurgaon,2023-01-16
CU00239,Individual,Delhi,2022-04-02
CU00240,Individual,Gurgaon,2023-03-23
CU00241,Individual,Gurgaon,2022-04-19
CU00242,Individual,Noida,2022-11-13
CU00243,Fleet,Gurgaon,2025-04-06
CU00244,Individual,Noida,2023-03-18
CU00245,Individual,Faridabad,2022-08-06
CU00246,Fleet,Noida,2025-05-30
CU00247,Individual,Ghaziabad,2023-11-04
CU00248,Individual,Delhi,2022-10-05
CU00249,Individual,Faridabad,2024-10-05
CU00250,Individual,Faridabad,2023-07-23
CU00251,Individual,Ghaziabad,2024-10-06
CU00252,Individual,Noida,2024-05-24
CU00253,Individual,Delhi,2023-04-11
CU00254,Individual,Noida,2024-04-18
CU00255,Individual,Gurgaon,2024-01-24
CU00256,Individual,Noida,2024-04-17
CU00257,Individual,Faridabad,2022-01-30
CU00258,Individual,Delhi,2022-12-25
CU00259,Individual,Noida,2022-03-27
CU00260,Individual,Delhi,2025-06-11
CU00261,Individual,Delhi,2024-01-17
CU00262,Individual,Gurgaon,2022-11-09
CU00263,Individual,Gurgaon,2022-12-31
CU00264,Individual,Faridabad,2024-06-23
CU00265,Individual,Ghaziabad,2023-11-29
CU00266,Individual,Delhi,2022-05-11
CU00267,Individual,Ghaziabad,2024-03-13
CU00268,Individual,Faridabad,2024-02-28
CU00269,Individual,Delhi,2022-12-17
CU00270,Fleet,Delhi,2022-06-29
CU00271,Individual,Ghaziabad,2025-04-01
CU00272,Individual,Noida,2025-01-24
CU00273,Individual,Gurgaon,2024-02-13
CU00274,Fleet,Noida,2023-05-25
CU00275,Fleet,Ghaziabad,2022-12-31
CU00276,Individual,Gurgaon,2024-09-07
CU00277,Fleet,Noida,2022-12-19
CU00278,Individual,Gurgaon,2024-03-10
CU00279,Fleet,Delhi,2025-01-11
CU00280,Individual,Noida,2025-06-02
CU00281,Individual,Gurgaon,2023-02-16
CU00282,Individual,Gurgaon,2024-01-05
CU00283,Individual,Gurgaon,2024-09-07
CU00284,Individual,Noida,2022-04-28
CU00285,Individual,Faridabad,2023-04-27
CU00286,Individual,Noida,2022-07-11
CU00287,Individual,Ghaziabad,2023-08-14
CU00288,Individual,Noida,2023-08-13
CU00289,Fleet,Gurgaon,2023-10-21
CU00290,Individual,Delhi,2022-04-17
CU00291,Individual,Noida,2023-01-17
CU00292,Fleet,Noida,2024-02-22
CU00293,Individual,Gurgaon,2023-01-25
CU00294,Individual,Delhi,2022-09-01
CU00295,Individual,Delhi,2023-08-08
CU00296,Individual,Ghaziabad,2024-05-18
CU00297,Individual,Noida,2023-04-13
CU00298,Individual,Delhi,2024-05-15
CU00299,Fleet,Delhi,2024-07-22
CU00300,Individual,Faridabad,2025-05-18
CU00301,Individual,Faridabad,2023-08-27
CU00302,Individual,Delhi,2024-10-11
CU00303,Individual,Ghaziabad,2025-01-01
CU00304,Individual,Delhi,2024-05-09
CU00305,Individual,Gurgaon,2025-04-24
CU00306,Individual,Noida,2025-06-30
CU00307,Individual,Ghaziabad,2022-01-13
CU00308,Individual,Gurgaon,2022-10-26
CU00309,Individual,Ghaziabad,2025-01-04
CU00310,Individual,Gurgaon,2024-12-10
CU00311,Individual,Noida,2024-02-26
CU00312,Fleet,NOIDA,2022-05-29
CU00313,Fleet,Faridabad,2022-05-02
CU00314,Individual,Gurgaon,2025-05-19
CU00315,Individual,Faridabad,2023-06-22
CU00316,Individual,Gurgaon,2025-03-25
CU00317,Individual,Faridabad,2025-06-15
CU00318,Individual,Noida,2023-01-11
CU00319,Individual,Ghaziabad,2022-03-23
CU00320,Individual,Faridabad,2023-05-07
CU00321,Individual,Gurgaon,2022-12-22
CU00322,Individual,Gurgaon,2024-07-13
CU00323,Individual,NOIDA,2024-12-03
CU00324,Individual,Gurgaon,2024-10-01
CU00325,Fleet,Delhi,2022-05-03
CU00326,Individual,Ghaziabad,2023-12-09
CU00327,Individual,Faridabad,2022-11-26
CU00328,Individual,Ghaziabad,2024-09-17
CU00329,Fleet,Noida,2022-11-19
CU00330,Individual,Faridabad,2025-02-08
CU00331,Fleet,Faridabad,2024-02-09
CU00332,Individual,Delhi,2025-01-17
CU00333,Individual,Noida,2023-03-09
CU00334,Individual,Gurgaon,2023-12-11
CU00335,Individual,Delhi,2024-03-04
CU00336,Individual,Delhi,2023-12-13
CU00337,Individual,Ghaziabad,2025-01-27
CU00338,Individual,GHAZIABAD,2023-06-23
CU00339,Fleet,Ghaziabad,2023-08-24
CU00340,Individual,Delhi,2025-03-15
CU00341,Fleet,Gurgaon,2022-09-14
CU00342,Individual,Faridabad,2025-04-27
CU00343,Individual,Ghaziabad,2025-06-17
CU00344,Individual,Gurgaon,2024-05-20
CU00345,Fleet,Noida,2024-06-17
CU00346,Fleet,Ghaziabad,2024-03-19
CU00347,Fleet,Faridabad,2023-11-08
CU00348,Individual,Noida,2022-09-28
CU00349,Individual,Noida,2023-07-04
CU00350,Individual,Faridabad,2025-02-11
CU00351,Individual,Ghaziabad,2023-07-22
CU00352,Individual,DELHI,2024-09-12
CU00353,Individual,Faridabad,2022-12-25
CU00354,Individual,Faridabad,2025-04-07
CU00355,Individual,Faridabad,2024-03-08
CU00356,Individual,Noida,2024-06-05
CU00357,Fleet,Gurgaon,2025-05-07
CU00358,Individual,Delhi,2022-07-30
CU00359,Individual,Ghaziabad,2022-10-14
CU00360,Individual,Ghaziabad,2024-01-13
CU00361,Individual,Gurgaon,2024-11-12
CU00362,Individual,Faridabad,2025-02-06
CU00363,Individual,Delhi,2022-10-23
CU00364,Fleet,Ghaziabad,2022-01-06
CU00365,Individual,Ghaziabad,2023-07-04
CU00366,Individual,Faridabad,2023-11-12
CU00367,Individual,Gurgaon,2024-03-05
CU00368,Fleet,Delhi,2022-07-22
CU00369,Fleet,Gurgaon,2022-11-21
CU00370,Fleet,Gurgaon,2024-04-04
CU00371,Fleet,Delhi,2022-09-01
CU00372,Fleet,Delhi,2022-11-23
CU00373,Fleet,Ghaziabad,2024-09-13
CU00374,Individual,Ghaziabad,2024-12-06
CU00375,Individual,Delhi,2024-01-31
CU00376,Fleet,Noida,2024-11-02
CU00377,Individual,Ghaziabad,2024-06-25
CU00378,Individual,Noida,2022-12-31
CU00379,Individual,Delhi,2025-05-29
CU00380,Fleet,Ghaziabad,2022-03-14
CU00381,Individual,Gurgaon,2024-12-05
CU00382,Individual,Delhi,2022-10-01
CU00383,Individual,Faridabad,2022-07-27
CU00384,Individual,Noida,2022-05-04
CU00385,Individual,Delhi,2024-10-30
CU00386,Individual,Delhi,2025-04-25
CU00387,Individual,Ghaziabad,2023-06-27
CU00388,Individual,Ghaziabad,2022-03-01
CU00389,Fleet,Ghaziabad,2024-06-17
CU00390,Individual,Faridabad,2024-06-04
CU00391,Individual,Ghaziabad,2024-02-21
CU00392,Individual,Delhi,2023-03-18
CU00393,Individual,Ghaziabad,2025-05-25
CU00394,Individual,Gurgaon,2024-06-29
CU00395,Individual,Ghaziabad,2024-10-22
CU00396,Individual,Faridabad,2024-04-11
CU00397,Individual,Gurgaon,2024-10-04
CU00398,Fleet,Delhi,2023-09-18
CU00399,Individual,Delhi,2025-04-03
CU00400,Individual,Noida,2024-09-24
CU00401,Individual,Gurgaon,2024-01-04
CU00402,Individual,Noida,2022-04-01
CU00403,Individual,Gurgaon,2022-06-16
CU00404,Individual,Gurgaon,2024-08-16
CU00405,Individual,Faridabad,2022-07-26
CU00406,Individual,Noida,2024-12-24
CU00407,Individual,Faridabad,2023-05-31
CU00408,Individual,Gurgaon,2025-03-26
CU00409,Individual,Delhi,2024-01-17
CU00410,Individual,Gurgaon,2022-11-02
CU00411,Individual,Faridabad,2023-01-30
CU00412,Individual,Noida,2025-01-02
CU00413,Individual,Noida,2022-07-06
CU00414,Fleet,Faridabad,2023-09-15
CU00415,Individual,Noida,2023-12-31
CU00416,Individual,Ghaziabad,2022-08-28
CU00417,Individual,Delhi,2023-06-17
CU00418,Fleet,Delhi,2022-05-21
CU00419,Individual,Delhi,2022-05-19
CU00420,Individual,Noida,2023-04-04
CU00421,Individual,Noida,2022-03-11
CU00422,Fleet,Gurgaon,2023-01-20
CU00423,Individual,Gurgaon,2023-09-22
CU00424,Fleet,Delhi,2022-07-17
CU00425,Individual,Ghaziabad,2022-07-24
CU00426,Individual,Gurgaon,2023-07-22
CU00427,Individual,Gurgaon,2024-09-08
CU00428,Fleet,Noida,2024-03-15
CU00429,Individual,Ghaziabad,2024-05-08
CU00430,Individual,Delhi,2024-05-31
CU00431,Individual,Gurgaon,2024-08-31
CU00432,Fleet,Ghaziabad,2023-10-02
CU00433,Individual,Ghaziabad,2022-11-21
CU00434,Individual,Delhi,2023-03-18
CU00435,Individual,Ghaziabad,2024-03-14
CU00436,Fleet,Ghaziabad,2022-10-15
CU00437,Individual,Ghaziabad,2022-08-14
CU00438,Individual,Gurgaon,2024-12-23
CU00439,Fleet,Delhi,2024-08-24
CU00440,Individual,Ghaziabad,2024-07-26
CU00441,Individual,Ghaziabad,2023-07-14
CU00442,Individual,Gurgaon,2023-12-15
CU00443,Individual,Delhi,2023-05-13
CU00444,Individual,Noida,2024-04-28
CU00445,Fleet,Gurgaon,2024-07-14
CU00446,Individual,Delhi,2022-03-01
CU00447,Individual,Ghaziabad,2022-09-14
CU00448,Individual,Delhi,2023-07-31
CU00449,Individual,Delhi,2022-08-27
CU00450,Individual,Delhi,2022-02-07
CU00451,Individual,Noida,2022-01-25
CU00452,Individual,Delhi,2023-02-14
CU00453,Individual,Noida,2023-04-06
CU00454,Fleet,Ghaziabad,2024-09-14
CU00455,Individual,Noida,2022-12-23
CU00456,Individual,Ghaziabad,2023-01-18
CU00457,Individual,Ghaziabad,2025-03-27
CU00458,Individual,Noida,2023-07-23
CU00459,Individual,Gurgaon,2024-12-07
CU00460,Individual,Faridabad,2023-03-09
CU00461,Individual,Delhi,2022-02-25
CU00462,Fleet,Faridabad,2023-07-31
CU00463,Individual,Delhi,2022-09-25
CU00464,Individual,Delhi,2022-03-10
CU00465,Individual,Ghaziabad,2024-06-20
CU00466,Fleet,Delhi,2024-03-03
CU00467,Individual,Delhi,2022-09-14
CU00468,Individual,Noida,2023-11-03
CU00469,Individual,Faridabad,2023-05-05
CU00470,Individual,NOIDA,2024-01-16
CU00471,Individual,Delhi,2022-02-18
CU00472,Individual,Ghaziabad,2022-11-12
CU00473,Individual,Noida,2023-02-17
CU00474,Individual,Noida,2023-03-10
CU00475,Fleet,Gurgaon,2024-10-22
CU00476,Individual,Delhi,2025-03-14
CU00477,Individual,Ghaziabad,2023-02-24
CU00478,Individual,Noida,2024-04-23
CU00479,Fleet,Noida,2024-07-04
CU00480,Individual,Ghaziabad,2023-03-10
CU00481,Fleet,Delhi,2023-10-05
CU00482,Individual,Gurgaon,2022-02-26
CU00483,Individual,Noida,2024-08-21
CU00484,Individual,Gurgaon,2024-09-03
CU00485,Individual,FARIDABAD,2025-04-16
CU00486,Individual,Delhi,2022-02-15
CU00487,Individual,Faridabad,2025-04-08
CU00488,Fleet,Faridabad,2023-02-21
CU00489,Individual,Faridabad,2024-04-27
CU00490,Individual,Delhi,2022-05-19
CU00491,Individual,Delhi,2022-09-04
CU00492,Individual,Ghaziabad,2025-03-17
CU00493,Fleet,Gurgaon,2022-08-18
CU00494,Fleet,Gurgaon,2024-03-02
CU00495,Individual,Ghaziabad,2023-09-29
CU00496,Fleet,Ghaziabad,2023-01-09
CU00497,Individual,Faridabad,2025-01-08
CU00498,Individual,Ghaziabad,2024-01-08
CU00499,Individual,Noida,2024-12-24
CU00500,Individual,Gurgaon,2022-03-29
CU00501,Individual,Ghaziabad,2025-01-16
CU00502,Fleet,Noida,2023-12-14
CU00503,Individual,Noida,2025-05-12
CU00504,Fleet,Noida,2023-08-24
CU00505,Individual,Noida,2023-06-23
CU00506,Individual,Faridabad,2022-08-02
CU00507,Fleet,Noida,2022-03-15
CU00508,Individual,Faridabad,2022-03-02
CU00509,Individual,Faridabad,2023-11-29
CU00510,Individual,Noida,2025-05-27
CU00511,Individual,Gurgaon,2022-01-12
CU00512,Individual,Noida,2024-03-24
CU00513,Individual,Noida,2022-02-01
CU00514,Individual,Noida,2025-03-29
CU00515,Individual,Gurgaon,2024-09-27
CU00516,Individual,Delhi,2022-08-25
CU00517,Individual,Delhi,2025-04-19
CU00518,Individual,Faridabad,2023-07-12
CU00519,Individual,Faridabad,2025-01-08
CU00520,Fleet,Gurgaon,2023-10-09
CU00521,Fleet,Ghaziabad,2024-09-13
CU00522,Individual,Delhi,2024-03-30
CU00523,Individual,Faridabad,2023-04-18
CU00524,Individual,Delhi,2022-04-22
CU00525,Individual,Gurgaon,2023-01-18
CU00526,Individual,Gurgaon,2022-01-17
CU00527,Individual,Ghaziabad,2023-05-08
CU00528,Fleet,Ghaziabad,2024-07-14
CU00529,Individual,Gurgaon,2022-04-27
CU00530,Individual,Faridabad,2024-05-29
CU00531,Individual,Delhi,2022-04-25
CU00532,Individual,Noida,2024-03-24
CU00533,Individual,Ghaziabad,2023-10-06
CU00534,Individual,Noida,2022-12-02
CU00535,Fleet,Faridabad,2024-07-10
CU00536,Individual,Ghaziabad,2022-05-27
CU00537,Fleet,Noida,2022-05-02
CU00538,Fleet,Faridabad,2022-03-22
CU00539,Individual,DELHI,2023-11-16
CU00540,Individual,Faridabad,2023-10-24
CU00541,Individual,Ghaziabad,2023-01-10
CU00542,Fleet,Gurgaon,2022-03-04
CU00543,Fleet,Delhi,2023-05-19
CU00544,Individual,Noida,2023-10-30
CU00545,Fleet,Ghaziabad,2023-03-25
CU00546,Individual,Gurgaon,2024-05-17
CU00547,Individual,Faridabad,2023-11-11
CU00548,Individual,Gurgaon,2025-04-04
CU00549,Individual,Ghaziabad,2023-04-06
CU00550,Individual,Ghaziabad,2023-04-04
CU00551,Fleet,Gurgaon,2025-04-27
CU00552,Individual,Faridabad,2023-04-09
CU00553,Individual,GURGAON,2024-06-30
CU00554,Individual,Ghaziabad,2023-01-14
CU00555,Individual,Ghaziabad,2024-10-22
CU00556,Individual,Noida,2022-12-30
CU00557,Individual,Noida,2022-03-13
CU00558,Individual,Delhi,2023-09-30
CU00559,Fleet,Ghaziabad,2025-04-08
CU00560,Individual,Noida,2025-05-13
CU00561,Individual,Gurgaon,2022-12-03
CU00562,Individual,Faridabad,2022-07-14
CU00563,Fleet,Gurgaon,2024-10-08
CU00564,Individual,Faridabad,2023-10-15
CU00565,Individual,Noida,2022-01-07
CU00566,Individual,Delhi,2024-06-23
CU00567,Individual,Gurgaon,2024-09-05
CU00568,Fleet,Gurgaon,2023-07-20
CU00569,Individual,Gurgaon,2023-09-08
CU00570,Fleet,Faridabad,2023-07-27
CU00571,Individual,Noida,2023-08-22
CU00572,Fleet,Gurgaon,2024-02-09
CU00573,Individual,Gurgaon,2025-04-16
CU00574,Fleet,Delhi,2022-08-30
CU00575,Individual,Delhi,2025-05-11
CU00576,Individual,Noida,2025-01-08
CU00577,Individual,Noida,2024-02-05
CU00578,Individual,Ghaziabad,2023-01-19
CU00579,Fleet,Delhi,2023-01-26
CU00580,Individual,Ghaziabad,2024-06-14
CU00581,Individual,Faridabad,2023-11-19
CU00582,Individual,Ghaziabad,2025-02-23
CU00583,Individual,Gurgaon,2022-02-16
CU00584,Individual,Ghaziabad,2023-09-11
CU00585,Fleet,Noida,2023-04-09
CU00586,Individual,Faridabad,2022-05-03
CU00587,Individual,Gurgaon,2022-05-14
CU00588,Individual,Ghaziabad,2024-04-20
CU00589,Individual,Faridabad,2024-04-28
CU00590,Individual,Faridabad,2023-08-30
CU00591,Individual,Gurgaon,2022-01-23
CU00592,Fleet,Ghaziabad,2023-07-20
CU00593,Individual,Faridabad,2024-02-05
CU00594,Individual,Faridabad,2024-08-22
CU00595,Individual,Delhi,2022-08-23
CU00596,Individual,Faridabad,2024-09-22
CU00597,Fleet,Delhi,2024-12-18
CU00598,Individual,Ghaziabad,2025-04-02
CU00599,Individual,Ghaziabad,2024-04-05
CU00600,Fleet,Ghaziabad,2022-08-04
CU00601,Individual,Noida,2025-04-21
CU00602,Fleet,Ghaziabad,2023-10-19
CU00603,Individual,Faridabad,2024-07-23
CU00604,Individual,Gurgaon,2025-01-18
CU00605,Individual,Delhi,2022-11-07
CU00606,Individual,Noida,2023-07-11
CU00607,Individual,Ghaziabad,2024-08-29
CU00608,Individual,Ghaziabad,2022-09-14
CU00609,Individual,Gurgaon,2023-06-17
CU00610,Individual,Gurgaon,2022-02-21
CU00611,Fleet,Noida,2025-04-09
CU00612,Individual,DELHI,2024-12-26
CU00613,Individual,Ghaziabad,2022-10-27
CU00614,Individual,Noida,2023-11-03
CU00615,Individual,Faridabad,2024-02-17
CU00616,Individual,Faridabad,2024-04-11
CU00617,Individual,Noida,2022-08-20
CU00618,Individual,Ghaziabad,2024-09-01
CU00619,Individual,NOIDA,2024-12-27
CU00620,Fleet,GHAZIABAD,2022-01-28
CU00621,Fleet,Gurgaon,2024-12-10
CU00622,Individual,Noida,2023-08-14
CU00623,Individual,Ghaziabad,2024-02-24
CU00624,Individual,Noida,2023-09-12
CU00625,Fleet,Noida,2023-08-09
CU00626,Individual,Ghaziabad,2024-09-28
CU00627,Individual,Ghaziabad,2022-07-03
CU00628,Individual,Delhi,2024-11-12
CU00629,Fleet,Noida,2022-05-09
CU00630,Individual,Faridabad,2022-10-18
CU00631,Individual,Noida,2023-05-16
CU00632,Individual,Noida,2022-07-05
CU00633,Fleet,Ghaziabad,2023-04-24
CU00634,Fleet,Noida,2023-05-07
CU00635,Individual,Noida,2023-05-28
CU00636,Fleet,Faridabad,2024-12-26
CU00637,Fleet,Ghaziabad,2023-04-12
CU00638,Individual,Noida,2022-10-12
CU00639,Fleet,Gurgaon,2023-08-24
CU00640,Individual,Delhi,2025-01-28
CU00641,Individual,Faridabad,2022-07-08
CU00642,Individual,Noida,2024-09-15
CU00643,Individual,Gurgaon,2024-06-08
CU00644,Fleet,Noida,2023-01-23
CU00645,Individual,Noida,2022-08-29
CU00646,Individual,Ghaziabad,2023-02-21
CU00647,Individual,Ghaziabad,2022-06-25
CU00648,Individual,Ghaziabad,2023-01-22
CU00649,Individual,Gurgaon,2024-05-02
CU00650,Individual,Noida,2025-06-10
CU00651,Individual,Delhi,2023-10-25
CU00652,Individual,Faridabad,2023-03-28
CU00653,Individual,Ghaziabad,2022-10-04
CU00654,Individual,Ghaziabad,2025-06-06
CU00655,Fleet,Noida,2025-04-09
CU00656,Individual,Noida,2022-08-01
CU00657,Individual,Gurgaon,2022-02-10
CU00658,Individual,Gurgaon,2025-02-19
CU00659,Individual,Ghaziabad,2025-06-04
CU00660,Individual,Noida,2022-10-21
CU00661,Fleet,Delhi,2023-08-23
CU00662,Fleet,Faridabad,2023-06-25
CU00663,Individual,Noida,2023-03-27
CU00664,Fleet,Noida,2024-12-20
CU00665,Individual,Gurgaon,2025-03-16
CU00666,Fleet,Faridabad,2024-02-29
CU00667,Individual,Ghaziabad,2022-11-30
CU00668,Individual,Noida,2024-06-09
CU00669,Individual,Ghaziabad,2025-03-11
CU00670,Individual,Noida,2022-02-13
CU00671,Individual,Ghaziabad,2022-05-24
CU00672,Individual,Faridabad,2022-11-29
CU00673,Individual,Gurgaon,2024-09-24
CU00674,Individual,Faridabad,2022-02-24
CU00675,Individual,Delhi,2024-05-19
CU00676,Individual,Gurgaon,2024-03-07
CU00677,Individual,Faridabad,2022-11-21
CU00678,Individual,Delhi,2022-03-21
CU00679,Individual,Noida,2024-11-20
CU00680,Individual,Noida,2024-09-11
CU00681,Individual,Ghaziabad,2025-02-09
CU00682,Individual,Gurgaon,2023-07-12
CU00683,Fleet,Noida,2024-05-14
CU00684,Fleet,Gurgaon,2023-12-18
CU00685,Individual,Noida,2023-04-17
CU00686,Individual,Ghaziabad,2022-03-15
CU00687,Individual,Faridabad,2023-08-12
CU00688,Individual,Ghaziabad,2023-07-18
CU00689,Individual,Delhi,2023-04-12
CU00690,Individual,Noida,2023-08-22
CU00691,Individual,Delhi,2024-09-18
CU00692,Individual,Delhi,2024-01-07
CU00693,Fleet,GURGAON,2024-09-20
CU00694,Individual,Noida,2022-09-05
CU00695,Fleet,Delhi,2025-02-17
CU00696,Fleet,FARIDABAD,2022-03-08
CU00697,Individual,Delhi,2023-07-27
CU00698,Individual,Faridabad,2023-12-04
CU00699,Individual,Gurgaon,2023-04-15
CU00700,Individual,Delhi,2023-05-08
CU00701,Fleet,Ghaziabad,2023-10-25
CU00702,Individual,Gurgaon,2022-10-13
CU00703,Individual,Faridabad,2022-11-08
CU00704,Individual,Gurgaon,2022-11-05
CU00705,Fleet,Delhi,2024-02-14
CU00706,Individual,Noida,2025-01-25
CU00707,Individual,Noida,2024-08-22
CU00708,Individual,Faridabad,2025-02-10
CU00709,Individual,Faridabad,2023-04-01
CU00710,Individual,NOIDA,2022-05-12
CU00711,Individual,Faridabad,2024-07-18
CU00712,Individual,Gurgaon,2024-08-22
CU00713,Individual,Ghaziabad,2024-07-17
CU00714,Individual,Ghaziabad,2022-05-01
CU00715,Individual,Gurgaon,2025-05-05
CU00716,Fleet,Ghaziabad,2023-09-26
CU00717,Individual,Delhi,2024-06-15
CU00718,Individual,Gurgaon,2024-02-11
CU00719,Individual,Faridabad,2024-11-28
CU00720,Individual,Gurgaon,2023-07-20
CU00721,Individual,Noida,2023-05-27
CU00722,Individual,Faridabad,2025-03-30
CU00723,Individual,Noida,2022-10-16
CU00724,Individual,Faridabad,2022-07-19
CU00725,Individual,Ghaziabad,2023-06-12
CU00726,Individual,Gurgaon,2024-07-05
CU00727,Individual,Delhi,2025-06-25
CU00728,Individual,Faridabad,2025-05-26
CU00729,Fleet,Faridabad,2025-01-15
CU00730,Individual,Noida,2025-01-10
CU00731,Fleet,Ghaziabad,2024-12-21
CU00732,Fleet,Noida,2024-03-09
CU00733,Fleet,Noida,2024-12-01
CU00734,Individual,Ghaziabad,2022-01-12
CU00735,Individual,Delhi,2024-04-12
CU00736,Fleet,Noida,2024-04-20
CU00737,Individual,Noida,2023-10-05
CU00738,Individual,Faridabad,2025-02-12
CU00739,Individual,Ghaziabad,2025-05-26
CU00740,Fleet,Gurgaon,2022-04-16
CU00741,Fleet,Delhi,2023-11-22
CU00742,Individual,Delhi,2023-06-12
CU00743,Individual,Ghaziabad,2024-04-25
CU00744,Individual,Faridabad,2024-06-11
CU00745,Individual,Faridabad,2023-01-22
CU00746,Individual,Ghaziabad,2025-06-03
CU00747,Individual,Faridabad,2023-04-26
CU00748,Fleet,DELHI,2023-02-12
CU00749,Fleet,Delhi,2024-06-16
CU00750,Individual,Gurgaon,2023-12-12
CU00751,Individual,Ghaziabad,2023-10-01
CU00752,Individual,Noida,2024-11-10
CU00753,Individual,Noida,2024-03-25
CU00754,Fleet,Gurgaon,2024-07-06
CU00755,Individual,Gurgaon,2022-07-22
CU00756,Individual,Faridabad,2023-02-21
CU00757,Individual,Gurgaon,2023-02-20
CU00758,Fleet,Gurgaon,2022-03-26
CU00759,Individual,Noida,2022-06-16
CU00760,Individual,Faridabad,2023-01-19
CU00761,Fleet,Gurgaon,2023-04-13
CU00762,Individual,Gurgaon,2024-12-31
CU00763,Individual,Faridabad,2024-03-20
CU00764,Individual,Ghaziabad,2024-09-23
CU00765,Individual,Faridabad,2023-04-18
CU00766,Individual,Noida,2024-09-19
CU00767,Fleet,Ghaziabad,2022-10-02
CU00768,Individual,Delhi,2024-11-09
CU00769,Individual,Faridabad,2023-05-05
CU00770,Fleet,Noida,2022-11-22
CU00771,Individual,Ghaziabad,2023-06-13
CU00772,Individual,Faridabad,2024-06-10
CU00773,Individual,Gurgaon,2022-03-30
CU00774,Individual,Faridabad,2023-05-01
CU00775,Individual,Delhi,2023-12-09
CU00776,Fleet,Faridabad,2022-12-16
CU00777,Fleet,Ghaziabad,2025-01-12
CU00778,Individual,Ghaziabad,2023-01-22
CU00779,Fleet,FARIDABAD,2022-03-28
CU00780,Fleet,Ghaziabad,2022-11-03
CU00781,Fleet,Gurgaon,2025-03-23
CU00782,Fleet,Faridabad,2023-03-16
CU00783,Fleet,Gurgaon,2024-01-10
CU00784,Individual,Gurgaon,2022-09-21
CU00785,Fleet,Noida,2024-09-03
CU00786,Individual,Faridabad,2024-01-05
CU00787,Fleet,Ghaziabad,2023-02-25
CU00788,Individual,Gurgaon,2023-05-08
CU00789,Individual,Noida,2023-09-25
CU00790,Individual,Faridabad,2024-09-19
CU00791,Fleet,Faridabad,2023-02-15
CU00792,Individual,Delhi,2022-06-22
CU00793,Individual,Delhi,2022-01-04
CU00794,Individual,Gurgaon,2024-05-03
CU00795,Individual,Delhi,2024-09-12
CU00796,Individual,Gurgaon,2025-02-07
CU00797,Individual,Ghaziabad,2024-11-26
CU00798,Individual,Gurgaon,2023-08-06
CU00799,Fleet,Delhi,2024-11-20
CU00800,Individual,Ghaziabad,2023-01-16
CU00801,Individual,Delhi,2024-10-31
CU00802,Individual,Gurgaon,2022-12-10
CU00803,Individual,Noida,2022-06-15
CU00804,Individual,Faridabad,2023-12-01
CU00805,Individual,Delhi,2022-12-08
CU00806,Individual,Gurgaon,2024-11-08
CU00807,Individual,Ghaziabad,2024-09-06
CU00808,Individual,Delhi,2025-04-22
CU00809,Individual,Delhi,2023-06-29
CU00810,Fleet,Faridabad,2024-10-30
CU00811,Individual,Gurgaon,2022-07-11
CU00812,Individual,Noida,2022-11-16
CU00813,Individual,Ghaziabad,2023-08-03
CU00814,Individual,Gurgaon,2023-04-20
CU00815,Individual,Ghaziabad,2023-09-29
CU00816,Individual,Delhi,2023-03-03
CU00817,Individual,Faridabad,2024-12-18
CU00818,Individual,Faridabad,2022-04-07
CU00819,Fleet,Noida,2023-05-11
CU00820,Individual,Faridabad,2023-10-23
CU00821,Individual,Delhi,2022-01-09
CU00822,Individual,Noida,2023-04-02
CU00823,Individual,Gurgaon,2022-09-30
CU00824,Individual,Faridabad,2024-07-28
CU00825,Individual,Noida,2024-10-28
CU00826,Individual,Delhi,2022-07-27
CU00827,Fleet,Ghaziabad,2025-02-20
CU00828,Individual,Ghaziabad,2024-11-22
CU00829,Individual,Delhi,2022-07-23
CU00830,Individual,Delhi,2023-06-02
CU00831,Individual,GHAZIABAD,2023-06-01
CU00832,Individual,Noida,2023-03-19
CU00833,Individual,Ghaziabad,2023-11-20
CU00834,Fleet,Delhi,2024-04-29
CU00835,Individual,Faridabad,2024-04-12
CU00836,Individual,Gurgaon,2022-12-05
CU00837,Individual,Faridabad,2025-03-05
CU00838,Individual,Faridabad,2023-01-22
CU00839,Individual,Delhi,2024-11-14
CU00840,Individual,Ghaziabad,2023-05-21
CU00841,Individual,Noida,2023-11-11
CU00842,Individual,Faridabad,2023-11-21
CU00843,Individual,Ghaziabad,2024-06-03
CU00844,Individual,Noida,2025-01-23
CU00845,Individual,Faridabad,2023-09-15
CU00846,Fleet,Noida,2025-03-15
CU00847,Individual,Ghaziabad,2024-06-11
CU00848,Individual,Gurgaon,2024-08-10
CU00849,Fleet,Ghaziabad,2025-06-08
CU00850,Individual,Delhi,2024-02-23
CU00851,Individual,Noida,2023-05-10
CU00852,Individual,GURGAON,2024-11-27
CU00853,Fleet,Noida,2024-01-17
CU00854,Individual,Noida,2023-03-13
CU00855,Individual,Faridabad,2022-12-11
CU00856,Fleet,Delhi,2025-03-29
CU00857,Individual,Noida,2023-07-04
CU00858,Individual,Ghaziabad,2024-03-30
CU00859,Fleet,Ghaziabad,2023-06-25
CU00860,Individual,Faridabad,2022-05-24
CU00861,Individual,Delhi,2023-08-11
CU00862,Individual,Delhi,2023-10-19
CU00863,Individual,Ghaziabad,2022-12-11
CU00864,Individual,Gurgaon,2023-11-27
CU00865,Individual,Faridabad,2022-09-25
CU00866,Individual,Faridabad,2022-06-18
CU00867,Fleet,Ghaziabad,2022-02-02
CU00868,Individual,Ghaziabad,2023-01-12
CU00869,Individual,Gurgaon,2025-05-22
CU00870,Individual,Gurgaon,2023-01-28
CU00871,Individual,Delhi,2023-05-04
CU00872,Individual,Faridabad,2023-12-23
CU00873,Fleet,Faridabad,2024-08-03
CU00874,Individual,Ghaziabad,2024-11-18
CU00875,Individual,Delhi,2022-02-08
CU00876,Fleet,Faridabad,2025-04-11
CU00877,Individual,Delhi,2024-11-06
CU00878,Individual,Delhi,2024-12-15
CU00879,Fleet,GHAZIABAD,2022-08-14
CU00880,Individual,Delhi,2022-03-08
CU00881,Individual,Gurgaon,2025-05-05
CU00882,Fleet,Gurgaon,2024-04-14
CU00883,Individual,Noida,2024-11-12
CU00884,Individual,Ghaziabad,2024-09-25
CU00885,Individual,Noida,2022-08-25
CU00886,Fleet,Gurgaon,2024-08-14
CU00887,Individual,Noida,2024-07-07
CU00888,Individual,Ghaziabad,2025-03-07
CU00889,Individual,Ghaziabad,2023-04-18
CU00890,Individual,Delhi,2023-07-07
CU00891,Individual,Faridabad,2023-11-26
CU00892,Fleet,Delhi,2025-06-06
CU00893,Individual,Ghaziabad,2022-11-13
CU00894,Individual,Gurgaon,2023-08-21
CU00895,Fleet,Gurgaon,2024-02-07
CU00896,Individual,Delhi,2024-06-04
CU00897,Individual,Ghaziabad,2023-07-15
CU00898,Individual,Gurgaon,2025-05-09
CU00899,Individual,Ghaziabad,2022-09-15
CU00900,Individual,GURGAON,2025-04-16
CU00901,Individual,Ghaziabad,2024-01-27
CU00902,Fleet,Noida,2022-05-03
CU00903,Fleet,Ghaziabad,2022-12-08
CU00904,Individual,Ghaziabad,2025-04-09
CU00905,Individual,Delhi,2024-12-18
CU00906,Individual,Noida,2022-09-17
CU00907,Individual,Faridabad,2022-04-05
CU00908,Individual,Delhi,2025-02-22
CU00909,Individual,Faridabad,2022-02-10
CU00910,Individual,Gurgaon,2022-09-11
CU00911,Individual,Faridabad,2022-01-07
CU00912,Individual,Ghaziabad,2023-12-29
CU00913,Fleet,Faridabad,2022-03-10
CU00914,Individual,Delhi,2025-01-09
CU00915,Individual,Delhi,2023-06-26
CU00916,Individual,Faridabad,2022-03-30
CU00917,Individual,Delhi,2025-05-16
CU00918,Individual,Delhi,2022-08-01
CU00919,Individual,Faridabad,2024-04-13
CU00920,Fleet,Noida,2022-09-23
CU00921,Individual,Noida,2024-06-30
CU00922,Fleet,Gurgaon,2022-10-20
CU00923,Individual,Delhi,2025-05-15
CU00924,Individual,Faridabad,2022-11-29
CU00925,Individual,Delhi,2025-01-05
CU00926,Individual,Ghaziabad,2024-10-01
CU00927,Fleet,Delhi,2022-02-16
CU00928,Individual,Delhi,2023-09-14
CU00929,Individual,Noida,2025-05-08
CU00930,Individual,Faridabad,2023-03-03
CU00931,Individual,Delhi,2022-07-29
CU00932,Individual,Noida,2024-06-06
CU00933,Fleet,Gurgaon,2022-06-03
CU00934,Individual,Noida,2023-02-19
CU00935,Individual,Noida,2025-03-26
CU00936,Individual,Noida,2025-01-05
CU00937,Fleet,Delhi,2024-02-08
CU00938,Fleet,Delhi,2024-09-09
CU00939,Individual,Gurgaon,2025-02-28
CU00940,Individual,Ghaziabad,2023-08-02
CU00941,Individual,Ghaziabad,2024-01-10
CU00942,Fleet,Ghaziabad,2022-06-12
CU00943,Individual,Gurgaon,2024-11-04
CU00944,Individual,Ghaziabad,2025-06-09
CU00945,Individual,Ghaziabad,2022-07-14
CU00946,Individual,Noida,2023-06-26
CU00947,Fleet,Delhi,2022-12-25
CU00948,Individual,Delhi,2024-04-29
CU00949,Individual,Noida,2023-03-03
CU00950,Individual,Noida,2023-05-12
CU00951,Individual,Noida,2024-04-07
CU00952,Fleet,Delhi,2023-05-01
CU00953,Individual,Ghaziabad,2022-11-26
CU00954,Individual,Noida,2024-06-07
CU00955,Individual,Gurgaon,2024-09-17
CU00956,Individual,Noida,2025-03-16
CU00957,Individual,Faridabad,2022-09-16
CU00958,Individual,Noida,2022-10-19
CU00959,Individual,Delhi,2022-05-23
CU00960,Fleet,Noida,2024-01-17
CU00961,Individual,Faridabad,2023-09-19
CU00962,Fleet,Gurgaon,2022-03-31
CU00963,Individual,Ghaziabad,2023-12-21
CU00964,Individual,Noida,2025-04-02
CU00965,Fleet,Faridabad,2023-04-26
CU00966,Fleet,Faridabad,2022-03-25
CU00967,Individual,Gurgaon,2025-01-05
CU00968,Fleet,Delhi,2023-11-04
CU00969,Fleet,Noida,2023-06-01
CU00970,Individual,Faridabad,2023-04-30
CU00971,Individual,Gurgaon,2024-02-21
CU00972,Fleet,Ghaziabad,2022-04-14
CU00973,Fleet,Faridabad,2022-12-05
CU00974,Fleet,Gurgaon,2023-11-18
CU00975,Individual,Delhi,2024-06-18
CU00976,Individual,Delhi,2023-08-30
CU00977,Individual,Faridabad,2022-08-11
CU00978,Individual,Faridabad,2024-10-29
CU00979,Individual,Noida,2024-12-12
CU00980,Individual,Gurgaon,2025-01-05
CU00981,Fleet,FARIDABAD,2023-05-18
CU00982,Individual,Noida,2024-04-01
CU00983,Individual,Noida,2023-09-16
CU00984,Individual,Faridabad,2022-06-14
CU00985,Individual,Delhi,2024-11-16
CU00986,Individual,Gurgaon,2024-12-29
CU00987,Individual,Gurgaon,2025-05-26
CU00988,Individual,Delhi,2025-02-21
CU00989,Individual,Faridabad,2022-01-19
CU00990,Fleet,Gurgaon,2024-11-11
CU00991,Individual,Faridabad,2024-09-15
CU00992,Individual,Faridabad,2023-03-26
CU00993,Fleet,Noida,2023-07-06
CU00994,Individual,Delhi,2024-12-07
CU00995,Fleet,Faridabad,2023-11-26
CU00996,Individual,Ghaziabad,2023-08-10
CU00997,Individual,Delhi,2023-12-22
CU00998,Individual,Gurgaon,2025-04-21
CU00999,Individual,Noida,2022-04-17
CU01000,Individual,Gurgaon,2025-04-26
CU01001,Fleet,Gurgaon,2024-02-15
CU01002,Individual,Delhi,2025-01-14
CU01003,Individual,Gurgaon,2025-03-06
CU01004,Individual,Faridabad,2024-06-16
CU01005,Individual,Gurgaon,2022-12-02
CU01006,Individual,Noida,2023-08-30
CU01007,Individual,Noida,2024-04-17
CU01008,Individual,Ghaziabad,2023-08-25
CU01009,Fleet,Noida,2023-02-07
CU01010,Fleet,Gurgaon,2023-06-24
CU01011,Individual,Noida,2024-12-31
CU01012,Individual,Delhi,2022-01-24
CU01013,Individual,Noida,2023-09-16
CU01014,Fleet,Faridabad,2024-12-15
CU01015,Individual,DELHI,2024-09-12
CU01016,Individual,Ghaziabad,2022-08-11
CU01017,Individual,Faridabad,2022-06-28
CU01018,Individual,Gurgaon,2024-03-10
CU01019,Fleet,Gurgaon,2023-03-10
CU01020,Individual,Gurgaon,2024-03-03
CU01021,Fleet,Faridabad,2024-06-02
CU01022,Individual,Faridabad,2023-05-07
CU01023,Individual,Faridabad,2025-04-27
CU01024,Fleet,Delhi,2024-03-20
CU01025,Fleet,Delhi,2024-08-18
CU01026,Individual,Gurgaon,2023-02-24
CU01027,Individual,Noida,2025-06-26
CU01028,Individual,Gurgaon,2023-10-11
CU01029,Fleet,Ghaziabad,2025-04-02
CU01030,Individual,Delhi,2023-04-21
CU01031,Individual,FARIDABAD,2022-06-19
CU01032,Individual,Delhi,2022-06-23
CU01033,Fleet,Faridabad,2023-04-15
CU01034,Fleet,Ghaziabad,2022-12-11
CU01035,Individual,Ghaziabad,2023-03-21
CU01036,Individual,Delhi,2024-11-07
CU01037,Individual,Faridabad,2024-12-29
CU01038,Individual,Ghaziabad,2023-09-20
CU01039,Individual,Gurgaon,2023-08-15
CU01040,Individual,Gurgaon,2023-06-11
CU01041,Fleet,Faridabad,2023-04-01
CU01042,Individual,Delhi,2024-03-21
CU01043,Individual,Ghaziabad,2022-07-07
CU01044,Individual,Delhi,2024-10-17
CU01045,Individual,GURGAON,2023-12-12
CU01046,Individual,Ghaziabad,2023-06-13
CU01047,Individual,Delhi,2023-03-10
CU01048,Individual,Noida,2022-10-15
CU01049,Individual,Faridabad,2023-05-14
CU01050,Individual,Faridabad,2022-10-30
CU01051,Fleet,Noida,2022-03-28
CU01052,Individual,Gurgaon,2024-04-09
CU01053,Individual,Ghaziabad,2023-03-14
CU01054,Individual,Faridabad,2023-06-25
CU01055,Individual,Noida,2024-11-11
CU01056,Individual,Noida,2024-04-12
CU01057,Individual,Gurgaon,2024-03-07
CU01058,Individual,Gurgaon,2023-07-14
CU01059,Individual,Delhi,2024-02-01
CU01060,Individual,Faridabad,2023-04-12
CU01061,Individual,Delhi,2025-01-29
CU01062,Fleet,Noida,2023-11-06
CU01063,Individual,Ghaziabad,2023-11-16
CU01064,Individual,Ghaziabad,2025-03-10
CU01065,Fleet,Gurgaon,2022-05-18
CU01066,Individual,Ghaziabad,2023-08-01
CU01067,Individual,Ghaziabad,2023-12-11
CU01068,Individual,Ghaziabad,2022-08-16
CU01069,Individual,Noida,2022-10-08
CU01070,Individual,Ghaziabad,2023-11-15
CU01071,Individual,Ghaziabad,2024-04-07
CU01072,Individual,Ghaziabad,2023-03-07
CU01073,Individual,Delhi,2024-11-29
CU01074,Fleet,Noida,2025-05-19
CU01075,Individual,Gurgaon,2022-10-29
CU01076,Individual,Delhi,2025-01-14
CU01077,Individual,Faridabad,2025-06-30
CU01078,Individual,NOIDA,2023-06-17
CU01079,Individual,Noida,2024-02-08
CU01080,Individual,Faridabad,2023-03-20
CU01081,Individual,Faridabad,2024-11-22
CU01082,Individual,Faridabad,2022-09-17
CU01083,Individual,Gurgaon,2025-06-11
CU01084,Individual,Ghaziabad,2024-01-09
CU01085,Fleet,NOIDA,2024-03-06
CU01086,Individual,Ghaziabad,2022-03-11
CU01087,Fleet,Ghaziabad,2024-09-09
CU01088,Individual,Faridabad,2023-04-26
CU01089,Individual,Gurgaon,2025-03-13
CU01090,Individual,Delhi,2022-01-24
CU01091,Individual,Gurgaon,2024-08-22
CU01092,Individual,Ghaziabad,2024-01-16
CU01093,Individual,Gurgaon,2024-04-24
CU01094,Individual,Faridabad,2025-04-13
CU01095,Individual,Delhi,2022-11-21
CU01096,Individual,Faridabad,2024-03-08
CU01097,Fleet,Delhi,2022-01-18
CU01098,Individual,Ghaziabad,2022-02-13
CU01099,Individual,Delhi,2022-06-04
CU01100,Individual,Delhi,2024-05-16
CU01101,Fleet,Delhi,2024-07-10
CU01102,Individual,Gurgaon,2024-01-13
CU01103,Fleet,Gurgaon,2022-08-13
CU01104,Individual,Ghaziabad,2022-08-05
CU01105,Individual,Delhi,2022-01-31
CU01106,Individual,Noida,2024-12-18
CU01107,Individual,Ghaziabad,2024-06-16
CU01108,Individual,Delhi,2024-07-23
CU01109,Fleet,Delhi,2023-03-21
CU01110,Individual,Gurgaon,2025-06-12
CU01111,Individual,Ghaziabad,2025-02-04
CU01112,Individual,Delhi,2025-04-29
CU01113,Individual,Delhi,2023-06-14
CU01114,Individual,Ghaziabad,2024-01-08
CU01115,Fleet,Noida,2024-05-23
CU01116,Individual,Ghaziabad,2023-07-20
CU01117,Fleet,Ghaziabad,2025-06-22
CU01118,Fleet,Noida,2022-03-17
CU01119,Individual,Ghaziabad,2023-07-01
CU01120,Individual,Delhi,2022-09-24
CU01121,Individual,Ghaziabad,2022-11-13
CU01122,Fleet,Noida,2025-02-18
CU01123,Individual,Faridabad,2022-01-25
CU01124,Individual,Ghaziabad,2022-06-09
CU01125,Individual,Gurgaon,2023-08-19
CU01126,Individual,Delhi,2025-02-11
CU01127,Individual,Delhi,2024-06-18
CU01128,Fleet,Gurgaon,2023-05-17
CU01129,Individual,GURGAON,2025-04-04
CU01130,Individual,Ghaziabad,2024-10-09
CU01131,Individual,Gurgaon,2023-12-04
CU01132,Fleet,Faridabad,2025-04-13
CU01133,Individual,NOIDA,2022-01-01
CU01134,Individual,Gurgaon,2024-01-11
CU01135,Fleet,Gurgaon,2025-01-14
CU01136,Individual,Faridabad,2022-11-16
CU01137,Fleet,Delhi,2023-01-17
CU01138,Individual,Delhi,2025-06-27
CU01139,Individual,Ghaziabad,2024-06-16
CU01140,Fleet,Faridabad,2023-12-18
CU01141,Individual,Noida,2022-11-03
CU01142,Individual,Noida,2025-03-13
CU01143,Individual,Faridabad,2023-01-26
CU01144,Individual,Noida,2025-04-07
CU01145,Individual,Delhi,2024-09-16
CU01146,Individual,Noida,2022-10-25
CU01147,Individual,Noida,2022-08-21
CU01148,Individual,Faridabad,2022-09-28
CU01149,Individual,Faridabad,2024-12-19
CU01150,Individual,Noida,2025-06-12
CU01151,Individual,Gurgaon,2023-11-08
CU01152,Individual,Faridabad,2023-12-07
CU01153,Individual,Ghaziabad,2022-08-22
CU01154,Fleet,Ghaziabad,2024-04-24
CU01155,Individual,Delhi,2025-06-09
CU01156,Individual,NOIDA,2023-05-06
CU01157,Individual,Gurgaon,2023-05-18
CU01158,Individual,Delhi,2024-06-08
CU01159,Individual,Noida,2023-08-15
CU01160,Fleet,Faridabad,2024-01-16
CU01161,Individual,Ghaziabad,2023-03-04
CU01162,Individual,Gurgaon,2023-11-28
CU01163,Individual,Ghaziabad,2023-10-08
CU01164,Individual,Faridabad,2024-01-02
CU01165,Individual,Noida,2024-03-10
CU01166,Individual,Faridabad,2022-12-30
CU01167,Individual,Faridabad,2022-07-21
CU01168,Fleet,Ghaziabad,2024-05-31
CU01169,Fleet,Gurgaon,2022-05-26
CU01170,Individual,Faridabad,2024-04-15
CU01171,Individual,Ghaziabad,2023-10-01
CU01172,Individual,Gurgaon,2022-05-15
CU01173,Individual,Noida,2023-09-18
CU01174,Fleet,Noida,2022-03-05
CU01175,Individual,Delhi,2023-05-06
CU01176,Individual,Ghaziabad,2022-02-10
CU01177,Fleet,Gurgaon,2024-10-23
CU01178,Individual,Faridabad,2024-07-01
CU01179,Individual,Noida,2024-09-01
CU01180,Individual,Gurgaon,2025-02-07
CU01181,Individual,Ghaziabad,2025-05-29
CU01182,Individual,Delhi,2023-01-03
CU01183,Individual,Noida,2024-07-06
CU01184,Individual,Gurgaon,2024-10-24
CU01185,Individual,Gurgaon,2022-09-01
CU01186,Individual,Gurgaon,2024-06-20
CU01187,Individual,Ghaziabad,2022-06-15
CU01188,Fleet,Ghaziabad,2024-11-15
CU01189,Individual,Ghaziabad,2024-11-06
CU01190,Fleet,Faridabad,2023-12-29
CU01191,Fleet,Gurgaon,2025-01-20
CU01192,Individual,Noida,2023-04-28
CU01193,Fleet,Ghaziabad,2023-06-27
CU01194,Individual,Ghaziabad,2025-05-13
CU01195,Individual,Gurgaon,2024-07-19
CU01196,Individual,Ghaziabad,2023-02-04
CU01197,Individual,Faridabad,2025-05-15
CU01198,Individual,Faridabad,2023-09-11
CU01199,Individual,Ghaziabad,2025-03-15
CU01200,Fleet,Gurgaon,2024-05-28
CU01201,Individual,Gurgaon,2022-04-11
CU01202,Fleet,Gurgaon,2024-05-29
CU01203,Individual,Delhi,2024-04-09
CU01204,Individual,Ghaziabad,2025-06-18
CU01205,Individual,Gurgaon,2024-01-29
CU01206,Fleet,Faridabad,2022-06-12
CU01207,Individual,Noida,2025-04-11
CU01208,Individual,Noida,2023-05-17
CU01209,Individual,Gurgaon,2023-07-01
CU01210,Individual,Noida,2023-01-16
CU01211,Individual,Noida,2024-05-19
CU01212,Individual,Delhi,2024-06-23
CU01213,Individual,Faridabad,2025-04-01
CU01214,Fleet,Faridabad,2024-09-28
CU01215,Individual,Delhi,2023-09-01
CU01216,Fleet,Delhi,2022-11-03
CU01217,Individual,Noida,2022-02-24
CU01218,Individual,Ghaziabad,2024-09-09
CU01219,Individual,Noida,2022-11-29
CU01220,Individual,Delhi,2022-05-07
CU01221,Individual,Faridabad,2023-12-06
CU01222,Individual,Noida,2022-08-31
CU01223,Individual,Ghaziabad,2023-08-23
CU01224,Individual,Noida,2023-05-18
CU01225,Individual,Gurgaon,2023-08-27
CU01226,Individual,Noida,2022-10-30
CU01227,Individual,Delhi,2022-08-23
CU01228,Individual,Faridabad,2024-11-27
CU01229,Individual,Faridabad,2022-05-19
CU01230,Individual,Delhi,2022-07-14
CU01231,Fleet,Gurgaon,2023-10-09
CU01232,Fleet,Delhi,2022-01-01
CU01233,Individual,Noida,2023-07-15
CU01234,Individual,Delhi,2025-01-24
CU01235,Individual,Delhi,2023-12-14
CU01236,Individual,Gurgaon,2023-02-17
CU01237,Individual,Noida,2023-06-22
CU01238,Individual,Ghaziabad,2023-03-05
CU01239,Individual,Ghaziabad,2022-08-23
CU01240,Fleet,Faridabad,2022-12-15
CU01241,Individual,Delhi,2023-01-31
CU01242,Individual,Faridabad,2023-02-20
CU01243,Individual,Gurgaon,2024-07-04
CU01244,Individual,Ghaziabad,2024-12-10
CU01245,Individual,Delhi,2022-03-22
CU01246,Individual,Gurgaon,2022-02-05
CU01247,Individual,Gurgaon,2024-12-26
CU01248,Individual,Delhi,2023-10-03
CU01249,Individual,Gurgaon,2024-05-31
CU01250,Fleet,Delhi,2024-01-27
CU01251,Individual,Delhi,2023-09-15
CU01252,Fleet,Noida,2023-04-13
CU01253,Fleet,Faridabad,2025-03-11
CU01254,Individual,Gurgaon,2022-12-22
CU01255,Individual,Gurgaon,2023-12-10
CU01256,Individual,Noida,2024-10-16
CU01257,Individual,Noida,2024-06-20
CU01258,Individual,Noida,2023-11-04
CU01259,Fleet,Ghaziabad,2023-03-15
CU01260,Individual,Ghaziabad,2023-06-15
CU01261,Individual,Ghaziabad,2022-05-07
CU01262,Individual,Delhi,2022-07-24
CU01263,Fleet,Gurgaon,2022-01-29
CU01264,Individual,Faridabad,2023-03-21
CU01265,Individual,Delhi,2024-08-23
CU01266,Fleet,Gurgaon,2023-04-09
CU01267,Individual,Gurgaon,2022-05-31
CU01268,Fleet,Noida,2022-08-28
CU01269,Individual,Noida,2022-09-23
CU01270,Individual,Delhi,2025-02-02
CU01271,Individual,Noida,2024-07-01
CU01272,Individual,Gurgaon,2023-05-12
CU01273,Individual,Noida,2023-11-16
CU01274,Individual,Ghaziabad,2022-06-07
CU01275,Fleet,Noida,2022-06-21
CU01276,Individual,Gurgaon,2023-05-09
CU01277,Individual,Delhi,2024-08-27
CU01278,Fleet,Faridabad,2023-11-07
CU01279,Individual,Noida,2023-10-21
CU01280,Individual,Gurgaon,2024-06-21
CU01281,Individual,Faridabad,2023-10-28
CU01282,Individual,Faridabad,2023-01-02
CU01283,Individual,Ghaziabad,2023-07-04
CU01284,Individual,Faridabad,2023-10-05
CU01285,Individual,Gurgaon,2022-09-12
CU01286,Individual,GURGAON,2022-07-27
CU01287,Individual,Noida,2023-03-26
CU01288,Individual,Noida,2022-04-05
CU01289,Individual,Noida,2024-04-18
CU01290,Individual,Faridabad,2023-04-23
CU01291,Fleet,Faridabad,2023-11-14
CU01292,Fleet,Ghaziabad,2024-02-01
CU01293,Individual,Noida,2022-07-09
CU01294,Individual,Delhi,2023-12-12
CU01295,Individual,Ghaziabad,2024-01-26
CU01296,Individual,Delhi,2024-04-15
CU01297,Fleet,Faridabad,2022-05-13
CU01298,Individual,GHAZIABAD,2022-02-24
CU01299,Individual,Ghaziabad,2023-05-25
CU01300,Individual,Gurgaon,2023-11-01
CU01301,Individual,Faridabad,2023-02-14
CU01302,Individual,Faridabad,2025-05-19
CU01303,Individual,Ghaziabad,2024-09-13
CU01304,Fleet,Faridabad,2024-01-04
CU01305,Individual,Ghaziabad,2025-02-12
CU01306,Fleet,Gurgaon,2022-09-16
CU01307,Fleet,Ghaziabad,2025-02-19
CU01308,Fleet,Faridabad,2022-10-26
CU01309,Individual,Faridabad,2023-07-15
CU01310,Individual,GHAZIABAD,2022-10-24
CU01311,Individual,Ghaziabad,2022-12-28
CU01312,Individual,Ghaziabad,2023-08-12
CU01313,Individual,Noida,2022-05-07
CU01314,Individual,Faridabad,2022-07-16
CU01315,Individual,Faridabad,2022-08-09
CU01316,Fleet,Noida,2024-09-21
CU01317,Individual,Ghaziabad,2022-04-01
CU01318,Individual,Gurgaon,2023-02-15
CU01319,Individual,Ghaziabad,2022-01-08
CU01320,Individual,Ghaziabad,2023-06-28
CU01321,Individual,Noida,2023-04-13
CU01322,Individual,Faridabad,2022-11-16
CU01323,Individual,Ghaziabad,2022-09-26
CU01324,Fleet,Faridabad,2025-04-29
CU01325,Individual,Delhi,2022-03-02
CU01326,Individual,Faridabad,2024-03-07
CU01327,Fleet,Gurgaon,2025-01-23
CU01328,Individual,Gurgaon,2023-07-07
CU01329,Individual,Ghaziabad,2024-07-14
CU01330,Individual,Faridabad,2023-10-23
CU01331,Individual,Ghaziabad,2023-12-17
CU01332,Fleet,Noida,2024-02-18
CU01333,Individual,Gurgaon,2022-07-13
CU01334,Individual,Ghaziabad,2023-04-27
CU01335,Individual,Noida,2025-05-04
CU01336,Individual,Ghaziabad,2024-05-04
CU01337,Individual,Faridabad,2025-06-26
CU01338,Individual,FARIDABAD,2023-05-13
CU01339,Individual,Faridabad,2022-07-31
CU01340,Individual,Faridabad,2023-10-27
CU01341,Fleet,Delhi,2023-11-01
CU01342,Fleet,Noida,2022-08-09
CU01343,Fleet,Noida,2022-09-30
CU01344,Individual,Faridabad,2025-03-23
CU01345,Individual,Delhi,2025-06-26
CU01346,Individual,Faridabad,2022-10-06
CU01347,Individual,Delhi,2024-03-26
CU01348,Individual,Faridabad,2022-10-03
CU01349,Individual,Gurgaon,2024-10-01
CU01350,Fleet,Gurgaon,2023-05-29
CU01351,Individual,Ghaziabad,2025-01-16
CU01352,Individual,Faridabad,2024-07-11
CU01353,Fleet,Noida,2023-10-04
CU01354,Individual,Ghaziabad,2023-05-20
CU01355,Individual,Gurgaon,2023-08-13
CU01356,Fleet,Faridabad,2024-02-11
CU01357,Individual,Ghaziabad,2025-06-18
CU01358,Individual,Faridabad,2024-01-10
CU01359,Individual,Gurgaon,2023-11-06
CU01360,Individual,Ghaziabad,2025-06-13
CU01361,Individual,Gurgaon,2024-10-10
CU01362,Individual,Delhi,2022-05-08
CU01363,Fleet,Gurgaon,2023-05-18
CU01364,Fleet,Faridabad,2025-05-08
CU01365,Individual,Noida,2024-06-20
CU01366,Fleet,Gurgaon,2023-06-27
CU01367,Fleet,Noida,2023-05-07
CU01368,Individual,Delhi,2024-11-10
CU01369,Individual,Ghaziabad,2025-06-11
CU01370,Individual,Ghaziabad,2023-12-15
CU01371,Individual,Noida,2024-03-01
CU01372,Individual,Ghaziabad,2023-02-20
CU01373,Individual,Gurgaon,2022-05-28
CU01374,Individual,Noida,2024-08-27
CU01375,Individual,Faridabad,2022-01-29
CU01376,Individual,Gurgaon,2022-11-04
CU01377,Individual,Gurgaon,2022-06-11
CU01378,Individual,Gurgaon,2024-05-18
CU01379,Individual,Faridabad,2024-05-01
CU01380,Individual,Delhi,2022-03-02
CU01381,Individual,Ghaziabad,2022-05-05
CU01382,Individual,Noida,2024-12-30
CU01383,Individual,Delhi,2024-04-17
CU01384,Fleet,Noida,2023-04-11
CU01385,Individual,Ghaziabad,2022-08-31
CU01386,Individual,Faridabad,2025-05-29
CU01387,Individual,Gurgaon,2023-04-18
CU01388,Individual,Gurgaon,2024-08-16
CU01389,Individual,Faridabad,2023-06-17
CU01390,Individual,Delhi,2023-05-09
CU01391,Individual,Delhi,2024-06-17
CU01392,Individual,Noida,2022-03-23
CU01393,Individual,Faridabad,2024-05-05
CU01394,Fleet,Delhi,2024-05-28
CU01395,Individual,Faridabad,2024-07-11
CU01396,Individual,Ghaziabad,2022-01-12
CU01397,Individual,Gurgaon,2023-03-25
CU01398,Individual,Gurgaon,2025-04-30
CU01399,Individual,Gurgaon,2024-02-01
CU01400,Individual,Faridabad,2025-02-11
CU01401,Individual,Faridabad,2022-01-26
CU01402,Individual,Noida,2023-05-23
CU01403,Individual,Gurgaon,2022-03-03
CU01404,Individual,Noida,2022-08-17
CU01405,Fleet,Gurgaon,2023-08-30
CU01406,Individual,Noida,2024-11-24
CU01407,Fleet,Noida,2024-06-09
CU01408,Individual,GHAZIABAD,2024-01-31
CU01409,Individual,NOIDA,2023-08-18
CU01410,Individual,Faridabad,2024-11-14
CU01411,Fleet,Noida,2024-11-21
CU01412,Individual,Gurgaon,2024-11-01
CU01413,Individual,Noida,2022-01-01
CU01414,Individual,Delhi,2025-03-05
CU01415,Individual,Gurgaon,2025-05-04
CU01416,Fleet,Delhi,2022-05-13
CU01417,Individual,Gurgaon,2022-03-27
CU01418,Individual,FARIDABAD,2025-04-18
CU01419,Individual,Faridabad,2023-05-31
CU01420,Individual,Faridabad,2022-06-24
CU01421,Individual,Delhi,2024-02-02
CU01422,Fleet,Ghaziabad,2024-11-10
CU01423,Individual,Gurgaon,2024-09-23
CU01424,Individual,Faridabad,2025-02-02
CU01425,Fleet,Gurgaon,2023-08-01
CU01426,Individual,Delhi,2022-02-18
CU01427,Individual,Ghaziabad,2023-06-12
CU01428,Individual,Delhi,2022-05-25
CU01429,Individual,Gurgaon,2024-02-01
CU01430,Individual,Ghaziabad,2025-01-03
CU01431,Fleet,Ghaziabad,2024-07-17
CU01432,Individual,Delhi,2024-03-04
CU01433,Individual,Faridabad,2022-11-15
CU01434,Individual,Gurgaon,2025-01-15
CU01435,Fleet,Noida,2023-11-29
CU01436,Individual,NOIDA,2024-04-26
CU01437,Individual,Delhi,2024-02-22
CU01438,Individual,Gurgaon,2022-02-11
CU01439,Individual,Gurgaon,2025-01-21
CU01440,Individual,Delhi,2023-06-13
CU01441,Fleet,Gurgaon,2022-10-19
CU01442,Fleet,Faridabad,2024-08-26
CU01443,Individual,Delhi,2022-04-07
CU01444,Individual,Faridabad,2025-01-23
CU01445,Fleet,Gurgaon,2022-03-15
CU01446,Individual,Delhi,2024-12-27
CU01447,Individual,Gurgaon,2024-01-28
CU01448,Fleet,Delhi,2025-01-05
CU01449,Individual,Gurgaon,2022-07-27
CU01450,Individual,FARIDABAD,2025-05-29
CU01451,Individual,Faridabad,2023-02-14
CU01452,Individual,Gurgaon,2022-11-27
CU01453,Fleet,Delhi,2022-12-10
CU01454,Fleet,Noida,2024-09-15
CU01455,Individual,Faridabad,2024-02-10
CU01456,Fleet,Faridabad,2022-03-15
CU01457,Individual,NOIDA,2022-09-11
CU01458,Individual,Gurgaon,2024-08-16
CU01459,Individual,Delhi,2024-03-30
CU01460,Individual,Gurgaon,2024-09-12
CU01461,Fleet,Ghaziabad,2022-11-28
CU01462,Individual,Faridabad,2024-01-17
CU01463,Fleet,Ghaziabad,2024-04-15
CU01464,Individual,Faridabad,2023-03-31
CU01465,Individual,Faridabad,2025-02-12
CU01466,Individual,Ghaziabad,2022-11-09
CU01467,Individual,Ghaziabad,2024-10-14
CU01468,Individual,Gurgaon,2022-08-16
CU01469,Fleet,Ghaziabad,2024-04-13
CU01470,Fleet,Gurgaon,2024-05-07
CU01471,Individual,Gurgaon,2025-06-22
CU01472,Fleet,Gurgaon,2024-03-28
CU01473,Individual,Faridabad,2024-10-14
CU01474,Individual,Faridabad,2023-06-12
CU01475,Individual,Ghaziabad,2024-08-07
CU01476,Individual,Faridabad,2023-03-03
CU01477,Individual,Ghaziabad,2022-02-11
CU01478,Fleet,Faridabad,2023-04-10
CU01479,Individual,Delhi,2022-10-05
CU01480,Fleet,Delhi,2024-04-15
CU01481,Fleet,Ghaziabad,2022-01-19
CU01482,Fleet,Faridabad,2022-03-07
CU01483,Individual,Faridabad,2022-06-16
CU01484,Individual,Gurgaon,2024-10-16
CU01485,Individual,Noida,2023-02-07
CU01486,Fleet,Ghaziabad,2023-02-13
CU01487,Individual,Noida,2022-04-22
CU01488,Individual,Noida,2023-08-20
CU01489,Individual,Ghaziabad,2023-10-13
CU01490,Individual,Faridabad,2024-11-28
CU01491,Individual,Ghaziabad,2022-04-15
CU01492,Individual,Noida,2022-11-20
CU01493,Individual,Faridabad,2024-09-18
CU01494,Fleet,Delhi,2023-03-05
CU01495,Individual,Ghaziabad,2023-09-27
CU01496,Individual,Ghaziabad,2023-12-31
CU01497,Individual,Faridabad,2024-06-07
CU01498,Fleet,Delhi,2024-12-20
CU01499,Individual,Delhi,2023-01-28
CU01500,Individual,Faridabad,2022-07-23
CU01501,Individual,Gurgaon,2022-09-15
CU01502,Individual,Ghaziabad,2023-05-01
CU01503,Individual,Ghaziabad,2023-03-22
CU01504,Individual,Noida,2025-04-18
CU01505,Individual,Faridabad,2024-10-20
CU01506,Individual,Noida,2022-12-08
CU01507,Individual,Noida,2022-05-13
CU01508,Individual,Delhi,2023-03-19
CU01509,Individual,Ghaziabad,2022-09-10
CU01510,Fleet,NOIDA,2022-09-22
CU01511,Individual,Delhi,2022-04-03
CU01512,Individual,Faridabad,2022-05-18
CU01513,Individual,Noida,2025-05-16
CU01514,Individual,Ghaziabad,2024-09-28
CU01515,Individual,Noida,2022-11-03
CU01516,Individual,Faridabad,2022-09-23
CU01517,Fleet,Noida,2023-10-08
CU01518,Individual,Ghaziabad,2022-11-14
CU01519,Individual,Delhi,2025-02-10
CU01520,Individual,Ghaziabad,2024-06-19
CU01521,Individual,Delhi,2023-03-30
CU01522,Fleet,Gurgaon,2022-07-10
CU01523,Individual,Ghaziabad,2025-04-25
CU01524,Individual,Ghaziabad,2024-04-10
CU01525,Fleet,Faridabad,2025-01-17
CU01526,Individual,Noida,2022-07-06
CU01527,Individual,Delhi,2024-03-29
CU01528,Individual,Delhi,2024-10-17
CU01529,Individual,Faridabad,2022-05-12
CU01530,Individual,Faridabad,2024-05-21
CU01531,Individual,Noida,2023-09-27
CU01532,Fleet,Noida,2023-11-22
CU01533,Individual,Ghaziabad,2023-11-23
CU01534,Individual,Gurgaon,2025-01-27
CU01535,Fleet,Noida,2024-11-23
CU01536,Fleet,Faridabad,2023-08-05
CU01537,Fleet,Noida,2022-06-20
CU01538,Individual,Delhi,2024-02-23
CU01539,Individual,Gurgaon,2024-12-18
CU01540,Fleet,Ghaziabad,2022-06-30
CU01541,Individual,Delhi,2022-01-19
CU01542,Individual,Delhi,2025-06-03
CU01543,Individual,Gurgaon,2025-01-23
CU01544,Individual,Ghaziabad,2024-05-30
CU01545,Individual,Faridabad,2022-06-24
CU01546,Individual,Ghaziabad,2025-05-30
CU01547,Fleet,Noida,2022-02-23
CU01548,Individual,Delhi,2023-11-26
CU01549,Individual,Noida,2024-05-12
CU01550,Fleet,Faridabad,2022-12-15
CU01551,Fleet,Noida,2023-03-19
CU01552,Individual,Ghaziabad,2024-04-12
CU01553,Individual,Noida,2023-08-03
CU01554,Individual,Faridabad,2022-10-09
CU01555,Individual,Faridabad,2022-12-26
CU01556,Individual,Faridabad,2024-07-03
CU01557,Fleet,Ghaziabad,2024-04-02
CU01558,Fleet,Faridabad,2024-06-10
CU01559,Fleet,Delhi,2024-08-10
CU01560,Fleet,Faridabad,2023-10-03
CU01561,Individual,Noida,2024-10-28
CU01562,Fleet,Noida,2023-07-17
CU01563,Individual,Noida,2023-05-06
CU01564,Fleet,Ghaziabad,2022-12-07
CU01565,Individual,Noida,2023-04-17
CU01566,Fleet,Ghaziabad,2022-09-06
CU01567,Individual,Ghaziabad,2022-08-23
CU01568,Individual,Faridabad,2025-01-11
CU01569,Individual,Delhi,2025-01-21
CU01570,Individual,Faridabad,2024-04-03
CU01571,Individual,Faridabad,2023-09-24
CU01572,Individual,Ghaziabad,2023-06-13
CU01573,Individual,Ghaziabad,2025-06-30
CU01574,Fleet,Noida,2022-05-02
CU01575,Individual,Noida,2024-06-10
CU01576,Individual,Faridabad,2022-01-10
CU01577,Individual,Gurgaon,2024-04-17
CU01578,Individual,Gurgaon,2025-05-18
CU01579,Fleet,Noida,2024-01-23
CU01580,Individual,Gurgaon,2024-06-04
CU01581,Individual,Noida,2023-04-09
CU01582,Fleet,Ghaziabad,2023-12-13
CU01583,Fleet,Faridabad,2023-12-29
CU01584,Individual,Delhi,2023-12-18
CU01585,Individual,Faridabad,2025-05-24
CU01586,Fleet,Noida,2022-03-21
CU01587,Individual,Noida,2023-04-25
CU01588,Fleet,Faridabad,2024-06-20
CU01589,Individual,Noida,2024-06-09
CU01590,Individual,Gurgaon,2022-01-18
CU01591,Individual,Gurgaon,2025-04-03
CU01592,Individual,Noida,2022-07-21
CU01593,Individual,Noida,2024-01-11
CU01594,Individual,Gurgaon,2022-11-15
CU01595,Individual,Noida,2022-08-05
CU01596,Fleet,Noida,2024-11-23
CU01597,Individual,Faridabad,2022-09-23
CU01598,Individual,Delhi,2023-12-25
CU01599,Individual,Gurgaon,2024-02-14
CU01600,Individual,Faridabad,2025-01-08
CU01601,Individual,Delhi,2023-02-17
CU01602,Individual,Noida,2025-06-29
CU01603,Individual,Noida,2024-11-01
CU01604,Individual,Faridabad,2023-02-05
CU01605,Individual,Noida,2023-12-25
CU01606,Fleet,Ghaziabad,2022-10-09
CU01607,Individual,Faridabad,2025-02-09
CU01608,Individual,Delhi,2023-12-24
CU01609,Individual,Faridabad,2024-01-21
CU01610,Individual,Gurgaon,2022-09-25
CU01611,Individual,FARIDABAD,2022-10-25
CU01612,Individual,Noida,2023-07-24
CU01613,Individual,Noida,2023-05-24
CU01614,Individual,Ghaziabad,2023-06-30
CU01615,Individual,Ghaziabad,2024-02-14
CU01616,Individual,Ghaziabad,2022-12-31
CU01617,Fleet,Delhi,2023-07-01
CU01618,Fleet,Ghaziabad,2022-09-28
CU01619,Individual,Delhi,2024-01-09
CU01620,Individual,Ghaziabad,2023-06-21
CU01621,Individual,Delhi,2025-06-11
CU01622,Fleet,Faridabad,2022-02-28
CU01623,Individual,Faridabad,2025-06-28
CU01624,Individual,Noida,2022-03-27
CU01625,Individual,Delhi,2024-02-02
CU01626,Individual,Gurgaon,2023-01-25
CU01627,Individual,Noida,2025-04-18
CU01628,Individual,Faridabad,2023-12-20
CU01629,Fleet,Delhi,2024-05-05
CU01630,Fleet,Ghaziabad,2022-05-29
CU01631,Fleet,Gurgaon,2023-08-06
CU01632,Individual,Faridabad,2022-05-01
CU01633,Individual,Noida,2024-02-04
CU01634,Individual,Delhi,2023-08-28
CU01635,Fleet,Gurgaon,2022-09-13
CU01636,Individual,Delhi,2024-02-05
CU01637,Individual,Ghaziabad,2024-05-13
CU01638,Fleet,Noida,2024-03-10
CU01639,Individual,Delhi,2022-02-28
CU01640,Individual,Faridabad,2024-10-18
CU01641,Individual,Noida,2024-12-28
CU01642,Individual,Faridabad,2023-01-23
CU01643,Individual,Delhi,2025-01-14
CU01644,Individual,Noida,2024-02-25
CU01645,Individual,Faridabad,2025-06-04
CU01646,Individual,Ghaziabad,2023-08-16
CU01647,Fleet,Ghaziabad,2025-04-22
CU01648,Individual,Delhi,2024-06-27
CU01649,Individual,Noida,2023-07-20
CU01650,Individual,Gurgaon,2023-02-03
CU01651,Individual,Noida,2024-06-17
CU01652,Individual,Ghaziabad,2022-10-20
CU01653,Fleet,Faridabad,2023-04-30
CU01654,Individual,Gurgaon,2024-03-13
CU01655,Individual,Delhi,2024-06-08
CU01656,Fleet,Gurgaon,2022-09-01
CU01657,Fleet,Delhi,2024-08-17
CU01658,Individual,GURGAON,2025-03-23
CU01659,Individual,Delhi,2024-03-26
CU01660,Fleet,Delhi,2022-09-30
CU01661,Fleet,Gurgaon,2023-06-04
CU01662,Individual,Gurgaon,2025-02-25
CU01663,Fleet,Delhi,2023-07-22
CU01664,Fleet,Ghaziabad,2023-09-30
CU01665,Individual,Gurgaon,2022-06-08
CU01666,Individual,Noida,2023-10-14
CU01667,Individual,Faridabad,2022-06-25
CU01668,Individual,Delhi,2023-09-12
CU01669,Individual,Delhi,2022-07-30
CU01670,Fleet,Faridabad,2023-03-23
CU01671,Individual,Ghaziabad,2023-08-09
CU01672,Individual,Faridabad,2022-06-16
CU01673,Individual,Gurgaon,2023-04-05
CU01674,Individual,Faridabad,2024-07-04
CU01675,Fleet,Delhi,2025-06-10
CU01676,Individual,Faridabad,2025-04-20
CU01677,Individual,Noida,2024-11-18
CU01678,Individual,Gurgaon,2023-12-15
CU01679,Fleet,Faridabad,2025-01-21
CU01680,Fleet,Delhi,2024-04-20
CU01681,Individual,Gurgaon,2024-05-17
CU01682,Fleet,Delhi,2023-11-19
CU01683,Fleet,Ghaziabad,2022-11-26
CU01684,Individual,Noida,2025-04-22
CU01685,Individual,Ghaziabad,2022-04-05
CU01686,Fleet,Noida,2024-02-24
CU01687,Individual,Faridabad,2023-10-11
CU01688,Individual,Gurgaon,2022-12-19
CU01689,Individual,Faridabad,2024-07-18
CU01690,Individual,Noida,2024-07-29
CU01691,Individual,Noida,2024-09-10
CU01692,Individual,Noida,2024-11-08
CU01693,Individual,Delhi,2023-10-08
CU01694,Individual,Gurgaon,2023-09-18
CU01695,Fleet,Faridabad,2022-05-19
CU01696,Fleet,Faridabad,2023-12-17
CU01697,Fleet,Ghaziabad,2024-02-01
CU01698,Individual,Noida,2022-09-12
CU01699,Individual,Noida,2025-01-13
CU01700,Fleet,Noida,2023-11-07
CU01701,Individual,Faridabad,2022-04-02
CU01702,Fleet,Ghaziabad,2024-12-28
CU01703,Individual,Delhi,2022-02-06
CU01704,Individual,Gurgaon,2022-05-20
CU01705,Individual,Delhi,2024-05-16
CU01706,Individual,Faridabad,2023-11-11
CU01707,Individual,Noida,2025-04-16
CU01708,Individual,Gurgaon,2022-05-17
CU01709,Fleet,Faridabad,2022-07-09
CU01710,Fleet,Faridabad,2022-12-08
CU01711,Individual,Faridabad,2024-10-25
CU01712,Fleet,Gurgaon,2024-08-29
CU01713,Individual,Gurgaon,2023-10-24
CU01714,Individual,Ghaziabad,2022-08-31
CU01715,Fleet,Ghaziabad,2023-02-19
CU01716,Individual,Delhi,2023-12-08
CU01717,Individual,Gurgaon,2022-12-09
CU01718,Individual,Gurgaon,2023-11-13
CU01719,Fleet,Gurgaon,2023-10-15
CU01720,Individual,Ghaziabad,2022-05-26
CU01721,Individual,Faridabad,2022-11-19
CU01722,Individual,Noida,2022-05-02
CU01723,Individual,Ghaziabad,2025-06-29
CU01724,Individual,Gurgaon,2022-11-07
CU01725,Fleet,Ghaziabad,2023-08-24
CU01726,Individual,Delhi,2023-04-20
CU01727,Individual,Gurgaon,2023-07-24
CU01728,Individual,Delhi,2023-07-29
CU01729,Individual,Gurgaon,2022-12-13
CU01730,Fleet,GHAZIABAD,2024-03-30
CU01731,Individual,Faridabad,2023-01-17
CU01732,Individual,Noida,2022-03-13
CU01733,Fleet,Delhi,2023-06-05
CU01734,Individual,Ghaziabad,2024-07-21
CU01735,Individual,Faridabad,2025-01-22
CU01736,Individual,Ghaziabad,2022-12-05
CU01737,Fleet,Delhi,2023-10-26
CU01738,Individual,Noida,2022-02-09
CU01739,Individual,GHAZIABAD,2023-07-28
CU01740,Fleet,Gurgaon,2024-08-23
CU01741,Individual,Faridabad,2023-08-04
CU01742,Individual,Ghaziabad,2022-06-19
CU01743,Fleet,Faridabad,2023-12-02
CU01744,Individual,Gurgaon,2023-05-26
CU01745,Fleet,Noida,2023-08-07
CU01746,Individual,Noida,2024-09-10
CU01747,Individual,Gurgaon,2023-04-04
CU01748,Fleet,Faridabad,2023-06-13
CU01749,Fleet,GHAZIABAD,2022-12-07
CU01750,Individual,Gurgaon,2022-02-26
CU01751,Individual,Delhi,2022-08-06
CU01752,Fleet,Faridabad,2023-09-11
CU01753,Fleet,Noida,2024-03-26
CU01754,Individual,Gurgaon,2024-01-01
CU01755,Fleet,NOIDA,2023-04-09
CU01756,Individual,Faridabad,2022-09-04
CU01757,Individual,Noida,2023-12-31
CU01758,Individual,Gurgaon,2023-01-08
CU01759,Individual,Faridabad,2023-02-21
CU01760,Individual,Delhi,2024-11-20
CU01761,Individual,Gurgaon,2023-01-03
CU01762,Individual,Ghaziabad,2023-07-13
CU01763,Individual,Gurgaon,2022-04-18
CU01764,Individual,Faridabad,2023-08-07
CU01765,Fleet,Gurgaon,2024-04-18
CU01766,Individual,Delhi,2023-02-22
CU01767,Individual,Delhi,2024-03-31
CU01768,Individual,Ghaziabad,2023-11-14
CU01769,Individual,Noida,2025-02-13
CU01770,Individual,Faridabad,2022-09-13
CU01771,Individual,Faridabad,2025-01-09
CU01772,Individual,Noida,2024-02-19
CU01773,Individual,Delhi,2025-02-25
CU01774,Individual,Delhi,2024-04-17
CU01775,Individual,Gurgaon,2024-07-03
CU01776,Individual,Ghaziabad,2022-08-23
CU01777,Individual,Ghaziabad,2023-07-07
CU01778,Individual,Ghaziabad,2022-06-30
CU01779,Individual,Gurgaon,2022-06-06
CU01780,Fleet,Ghaziabad,2023-07-25
CU01781,Individual,Noida,2024-05-06
CU01782,Fleet,Gurgaon,2024-11-13
CU01783,Individual,Noida,2024-08-05
CU01784,Individual,Gurgaon,2023-08-15
CU01785,Individual,Ghaziabad,2022-05-14
CU01786,Individual,Noida,2023-02-25
CU01787,Individual,Noida,2022-08-01
CU01788,Individual,Noida,2024-06-18
CU01789,Individual,Gurgaon,2023-04-27
CU01790,Individual,Faridabad,2022-12-14
CU01791,Individual,Ghaziabad,2022-06-15
CU01792,Individual,Noida,2024-07-25
CU01793,Fleet,Faridabad,2022-12-14
CU01794,Individual,Ghaziabad,2024-04-28
CU01795,Individual,Ghaziabad,2023-02-02
CU01796,Fleet,Noida,2023-08-06
CU01797,Fleet,Noida,2023-12-27
CU01798,Fleet,Gurgaon,2025-05-29
CU01799,Individual,Faridabad,2022-11-04
CU01800,Fleet,Faridabad,2024-09-17
CU01801,Individual,Noida,2024-03-08
CU01802,Fleet,Ghaziabad,2023-12-20
CU01803,Individual,Noida,2023-04-11
CU01804,Individual,Ghaziabad,2022-04-09
CU01805,Individual,Ghaziabad,2025-06-19
CU01806,Individual,Noida,2022-06-07
CU01807,Individual,Delhi,2023-09-02
CU01808,Individual,Faridabad,2023-07-08
CU01809,Fleet,Ghaziabad,2023-10-13
CU01810,Fleet,Ghaziabad,2024-07-08
CU01811,Fleet,Delhi,2022-08-15
CU01812,Individual,Gurgaon,2023-02-27
CU01813,Individual,Delhi,2024-12-31
CU01814,Individual,Delhi,2022-08-31
CU01815,Individual,Ghaziabad,2023-06-14
CU01816,Individual,Faridabad,2024-12-04
CU01817,Individual,Delhi,2023-01-06
CU01818,Individual,Gurgaon,2023-10-14
CU01819,Individual,Noida,2023-11-20
CU01820,Fleet,Delhi,2024-01-04
CU01821,Individual,Delhi,2022-04-02
CU01822,Individual,Gurgaon,2024-11-11
CU01823,Individual,Faridabad,2022-06-21
CU01824,Individual,Delhi,2025-04-30
CU01825,Individual,Delhi,2025-01-05
CU01826,Fleet,Faridabad,2022-06-28
CU01827,Individual,Gurgaon,2022-08-26
CU01828,Fleet,Delhi,2025-03-04
CU01829,Individual,Faridabad,2024-05-26
CU01830,Individual,Delhi,2024-06-20
CU01831,Individual,Noida,2022-10-07
CU01832,Individual,Ghaziabad,2024-11-08
CU01833,Individual,Noida,2024-01-10
CU01834,Individual,Delhi,2023-01-06
CU01835,Individual,Gurgaon,2025-02-09
CU01836,Individual,Ghaziabad,2024-05-19
CU01837,Fleet,Noida,2024-10-15
CU01838,Individual,Faridabad,2022-08-09
CU01839,Fleet,Gurgaon,2024-07-08
CU01840,Individual,Noida,2022-10-31
CU01841,Individual,Faridabad,2023-03-14
CU01842,Individual,Delhi,2025-04-08
CU01843,Individual,Faridabad,2023-01-10
CU01844,Fleet,Noida,2023-01-16
CU01845,Individual,Noida,2024-09-12
CU01846,Fleet,Delhi,2022-01-14
CU01847,Individual,Faridabad,2024-01-13
CU01848,Individual,Faridabad,2023-10-31
CU01849,Individual,Delhi,2023-05-15
CU01850,Individual,Faridabad,2023-07-19
CU01851,Individual,Delhi,2023-06-14
CU01852,Individual,Gurgaon,2023-05-07
CU01853,Fleet,Noida,2025-05-04
CU01854,Fleet,Gurgaon,2024-01-25
CU01855,Individual,Ghaziabad,2022-10-27
CU01856,Individual,Ghaziabad,2024-03-25
CU01857,Individual,Ghaziabad,2023-07-01
CU01858,Fleet,Delhi,2023-12-28
CU01859,Individual,Faridabad,2024-01-01
CU01860,Individual,Gurgaon,2024-04-07
CU01861,Individual,Gurgaon,2023-08-25
CU01862,Individual,Gurgaon,2025-06-29
CU01863,Individual,GURGAON,2024-10-28
CU01864,Individual,Ghaziabad,2024-02-07
CU01865,Individual,Gurgaon,2024-05-24
CU01866,Individual,Faridabad,2025-05-16
CU01867,Individual,Ghaziabad,2024-07-25
CU01868,Individual,Gurgaon,2022-05-11
CU01869,Fleet,Delhi,2023-08-31
CU01870,Individual,Noida,2022-01-26
CU01871,Individual,Noida,2023-09-27
CU01872,Individual,Noida,2025-04-24
CU01873,Individual,Ghaziabad,2023-04-29
CU01874,Individual,Gurgaon,2023-11-11
CU01875,Individual,Ghaziabad,2024-12-10
CU01876,Fleet,Faridabad,2022-01-05
CU01877,Fleet,Delhi,2023-08-12
CU01878,Individual,Delhi,2025-03-29
CU01879,Fleet,Noida,2022-07-27
CU01880,Fleet,Noida,2022-09-14
CU01881,Fleet,Noida,2025-05-13
CU01882,Individual,Gurgaon,2022-01-11
CU01883,Fleet,Faridabad,2024-08-06
CU01884,Fleet,Faridabad,2022-01-08
CU01885,Fleet,Faridabad,2024-07-24
CU01886,Individual,Faridabad,2022-02-01
CU01887,Individual,Noida,2023-06-24
CU01888,Individual,Delhi,2024-10-01
CU01889,Fleet,Noida,2023-01-22
CU01890,Individual,Faridabad,2025-06-05
CU01891,Fleet,Noida,2023-10-02
CU01892,Individual,Faridabad,2022-07-26
CU01893,Individual,Ghaziabad,2023-07-11
CU01894,Individual,Delhi,2022-12-14
CU01895,Fleet,Ghaziabad,2024-03-03
CU01896,Fleet,Gurgaon,2022-08-22
CU01897,Individual,Noida,2024-12-03
CU01898,Individual,Gurgaon,2024-10-02
CU01899,Individual,Noida,2024-01-07
CU01900,Fleet,Ghaziabad,2024-07-30
CU01901,Individual,Faridabad,2025-03-11
CU01902,Individual,Faridabad,2022-06-25
CU01903,Individual,NOIDA,2023-03-25
CU01904,Individual,Faridabad,2023-08-15
CU01905,Individual,Ghaziabad,2022-03-23
CU01906,Individual,FARIDABAD,2022-05-15
CU01907,Individual,Ghaziabad,2024-05-05
CU01908,Individual,Gurgaon,2025-04-15
CU01909,Fleet,Ghaziabad,2025-06-20
CU01910,Individual,Delhi,2025-03-10
CU01911,Individual,Delhi,2023-03-16
CU01912,Individual,Delhi,2024-12-15
CU01913,Fleet,Noida,2023-11-28
CU01914,Individual,Noida,2023-02-23
CU01915,Individual,Noida,2022-03-29
CU01916,Individual,Ghaziabad,2023-10-18
CU01917,Individual,Noida,2024-10-28
CU01918,Individual,Gurgaon,2022-08-03
CU01919,Fleet,Delhi,2023-07-06
CU01920,Fleet,Ghaziabad,2023-05-18
CU01921,Fleet,Delhi,2023-11-30
CU01922,Individual,Noida,2022-09-02
CU01923,Individual,Ghaziabad,2022-11-05
CU01924,Individual,Faridabad,2022-08-19
CU01925,Fleet,Gurgaon,2022-06-04
CU01926,Individual,Noida,2025-04-13
CU01927,Individual,Noida,2024-04-27
CU01928,Individual,Gurgaon,2022-04-25
CU01929,Individual,Gurgaon,2022-11-07
CU01930,Individual,Faridabad,2024-09-19
CU01931,Individual,Noida,2022-10-27
CU01932,Individual,Noida,2024-11-07
CU01933,Individual,Delhi,2024-02-23
CU01934,Individual,Ghaziabad,2022-01-12
CU01935,Individual,Ghaziabad,2022-08-20
CU01936,Individual,Delhi,2024-08-12
CU01937,Fleet,Ghaziabad,2023-12-31
CU01938,Individual,Gurgaon,2024-10-14
CU01939,Individual,Ghaziabad,2024-09-25
CU01940,Individual,Ghaziabad,2022-10-30
CU01941,Fleet,Delhi,2023-06-25
CU01942,Individual,Faridabad,2023-04-15
CU01943,Individual,Ghaziabad,2024-03-23
CU01944,Fleet,Ghaziabad,2022-03-18
CU01945,Individual,Faridabad,2024-10-16
CU01946,Individual,Delhi,2022-01-24
CU01947,Individual,Faridabad,2024-11-04
CU01948,Individual,Delhi,2023-11-07
CU01949,Individual,Gurgaon,2023-06-09
CU01950,Individual,Delhi,2022-12-13
CU01951,Individual,Gurgaon,2022-06-21
CU01952,Fleet,Gurgaon,2023-12-13
CU01953,Individual,Delhi,2023-05-04
CU01954,Individual,Noida,2023-01-13
CU01955,Individual,Delhi,2025-04-02
CU01956,Individual,Ghaziabad,2023-01-07
CU01957,Individual,Ghaziabad,2024-09-26
CU01958,Individual,Noida,2024-09-03
CU01959,Fleet,GURGAON,2024-01-27
CU01960,Fleet,Noida,2023-04-22
CU01961,Fleet,Ghaziabad,2023-01-17
CU01962,Fleet,NOIDA,2022-06-04
CU01963,Individual,Delhi,2022-09-14
CU01964,Individual,Noida,2023-11-05
CU01965,Individual,Gurgaon,2022-03-09
CU01966,Individual,Delhi,2022-12-10
CU01967,Individual,Faridabad,2023-11-04
CU01968,Individual,Ghaziabad,2023-01-26
CU01969,Individual,Ghaziabad,2022-09-16
CU01970,Individual,Noida,2022-11-03
CU01971,Individual,Delhi,2025-01-23
CU01972,Fleet,Faridabad,2024-08-07
CU01973,Individual,Delhi,2024-08-27
CU01974,Individual,Ghaziabad,2022-09-03
CU01975,Individual,Delhi,2024-01-03
CU01976,Fleet,Faridabad,2022-07-06
CU01977,Individual,Noida,2024-07-13
CU01978,Individual,Gurgaon,2024-02-24
CU01979,Individual,Delhi,2023-02-12
CU01980,Individual,Gurgaon,2025-02-22
CU01981,Fleet,Ghaziabad,2022-12-07
CU01982,Fleet,Noida,2023-07-17
CU01983,Individual,Noida,2025-04-16
CU01984,Fleet,Delhi,2023-10-13
CU01985,Individual,Noida,2024-08-09
CU01986,Individual,Delhi,2025-04-08
CU01987,Fleet,Delhi,2024-11-28
CU01988,Individual,Gurgaon,2022-03-10
CU01989,Fleet,Noida,2025-06-13
CU01990,Fleet,Delhi,2023-01-16
CU01991,Individual,Gurgaon,2022-02-26
CU01992,Individual,Faridabad,2024-04-29
CU01993,Individual,Gurgaon,2025-01-27
CU01994,Individual,Gurgaon,2024-07-04
CU01995,Individual,Delhi,2022-11-21
CU01996,Fleet,Ghaziabad,2023-04-06
CU01997,Individual,Ghaziabad,2022-06-28
CU01998,Individual,Ghaziabad,2024-04-23
CU01999,Individual,Gurgaon,2023-07-28
CU02000,Fleet,Delhi,2022-04-29
CU02001,Fleet,Noida,2023-07-03
CU02002,Fleet,Gurgaon,2023-10-08
CU02003,Fleet,Gurgaon,2022-01-26
CU02004,Individual,Delhi,2024-10-28
CU02005,Individual,Faridabad,2024-08-26
CU02006,Individual,Gurgaon,2023-06-17
CU02007,Fleet,Faridabad,2022-05-29
CU02008,Individual,Faridabad,2024-11-14
CU02009,Individual,Ghaziabad,2023-10-17
CU02010,Fleet,Delhi,2024-08-02
CU02011,Individual,Faridabad,2023-07-09
CU02012,Individual,Delhi,2023-03-01
CU02013,Individual,Ghaziabad,2022-10-20
CU02014,Individual,Delhi,2025-04-23
CU02015,Individual,Gurgaon,2023-07-08
CU02016,Individual,Faridabad,2023-03-07
CU02017,Fleet,Delhi,2023-08-27
CU02018,Individual,Noida,2022-11-13
CU02019,Individual,Delhi,2023-02-02
CU02020,Individual,Faridabad,2023-08-19
CU02021,Individual,GHAZIABAD,2023-06-30
CU02022,Individual,Ghaziabad,2022-03-17
CU02023,Individual,Faridabad,2024-05-14
CU02024,Individual,Gurgaon,2024-07-04
CU02025,Individual,Gurgaon,2023-12-10
CU02026,Individual,Ghaziabad,2023-05-01
CU02027,Individual,Ghaziabad,2025-01-16
CU02028,Individual,Faridabad,2024-01-17
CU02029,Individual,Gurgaon,2025-06-09
CU02030,Individual,Ghaziabad,2024-10-27
CU02031,Individual,Gurgaon,2023-07-04
CU02032,Fleet,Ghaziabad,2024-09-02
CU02033,Individual,DELHI,2024-12-11
CU02034,Fleet,NOIDA,2024-07-30
CU02035,Individual,Delhi,2024-07-07
CU02036,Individual,Ghaziabad,2025-05-29
CU02037,Fleet,Noida,2025-03-12
CU02038,Individual,Noida,2022-12-29
CU02039,Individual,Ghaziabad,2023-01-17
CU02040,Individual,Ghaziabad,2022-09-28
CU02041,Individual,Gurgaon,2024-11-03
CU02042,Individual,Ghaziabad,2022-10-25
CU02043,Individual,Faridabad,2024-09-30
CU02044,Individual,Ghaziabad,2022-08-22
CU02045,Individual,Faridabad,2023-07-29
CU02046,Individual,Ghaziabad,2022-01-27
CU02047,Individual,Gurgaon,2022-04-03
CU02048,Fleet,Faridabad,2023-09-09
CU02049,Individual,Delhi,2022-11-05
CU02050,Individual,Faridabad,2022-02-21
CU02051,Individual,Gurgaon,2022-11-15
CU02052,Individual,Faridabad,2022-06-30
CU02053,Fleet,Ghaziabad,2025-02-17
CU02054,Individual,Ghaziabad,2024-05-24
CU02055,Fleet,Gurgaon,2024-12-02
CU02056,Individual,Noida,2023-10-09
CU02057,Fleet,Ghaziabad,2022-07-16
CU02058,Individual,Delhi,2023-10-07
CU02059,Individual,Gurgaon,2024-08-28
CU02060,Fleet,Faridabad,2022-09-12
CU02061,Fleet,Faridabad,2024-01-02
CU02062,Individual,Delhi,2022-12-02
CU02063,Individual,Ghaziabad,2024-09-16
CU02064,Fleet,Gurgaon,2024-06-18
CU02065,Individual,Delhi,2023-05-29
CU02066,Fleet,Ghaziabad,2022-08-30
CU02067,Individual,Gurgaon,2022-05-29
CU02068,Individual,Faridabad,2024-01-27
CU02069,Individual,Gurgaon,2023-09-12
CU02070,Individual,Noida,2023-03-29
CU02071,Fleet,Gurgaon,2022-07-31
CU02072,Individual,Noida,2023-10-30
CU02073,Fleet,Gurgaon,2023-08-17
CU02074,Individual,Noida,2022-05-11
CU02075,Individual,Faridabad,2023-09-04
CU02076,Individual,Ghaziabad,2022-09-13
CU02077,Individual,Noida,2023-07-15
CU02078,Individual,Noida,2022-03-04
CU02079,Individual,Faridabad,2023-02-11
CU02080,Individual,Noida,2024-03-12
CU02081,Individual,Delhi,2025-02-02
CU02082,Individual,Faridabad,2022-01-15
CU02083,Individual,Delhi,2022-09-16
CU02084,Individual,Faridabad,2023-12-24
CU02085,Individual,Noida,2023-09-06
CU02086,Individual,Delhi,2024-12-04
CU02087,Individual,Noida,2024-03-23
CU02088,Individual,Faridabad,2022-11-27
CU02089,Individual,Noida,2022-06-14
CU02090,Individual,Delhi,2025-05-01
CU02091,Fleet,Delhi,2024-12-24
CU02092,Individual,Noida,2023-01-22
CU02093,Fleet,Gurgaon,2024-11-19
CU02094,Individual,Faridabad,2022-11-24
CU02095,Fleet,Faridabad,2025-05-25
CU02096,Individual,Noida,2022-11-16
CU02097,Fleet,Gurgaon,2023-02-03
CU02098,Individual,Delhi,2022-04-15
CU02099,Individual,Ghaziabad,2023-11-27
CU02100,Fleet,Ghaziabad,2024-10-13
CU02101,Individual,Noida,2022-11-26
CU02102,Individual,Gurgaon,2023-10-22
CU02103,Individual,Gurgaon,2024-12-06
CU02104,Individual,Faridabad,2023-08-22
CU02105,Fleet,Delhi,2024-03-31
CU02106,Individual,Gurgaon,2023-10-03
CU02107,Individual,Ghaziabad,2022-11-10
CU02108,Fleet,Delhi,2025-03-16
CU02109,Individual,Delhi,2023-04-07
CU02110,Individual,Noida,2023-05-01
CU02111,Individual,Gurgaon,2023-02-14
CU02112,Individual,Noida,2022-01-27
CU02113,Fleet,Gurgaon,2024-11-18
CU02114,Individual,Faridabad,2022-09-28
CU02115,Individual,Noida,2023-11-17
CU02116,Fleet,Noida,2023-05-16
CU02117,Individual,Ghaziabad,2025-06-30
CU02118,Individual,Noida,2023-01-20
CU02119,Individual,Gurgaon,2022-03-01
CU02120,Individual,GHAZIABAD,2025-02-04
CU02121,Individual,Noida,2022-08-08
CU02122,Individual,Noida,2024-02-10
CU02123,Fleet,Faridabad,2023-07-18
CU02124,Individual,Noida,2023-06-30
CU02125,Individual,Delhi,2022-04-06
CU02126,Individual,Ghaziabad,2024-09-15
CU02127,Individual,Delhi,2025-01-17
CU02128,Individual,Ghaziabad,2024-04-07
CU02129,Individual,Faridabad,2022-08-19
CU02130,Individual,Noida,2024-08-25
CU02131,Fleet,Noida,2022-10-02
CU02132,Individual,Noida,2022-09-03
CU02133,Individual,Ghaziabad,2022-04-21
CU02134,Individual,Noida,2022-08-22
CU02135,Individual,Delhi,2023-02-21
CU02136,Fleet,Noida,2023-11-09
CU02137,Individual,Faridabad,2025-02-25
CU02138,Individual,Delhi,2025-06-14
CU02139,Individual,Noida,2024-03-13
CU02140,Individual,Noida,2023-09-11
CU02141,Individual,Gurgaon,2025-02-25
CU02142,Individual,Ghaziabad,2023-12-08
CU02143,Individual,Delhi,2024-04-30
CU02144,Individual,Gurgaon,2023-04-20
CU02145,Individual,Faridabad,2023-10-17
CU02146,Individual,Ghaziabad,2023-01-30
CU02147,Individual,Delhi,2022-04-21
CU02148,Individual,Noida,2022-03-31
CU02149,Fleet,Delhi,2024-02-02
CU02150,Individual,Noida,2025-06-01
CU02151,Individual,Ghaziabad,2025-01-29
CU02152,Individual,Noida,2022-05-12
CU02153,Individual,Faridabad,2024-11-02
CU02154,Individual,Noida,2023-04-02
CU02155,Individual,Faridabad,2022-04-08
CU02156,Individual,Ghaziabad,2025-02-17
CU02157,Fleet,Ghaziabad,2022-10-20
CU02158,Individual,Delhi,2024-10-21
CU02159,Individual,Faridabad,2023-07-26
CU02160,Individual,Faridabad,2022-09-07
CU02161,Individual,Gurgaon,2023-10-14
CU02162,Individual,Gurgaon,2022-05-29
CU02163,Fleet,Gurgaon,2022-02-13
CU02164,Individual,Noida,2024-12-03
CU02165,Individual,Gurgaon,2025-01-06
CU02166,Individual,Faridabad,2025-06-03
CU02167,Individual,Noida,2022-06-11
CU02168,Fleet,Ghaziabad,2022-09-10
CU02169,Individual,Delhi,2022-05-12
CU02170,Individual,Gurgaon,2023-04-19
CU02171,Fleet,Ghaziabad,2025-02-06
CU02172,Individual,Faridabad,2023-12-07
CU02173,Individual,Delhi,2024-11-24
CU02174,Individual,Ghaziabad,2022-10-02
CU02175,Individual,Delhi,2022-07-06
CU02176,Fleet,Gurgaon,2024-08-06
CU02177,Individual,Faridabad,2022-08-31
CU02178,Individual,Delhi,2022-09-21
CU02179,Individual,Ghaziabad,2023-06-06
CU02180,Individual,Gurgaon,2024-08-20
CU02181,Individual,Gurgaon,2024-02-22
CU02182,Individual,Ghaziabad,2025-01-15
CU02183,Individual,Ghaziabad,2023-06-19
CU02184,Individual,Delhi,2022-07-29
CU02185,Individual,Noida,2022-02-15
CU02186,Fleet,Gurgaon,2022-01-26
CU02187,Fleet,Delhi,2022-06-24
CU02188,Individual,Ghaziabad,2022-11-18
CU02189,Individual,Delhi,2025-03-04
CU02190,Fleet,Ghaziabad,2022-02-24
CU02191,Individual,Faridabad,2025-03-25
CU02192,Individual,Ghaziabad,2023-10-30
CU02193,Individual,Ghaziabad,2022-05-27
CU02194,Individual,Ghaziabad,2023-08-22
CU02195,Fleet,Noida,2022-01-20
CU02196,Individual,Ghaziabad,2022-11-29
CU02197,Individual,Gurgaon,2024-06-25
CU02198,Fleet,Gurgaon,2024-08-01
CU02199,Individual,Delhi,2024-06-29
CU02200,Individual,Noida,2023-02-05
CU02201,Fleet,Delhi,2024-08-07
CU02202,Fleet,Gurgaon,2022-01-28
CU02203,Individual,Gurgaon,2023-04-12
CU02204,Individual,Faridabad,2024-09-08
CU02205,Fleet,Ghaziabad,2022-04-11
CU02206,Individual,Gurgaon,2023-07-05
CU02207,Individual,Delhi,2024-03-12
CU02208,Individual,Delhi,2022-12-19
CU02209,Individual,Ghaziabad,2022-10-23
CU02210,Fleet,Ghaziabad,2022-12-19
CU02211,Individual,Faridabad,2024-06-26
CU02212,Individual,Noida,2025-02-27
CU02213,Individual,Delhi,2024-10-15
CU02214,Individual,Ghaziabad,2025-03-25
CU02215,Individual,Delhi,2025-01-02
CU02216,Individual,Ghaziabad,2025-01-18
CU02217,Individual,Gurgaon,2023-03-31
CU02218,Fleet,Delhi,2023-12-13
CU02219,Individual,Gurgaon,2024-09-06
CU02220,Individual,Delhi,2024-01-09
CU02221,Fleet,Noida,2024-09-03
CU02222,Individual,Faridabad,2022-08-21
CU02223,Individual,Gurgaon,2024-10-20
CU02224,Fleet,Ghaziabad,2022-04-12
CU02225,Individual,Noida,2024-08-10
CU02226,Individual,Delhi,2023-04-26
CU02227,Individual,Gurgaon,2025-05-22
CU02228,Fleet,Delhi,2022-04-18
CU02229,Individual,Delhi,2025-04-03
CU02230,Individual,DELHI,2024-08-30
CU02231,Individual,Faridabad,2023-12-05
CU02232,Individual,Faridabad,2022-12-01
CU02233,Individual,Ghaziabad,2022-03-27
CU02234,Individual,Gurgaon,2024-01-04
CU02235,Individual,Noida,2024-05-24
CU02236,Fleet,Noida,2022-12-30
CU02237,Fleet,Noida,2022-03-01
CU02238,Individual,Delhi,2025-06-27
CU02239,Fleet,Faridabad,2023-07-14
CU02240,Individual,Gurgaon,2022-04-27
CU02241,Individual,Delhi,2024-05-23
CU02242,Individual,Faridabad,2024-07-03
CU02243,Individual,Faridabad,2024-08-25
CU02244,Fleet,Gurgaon,2024-09-25
CU02245,Individual,Gurgaon,2022-02-13
CU02246,Fleet,Gurgaon,2023-05-24
CU02247,Fleet,Delhi,2025-04-03
CU02248,Individual,Ghaziabad,2024-04-28
CU02249,Fleet,Gurgaon,2024-07-05
CU02250,Individual,Ghaziabad,2024-06-16
CU02251,Individual,Delhi,2024-03-09
CU02252,Individual,Ghaziabad,2024-05-25
CU02253,Individual,Noida,2022-10-13
CU02254,Individual,Ghaziabad,2025-05-12
CU02255,Fleet,Gurgaon,2023-11-15
CU02256,Individual,Delhi,2024-03-29
CU02257,Individual,Gurgaon,2022-05-01
CU02258,Individual,Noida,2024-08-02
CU02259,Individual,Gurgaon,2024-10-14
CU02260,Individual,Gurgaon,2025-04-26
CU02261,Individual,Gurgaon,2024-06-25
CU02262,Fleet,Faridabad,2022-01-13
CU02263,Individual,Noida,2023-08-26
CU02264,Individual,Gurgaon,2022-07-19
CU02265,Individual,Gurgaon,2023-08-09
CU02266,Individual,Gurgaon,2023-03-24
CU02267,Individual,Delhi,2024-04-20
CU02268,Individual,Faridabad,2024-12-30
CU02269,Fleet,Delhi,2023-08-13
CU02270,Individual,Faridabad,2025-02-27
CU02271,Individual,GURGAON,2024-06-07
CU02272,Individual,Noida,2022-02-12
CU02273,Individual,Ghaziabad,2023-06-04
CU02274,Fleet,Ghaziabad,2024-11-02
CU02275,Fleet,Gurgaon,2023-12-26
CU02276,Fleet,Delhi,2023-09-15
CU02277,Fleet,Noida,2024-09-14
CU02278,Individual,Faridabad,2024-03-13
CU02279,Individual,Gurgaon,2023-06-19
CU02280,Individual,Noida,2022-10-29
CU02281,Individual,Noida,2023-06-11
CU02282,Fleet,Faridabad,2025-02-12
CU02283,Fleet,Noida,2023-04-05
CU02284,Individual,Delhi,2024-04-11
CU02285,Individual,Delhi,2023-05-20
CU02286,Individual,Delhi,2024-07-20
CU02287,Individual,Noida,2022-11-21
CU02288,Individual,Delhi,2023-08-02
CU02289,Individual,Faridabad,2024-01-31
CU02290,Individual,Noida,2025-04-13
CU02291,Individual,Ghaziabad,2024-04-30
CU02292,Individual,Noida,2025-04-10
CU02293,Individual,Faridabad,2024-08-17
CU02294,Fleet,Ghaziabad,2023-05-17
CU02295,Individual,Noida,2022-11-30
CU02296,Individual,Delhi,2022-10-11
CU02297,Individual,Gurgaon,2023-04-20
CU02298,Individual,Gurgaon,2024-12-13
CU02299,Individual,Delhi,2023-09-24
CU02300,Fleet,Gurgaon,2023-12-04
CU02301,Individual,Gurgaon,2023-02-13
CU02302,Individual,Delhi,2024-09-08
CU02303,Individual,Delhi,2023-07-13
CU02304,Individual,Noida,2022-08-10
CU02305,Fleet,Noida,2022-06-07
CU02306,Fleet,Delhi,2022-12-14
CU02307,Fleet,Faridabad,2025-03-28
CU02308,Individual,Gurgaon,2024-06-07
CU02309,Individual,Noida,2024-07-10
CU02310,Individual,Gurgaon,2025-06-12
CU02311,Individual,Ghaziabad,2023-10-24
CU02312,Fleet,Delhi,2023-02-09
CU02313,Individual,FARIDABAD,2023-11-08
CU02314,Fleet,Ghaziabad,2023-08-12
CU02315,Individual,Ghaziabad,2023-07-12
CU02316,Fleet,Ghaziabad,2024-06-23
CU02317,Fleet,Delhi,2024-12-06
CU02318,Individual,Noida,2025-05-21
CU02319,Individual,Delhi,2023-04-24
CU02320,Individual,Noida,2023-05-02
CU02321,Individual,Ghaziabad,2023-07-20
CU02322,Individual,Ghaziabad,2023-06-08
CU02323,Fleet,Faridabad,2023-12-05
CU02324,Individual,Noida,2024-10-26
CU02325,Individual,Ghaziabad,2024-03-31
CU02326,Individual,Gurgaon,2025-03-13
CU02327,Individual,Faridabad,2024-05-07
CU02328,Individual,Delhi,2023-08-08
CU02329,Individual,Faridabad,2023-11-17
CU02330,Individual,Gurgaon,2022-08-20
CU02331,Individual,Noida,2022-09-27
CU02332,Fleet,Delhi,2024-07-28
CU02333,Individual,Delhi,2024-05-23
CU02334,Individual,Noida,2025-05-30
CU02335,Individual,Faridabad,2022-02-21
CU02336,Individual,Ghaziabad,2022-04-26
CU02337,Individual,Faridabad,2023-06-22
CU02338,Individual,Gurgaon,2023-06-25
CU02339,Fleet,Ghaziabad,2024-11-08
CU02340,Individual,Faridabad,2024-03-25
CU02341,Individual,Noida,2024-03-01
CU02342,Individual,Gurgaon,2023-09-10
CU02343,Fleet,Gurgaon,2023-02-23
CU02344,Individual,Gurgaon,2022-11-05
CU02345,Fleet,Ghaziabad,2024-05-13
CU02346,Individual,Delhi,2022-07-05
CU02347,Individual,Ghaziabad,2022-09-18
CU02348,Individual,Faridabad,2022-06-09
CU02349,Individual,Delhi,2024-05-19
CU02350,Individual,Faridabad,2024-02-01
CU02351,Individual,Delhi,2022-08-12
CU02352,Individual,Ghaziabad,2022-06-29
CU02353,Individual,Gurgaon,2022-01-20
CU02354,Individual,Noida,2023-09-24
CU02355,Individual,Gurgaon,2025-05-18
CU02356,Fleet,Ghaziabad,2022-02-27
CU02357,Individual,Delhi,2025-01-21
CU02358,Individual,Gurgaon,2025-05-29
CU02359,Individual,Ghaziabad,2023-12-24
CU02360,Individual,Faridabad,2025-06-09
CU02361,Individual,Noida,2023-09-07
CU02362,Individual,Gurgaon,2023-07-16
CU02363,Individual,Delhi,2023-01-09
CU02364,Individual,Faridabad,2023-09-14
CU02365,Individual,Ghaziabad,2022-03-29
CU02366,Individual,Noida,2024-11-09
CU02367,Individual,Delhi,2024-10-10
CU02368,Individual,Ghaziabad,2022-01-14
CU02369,Individual,Ghaziabad,2022-05-13
CU02370,Fleet,Gurgaon,2024-11-23
CU02371,Fleet,Gurgaon,2024-06-10
CU02372,Individual,Delhi,2025-05-16
CU02373,Individual,Ghaziabad,2025-05-07
CU02374,Fleet,Gurgaon,2023-08-15
CU02375,Individual,Noida,2023-08-06
CU02376,Individual,Noida,2025-03-24
CU02377,Individual,Ghaziabad,2025-01-06
CU02378,Fleet,Gurgaon,2025-04-10
CU02379,Individual,Delhi,2022-10-16
CU02380,Individual,Delhi,2024-10-09
CU02381,Individual,Delhi,2024-05-28
CU02382,Fleet,Noida,2022-01-07
CU02383,Fleet,Gurgaon,2025-03-29
CU02384,Individual,Gurgaon,2022-08-28
CU02385,Individual,Noida,2023-06-20
CU02386,Fleet,Delhi,2022-03-11
CU02387,Individual,Delhi,2022-08-04
CU02388,Individual,Ghaziabad,2025-02-01
CU02389,Fleet,Faridabad,2024-12-13
CU02390,Individual,Gurgaon,2024-03-16
CU02391,Individual,Gurgaon,2022-11-26
CU02392,Individual,Gurgaon,2024-04-27
CU02393,Individual,Faridabad,2025-05-11
CU02394,Individual,Ghaziabad,2022-02-14
CU02395,Fleet,Faridabad,2024-04-08
CU02396,Individual,Delhi,2022-07-17
CU02397,Individual,Delhi,2025-05-24
CU02398,Fleet,Gurgaon,2024-06-14
CU02399,Individual,Noida,2022-11-28
CU02400,Fleet,Gurgaon,2023-11-27
CU02401,Individual,Noida,2022-01-27
CU02402,Fleet,Faridabad,2025-04-04
CU02403,Individual,Delhi,2022-11-14
CU02404,Fleet,Noida,2022-12-31
CU02405,Individual,Faridabad,2025-01-31
CU02406,Fleet,Delhi,2024-08-17
CU02407,Individual,Noida,2023-01-08
CU02408,Fleet,Gurgaon,2022-09-02
CU02409,Individual,Gurgaon,2025-04-07
CU02410,Individual,Gurgaon,2023-04-23
CU02411,Individual,Faridabad,2022-05-05
CU02412,Fleet,Gurgaon,2023-06-21
CU02413,Individual,Ghaziabad,2023-12-07
CU02414,Individual,Delhi,2023-06-15
CU02415,Individual,FARIDABAD,2024-02-25
CU02416,Individual,Gurgaon,2022-09-11
CU02417,Individual,Delhi,2022-05-01
CU02418,Individual,Noida,2024-11-21
CU02419,Individual,Gurgaon,2023-10-23
CU02420,Fleet,Delhi,2024-11-26
CU02421,Individual,Ghaziabad,2024-11-02
CU02422,Individual,Noida,2025-04-21
CU02423,Individual,Ghaziabad,2022-03-29
CU02424,Individual,Delhi,2022-02-15
CU02425,Individual,Ghaziabad,2025-02-16
CU02426,Individual,Delhi,2024-07-21
CU02427,Individual,Delhi,2024-01-15
CU02428,Fleet,Ghaziabad,2024-08-24
CU02429,Fleet,Delhi,2024-02-02
CU02430,Individual,Gurgaon,2024-02-01
CU02431,Fleet,Delhi,2024-03-04
CU02432,Individual,Faridabad,2024-01-14
CU02433,Fleet,Delhi,2024-12-05
CU02434,Individual,Faridabad,2023-07-12
CU02435,Individual,Delhi,2023-06-10
CU02436,Individual,Delhi,2023-08-20
CU02437,Individual,Ghaziabad,2024-04-19
CU02438,Individual,Gurgaon,2022-01-03
CU02439,Individual,Gurgaon,2024-11-17
CU02440,Individual,Noida,2022-06-06
CU02441,Fleet,Ghaziabad,2024-05-04
CU02442,Individual,Ghaziabad,2023-05-26
CU02443,Individual,Gurgaon,2023-11-18
CU02444,Individual,Ghaziabad,2025-02-11
CU02445,Individual,Gurgaon,2025-06-27
CU02446,Individual,Ghaziabad,2023-07-25
CU02447,Fleet,Delhi,2023-12-16
CU02448,Fleet,Gurgaon,2022-08-27
CU02449,Individual,Gurgaon,2025-06-11
CU02450,Fleet,Faridabad,2022-10-30
CU02451,Fleet,Ghaziabad,2023-08-30
CU02452,Fleet,Ghaziabad,2024-09-17
CU02453,Fleet,Gurgaon,2022-11-30
CU02454,Individual,Delhi,2022-04-23
CU02455,Fleet,DELHI,2022-12-28
CU02456,Individual,Delhi,2024-03-11
CU02457,Individual,Ghaziabad,2022-04-07
CU02458,Individual,Faridabad,2022-01-16
CU02459,Fleet,Gurgaon,2023-07-10
CU02460,Individual,Noida,2023-01-11
CU02461,Fleet,Faridabad,2024-01-12
CU02462,Individual,Noida,2023-01-25
CU02463,Individual,Faridabad,2023-09-12
CU02464,Fleet,Delhi,2025-05-25
CU02465,Fleet,Ghaziabad,2024-04-03
CU02466,Fleet,Noida,2022-11-16
CU02467,Fleet,Faridabad,2022-07-15
CU02468,Individual,Ghaziabad,2023-02-22
CU02469,Individual,Noida,2023-08-30
CU02470,Individual,Gurgaon,2023-07-22
CU02471,Individual,Faridabad,2023-06-28
CU02472,Fleet,Gurgaon,2022-08-19
CU02473,Individual,Delhi,2024-06-02
CU02474,Individual,Gurgaon,2023-06-05
CU02475,Individual,Gurgaon,2023-12-04
CU02476,Fleet,Faridabad,2025-05-08
CU02477,Individual,Delhi,2024-04-25
CU02478,Fleet,Gurgaon,2023-11-04
CU02479,Individual,Ghaziabad,2022-01-21
CU02480,Individual,Noida,2023-08-11
CU02481,Fleet,Gurgaon,2024-06-16
CU02482,Fleet,Delhi,2023-01-06
CU02483,Individual,Gurgaon,2022-03-19
CU02484,Fleet,Noida,2023-10-10
CU02485,Individual,Delhi,2022-05-20
CU02486,Individual,Faridabad,2023-07-07
CU02487,Individual,Delhi,2024-09-24
CU02488,Fleet,Faridabad,2022-10-09
CU02489,Individual,Delhi,2023-03-16
CU02490,Individual,Noida,2022-09-27
CU02491,Individual,Noida,2025-03-03
CU02492,Individual,Delhi,2024-01-16
CU02493,Individual,Gurgaon,2022-04-14
CU02494,Individual,Noida,2024-02-05
CU02495,Individual,Faridabad,2022-04-05
CU02496,Individual,Faridabad,2023-12-30
CU02497,Individual,Ghaziabad,2023-04-25
CU02498,Individual,Faridabad,2024-02-19
CU02499,Individual,Ghaziabad,2025-06-18
CU02500,Individual,Delhi,2022-01-13
CU02501,Individual,Delhi,2025-03-16
CU02502,Individual,Delhi,2023-08-24
CU02503,Fleet,Gurgaon,2022-04-05
CU02504,Individual,Gurgaon,2022-10-20
CU02505,Individual,Ghaziabad,2022-01-25
CU02506,Individual,Faridabad,2025-04-04
CU02507,Fleet,Faridabad,2024-07-27
CU02508,Individual,Delhi,2024-02-01
CU02509,Individual,Noida,2025-01-15
CU02510,Individual,GURGAON,2023-10-16
CU02511,Individual,Gurgaon,2024-09-11
CU02512,Individual,Delhi,2023-09-30
CU02513,Individual,Gurgaon,2023-05-06
CU02514,Individual,Delhi,2025-03-10
CU02515,Individual,Ghaziabad,2025-01-31
CU02516,Fleet,Faridabad,2025-06-03
CU02517,Individual,Noida,2023-07-29
CU02518,Fleet,Faridabad,2022-10-21
CU02519,Individual,Faridabad,2024-06-14
CU02520,Fleet,Ghaziabad,2025-04-18
CU02521,Individual,Gurgaon,2022-02-09
CU02522,Individual,Noida,2024-02-15
CU02523,Individual,Gurgaon,2023-06-04
CU02524,Individual,Faridabad,2023-06-30
CU02525,Individual,Delhi,2022-08-24
CU02526,Individual,Faridabad,2023-04-08
CU02527,Individual,Gurgaon,2025-06-05
CU02528,Individual,Faridabad,2023-04-28
CU02529,Fleet,Delhi,2023-03-06
CU02530,Individual,Ghaziabad,2024-11-11
CU02531,Individual,Gurgaon,2022-12-09
CU02532,Individual,Faridabad,2024-11-29
CU02533,Individual,Gurgaon,2025-04-11
CU02534,Individual,Ghaziabad,2025-04-17
CU02535,Fleet,Faridabad,2022-05-13
CU02536,Individual,Faridabad,2022-12-17
CU02537,Fleet,Gurgaon,2023-05-21
CU02538,Individual,Gurgaon,2022-03-25
CU02539,Individual,Delhi,2024-09-19
CU02540,Individual,Ghaziabad,2024-04-09
CU02541,Individual,Delhi,2024-05-10
CU02542,Individual,Faridabad,2022-12-09
CU02543,Individual,Gurgaon,2024-05-15
CU02544,Individual,Faridabad,2025-04-04
CU02545,Individual,Faridabad,2022-10-20
CU02546,Individual,Noida,2025-06-03
CU02547,Individual,Noida,2025-04-08
CU02548,Individual,Faridabad,2023-08-21
CU02549,Fleet,Gurgaon,2023-10-07
CU02550,Individual,Faridabad,2023-03-24
CU02551,Fleet,Noida,2023-11-21
CU02552,Individual,Gurgaon,2024-09-28
CU02553,Individual,Faridabad,2024-05-04
CU02554,Individual,Ghaziabad,2023-05-17
CU02555,Individual,Ghaziabad,2024-02-03
CU02556,Individual,Faridabad,2024-01-05
CU02557,Individual,Gurgaon,2025-05-09
CU02558,Individual,Faridabad,2022-09-07
CU02559,Fleet,Faridabad,2023-08-24
CU02560,Individual,Noida,2022-05-05
CU02561,Individual,Ghaziabad,2022-04-23
CU02562,Individual,Noida,2024-09-07
CU02563,Individual,Noida,2025-03-06
CU02564,Fleet,Faridabad,2022-05-30
CU02565,Individual,Noida,2024-05-24
CU02566,Individual,Ghaziabad,2022-12-09
CU02567,Individual,Noida,2023-08-03
CU02568,Fleet,Ghaziabad,2024-02-22
CU02569,Individual,Noida,2022-11-17
CU02570,Individual,Ghaziabad,2024-04-01
CU02571,Individual,Noida,2023-06-16
CU02572,Individual,Noida,2023-05-07
CU02573,Individual,Gurgaon,2023-09-04
CU02574,Individual,Ghaziabad,2022-09-09
CU02575,Individual,Ghaziabad,2025-01-05
CU02576,Individual,Ghaziabad,2022-06-22
CU02577,Fleet,Delhi,2024-05-24
CU02578,Individual,Noida,2022-07-20
CU02579,Individual,Ghaziabad,2022-08-05
CU02580,Fleet,Delhi,2023-01-11
CU02581,Individual,Gurgaon,2022-01-11
CU02582,Individual,Ghaziabad,2024-11-01
CU02583,Fleet,Ghaziabad,2024-06-10
CU02584,Individual,Delhi,2023-03-11
CU02585,Fleet,Noida,2024-03-28
CU02586,Fleet,Gurgaon,2024-07-19
CU02587,Fleet,Ghaziabad,2023-11-22
CU02588,Fleet,Noida,2025-03-01
CU02589,Fleet,Gurgaon,2024-05-04
CU02590,Fleet,Faridabad,2024-02-23
CU02591,Individual,Faridabad,2022-11-15
CU02592,Individual,Gurgaon,2024-04-23
CU02593,Individual,Delhi,2023-09-13
CU02594,Fleet,Gurgaon,2024-02-24
CU02595,Individual,Gurgaon,2025-04-06
CU02596,Individual,DELHI,2023-02-01
CU02597,Fleet,Delhi,2025-04-18
CU02598,Individual,Noida,2024-12-17
CU02599,Individual,Noida,2023-04-05
CU02600,Fleet,Delhi,2022-03-02
CU02601,Individual,Faridabad,2023-01-04
CU02602,Individual,Faridabad,2025-02-18
CU02603,Individual,Gurgaon,2023-12-20
CU02604,Individual,GHAZIABAD,2023-06-30
CU02605,Fleet,Gurgaon,2024-11-06
CU02606,Individual,Gurgaon,2023-05-11
CU02607,Individual,Ghaziabad,2023-05-12
CU02608,Individual,Delhi,2023-05-20
CU02609,Individual,Faridabad,2024-08-26
CU02610,Individual,Gurgaon,2024-12-28
CU02611,Individual,Ghaziabad,2022-06-10
CU02612,Individual,Noida,2023-12-19
CU02613,Individual,Gurgaon,2025-03-14
CU02614,Individual,Faridabad,2024-09-19
CU02615,Individual,Delhi,2022-09-26
CU02616,Individual,Gurgaon,2023-11-30
CU02617,Individual,Gurgaon,2024-05-14
CU02618,Individual,Ghaziabad,2022-12-16
CU02619,Individual,Noida,2022-04-20
CU02620,Individual,Noida,2023-02-11
CU02621,Fleet,Delhi,2023-10-12
CU02622,Individual,Faridabad,2022-02-20
CU02623,Individual,Delhi,2025-01-15
CU02624,Individual,Gurgaon,2024-12-27
CU02625,Individual,Gurgaon,2023-08-19
CU02626,Individual,Noida,2024-09-05
CU02627,Individual,Faridabad,2024-12-01
CU02628,Individual,Ghaziabad,2024-01-01
CU02629,Individual,Faridabad,2022-02-26
CU02630,Fleet,Gurgaon,2024-01-08
CU02631,Individual,Ghaziabad,2022-07-15
CU02632,Individual,Faridabad,2024-12-21
CU02633,Individual,Faridabad,2022-04-22
CU02634,Individual,Ghaziabad,2024-02-04
CU02635,Fleet,Gurgaon,2023-12-12
CU02636,Fleet,Faridabad,2025-04-16
CU02637,Fleet,Ghaziabad,2024-08-05
CU02638,Individual,Gurgaon,2022-01-26
CU02639,Fleet,Ghaziabad,2023-02-14
CU02640,Fleet,Ghaziabad,2024-01-28
CU02641,Individual,Faridabad,2023-06-15
CU02642,Fleet,Gurgaon,2025-02-03
CU02643,Individual,Faridabad,2024-01-19
CU02644,Individual,Delhi,2022-09-03
CU02645,Individual,Delhi,2025-01-09
CU02646,Fleet,Gurgaon,2023-10-24
CU02647,Fleet,Ghaziabad,2024-06-27
CU02648,Individual,Faridabad,2023-01-31
CU02649,Fleet,Faridabad,2023-06-06
CU02650,Fleet,Gurgaon,2024-07-14
CU02651,Fleet,Gurgaon,2022-09-21
CU02652,Individual,Delhi,2024-02-29
CU02653,Individual,Noida,2022-06-21
CU02654,Individual,Gurgaon,2022-09-22
CU02655,Individual,Noida,2024-11-15
CU02656,Individual,Gurgaon,2023-04-21
CU02657,Fleet,Ghaziabad,2022-12-22
CU02658,Individual,Ghaziabad,2024-11-15
CU02659,Individual,Delhi,2022-02-03
CU02660,Fleet,Delhi,2022-09-21
CU02661,Individual,Noida,2025-03-07
CU02662,Individual,Gurgaon,2024-03-26
CU02663,Individual,Faridabad,2024-05-24
CU02664,Individual,Delhi,2024-01-24
CU02665,Fleet,Faridabad,2023-07-20
CU02666,Individual,Faridabad,2023-04-07
CU02667,Individual,Gurgaon,2025-04-06
CU02668,Individual,Noida,2023-10-17
CU02669,Individual,Gurgaon,2022-03-22
CU02670,Individual,Delhi,2024-01-27
CU02671,Individual,Faridabad,2024-05-19
CU02672,Individual,Gurgaon,2024-12-05
CU02673,Individual,Gurgaon,2023-08-22
CU02674,Individual,Gurgaon,2024-03-17
CU02675,Individual,Delhi,2024-12-12
CU02676,Individual,Noida,2024-09-10
CU02677,Individual,Gurgaon,2023-12-05
CU02678,Individual,Delhi,2023-04-21
CU02679,Individual,Faridabad,2023-08-15
CU02680,Individual,Ghaziabad,2022-01-16
CU02681,Individual,Delhi,2023-05-02
CU02682,Individual,GHAZIABAD,2023-12-07
CU02683,Individual,Gurgaon,2025-03-10
CU02684,Individual,Gurgaon,2023-09-12
CU02685,Individual,Delhi,2024-10-15
CU02686,Fleet,Ghaziabad,2024-02-16
CU02687,Individual,Gurgaon,2023-03-23
CU02688,Individual,Faridabad,2022-10-17
CU02689,Individual,Noida,2022-07-28
CU02690,Individual,Noida,2023-02-17
CU02691,Individual,Gurgaon,2023-11-08
CU02692,Individual,Ghaziabad,2023-10-26
CU02693,Individual,Gurgaon,2022-10-17
CU02694,Individual,Ghaziabad,2022-05-31
CU02695,Individual,Faridabad,2024-05-04
CU02696,Individual,GHAZIABAD,2023-08-31
CU02697,Individual,Gurgaon,2023-01-05
CU02698,Individual,Faridabad,2025-06-04
CU02699,Individual,Delhi,2023-12-06
CU02700,Fleet,Noida,2024-04-05
CU02701,Fleet,Gurgaon,2024-10-01
CU02702,Individual,Gurgaon,2023-01-12
CU02703,Individual,Gurgaon,2024-08-30
CU02704,Individual,Faridabad,2022-04-28
CU02705,Fleet,Delhi,2024-10-25
CU02706,Individual,Ghaziabad,2023-03-20
CU02707,Individual,Delhi,2024-01-25
CU02708,Individual,Faridabad,2023-10-02
CU02709,Fleet,Gurgaon,2022-05-04
CU02710,Fleet,Noida,2023-10-20
CU02711,Individual,Gurgaon,2024-04-01
CU02712,Individual,Ghaziabad,2023-10-26
CU02713,Individual,Noida,2022-12-26
CU02714,Individual,Gurgaon,2023-09-15
CU02715,Fleet,Noida,2024-12-16
CU02716,Individual,Delhi,2025-06-28
CU02717,Fleet,Faridabad,2024-07-07
CU02718,Fleet,GURGAON,2025-03-19
CU02719,Fleet,Ghaziabad,2023-03-28
CU02720,Individual,Delhi,2025-03-31
CU02721,Fleet,Gurgaon,2022-04-30
CU02722,Individual,Delhi,2023-08-05
CU02723,Individual,Ghaziabad,2022-04-09
CU02724,Individual,Gurgaon,2025-04-05
CU02725,Fleet,Ghaziabad,2023-05-29
CU02726,Individual,Noida,2023-10-26
CU02727,Individual,Ghaziabad,2023-02-05
CU02728,Individual,Noida,2022-12-31
CU02729,Individual,GURGAON,2023-08-04
CU02730,Individual,Noida,2023-09-13
CU02731,Individual,Gurgaon,2024-04-07
CU02732,Individual,Gurgaon,2022-09-04
CU02733,Individual,Faridabad,2023-03-10
CU02734,Fleet,Gurgaon,2025-01-21
CU02735,Individual,NOIDA,2023-09-07
CU02736,Fleet,Faridabad,2024-07-31
CU02737,Individual,Faridabad,2024-08-20
CU02738,Individual,Gurgaon,2023-09-16
CU02739,Individual,Ghaziabad,2022-11-17
CU02740,Individual,Ghaziabad,2024-05-05
CU02741,Fleet,FARIDABAD,2022-03-03
CU02742,Fleet,Gurgaon,2022-10-27
CU02743,Individual,Ghaziabad,2023-02-07
CU02744,Individual,Gurgaon,2024-08-12
CU02745,Individual,Gurgaon,2022-09-10
CU02746,Individual,Faridabad,2023-04-23
CU02747,Individual,Faridabad,2022-06-09
CU02748,Fleet,Delhi,2024-08-18
CU02749,Fleet,Ghaziabad,2025-04-04
CU02750,Fleet,Ghaziabad,2022-07-24
CU02751,Individual,Ghaziabad,2025-03-07
CU02752,Fleet,Noida,2024-05-07
CU02753,Individual,Gurgaon,2024-01-30
CU02754,Individual,Faridabad,2023-12-22
CU02755,Individual,Ghaziabad,2024-11-06
CU02756,Fleet,Delhi,2022-03-09
CU02757,Individual,Ghaziabad,2022-05-13
CU02758,Individual,Gurgaon,2024-07-07
CU02759,Fleet,Gurgaon,2023-03-06
CU02760,Individual,FARIDABAD,2022-11-04
CU02761,Individual,Noida,2023-10-12
CU02762,Individual,Faridabad,2025-04-12
CU02763,Fleet,Ghaziabad,2023-02-16
CU02764,Individual,Delhi,2022-04-07
CU02765,Fleet,Faridabad,2025-03-23
CU02766,Individual,Noida,2025-06-19
CU02767,Individual,Faridabad,2024-11-16
CU02768,Individual,GURGAON,2024-12-19
CU02769,Fleet,Ghaziabad,2022-07-21
CU02770,Fleet,Ghaziabad,2024-02-01
CU02771,Individual,Ghaziabad,2024-05-23
CU02772,Individual,Ghaziabad,2023-08-04
CU02773,Individual,Ghaziabad,2023-01-05
CU02774,Fleet,Ghaziabad,2023-06-17
CU02775,Individual,Delhi,2025-03-21
CU02776,Fleet,Noida,2025-01-30
CU02777,Individual,Ghaziabad,2024-06-17
CU02778,Individual,Noida,2023-08-30
CU02779,Individual,Ghaziabad,2024-05-22
CU02780,Individual,Faridabad,2025-06-06
CU02781,Individual,Ghaziabad,2025-02-22
CU02782,Individual,Gurgaon,2024-02-09
CU02783,Fleet,Delhi,2024-04-13
CU02784,Individual,Faridabad,2024-09-25
CU02785,Fleet,Faridabad,2024-07-26
CU02786,Individual,Gurgaon,2022-08-24
CU02787,Individual,Ghaziabad,2022-06-11
CU02788,Fleet,Delhi,2023-07-08
CU02789,Individual,Faridabad,2024-02-27
CU02790,Fleet,Delhi,2024-12-27
CU02791,Individual,Faridabad,2025-04-11
CU02792,Individual,Ghaziabad,2023-07-13
CU02793,Individual,Faridabad,2022-09-18
CU02794,Fleet,Faridabad,2022-08-05
CU02795,Individual,Noida,2025-02-21
CU02796,Fleet,Ghaziabad,2024-03-15
CU02797,Individual,Gurgaon,2025-03-31
CU02798,Individual,Gurgaon,2022-07-20
CU02799,Individual,Ghaziabad,2023-02-06
CU02800,Individual,GURGAON,2022-10-02
CU02801,Fleet,Ghaziabad,2022-07-25
CU02802,Individual,Gurgaon,2024-11-29
CU02803,Individual,Noida,2024-05-16
CU02804,Individual,Gurgaon,2022-04-03
CU02805,Individual,Faridabad,2024-12-01
CU02806,Individual,Ghaziabad,2023-01-14
CU02807,Individual,Delhi,2025-02-04
CU02808,Individual,Delhi,2022-03-06
CU02809,Fleet,Ghaziabad,2022-12-31
CU02810,Fleet,Noida,2024-03-31
CU02811,Fleet,Gurgaon,2024-11-13
CU02812,Individual,Noida,2023-06-24
CU02813,Individual,Delhi,2024-12-21
CU02814,Individual,Ghaziabad,2023-05-06
CU02815,Fleet,Ghaziabad,2022-08-17
CU02816,Fleet,Noida,2024-11-09
CU02817,Fleet,Noida,2022-01-03
CU02818,Individual,Gurgaon,2024-06-29
CU02819,Individual,Faridabad,2022-11-03
CU02820,Fleet,Faridabad,2023-03-08
CU02821,Fleet,Gurgaon,2022-05-16
CU02822,Fleet,Faridabad,2023-05-30
CU02823,Individual,Delhi,2022-07-12
CU02824,Individual,Faridabad,2024-05-22
CU02825,Individual,Gurgaon,2025-02-15
CU02826,Individual,Faridabad,2023-10-28
CU02827,Individual,Ghaziabad,2022-07-28
CU02828,Individual,Noida,2024-08-09
CU02829,Individual,Delhi,2024-11-23
CU02830,Fleet,Ghaziabad,2023-10-11
CU02831,Individual,Ghaziabad,2022-04-30
CU02832,Fleet,Gurgaon,2023-09-19
CU02833,Individual,Noida,2023-06-09
CU02834,Individual,Noida,2024-02-08
CU02835,Individual,Delhi,2025-01-17
CU02836,Individual,Gurgaon,2023-05-27
CU02837,Individual,Delhi,2022-02-16
CU02838,Individual,Faridabad,2024-02-11
CU02839,Individual,Ghaziabad,2024-01-10
CU02840,Individual,Delhi,2023-06-06
CU02841,Individual,Ghaziabad,2022-05-14
CU02842,Individual,Gurgaon,2022-09-05
CU02843,Individual,Faridabad,2023-03-12
CU02844,Fleet,GURGAON,2025-04-14
CU02845,Fleet,Faridabad,2023-11-17
CU02846,Individual,Faridabad,2023-08-09
CU02847,Fleet,Ghaziabad,2022-12-17
CU02848,Individual,Gurgaon,2022-05-23
CU02849,Individual,Gurgaon,2024-08-24
CU02850,Individual,Delhi,2024-03-14
CU02851,Individual,Gurgaon,2023-12-19
CU02852,Fleet,Delhi,2023-10-05
CU02853,Individual,Noida,2023-05-16
CU02854,Fleet,Noida,2023-01-05
CU02855,Fleet,Noida,2025-01-14
CU02856,Fleet,Gurgaon,2024-02-26
CU02857,Fleet,Gurgaon,2024-01-09
CU02858,Individual,Delhi,2024-08-07
CU02859,Individual,Faridabad,2023-06-06
CU02860,Individual,Delhi,2023-05-04
CU02861,Individual,Noida,2023-02-01
CU02862,Individual,Delhi,2024-06-14
CU02863,Fleet,Faridabad,2022-12-21
CU02864,Individual,Gurgaon,2024-08-04
CU02865,Individual,Delhi,2022-10-15
CU02866,Individual,NOIDA,2024-09-24
CU02867,Individual,Noida,2023-06-20
CU02868,Fleet,Gurgaon,2024-04-30
CU02869,Individual,Delhi,2024-04-17
CU02870,Individual,FARIDABAD,2022-06-17
CU02871,Fleet,Gurgaon,2024-08-07
CU02872,Individual,Delhi,2023-09-13
CU02873,Individual,Ghaziabad,2023-03-04
CU02874,Individual,Noida,2023-05-05
CU02875,Individual,Faridabad,2022-12-21
CU02876,Fleet,Faridabad,2022-07-15
CU02877,Individual,Faridabad,2023-06-29
CU02878,Fleet,Noida,2023-12-18
CU02879,Individual,Delhi,2024-04-03
CU02880,Fleet,Gurgaon,2024-07-20
CU02881,Fleet,Delhi,2024-09-29
CU02882,Individual,Gurgaon,2023-10-21
CU02883,Individual,Faridabad,2024-07-27
CU02884,Individual,Delhi,2024-02-19
CU02885,Fleet,Faridabad,2022-01-11
CU02886,Individual,Ghaziabad,2023-01-31
CU02887,Individual,Faridabad,2024-01-01
CU02888,Individual,Faridabad,2023-02-13
CU02889,Fleet,Gurgaon,2022-12-28
CU02890,Individual,Ghaziabad,2024-10-23
CU02891,Individual,Faridabad,2022-03-25
CU02892,Individual,Faridabad,2022-06-05
CU02893,Individual,Ghaziabad,2025-04-14
CU02894,Fleet,Ghaziabad,2023-12-08
CU02895,Individual,Delhi,2023-04-17
CU02896,Individual,Gurgaon,2023-09-11
CU02897,Individual,Ghaziabad,2022-05-14
CU02898,Individual,Ghaziabad,2024-02-27
CU02899,Individual,Noida,2024-06-25
CU02900,Individual,Ghaziabad,2024-05-13
CU02901,Individual,Gurgaon,2023-10-29
CU02902,Individual,Faridabad,2022-10-04
CU02903,Fleet,Faridabad,2025-06-13
CU02904,Individual,FARIDABAD,2024-05-31
CU02905,Fleet,Faridabad,2022-01-13
CU02906,Individual,Noida,2022-12-08
CU02907,Individual,Ghaziabad,2022-02-04
CU02908,Individual,Faridabad,2023-07-13
CU02909,Fleet,Delhi,2025-05-22
CU02910,Fleet,Faridabad,2023-02-09
CU02911,Individual,Ghaziabad,2023-10-20
CU02912,Fleet,Faridabad,2022-06-08
CU02913,Individual,Noida,2024-08-13
CU02914,Individual,Gurgaon,2025-02-07
CU02915,Individual,Gurgaon,2023-07-03
CU02916,Individual,Ghaziabad,2024-09-11
CU02917,Individual,Gurgaon,2022-10-06
CU02918,Fleet,Gurgaon,2023-04-24
CU02919,Individual,Delhi,2022-04-21
CU02920,Individual,Ghaziabad,2023-03-07
CU02921,Individual,Ghaziabad,2023-06-26
CU02922,Individual,Gurgaon,2025-02-12
CU02923,Individual,Gurgaon,2025-01-18
CU02924,Individual,Gurgaon,2025-05-20
CU02925,Individual,Noida,2022-12-26
CU02926,Fleet,Faridabad,2023-01-07
CU02927,Individual,Noida,2025-05-23
CU02928,Individual,Ghaziabad,2024-11-04
CU02929,Individual,Delhi,2024-08-12
CU02930,Individual,Faridabad,2022-09-16
CU02931,Individual,Delhi,2024-02-17
CU02932,Individual,Ghaziabad,2022-04-30
CU02933,Fleet,Ghaziabad,2024-09-02
CU02934,Fleet,Delhi,2024-07-01
CU02935,Individual,Delhi,2025-02-25
CU02936,Individual,Delhi,2023-12-24
CU02937,Individual,Ghaziabad,2023-06-07
CU02938,Individual,Gurgaon,2022-11-21
CU02939,Individual,Delhi,2024-12-09
CU02940,Individual,Faridabad,2022-03-10
CU02941,Fleet,Ghaziabad,2023-01-26
CU02942,Individual,Noida,2023-01-18
CU02943,Individual,Noida,2022-01-16
CU02944,Individual,Faridabad,2024-04-25
CU02945,Individual,Gurgaon,2024-05-18
CU02946,Individual,Delhi,2023-07-22
CU02947,Individual,Ghaziabad,2022-05-12
CU02948,Individual,Delhi,2025-06-25
CU02949,Individual,Ghaziabad,2022-09-30
CU02950,Fleet,Noida,2023-04-29
CU02951,Individual,Delhi,2023-07-04
CU02952,Individual,Faridabad,2022-12-23
CU02953,Fleet,Gurgaon,2024-12-07
CU02954,Individual,Faridabad,2024-10-30
CU02955,Individual,Gurgaon,2022-08-21
CU02956,Fleet,Delhi,2022-02-05
CU02957,Individual,Delhi,2023-02-17
CU02958,Individual,Gurgaon,2024-10-24
CU02959,Fleet,Noida,2022-02-13
CU02960,Fleet,Ghaziabad,2023-07-22
CU02961,Individual,Faridabad,2024-01-10
CU02962,Fleet,Faridabad,2022-04-24
CU02963,Individual,Faridabad,2023-02-01
CU02964,Individual,Delhi,2025-04-12
CU02965,Individual,Faridabad,2023-04-11
CU02966,Fleet,GHAZIABAD,2024-04-26
CU02967,Fleet,Ghaziabad,2023-05-17
CU02968,Individual,Gurgaon,2023-03-17
CU02969,Fleet,Delhi,2022-03-10
CU02970,Fleet,Ghaziabad,2022-11-22
CU02971,Individual,Noida,2022-03-08
CU02972,Individual,Delhi,2022-10-31
CU02973,Individual,Delhi,2024-08-29
CU02974,Individual,Ghaziabad,2023-04-29
CU02975,Individual,Noida,2024-07-17
CU02976,Individual,Gurgaon,2025-03-28
CU02977,Fleet,Ghaziabad,2022-05-29
CU02978,Individual,Noida,2024-11-16
CU02979,Individual,Delhi,2024-09-13
CU02980,Individual,NOIDA,2023-08-07
CU02981,Individual,Delhi,2022-09-05
CU02982,Individual,Ghaziabad,2025-01-29
CU02983,Individual,Ghaziabad,2023-12-03
CU02984,Fleet,FARIDABAD,2022-04-06
CU02985,Individual,Faridabad,2022-10-09
CU02986,Individual,Faridabad,2022-11-18
CU02987,Fleet,Ghaziabad,2023-06-13
CU02988,Fleet,Gurgaon,2022-09-20
CU02989,Individual,Ghaziabad,2023-08-03
CU02990,Individual,Noida,2022-10-21
CU02991,Individual,Ghaziabad,2023-01-30
CU02992,Individual,Ghaziabad,2023-05-28
CU02993,Individual,Delhi,2024-07-09
CU02994,Fleet,Delhi,2024-03-20
CU02995,Individual,Delhi,2025-04-18
CU02996,Individual,Ghaziabad,2024-07-08
CU02997,Individual,Gurgaon,2023-11-24
CU02998,Individual,Noida,2022-08-23
CU02999,Individual,Noida,2024-08-09
CU03000,Individual,Gurgaon,2024-10-28
CU03001,Individual,Gurgaon,2023-06-23
CU03002,Fleet,Noida,2024-03-30
CU03003,Individual,FARIDABAD,2025-01-19
CU03004,Fleet,Delhi,2022-09-29
CU03005,Individual,Delhi,2024-10-25
CU03006,Individual,Noida,2025-05-27
CU03007,Individual,Gurgaon,2025-02-15
CU03008,Individual,Faridabad,2023-08-16
CU03009,Fleet,Noida,2024-09-02
CU03010,Individual,Delhi,2022-04-25
CU03011,Individual,Ghaziabad,2022-09-20
CU03012,Individual,Gurgaon,2022-07-26
CU03013,Fleet,Ghaziabad,2022-10-30
CU03014,Individual,Noida,2022-04-22
CU03015,Individual,Delhi,2022-07-04
CU03016,Fleet,Faridabad,2024-06-19
CU03017,Fleet,Ghaziabad,2022-08-09
CU03018,Individual,Faridabad,2025-02-14
CU03019,Fleet,Delhi,2024-12-29
CU03020,Individual,Ghaziabad,2024-06-16
CU03021,Individual,Faridabad,2024-12-29
CU03022,Individual,Faridabad,2023-09-14
CU03023,Individual,Ghaziabad,2023-03-03
CU03024,Individual,DELHI,2023-10-06
CU03025,Individual,FARIDABAD,2023-07-22
CU03026,Individual,Noida,2023-03-19
CU03027,Fleet,Ghaziabad,2023-08-24
CU03028,Individual,Gurgaon,2025-03-06
CU03029,Individual,Gurgaon,2023-05-19
CU03030,Individual,Delhi,2022-05-11
CU03031,Individual,Noida,2022-08-06
CU03032,Individual,Faridabad,2023-11-19
CU03033,Fleet,Gurgaon,2022-06-20
CU03034,Fleet,Delhi,2023-09-04
CU03035,Individual,Noida,2024-09-18
CU03036,Individual,Noida,2025-02-26
CU03037,Fleet,Delhi,2022-02-26
CU03038,Individual,Delhi,2025-04-19
CU03039,Individual,Faridabad,2022-09-03
CU03040,Individual,Delhi,2022-05-24
CU03041,Fleet,Faridabad,2024-12-10
CU03042,Individual,Faridabad,2023-01-03
CU03043,Individual,Ghaziabad,2022-08-06
CU03044,Individual,Noida,2023-09-08
CU03045,Fleet,Noida,2025-03-25
CU03046,Individual,Noida,2023-03-18
CU03047,Fleet,Ghaziabad,2024-04-20
CU03048,Individual,Faridabad,2024-08-13
CU03049,Individual,Faridabad,2023-11-30
CU03050,Fleet,Delhi,2024-05-25
CU03051,Fleet,Ghaziabad,2024-02-15
CU03052,Fleet,Delhi,2024-02-01
CU03053,Individual,Ghaziabad,2024-08-02
CU03054,Fleet,Delhi,2024-07-11
CU03055,Individual,Gurgaon,2024-07-23
CU03056,Individual,Noida,2022-01-25
CU03057,Individual,Noida,2024-03-16
CU03058,Individual,Faridabad,2024-02-03
CU03059,Individual,Gurgaon,2024-12-19
CU03060,Fleet,Noida,2023-03-10
CU03061,Fleet,Faridabad,2024-05-28
CU03062,Individual,Gurgaon,2024-12-25
CU03063,Individual,Noida,2024-06-28
CU03064,Individual,Delhi,2023-07-19
CU03065,Individual,Ghaziabad,2022-04-16
CU03066,Individual,Gurgaon,2022-04-06
CU03067,Individual,Faridabad,2022-06-17
CU03068,Fleet,Gurgaon,2022-02-11
CU03069,Individual,Faridabad,2022-04-14
CU03070,Fleet,Gurgaon,2025-05-12
CU03071,Individual,Faridabad,2023-06-04
CU03072,Individual,Noida,2022-10-09
CU03073,Individual,Delhi,2024-12-02
CU03074,Individual,Noida,2024-08-04
CU03075,Individual,Delhi,2025-02-07
CU03076,Fleet,Noida,2025-05-18
CU03077,Fleet,Noida,2024-01-19
CU03078,Individual,Gurgaon,2024-04-10
CU03079,Fleet,Ghaziabad,2022-02-18
CU03080,Individual,Faridabad,2022-04-25
CU03081,Fleet,Faridabad,2025-03-24
CU03082,Individual,Faridabad,2023-05-18
CU03083,Individual,Delhi,2024-09-12
CU03084,Individual,Faridabad,2022-03-12
CU03085,Individual,Faridabad,2024-10-08
CU03086,Individual,Gurgaon,2022-03-08
CU03087,Individual,Noida,2024-08-24
CU03088,Individual,Faridabad,2025-05-21
CU03089,Fleet,Ghaziabad,2022-06-30
CU03090,Individual,Faridabad,2023-09-05
CU03091,Individual,Delhi,2023-11-28
CU03092,Fleet,Delhi,2023-08-26
CU03093,Individual,Delhi,2022-09-05
CU03094,Individual,Faridabad,2025-05-22
CU03095,Individual,Gurgaon,2022-12-25
CU03096,Individual,Ghaziabad,2022-09-06
CU03097,Fleet,Faridabad,2023-09-30
CU03098,Individual,Gurgaon,2024-08-07
CU03099,Individual,Gurgaon,2025-01-16
CU03100,Individual,Faridabad,2023-10-25
CU03101,Individual,Faridabad,2022-06-25
CU03102,Individual,Gurgaon,2023-12-24
CU03103,Fleet,Gurgaon,2023-03-02
CU03104,Fleet,Gurgaon,2024-02-10
CU03105,Fleet,Faridabad,2023-12-04
CU03106,Individual,Gurgaon,2022-03-22
CU03107,Individual,Delhi,2024-07-15
CU03108,Individual,Faridabad,2022-05-18
CU03109,Individual,Delhi,2023-04-15
CU03110,Individual,Noida,2022-12-16
CU03111,Individual,Faridabad,2025-02-23
CU03112,Fleet,Noida,2025-06-07
CU03113,Individual,Gurgaon,2022-11-06
CU03114,Individual,Gurgaon,2024-11-09
CU03115,Individual,Ghaziabad,2024-09-28
CU03116,Individual,Gurgaon,2022-09-26
CU03117,Fleet,Noida,2024-10-23
CU03118,Individual,Gurgaon,2024-02-09
CU03119,Individual,Faridabad,2022-01-16
CU03120,Fleet,Gurgaon,2023-08-29
CU03121,Individual,Ghaziabad,2024-03-23
CU03122,Individual,Gurgaon,2025-03-02
CU03123,Individual,NOIDA,2023-04-27
CU03124,Individual,Noida,2024-06-13
CU03125,Individual,Gurgaon,2022-09-26
CU03126,Individual,Noida,2023-02-18
CU03127,Individual,Noida,2022-01-25
CU03128,Individual,Ghaziabad,2022-11-12
CU03129,Individual,Faridabad,2023-07-25
CU03130,Individual,Ghaziabad,2023-12-26
CU03131,Individual,Delhi,2024-10-04
CU03132,Individual,Ghaziabad,2023-01-24
CU03133,Individual,Gurgaon,2023-12-23
CU03134,Individual,Faridabad,2023-03-20
CU03135,Individual,Gurgaon,2024-09-25
CU03136,Individual,Delhi,2024-12-16
CU03137,Individual,Faridabad,2023-11-28
CU03138,Individual,Noida,2024-08-28
CU03139,Individual,Ghaziabad,2023-12-22
CU03140,Individual,Gurgaon,2023-01-03
CU03141,Individual,Delhi,2022-12-08
CU03142,Individual,Noida,2022-10-31
CU03143,Individual,Ghaziabad,2024-02-03
CU03144,Individual,Noida,2024-03-26
CU03145,Individual,Ghaziabad,2022-04-22
CU03146,Fleet,Faridabad,2024-05-27
CU03147,Individual,Noida,2024-10-26
CU03148,Fleet,Noida,2024-07-18
CU03149,Individual,Noida,2023-12-04
CU03150,Individual,Faridabad,2024-04-25
CU03151,Individual,Delhi,2024-08-01
CU03152,Fleet,Ghaziabad,2022-10-06
CU03153,Individual,Noida,2023-01-17
CU03154,Fleet,Faridabad,2022-01-13
CU03155,Individual,Delhi,2022-10-30
CU03156,Individual,Ghaziabad,2022-06-09
CU03157,Fleet,Faridabad,2022-06-03
CU03158,Individual,Ghaziabad,2024-01-24
CU03159,Individual,Noida,2022-06-30
CU03160,Individual,Delhi,2025-04-18
CU03161,Individual,Faridabad,2023-01-12
CU03162,Individual,Delhi,2024-02-15
CU03163,Individual,Noida,2025-04-06
CU03164,Fleet,Delhi,2025-05-22
CU03165,Individual,Delhi,2025-03-19
CU03166,Fleet,Gurgaon,2022-01-16
CU03167,Individual,Delhi,2025-01-19
CU03168,Individual,Ghaziabad,2025-02-17
CU03169,Individual,Faridabad,2022-09-10
CU03170,Individual,Gurgaon,2024-12-19
CU03171,Fleet,Faridabad,2022-01-31
CU03172,Fleet,Faridabad,2024-11-10
CU03173,Fleet,Noida,2024-01-01
CU03174,Individual,Noida,2022-10-16
CU03175,Individual,Gurgaon,2023-05-13
CU03176,Fleet,Noida,2023-07-02
CU03177,Fleet,NOIDA,2024-08-18
CU03178,Individual,Noida,2022-05-12
CU03179,Fleet,Faridabad,2024-05-07
CU03180,Individual,Gurgaon,2025-03-01
CU03181,Individual,Faridabad,2023-06-05
CU03182,Fleet,Ghaziabad,2022-01-30
CU03183,Fleet,Faridabad,2023-09-19
CU03184,Individual,Ghaziabad,2022-01-04
CU03185,Individual,Delhi,2023-05-24
CU03186,Individual,Delhi,2025-06-14
CU03187,Fleet,Ghaziabad,2022-01-16
CU03188,Individual,Ghaziabad,2024-09-23
CU03189,Individual,Faridabad,2024-08-13
CU03190,Individual,Ghaziabad,2025-06-07
CU03191,Fleet,Gurgaon,2025-02-04
CU03192,Individual,Delhi,2022-09-20
CU03193,Fleet,Delhi,2024-12-24
CU03194,Individual,Ghaziabad,2022-09-22
CU03195,Fleet,Noida,2023-01-13
CU03196,Fleet,Noida,2025-04-13
CU03197,Individual,Ghaziabad,2024-08-20
CU03198,Individual,Gurgaon,2025-03-21
CU03199,Individual,Noida,2023-04-21
CU03200,Individual,Ghaziabad,2022-11-25
CU03201,Individual,Gurgaon,2025-04-01
CU03202,Individual,Gurgaon,2023-03-14
CU03203,Fleet,Faridabad,2025-05-07
CU03204,Individual,Gurgaon,2022-01-16
CU03205,Individual,Noida,2024-05-17
CU03206,Fleet,Noida,2023-05-26
CU03207,Fleet,Ghaziabad,2024-09-10
CU03208,Individual,Ghaziabad,2025-06-16
CU03209,Fleet,Gurgaon,2023-08-04
CU03210,Individual,Delhi,2022-01-06
CU03211,Individual,Faridabad,2025-05-28
CU03212,Individual,Delhi,2024-10-15
CU03213,Individual,Gurgaon,2024-03-17
CU03214,Individual,Gurgaon,2023-09-11
CU03215,Fleet,Delhi,2025-02-15
CU03216,Individual,Faridabad,2023-02-09
CU03217,Individual,Delhi,2024-09-23
CU03218,Individual,Ghaziabad,2023-08-17
CU03219,Individual,Noida,2023-07-20
CU03220,Individual,Ghaziabad,2024-01-22
CU03221,Individual,Noida,2022-01-12
CU03222,Individual,Gurgaon,2025-05-17
CU03223,Individual,Faridabad,2022-06-14
CU03224,Fleet,Delhi,2024-05-27
CU03225,Fleet,Faridabad,2022-03-19
CU03226,Individual,Delhi,2023-09-06
CU03227,Fleet,Ghaziabad,2024-05-18
CU03228,Fleet,Ghaziabad,2024-03-22
CU03229,Individual,Delhi,2025-01-05
CU03230,Fleet,Faridabad,2024-12-07
CU03231,Individual,Delhi,2024-02-06
CU03232,Individual,Gurgaon,2022-03-23
CU03233,Individual,GHAZIABAD,2022-07-28
CU03234,Individual,Gurgaon,2023-06-06
CU03235,Fleet,Ghaziabad,2024-11-18
CU03236,Fleet,Ghaziabad,2024-09-20
CU03237,Fleet,Noida,2023-04-10
CU03238,Individual,Gurgaon,2023-09-20
CU03239,Individual,Gurgaon,2024-02-20
CU03240,Individual,Noida,2023-07-13
CU03241,Individual,Faridabad,2024-08-17
CU03242,Individual,Gurgaon,2022-04-01
CU03243,Individual,Delhi,2024-12-12
CU03244,Individual,Noida,2024-05-09
CU03245,Individual,Gurgaon,2025-05-12
CU03246,Individual,Faridabad,2023-07-10
CU03247,Individual,Gurgaon,2022-06-05
CU03248,Individual,Ghaziabad,2022-01-02
CU03249,Fleet,Delhi,2024-04-04
CU03250,Individual,Noida,2024-03-12
CU03251,Individual,Ghaziabad,2024-09-09
CU03252,Individual,Faridabad,2024-12-17
CU03253,Individual,Ghaziabad,2025-04-18
CU03254,Individual,Ghaziabad,2023-05-08
CU03255,Fleet,Faridabad,2023-10-31
CU03256,Fleet,Ghaziabad,2024-11-24
CU03257,Individual,Noida,2022-03-16
CU03258,Individual,Gurgaon,2024-08-01
CU03259,Individual,Ghaziabad,2023-01-06
CU03260,Individual,Noida,2023-08-10
CU03261,Individual,Gurgaon,2022-11-25
CU03262,Individual,Gurgaon,2023-08-13
CU03263,Fleet,Ghaziabad,2024-02-16
CU03264,Individual,Noida,2022-10-31
CU03265,Individual,GHAZIABAD,2023-08-02
CU03266,Individual,Faridabad,2022-08-09
CU03267,Individual,Gurgaon,2024-09-05
CU03268,Individual,Ghaziabad,2025-04-02
CU03269,Individual,Gurgaon,2023-01-10
CU03270,Individual,Noida,2025-05-28
CU03271,Individual,Delhi,2022-07-07
CU03272,Fleet,Ghaziabad,2025-04-29
CU03273,Individual,Ghaziabad,2025-05-23
CU03274,Individual,Gurgaon,2025-01-14
CU03275,Individual,NOIDA,2023-04-19
CU03276,Fleet,Faridabad,2024-04-23
CU03277,Individual,Noida,2023-06-15
CU03278,Individual,Ghaziabad,2024-12-06
CU03279,Individual,Faridabad,2024-12-24
CU03280,Individual,Noida,2024-08-20
CU03281,Individual,Delhi,2023-04-20
CU03282,Individual,Gurgaon,2025-03-15
CU03283,Individual,Noida,2024-08-03
CU03284,Individual,Noida,2024-12-25
CU03285,Individual,Delhi,2023-06-01
CU03286,Individual,Ghaziabad,2025-01-21
CU03287,Individual,Gurgaon,2023-03-02
CU03288,Individual,Noida,2025-01-22
CU03289,Individual,Faridabad,2022-05-13
CU03290,Individual,Noida,2022-11-10
CU03291,Individual,Gurgaon,2023-08-14
CU03292,Individual,Noida,2025-05-20
CU03293,Individual,Delhi,2024-10-05
CU03294,Individual,Noida,2022-06-08
CU03295,Fleet,Noida,2023-10-23
CU03296,Individual,Faridabad,2024-01-18
CU03297,Individual,Delhi,2024-03-11
CU03298,Individual,Delhi,2023-02-14
CU03299,Individual,Noida,2023-11-11
CU03300,Fleet,Faridabad,2025-05-01
CU03301,Fleet,Noida,2022-04-24
CU03302,Individual,Noida,2024-06-15
CU03303,Individual,Gurgaon,2024-12-14
CU03304,Individual,Gurgaon,2022-03-06
CU03305,Individual,Faridabad,2023-11-15
CU03306,Fleet,Ghaziabad,2022-05-26
CU03307,Fleet,Gurgaon,2024-07-31
CU03308,Individual,Ghaziabad,2025-05-17
CU03309,Fleet,Delhi,2024-10-30
CU03310,Individual,Gurgaon,2024-01-09
CU03311,Fleet,Gurgaon,2022-07-05
CU03312,Individual,Faridabad,2025-03-03
CU03313,Individual,Ghaziabad,2024-04-14
CU03314,Individual,Gurgaon,2024-03-19
CU03315,Fleet,Gurgaon,2022-06-20
CU03316,Individual,Faridabad,2022-08-01
CU03317,Individual,Faridabad,2022-01-27
CU03318,Individual,Ghaziabad,2024-10-10
CU03319,Fleet,Delhi,2024-12-27
CU03320,Fleet,Delhi,2024-02-29
CU03321,Individual,Noida,2023-02-12
CU03322,Individual,Gurgaon,2025-02-06
CU03323,Fleet,Ghaziabad,2022-03-15
CU03324,Individual,Gurgaon,2023-08-01
CU03325,Individual,Ghaziabad,2023-11-11
CU03326,Fleet,Ghaziabad,2024-02-25
CU03327,Individual,Ghaziabad,2024-04-28
CU03328,Fleet,Gurgaon,2024-05-19
CU03329,Individual,Faridabad,2022-08-25
CU03330,Individual,Gurgaon,2023-12-28
CU03331,Fleet,Ghaziabad,2023-01-13
CU03332,Fleet,Noida,2023-10-23
CU03333,Individual,DELHI,2024-04-09
CU03334,Individual,Ghaziabad,2024-06-24
CU03335,Individual,Noida,2023-01-11
CU03336,Fleet,Faridabad,2023-09-11
CU03337,Fleet,Ghaziabad,2023-10-15
CU03338,Individual,Noida,2025-01-04
CU03339,Individual,Ghaziabad,2024-10-29
CU03340,Individual,Gurgaon,2022-07-15
CU03341,Individual,NOIDA,2024-03-17
CU03342,Fleet,Gurgaon,2024-06-11
CU03343,Individual,Gurgaon,2024-12-20
CU03344,Fleet,Noida,2024-07-25
CU03345,Individual,Delhi,2024-04-26
CU03346,Individual,Noida,2024-03-28
CU03347,Individual,Delhi,2023-07-18
CU03348,Individual,Ghaziabad,2023-09-26
CU03349,Individual,Ghaziabad,2023-11-10
CU03350,Fleet,Noida,2024-10-14
CU03351,Individual,Ghaziabad,2022-01-08
CU03352,Individual,Faridabad,2024-12-04
CU03353,Fleet,Gurgaon,2022-12-10
CU03354,Fleet,Gurgaon,2024-03-06
CU03355,Individual,Delhi,2024-11-16
CU03356,Individual,Ghaziabad,2025-05-01
CU03357,Fleet,Delhi,2024-04-28
CU03358,Individual,Gurgaon,2022-03-03
CU03359,Individual,Gurgaon,2024-12-21
CU03360,Individual,Ghaziabad,2023-02-26
CU03361,Fleet,Faridabad,2023-09-25
CU03362,Individual,Faridabad,2024-03-02
CU03363,Individual,Ghaziabad,2023-07-05
CU03364,Individual,Ghaziabad,2023-08-29
CU03365,Individual,Delhi,2025-02-12
CU03366,Individual,Ghaziabad,2025-02-18
CU03367,Individual,Faridabad,2023-06-09
CU03368,Individual,Ghaziabad,2024-06-17
CU03369,Individual,Delhi,2022-06-12
CU03370,Individual,Delhi,2024-02-26
CU03371,Fleet,Delhi,2024-06-28
CU03372,Fleet,Delhi,2024-09-08
CU03373,Individual,Noida,2023-01-14
CU03374,Fleet,Ghaziabad,2022-06-22
CU03375,Fleet,Gurgaon,2024-09-26
CU03376,Fleet,Ghaziabad,2022-03-05
CU03377,Fleet,Noida,2025-01-29
CU03378,Individual,Delhi,2024-09-01
CU03379,Fleet,Noida,2022-03-07
CU03380,Individual,Faridabad,2023-04-03
CU03381,Individual,Faridabad,2023-03-29
CU03382,Fleet,Ghaziabad,2024-09-05
CU03383,Individual,Ghaziabad,2022-06-27
CU03384,Individual,Gurgaon,2022-10-07
CU03385,Individual,Gurgaon,2022-12-10
CU03386,Individual,Faridabad,2024-11-06
CU03387,Fleet,Delhi,2022-10-23
CU03388,Individual,Noida,2022-07-21
CU03389,Fleet,Gurgaon,2024-08-19
CU03390,Individual,Gurgaon,2023-11-15
CU03391,Individual,Delhi,2025-05-02
CU03392,Fleet,Delhi,2025-03-18
CU03393,Fleet,Ghaziabad,2023-01-10
CU03394,Individual,Noida,2022-02-04
CU03395,Fleet,Delhi,2022-01-29
CU03396,Individual,Gurgaon,2024-02-14
CU03397,Individual,Gurgaon,2022-08-09
CU03398,Fleet,Faridabad,2022-02-22
CU03399,Individual,Delhi,2024-03-01
CU03400,Individual,Ghaziabad,2022-03-17
CU03401,Individual,Noida,2023-05-09
CU03402,Individual,Ghaziabad,2022-04-27
CU03403,Individual,Gurgaon,2022-10-07
CU03404,Individual,Ghaziabad,2025-04-13
CU03405,Fleet,Gurgaon,2024-01-16
CU03406,Individual,Gurgaon,2024-08-06
CU03407,Individual,Gurgaon,2024-02-03
CU03408,Fleet,Gurgaon,2022-10-22
CU03409,Individual,Gurgaon,2024-10-14
CU03410,Individual,Faridabad,2024-11-10
CU03411,Fleet,GHAZIABAD,2025-01-01
CU03412,Fleet,Faridabad,2024-04-21
CU03413,Individual,Faridabad,2024-11-25
CU03414,Fleet,Delhi,2025-06-10
CU03415,Fleet,Delhi,2023-05-12
CU03416,Fleet,Delhi,2022-07-25
CU03417,Individual,Noida,2023-03-02
CU03418,Individual,Delhi,2022-02-13
CU03419,Fleet,Ghaziabad,2025-01-19
CU03420,Individual,Faridabad,2023-08-28
CU03421,Individual,Ghaziabad,2023-03-30
CU03422,Individual,Delhi,2023-08-18
CU03423,Individual,Noida,2023-05-22
CU03424,Individual,Noida,2024-03-04
CU03425,Fleet,Faridabad,2022-01-21
CU03426,Individual,Ghaziabad,2025-06-05
CU03427,Fleet,Gurgaon,2025-02-27
CU03428,Individual,Ghaziabad,2023-09-12
CU03429,Individual,Delhi,2023-02-18
CU03430,Individual,Gurgaon,2024-12-30
CU03431,Fleet,Noida,2022-12-03
CU03432,Individual,Faridabad,2024-06-28
CU03433,Individual,Faridabad,2022-10-03
CU03434,Individual,Noida,2024-06-10
CU03435,Individual,Delhi,2022-01-13
CU03436,Individual,Noida,2024-10-23
CU03437,Individual,Delhi,2024-09-04
CU03438,Individual,Gurgaon,2025-06-01
CU03439,Individual,Noida,2024-08-31
CU03440,Individual,Delhi,2022-06-24
CU03441,Fleet,Gurgaon,2022-08-29
CU03442,Fleet,Noida,2023-07-01
CU03443,Individual,FARIDABAD,2022-01-14
CU03444,Individual,Noida,2025-05-03
CU03445,Individual,Ghaziabad,2023-12-26
CU03446,Individual,Noida,2022-01-03
CU03447,Individual,Ghaziabad,2023-11-22
CU03448,Fleet,Gurgaon,2024-01-17
CU03449,Individual,Noida,2024-02-08
CU03450,Individual,Gurgaon,2024-05-21
CU03451,Individual,Gurgaon,2023-05-10
CU03452,Individual,Delhi,2023-02-21
CU03453,Individual,Gurgaon,2023-09-20
CU03454,Fleet,Gurgaon,2024-12-11
CU03455,Individual,Noida,2024-10-17
CU03456,Fleet,Noida,2022-05-22
CU03457,Individual,Faridabad,2025-01-14
CU03458,Individual,Delhi,2022-02-15
CU03459,Individual,Gurgaon,2024-04-23
CU03460,Individual,Delhi,2024-10-05
CU03461,Individual,Ghaziabad,2025-06-15
CU03462,Individual,Gurgaon,2022-01-10
CU03463,Individual,Delhi,2023-10-26
CU03464,Fleet,Faridabad,2023-07-27
CU03465,Individual,Faridabad,2023-10-11
CU03466,Individual,Gurgaon,2024-07-01
CU03467,Fleet,Ghaziabad,2023-10-02
CU03468,Individual,Faridabad,2023-09-08
CU03469,Individual,Faridabad,2023-11-29
CU03470,Individual,Ghaziabad,2024-06-27
CU03471,Individual,Delhi,2022-06-27
CU03472,Fleet,Faridabad,2024-05-18
CU03473,Fleet,Noida,2024-10-26
CU03474,Individual,Faridabad,2024-05-02
CU03475,Individual,Delhi,2022-11-03
CU03476,Individual,Delhi,2023-07-02
CU03477,Individual,Gurgaon,2022-11-23
CU03478,Fleet,Noida,2023-01-30
CU03479,Fleet,Delhi,2022-10-27
CU03480,Individual,Ghaziabad,2024-01-19
CU03481,Individual,Noida,2022-10-12
CU03482,Fleet,Noida,2022-11-26
CU03483,Individual,Ghaziabad,2022-02-19
CU03484,Individual,Faridabad,2024-02-12
CU03485,Individual,Ghaziabad,2023-01-13
CU03486,Fleet,Ghaziabad,2024-09-26
CU03487,Fleet,FARIDABAD,2024-02-13
CU03488,Individual,Faridabad,2025-03-13
CU03489,Individual,Faridabad,2024-12-19
CU03490,Fleet,Faridabad,2024-05-17
CU03491,Individual,Faridabad,2025-01-03
CU03492,Fleet,Ghaziabad,2022-01-03
CU03493,Fleet,Gurgaon,2024-01-18
CU03494,Individual,Gurgaon,2022-10-02
CU03495,Individual,Delhi,2022-08-03
CU03496,Individual,Gurgaon,2022-11-25
CU03497,Individual,Gurgaon,2022-09-12
CU03498,Individual,Ghaziabad,2022-05-06
CU03499,Fleet,Faridabad,2024-02-06
CU03500,Individual,Faridabad,2025-05-12
CU03501,Individual,Ghaziabad,2025-04-10
CU03502,Individual,Gurgaon,2022-08-05
CU03503,Individual,Ghaziabad,2025-06-22
CU03504,Individual,Delhi,2024-04-11
CU03505,Individual,Faridabad,2022-07-01
CU03506,Individual,Noida,2022-11-30
CU03507,Individual,Delhi,2023-05-26
CU03508,Individual,Delhi,2023-01-18
CU03509,Fleet,Ghaziabad,2025-05-07
CU03510,Fleet,Gurgaon,2022-11-28
CU03511,Individual,FARIDABAD,2025-04-03
CU03512,Individual,NOIDA,2025-06-19
CU03513,Individual,Delhi,2024-06-18
CU03514,Fleet,Noida,2023-10-04
CU03515,Individual,Gurgaon,2025-06-04
CU03516,Individual,Gurgaon,2023-09-26
CU03517,Individual,Noida,2023-03-27
CU03518,Individual,Faridabad,2022-07-15
CU03519,Individual,Gurgaon,2025-05-12
CU03520,Individual,Noida,2023-04-03
CU03521,Fleet,Delhi,2024-04-09
CU03522,Individual,Noida,2022-09-14
CU03523,Fleet,Noida,2022-01-09
CU03524,Individual,Ghaziabad,2024-01-31
CU03525,Individual,Gurgaon,2024-08-06
CU03526,Individual,Faridabad,2025-05-09
CU03527,Fleet,Faridabad,2024-12-18
CU03528,Fleet,Ghaziabad,2024-06-05
CU03529,Fleet,Faridabad,2023-01-28
CU03530,Individual,Noida,2025-02-16
CU03531,Individual,Ghaziabad,2023-02-03
CU03532,Individual,Delhi,2022-11-27
CU03533,Individual,Gurgaon,2023-04-25
CU03534,Fleet,Gurgaon,2022-05-14
CU03535,Fleet,Gurgaon,2024-07-04
CU03536,Individual,Noida,2024-07-23
CU03537,Fleet,Delhi,2022-12-21
CU03538,Individual,Ghaziabad,2023-08-07
CU03539,Individual,Ghaziabad,2023-09-17
CU03540,Fleet,Gurgaon,2025-02-04
CU03541,Individual,Delhi,2022-10-17
CU03542,Individual,Delhi,2024-04-04
CU03543,Fleet,Delhi,2023-09-21
CU03544,Individual,Faridabad,2024-10-15
CU03545,Individual,Faridabad,2023-09-24
CU03546,Individual,Gurgaon,2025-03-16
CU03547,Individual,Delhi,2022-11-23
CU03548,Individual,Delhi,2022-07-29
CU03549,Individual,Ghaziabad,2025-01-31
CU03550,Individual,Ghaziabad,2023-09-28
CU03551,Individual,Gurgaon,2024-05-17
CU03552,Individual,Delhi,2025-05-17
CU03553,Individual,GURGAON,2023-03-04
CU03554,Individual,Ghaziabad,2023-01-28
CU03555,Individual,Ghaziabad,2024-04-05
CU03556,Fleet,Faridabad,2024-07-04
CU03557,Individual,Gurgaon,2025-02-06
CU03558,Fleet,Gurgaon,2022-12-14
CU03559,Fleet,Delhi,2022-02-19
CU03560,Individual,Delhi,2024-07-04
CU03561,Individual,Faridabad,2025-02-02
CU03562,Individual,Noida,2024-11-16
CU03563,Individual,Noida,2024-08-25
CU03564,Fleet,Noida,2024-03-10
CU03565,Individual,Gurgaon,2024-10-13
CU03566,Individual,Gurgaon,2023-10-11
CU03567,Individual,Ghaziabad,2022-10-28
CU03568,Individual,Gurgaon,2022-06-15
CU03569,Individual,Gurgaon,2022-11-12
CU03570,Individual,Gurgaon,2022-01-01
CU03571,Individual,Faridabad,2024-10-16
CU03572,Individual,Gurgaon,2022-03-04
CU03573,Individual,Delhi,2023-04-28
CU03574,Individual,Delhi,2025-05-09
CU03575,Individual,Ghaziabad,2022-08-10
CU03576,Individual,Faridabad,2022-06-01
CU03577,Fleet,Delhi,2023-10-06
CU03578,Individual,Faridabad,2023-09-18
CU03579,Individual,Faridabad,2022-08-05
CU03580,Individual,Ghaziabad,2022-07-15
CU03581,Fleet,Faridabad,2025-05-10
CU03582,Individual,Gurgaon,2024-09-21
CU03583,Fleet,Faridabad,2024-10-11
CU03584,Individual,Ghaziabad,2023-10-09
CU03585,Individual,Ghaziabad,2025-06-11
CU03586,Individual,Ghaziabad,2025-03-10
CU03587,Individual,Delhi,2023-12-09
CU03588,Individual,Gurgaon,2024-12-16
CU03589,Individual,Delhi,2025-03-11
CU03590,Individual,Noida,2023-12-23
CU03591,Fleet,Gurgaon,2023-10-02
CU03592,Individual,Faridabad,2022-04-16
CU03593,Individual,Ghaziabad,2022-06-14
CU03594,Fleet,Noida,2022-08-03
CU03595,Fleet,Gurgaon,2024-12-30
CU03596,Individual,Delhi,2022-03-31
CU03597,Individual,Ghaziabad,2024-05-23
CU03598,Individual,Delhi,2025-06-05
CU03599,Individual,Gurgaon,2025-01-07
CU03600,Individual,Gurgaon,2023-08-31
CU03601,Fleet,Noida,2022-12-15
CU03602,Individual,Faridabad,2024-06-12
CU03603,Individual,Delhi,2022-09-03
CU03604,Individual,Noida,2022-09-29
CU03605,Individual,Ghaziabad,2023-02-07
CU03606,Individual,Faridabad,2025-02-13
CU03607,Individual,Noida,2025-04-10
CU03608,Individual,Delhi,2024-11-05
CU03609,Individual,Gurgaon,2024-08-18
CU03610,Fleet,Ghaziabad,2024-06-16
CU03611,Fleet,Delhi,2024-12-15
CU03612,Individual,Faridabad,2025-01-31
CU03613,Individual,Faridabad,2022-10-11
CU03614,Individual,Gurgaon,2023-06-01
CU03615,Individual,Gurgaon,2023-09-10
CU03616,Individual,Ghaziabad,2023-09-04
CU03617,Individual,Ghaziabad,2024-01-20
CU03618,Fleet,Gurgaon,2023-02-04
CU03619,Individual,Gurgaon,2022-03-27
CU03620,Individual,FARIDABAD,2022-11-16
CU03621,Fleet,Gurgaon,2024-11-21
CU03622,Individual,Noida,2022-12-02
CU03623,Individual,Delhi,2022-02-20
CU03624,Fleet,Gurgaon,2025-01-07
CU03625,Individual,Ghaziabad,2022-06-23
CU03626,Fleet,Noida,2023-05-16
CU03627,Individual,Ghaziabad,2022-03-17
CU03628,Individual,Noida,2022-11-12
CU03629,Individual,Gurgaon,2025-01-09
CU03630,Fleet,Delhi,2023-11-28
CU03631,Fleet,Ghaziabad,2024-10-06
CU03632,Individual,Noida,2024-01-02
CU03633,Individual,Faridabad,2024-12-30
CU03634,Individual,Gurgaon,2024-08-26
CU03635,Fleet,Delhi,2024-05-03
CU03636,Individual,Gurgaon,2023-10-28
CU03637,Fleet,Faridabad,2023-10-14
CU03638,Fleet,Delhi,2024-12-30
CU03639,Individual,Faridabad,2022-02-15
CU03640,Individual,Gurgaon,2024-12-06
CU03641,Individual,Noida,2022-05-29
CU03642,Individual,Gurgaon,2024-06-28
CU03643,Individual,Gurgaon,2025-02-27
CU03644,Individual,Gurgaon,2023-04-01
CU03645,Individual,Ghaziabad,2024-05-26
CU03646,Individual,Faridabad,2024-08-23
CU03647,Individual,FARIDABAD,2024-05-18
CU03648,Individual,Faridabad,2024-07-17
CU03649,Fleet,Ghaziabad,2024-10-20
CU03650,Individual,Noida,2024-09-27
CU03651,Fleet,Gurgaon,2024-02-13
CU03652,Fleet,Noida,2022-09-01
CU03653,Fleet,Ghaziabad,2023-04-19
CU03654,Individual,Faridabad,2023-01-17
CU03655,Individual,Gurgaon,2025-01-31
CU03656,Individual,Delhi,2023-05-04
CU03657,Individual,DELHI,2024-11-26
CU03658,Individual,Noida,2023-02-01
CU03659,Individual,Faridabad,2022-10-23
CU03660,Fleet,Delhi,2022-04-17
CU03661,Individual,Noida,2024-05-09
CU03662,Individual,Ghaziabad,2024-08-11
CU03663,Individual,Noida,2023-06-14
CU03664,Fleet,Noida,2025-01-11
CU03665,Individual,Noida,2024-07-22
CU03666,Individual,Gurgaon,2022-10-15
CU03667,Individual,Noida,2023-12-07
CU03668,Fleet,Noida,2022-08-03
CU03669,Individual,Gurgaon,2024-01-02
CU03670,Fleet,Gurgaon,2022-12-10
CU03671,Individual,Ghaziabad,2022-07-13
CU03672,Individual,Faridabad,2022-06-07
CU03673,Fleet,Delhi,2023-04-10
CU03674,Individual,Delhi,2022-04-14
CU03675,Individual,Noida,2022-02-03
CU03676,Individual,Ghaziabad,2025-01-30
CU03677,Individual,Noida,2023-10-01
CU03678,Individual,Delhi,2022-11-21
CU03679,Individual,Gurgaon,2023-11-22
CU03680,Fleet,Faridabad,2023-08-15
CU03681,Fleet,Ghaziabad,2022-05-21
CU03682,Individual,Gurgaon,2023-04-19
CU03683,Individual,Faridabad,2024-11-20
CU03684,Fleet,Ghaziabad,2024-06-02
CU03685,Individual,Ghaziabad,2022-03-04
CU03686,Individual,Delhi,2025-01-15
CU03687,Individual,Gurgaon,2022-10-31
CU03688,Individual,Ghaziabad,2024-12-20
CU03689,Individual,Ghaziabad,2023-01-31
CU03690,Individual,Faridabad,2022-11-30
CU03691,Fleet,Delhi,2024-02-25
CU03692,Individual,Noida,2023-02-15
CU03693,Individual,Delhi,2022-10-11
CU03694,Individual,Noida,2023-04-11
CU03695,Fleet,Gurgaon,2022-03-21
CU03696,Fleet,Gurgaon,2024-02-23
CU03697,Individual,Ghaziabad,2025-01-05
CU03698,Fleet,Gurgaon,2024-01-03
CU03699,Individual,Ghaziabad,2022-03-18
CU03700,Individual,Delhi,2023-05-24
CU03701,Individual,Gurgaon,2025-04-02
CU03702,Fleet,Delhi,2024-10-29
CU03703,Fleet,Delhi,2025-04-13
CU03704,Individual,Gurgaon,2023-04-07
CU03705,Fleet,Delhi,2022-09-02
CU03706,Individual,Gurgaon,2022-05-02
CU03707,Individual,Gurgaon,2022-07-04
CU03708,Individual,Gurgaon,2022-02-01
CU03709,Individual,Noida,2024-09-24
CU03710,Individual,Delhi,2024-02-01
CU03711,Individual,Faridabad,2023-07-23
CU03712,Fleet,Gurgaon,2022-11-06
CU03713,Individual,Delhi,2024-04-09
CU03714,Individual,Ghaziabad,2024-09-18
CU03715,Fleet,Gurgaon,2024-12-15
CU03716,Individual,Gurgaon,2024-03-01
CU03717,Individual,Faridabad,2023-04-09
CU03718,Individual,NOIDA,2023-11-09
CU03719,Fleet,Noida,2024-09-05
CU03720,Individual,Gurgaon,2023-11-01
CU03721,Individual,Delhi,2025-06-26
CU03722,Individual,Ghaziabad,2023-11-29
CU03723,Fleet,Ghaziabad,2024-09-20
CU03724,Individual,Delhi,2022-03-19
CU03725,Individual,Gurgaon,2023-06-18
CU03726,Fleet,Ghaziabad,2022-04-18
CU03727,Fleet,Noida,2024-02-03
CU03728,Fleet,Delhi,2022-01-15
CU03729,Individual,Faridabad,2023-01-05
CU03730,Fleet,Gurgaon,2022-07-24
CU03731,Individual,Delhi,2025-02-10
CU03732,Individual,Ghaziabad,2024-05-14
CU03733,Individual,Gurgaon,2025-06-30
CU03734,Fleet,Noida,2023-03-17
CU03735,Individual,Gurgaon,2025-04-24
CU03736,Fleet,Gurgaon,2024-05-08
CU03737,Individual,Noida,2022-08-15
CU03738,Individual,Noida,2023-06-12
CU03739,Individual,Gurgaon,2022-12-20
CU03740,Individual,Noida,2023-09-15
CU03741,Individual,Delhi,2024-10-21
CU03742,Fleet,Noida,2024-07-15
CU03743,Individual,Noida,2025-03-30
CU03744,Individual,Gurgaon,2022-06-10
CU03745,Individual,Delhi,2024-05-20
CU03746,Individual,Faridabad,2025-02-25
CU03747,Individual,Faridabad,2025-03-20
CU03748,Individual,GHAZIABAD,2023-03-20
CU03749,Individual,Noida,2023-04-08
CU03750,Individual,Noida,2024-11-19
CU03751,Fleet,Delhi,2023-04-18
CU03752,Individual,Faridabad,2023-07-11
CU03753,Individual,Ghaziabad,2022-03-21
CU03754,Individual,Delhi,2024-11-28
CU03755,Fleet,Noida,2022-08-28
CU03756,Individual,Faridabad,2023-07-11
CU03757,Fleet,Ghaziabad,2023-08-13
CU03758,Individual,Gurgaon,2025-02-13
CU03759,Individual,Faridabad,2022-09-26
CU03760,Individual,Ghaziabad,2022-12-01
CU03761,Individual,Delhi,2022-11-08
CU03762,Individual,Gurgaon,2024-12-12
CU03763,Individual,Ghaziabad,2024-12-27
CU03764,Individual,Ghaziabad,2023-11-25
CU03765,Fleet,Noida,2022-02-03
CU03766,Individual,Faridabad,2023-01-21
CU03767,Individual,Noida,2022-09-06
CU03768,Fleet,Gurgaon,2025-02-08
CU03769,Individual,Ghaziabad,2025-01-22
CU03770,Fleet,NOIDA,2025-04-17
CU03771,Fleet,Faridabad,2024-12-06
CU03772,Individual,Gurgaon,2024-03-04
CU03773,Individual,Delhi,2024-05-01
CU03774,Individual,Noida,2024-05-23
CU03775,Individual,Gurgaon,2023-01-11
CU03776,Individual,Delhi,2023-12-25
CU03777,Individual,Noida,2022-07-21
CU03778,Individual,Gurgaon,2023-03-21
CU03779,Individual,Gurgaon,2022-10-24
CU03780,Fleet,Noida,2023-05-08
CU03781,Individual,Gurgaon,2022-12-04
CU03782,Fleet,Ghaziabad,2024-07-11
CU03783,Fleet,Noida,2024-12-25
CU03784,Individual,Gurgaon,2024-03-02
CU03785,Individual,Delhi,2024-08-19
CU03786,Individual,Delhi,2022-11-13
CU03787,Individual,Ghaziabad,2024-07-30
CU03788,Individual,Noida,2023-09-18
CU03789,Individual,Gurgaon,2022-03-16
CU03790,Fleet,Gurgaon,2024-07-27
CU03791,Individual,Delhi,2022-02-28
CU03792,Individual,Ghaziabad,2023-01-21
CU03793,Individual,Delhi,2022-01-15
CU03794,Individual,Delhi,2025-06-08
CU03795,Individual,Ghaziabad,2022-07-18
CU03796,Individual,Noida,2022-02-04
CU03797,Individual,Gurgaon,2022-06-11
CU03798,Fleet,Noida,2024-09-08
CU03799,Individual,FARIDABAD,2024-03-09
CU03800,Individual,Faridabad,2024-06-13
CU03801,Individual,Faridabad,2023-04-16
CU03802,Individual,Ghaziabad,2023-06-15
CU03803,Fleet,Delhi,2024-03-02
CU03804,Individual,Noida,2024-05-01
CU03805,Individual,Gurgaon,2022-12-14
CU03806,Individual,Faridabad,2023-11-25
CU03807,Individual,Noida,2024-07-23
CU03808,Individual,Faridabad,2024-07-01
CU03809,Individual,Faridabad,2022-05-27
CU03810,Individual,Gurgaon,2023-11-06
CU03811,Individual,Ghaziabad,2023-11-18
CU03812,Fleet,Delhi,2024-08-17
CU03813,Individual,Ghaziabad,2023-11-17
CU03814,Individual,Noida,2025-01-31
CU03815,Individual,Ghaziabad,2022-05-01
CU03816,Individual,Noida,2023-02-23
CU03817,Individual,Noida,2022-12-16
CU03818,Individual,Delhi,2022-02-11
CU03819,Individual,Gurgaon,2022-01-29
CU03820,Individual,Delhi,2024-08-23
CU03821,Individual,Ghaziabad,2024-02-24
CU03822,Fleet,Noida,2022-01-14
CU03823,Fleet,Faridabad,2024-07-08
CU03824,Individual,Faridabad,2024-03-28
CU03825,Fleet,NOIDA,2024-04-04
CU03826,Fleet,Delhi,2025-04-27
CU03827,Fleet,Gurgaon,2024-05-21
CU03828,Individual,Delhi,2022-10-22
CU03829,Individual,Noida,2025-04-21
CU03830,Individual,Noida,2024-05-13
CU03831,Fleet,Gurgaon,2023-07-02
CU03832,Individual,Ghaziabad,2024-11-26
CU03833,Fleet,Ghaziabad,2024-10-04
CU03834,Individual,Gurgaon,2024-11-03
CU03835,Individual,Ghaziabad,2023-09-27
CU03836,Individual,Faridabad,2023-08-18
CU03837,Individual,Ghaziabad,2025-03-28
CU03838,Fleet,Ghaziabad,2023-09-06
CU03839,Individual,Ghaziabad,2025-01-11
CU03840,Individual,Faridabad,2024-11-11
CU03841,Fleet,Ghaziabad,2025-03-01
CU03842,Individual,Faridabad,2023-04-10
CU03843,Individual,Gurgaon,2024-08-12
CU03844,Individual,Delhi,2024-07-18
CU03845,Individual,Gurgaon,2024-03-09
CU03846,Individual,Delhi,2023-01-30
CU03847,Individual,Gurgaon,2025-02-17
CU03848,Individual,Delhi,2022-09-03
CU03849,Individual,Delhi,2023-07-22
CU03850,Individual,Noida,2022-02-07
CU03851,Individual,Delhi,2022-09-02
CU03852,Fleet,Delhi,2022-01-21
CU03853,Individual,Noida,2025-02-07
CU03854,Individual,Ghaziabad,2023-01-29
CU03855,Individual,Ghaziabad,2024-09-13
CU03856,Fleet,Noida,2022-01-08
CU03857,Individual,Faridabad,2022-11-24
CU03858,Individual,Delhi,2022-10-17
CU03859,Individual,Delhi,2023-05-26
CU03860,Fleet,Noida,2024-06-30
CU03861,Individual,Noida,2022-12-27
CU03862,Individual,Faridabad,2023-12-17
CU03863,Individual,Ghaziabad,2022-08-07
CU03864,Individual,GURGAON,2023-02-10
CU03865,Fleet,Ghaziabad,2024-01-23
CU03866,Fleet,Delhi,2024-07-11
CU03867,Fleet,Noida,2024-04-11
CU03868,Individual,Faridabad,2024-03-04
CU03869,Individual,Ghaziabad,2025-05-28
CU03870,Fleet,Faridabad,2023-08-18
CU03871,Individual,Ghaziabad,2022-04-17
CU03872,Individual,Delhi,2023-08-04
CU03873,Individual,GURGAON,2023-09-01
CU03874,Individual,Faridabad,2022-01-08
CU03875,Individual,Faridabad,2024-03-16
CU03876,Individual,GURGAON,2022-07-08
CU03877,Individual,Faridabad,2022-03-22
CU03878,Individual,Faridabad,2022-04-18
CU03879,Individual,Ghaziabad,2023-11-17
CU03880,Individual,Ghaziabad,2022-12-12
CU03881,Individual,Gurgaon,2022-11-24
CU03882,Individual,Delhi,2023-07-09
CU03883,Individual,Faridabad,2022-10-29
CU03884,Individual,Delhi,2022-07-19
CU03885,Individual,Gurgaon,2024-06-11
CU03886,Individual,Gurgaon,2024-11-28
CU03887,Individual,Ghaziabad,2022-11-03
CU03888,Individual,Faridabad,2024-10-24
CU03889,Individual,Noida,2025-01-05
CU03890,Individual,Gurgaon,2023-04-13
CU03891,Individual,Faridabad,2022-06-28
CU03892,Individual,Delhi,2023-10-07
CU03893,Fleet,Ghaziabad,2022-10-03
CU03894,Individual,Delhi,2025-03-21
CU03895,Fleet,Gurgaon,2025-04-02
CU03896,Individual,Gurgaon,2023-09-13
CU03897,Individual,Delhi,2023-09-30
CU03898,Individual,Gurgaon,2024-07-18
CU03899,Individual,Faridabad,2022-07-02
CU03900,Individual,Gurgaon,2022-03-13
CU03901,Individual,Ghaziabad,2025-05-27
CU03902,Individual,Faridabad,2023-12-20
CU03903,Fleet,Noida,2025-04-11
CU03904,Individual,Gurgaon,2023-12-27
CU03905,Fleet,Gurgaon,2022-09-26
CU03906,Individual,Ghaziabad,2024-11-09
CU03907,Individual,Ghaziabad,2023-08-01
CU03908,Individual,Delhi,2024-09-21
CU03909,Individual,Delhi,2024-03-25
CU03910,Fleet,Delhi,2022-05-27
CU03911,Individual,Ghaziabad,2025-04-03
CU03912,Individual,Delhi,2024-06-08
CU03913,Individual,Delhi,2022-11-06
CU03914,Individual,Noida,2023-06-02
CU03915,Individual,Delhi,2022-01-14
CU03916,Individual,Gurgaon,2022-05-12
CU03917,Individual,Ghaziabad,2024-01-25
CU03918,Individual,Faridabad,2023-03-15
CU03919,Individual,Noida,2024-01-13
CU03920,Individual,Ghaziabad,2024-01-10
CU03921,Individual,Ghaziabad,2024-03-05
CU03922,Individual,GURGAON,2022-09-20
CU03923,Individual,Delhi,2023-10-05
CU03924,Individual,Gurgaon,2025-06-02
CU03925,Individual,Delhi,2022-09-15
CU03926,Fleet,Delhi,2025-06-11
CU03927,Individual,Ghaziabad,2023-02-13
CU03928,Individual,Delhi,2024-09-01
CU03929,Fleet,Noida,2024-11-13
CU03930,Individual,Noida,2022-09-28
CU03931,Individual,Noida,2025-01-23
CU03932,Individual,Ghaziabad,2022-05-22
CU03933,Individual,Gurgaon,2024-06-20
CU03934,Fleet,Faridabad,2024-08-31
CU03935,Individual,Delhi,2025-01-09
CU03936,Individual,FARIDABAD,2022-10-01
CU03937,Individual,Gurgaon,2022-10-03
CU03938,Individual,Gurgaon,2023-04-10
CU03939,Individual,Ghaziabad,2025-05-16
CU03940,Individual,Noida,2024-11-28
CU03941,Individual,Noida,2022-10-15
CU03942,Individual,Gurgaon,2025-02-21
CU03943,Fleet,Ghaziabad,2024-05-25
CU03944,Fleet,Ghaziabad,2024-05-27
CU03945,Individual,Delhi,2022-06-29
CU03946,Fleet,Noida,2025-01-25
CU03947,Individual,Gurgaon,2025-04-29
CU03948,Individual,Faridabad,2025-01-02
CU03949,Fleet,Noida,2023-03-23
CU03950,Fleet,Delhi,2024-02-24
CU03951,Individual,Ghaziabad,2023-07-15
CU03952,Individual,Gurgaon,2023-04-29
CU03953,Individual,Noida,2024-04-28
CU03954,Individual,Faridabad,2023-12-23
CU03955,Fleet,Delhi,2022-04-26
CU03956,Individual,Delhi,2023-06-19
CU03957,Fleet,Noida,2025-01-26
CU03958,Fleet,Faridabad,2023-02-11
CU03959,Individual,Delhi,2023-11-25
CU03960,Individual,Gurgaon,2025-03-17
CU03961,Individual,Delhi,2023-05-10
CU03962,Individual,Faridabad,2024-08-05
CU03963,Fleet,Ghaziabad,2022-01-23
CU03964,Fleet,Ghaziabad,2025-02-02
CU03965,Individual,Noida,2023-07-12
CU03966,Fleet,Faridabad,2024-07-29
CU03967,Individual,Delhi,2025-05-30
CU03968,Individual,Delhi,2024-05-04
CU03969,Fleet,Ghaziabad,2024-11-04
CU03970,Fleet,Ghaziabad,2024-06-09
CU03971,Individual,Gurgaon,2022-03-19
CU03972,Individual,Ghaziabad,2024-03-17
CU03973,Fleet,Gurgaon,2025-06-18
CU03974,Individual,Delhi,2024-11-07
CU03975,Fleet,Gurgaon,2024-02-07
CU03976,Individual,Gurgaon,2023-03-30
CU03977,Individual,Noida,2024-07-16
CU03978,Individual,Ghaziabad,2022-10-04
CU03979,Fleet,Gurgaon,2024-11-16
CU03980,Individual,Delhi,2023-05-29
CU03981,Individual,Faridabad,2023-04-09
CU03982,Individual,Gurgaon,2024-03-17
CU03983,Fleet,Ghaziabad,2024-04-03
CU03984,Individual,Noida,2022-12-29
CU03985,Fleet,Delhi,2024-01-21
CU03986,Individual,Noida,2023-06-09
CU03987,Individual,Faridabad,2025-04-22
CU03988,Individual,Gurgaon,2025-05-02
CU03989,Individual,Gurgaon,2022-02-25
CU03990,Individual,Ghaziabad,2025-06-07
CU03991,Individual,Gurgaon,2023-05-04
CU03992,Individual,Delhi,2024-11-17
CU03993,Individual,Faridabad,2023-12-23
CU03994,Individual,Noida,2025-04-22
CU03995,Individual,Faridabad,2022-02-10
CU03996,Fleet,Gurgaon,2024-09-30
CU03997,Individual,Noida,2022-09-17
CU03998,Fleet,Ghaziabad,2023-03-17
CU03999,Individual,Faridabad,2024-07-14
CU04000,Fleet,Noida,2024-05-05
CU04001,Fleet,Noida,2022-03-25
CU04002,Fleet,Noida,2022-02-15
CU04003,Fleet,Delhi,2023-03-16
CU04004,Individual,Faridabad,2024-09-12
CU04005,Individual,Noida,2022-05-16
CU04006,Individual,Faridabad,2025-04-21
CU04007,Fleet,Noida,2025-04-10
CU04008,Individual,Ghaziabad,2024-06-27
CU04009,Individual,Ghaziabad,2024-05-10
CU04010,Individual,Ghaziabad,2024-02-27
CU04011,Individual,Gurgaon,2023-08-13
CU04012,Individual,Noida,2024-08-13
CU04013,Fleet,Gurgaon,2023-11-21
CU04014,Fleet,Faridabad,2023-06-23
CU04015,Individual,Gurgaon,2025-02-17
CU04016,Individual,Faridabad,2023-12-09
CU04017,Individual,Faridabad,2022-10-22
CU04018,Individual,Faridabad,2022-02-22
CU04019,Fleet,Gurgaon,2024-03-16
CU04020,Individual,Noida,2022-02-21
CU04021,Individual,Gurgaon,2023-12-29
CU04022,Individual,Noida,2022-03-13
CU04023,Individual,Noida,2022-01-28
CU04024,Individual,Faridabad,2023-04-14
CU04025,Fleet,Gurgaon,2024-02-03
CU04026,Individual,Noida,2024-06-04
CU04027,Individual,Ghaziabad,2024-06-30
CU04028,Individual,Noida,2023-07-01
CU04029,Individual,Ghaziabad,2022-07-20
CU04030,Individual,Gurgaon,2024-03-30
CU04031,Individual,Gurgaon,2023-07-14
CU04032,Individual,Gurgaon,2023-01-14
CU04033,Individual,Noida,2025-04-15
CU04034,Individual,Delhi,2024-12-11
CU04035,Individual,Noida,2022-03-20
CU04036,Individual,Noida,2024-04-13
CU04037,Individual,Faridabad,2024-10-28
CU04038,Individual,Faridabad,2025-05-22
CU04039,Individual,Noida,2022-01-25
CU04040,Individual,GHAZIABAD,2023-03-26
CU04041,Individual,Faridabad,2024-02-07
CU04042,Fleet,Noida,2024-01-25
CU04043,Individual,Delhi,2022-07-17
CU04044,Individual,Ghaziabad,2025-01-22
CU04045,Individual,Gurgaon,2023-03-13
CU04046,Individual,Noida,2023-11-21
CU04047,Fleet,NOIDA,2023-08-10
CU04048,Individual,Ghaziabad,2022-04-14
CU04049,Fleet,Faridabad,2023-09-19
CU04050,Individual,Faridabad,2024-11-28
CU04051,Individual,Faridabad,2023-04-03
CU04052,Individual,Gurgaon,2022-12-30
CU04053,Individual,Ghaziabad,2022-05-15
CU04054,Individual,Ghaziabad,2023-01-09
CU04055,Individual,Faridabad,2025-06-09
CU04056,Individual,Faridabad,2022-02-08
CU04057,Fleet,Delhi,2024-03-29
CU04058,Individual,Delhi,2022-02-16
CU04059,Individual,NOIDA,2022-02-05
CU04060,Fleet,Noida,2022-04-05
CU04061,Fleet,Ghaziabad,2024-09-11
CU04062,Individual,Ghaziabad,2025-03-15
CU04063,Fleet,Gurgaon,2023-01-03
CU04064,Individual,Gurgaon,2022-03-06
CU04065,Individual,Delhi,2025-06-05
CU04066,Individual,Noida,2024-01-24
CU04067,Individual,Delhi,2024-03-26
CU04068,Individual,Delhi,2024-01-26
CU04069,Individual,Noida,2022-06-30
CU04070,Individual,Gurgaon,2023-08-20
CU04071,Individual,Noida,2025-03-24
CU04072,Individual,Faridabad,2024-02-26
CU04073,Individual,Faridabad,2023-09-19
CU04074,Individual,Faridabad,2025-01-27
CU04075,Individual,Ghaziabad,2023-09-08
CU04076,Individual,Gurgaon,2022-04-22
CU04077,Individual,Gurgaon,2023-03-29
CU04078,Individual,Ghaziabad,2024-01-26
CU04079,Fleet,Delhi,2025-04-07
CU04080,Individual,Faridabad,2023-08-07
CU04081,Individual,Faridabad,2022-05-19
CU04082,Individual,Delhi,2022-08-19
CU04083,Individual,Noida,2025-06-16
CU04084,Individual,Noida,2024-09-10
CU04085,Individual,Gurgaon,2022-09-10
CU04086,Individual,Ghaziabad,2023-07-15
CU04087,Fleet,Gurgaon,2022-03-13
CU04088,Individual,Noida,2022-08-10
CU04089,Fleet,Delhi,2025-01-05
CU04090,Individual,Gurgaon,2022-03-03
CU04091,Individual,Faridabad,2025-03-26
CU04092,Fleet,Faridabad,2024-03-16
CU04093,Individual,Delhi,2022-05-05
CU04094,Individual,Noida,2024-01-11
CU04095,Fleet,Faridabad,2022-06-10
CU04096,Individual,Faridabad,2023-06-25
CU04097,Fleet,Ghaziabad,2023-09-18
CU04098,Individual,Gurgaon,2022-04-16
CU04099,Individual,Noida,2025-02-28
CU04100,Individual,Gurgaon,2024-02-15
CU04101,Individual,Noida,2022-01-02
CU04102,Individual,Faridabad,2022-08-21
CU04103,Individual,Ghaziabad,2023-01-04
CU04104,Fleet,Gurgaon,2025-06-28
CU04105,Individual,Faridabad,2024-08-03
CU04106,Individual,Noida,2025-02-05
CU04107,Individual,Gurgaon,2022-06-29
CU04108,Individual,Gurgaon,2022-10-20
CU04109,Fleet,Faridabad,2023-08-07
CU04110,Individual,Gurgaon,2024-03-05
CU04111,Fleet,Ghaziabad,2022-06-24
CU04112,Individual,Ghaziabad,2022-05-03
CU04113,Individual,Faridabad,2022-08-15
CU04114,Fleet,Noida,2023-03-20
CU04115,Individual,Faridabad,2023-03-04
CU04116,Individual,Ghaziabad,2025-01-11
CU04117,Individual,Delhi,2024-02-04
CU04118,Individual,Delhi,2023-09-24
CU04119,Individual,Gurgaon,2022-03-06
CU04120,Fleet,Gurgaon,2023-03-04
CU04121,Fleet,Delhi,2023-09-10
CU04122,Individual,Ghaziabad,2024-07-13
CU04123,Individual,Gurgaon,2024-03-22
CU04124,Individual,Faridabad,2022-04-17
CU04125,Fleet,Faridabad,2023-10-21
CU04126,Individual,Ghaziabad,2025-03-28
CU04127,Individual,Gurgaon,2022-09-22
CU04128,Individual,Faridabad,2025-05-10
CU04129,Fleet,Gurgaon,2022-06-04
CU04130,Individual,Gurgaon,2024-11-02
CU04131,Individual,Faridabad,2024-06-14
CU04132,Individual,Delhi,2024-09-19
CU04133,Individual,Faridabad,2022-09-02
CU04134,Individual,Ghaziabad,2023-01-21
CU04135,Individual,Noida,2024-01-29
CU04136,Individual,Faridabad,2023-02-18
CU04137,Fleet,Gurgaon,2023-12-16
CU04138,Individual,Gurgaon,2024-01-29
CU04139,Individual,Faridabad,2024-01-17
CU04140,Individual,Noida,2023-08-16
CU04141,Individual,Faridabad,2024-04-18
CU04142,Individual,Noida,2022-01-16
CU04143,Fleet,Noida,2024-09-19
CU04144,Individual,Ghaziabad,2024-12-04
CU04145,Individual,Gurgaon,2023-10-13
CU04146,Fleet,Gurgaon,2022-05-28
CU04147,Fleet,Noida,2022-12-21
CU04148,Individual,Gurgaon,2025-06-13
CU04149,Individual,Delhi,2023-12-04
CU04150,Individual,Noida,2023-09-05
CU04151,Fleet,Gurgaon,2022-04-15
CU04152,Individual,Delhi,2023-01-31
CU04153,Individual,Ghaziabad,2023-08-29
CU04154,Individual,Gurgaon,2025-05-28
CU04155,Individual,Delhi,2024-04-30
CU04156,Individual,Faridabad,2023-03-18
CU04157,Fleet,Faridabad,2024-05-22
CU04158,Fleet,Delhi,2023-10-29
CU04159,Fleet,Noida,2024-11-17
CU04160,Fleet,Noida,2024-03-04
CU04161,Fleet,Gurgaon,2023-04-20
CU04162,Individual,Faridabad,2023-09-20
CU04163,Individual,Noida,2023-05-17
CU04164,Individual,Noida,2022-12-14
CU04165,Individual,Faridabad,2025-06-17
CU04166,Fleet,Ghaziabad,2024-10-14
CU04167,Individual,Noida,2023-07-24
CU04168,Individual,Delhi,2023-11-26
CU04169,Individual,Gurgaon,2022-01-26
CU04170,Individual,NOIDA,2025-01-05
CU04171,Fleet,Noida,2022-08-05
CU04172,Individual,Ghaziabad,2024-04-16
CU04173,Individual,Delhi,2024-02-13
CU04174,Individual,Gurgaon,2024-11-12
CU04175,Individual,Noida,2023-11-01
CU04176,Fleet,Gurgaon,2023-12-19
CU04177,Individual,Faridabad,2022-11-06
CU04178,Individual,Noida,2023-08-22
CU04179,Individual,Noida,2022-09-24
CU04180,Individual,Faridabad,2023-10-08
CU04181,Individual,Ghaziabad,2024-10-19
CU04182,Individual,Noida,2023-03-26
CU04183,Individual,Gurgaon,2023-07-19
CU04184,Individual,Delhi,2025-06-24
CU04185,Individual,Gurgaon,2024-11-25
CU04186,Fleet,Ghaziabad,2022-01-28
CU04187,Individual,Delhi,2022-08-08
CU04188,Individual,Gurgaon,2023-02-10
CU04189,Individual,Gurgaon,2022-09-28
CU04190,Individual,Faridabad,2024-03-02
CU04191,Fleet,Ghaziabad,2024-08-20
CU04192,Individual,Faridabad,2024-04-13
CU04193,Individual,Delhi,2022-11-13
CU04194,Individual,Faridabad,2022-12-04
CU04195,Fleet,GHAZIABAD,2022-12-17
CU04196,Individual,Noida,2023-05-26
CU04197,Individual,Noida,2023-06-09
CU04198,Fleet,Delhi,2023-05-07
CU04199,Fleet,Noida,2022-01-09
CU04200,Individual,Faridabad,2023-07-15
CU04201,Individual,Delhi,2023-03-16
CU04202,Individual,Ghaziabad,2024-03-02
CU04203,Individual,Delhi,2025-02-05
CU04204,Individual,Delhi,2025-06-22
CU04205,Fleet,Gurgaon,2022-02-02
CU04206,Fleet,Gurgaon,2024-11-12
CU04207,Individual,Delhi,2024-04-24
CU04208,Individual,Noida,2023-07-20
CU04209,Individual,Gurgaon,2022-02-18
CU04210,Individual,Ghaziabad,2023-04-07
CU04211,Individual,Faridabad,2023-08-13
CU04212,Individual,Gurgaon,2022-12-02
CU04213,Individual,Delhi,2025-02-19
CU04214,Individual,Noida,2022-12-25
CU04215,Individual,Faridabad,2022-12-12
CU04216,Individual,Gurgaon,2022-07-12
CU04217,Individual,Noida,2024-01-26
CU04218,Individual,Noida,2025-03-15
CU04219,Fleet,NOIDA,2023-04-23
CU04220,Individual,Delhi,2024-04-07
CU04221,Fleet,Ghaziabad,2024-06-08
CU04222,Individual,Noida,2023-10-15
CU04223,Individual,Faridabad,2023-02-12
CU04224,Individual,Gurgaon,2022-10-13
CU04225,Individual,Faridabad,2024-04-30
CU04226,Individual,Delhi,2022-04-21
CU04227,Individual,DELHI,2023-09-12
CU04228,Individual,FARIDABAD,2024-03-03
CU04229,Individual,Ghaziabad,2022-02-19
CU04230,Fleet,Delhi,2024-11-03
CU04231,Individual,Delhi,2025-03-03
CU04232,Individual,Faridabad,2023-08-11
CU04233,Fleet,Delhi,2023-08-19
CU04234,Fleet,Ghaziabad,2023-11-01
CU04235,Individual,Ghaziabad,2022-11-10
CU04236,Individual,Ghaziabad,2023-08-29
CU04237,Fleet,Gurgaon,2022-10-24
CU04238,Individual,GHAZIABAD,2023-07-23
CU04239,Fleet,Ghaziabad,2025-04-02
CU04240,Individual,Gurgaon,2024-04-11
CU04241,Individual,Noida,2023-09-02
CU04242,Individual,Delhi,2022-01-16
CU04243,Individual,Ghaziabad,2025-01-06
CU04244,Individual,Delhi,2022-03-13
CU04245,Individual,Faridabad,2022-09-27
CU04246,Individual,Delhi,2022-10-14
CU04247,Fleet,Gurgaon,2022-03-07
CU04248,Individual,Delhi,2024-05-29
CU04249,Individual,Delhi,2022-03-09
CU04250,Fleet,Delhi,2025-05-01
CU04251,Individual,Noida,2024-12-14
CU04252,Individual,Noida,2024-09-06
CU04253,Individual,Faridabad,2024-08-31
CU04254,Individual,Gurgaon,2025-04-06
CU04255,Individual,Delhi,2023-05-23
CU04256,Fleet,Delhi,2024-04-16
CU04257,Individual,Delhi,2025-01-30
CU04258,Individual,Delhi,2024-06-04
CU04259,Individual,Noida,2024-03-04
CU04260,Individual,Faridabad,2023-02-26
CU04261,Individual,Ghaziabad,2024-02-14
CU04262,Individual,Gurgaon,2023-04-23
CU04263,Fleet,Delhi,2024-07-14
CU04264,Fleet,Faridabad,2022-04-30
CU04265,Individual,Ghaziabad,2023-05-03
CU04266,Fleet,Faridabad,2025-03-30
CU04267,Fleet,Noida,2022-03-19
CU04268,Individual,Ghaziabad,2024-11-27
CU04269,Individual,Faridabad,2023-03-17
CU04270,Individual,Noida,2023-04-07
CU04271,Fleet,Faridabad,2023-09-04
CU04272,Individual,Faridabad,2024-07-05
CU04273,Individual,Ghaziabad,2025-01-20
CU04274,Individual,Noida,2023-09-01
CU04275,Fleet,Delhi,2022-01-06
CU04276,Individual,Gurgaon,2023-11-12
CU04277,Individual,Ghaziabad,2024-06-13
CU04278,Individual,Noida,2022-09-28
CU04279,Individual,Faridabad,2024-03-21
CU04280,Individual,Noida,2023-07-13
CU04281,Fleet,Gurgaon,2022-04-09
CU04282,Fleet,Gurgaon,2023-06-10
CU04283,Individual,Delhi,2022-07-13
CU04284,Individual,Delhi,2025-03-26
CU04285,Individual,Gurgaon,2025-02-12
CU04286,Individual,Ghaziabad,2023-01-31
CU04287,Individual,Ghaziabad,2024-02-09
CU04288,Fleet,Faridabad,2024-10-20
CU04289,Individual,Delhi,2024-05-29
CU04290,Individual,Faridabad,2025-05-22
CU04291,Fleet,Delhi,2024-01-15
CU04292,Individual,Gurgaon,2023-11-14
CU04293,Individual,Ghaziabad,2022-01-15
CU04294,Fleet,Ghaziabad,2023-01-03
CU04295,Individual,Gurgaon,2023-09-30
CU04296,Individual,FARIDABAD,2024-05-02
CU04297,Individual,Faridabad,2025-05-21
CU04298,Individual,Noida,2023-12-01
CU04299,Individual,Delhi,2022-01-05
CU04300,Individual,Faridabad,2022-08-19
CU04301,Fleet,Gurgaon,2025-05-09
CU04302,Individual,Faridabad,2025-03-18
CU04303,Fleet,Ghaziabad,2024-10-08
CU04304,Individual,Delhi,2025-06-03
CU04305,Individual,Noida,2023-08-09
CU04306,Individual,Delhi,2022-06-18
CU04307,Individual,Ghaziabad,2024-01-31
CU04308,Fleet,Ghaziabad,2024-03-02
CU04309,Fleet,Ghaziabad,2024-09-26
CU04310,Individual,Ghaziabad,2022-06-01
CU04311,Fleet,Gurgaon,2024-10-12
CU04312,Individual,Noida,2022-08-12
CU04313,Individual,Ghaziabad,2023-05-19
CU04314,Individual,Ghaziabad,2022-02-13
CU04315,Individual,Faridabad,2023-11-28
CU04316,Fleet,Noida,2023-05-19
CU04317,Individual,Delhi,2025-06-18
CU04318,Individual,Noida,2024-07-18
CU04319,Fleet,Noida,2024-04-22
CU04320,Individual,Noida,2022-12-17
CU04321,Individual,Ghaziabad,2022-01-23
CU04322,Individual,Ghaziabad,2023-08-21
CU04323,Fleet,Gurgaon,2024-12-02
CU04324,Individual,Delhi,2023-04-11
CU04325,Individual,Faridabad,2022-02-09
CU04326,Fleet,Noida,2022-10-30
CU04327,Individual,Delhi,2022-06-24
CU04328,Individual,Delhi,2024-09-25
CU04329,Individual,Gurgaon,2023-09-13
CU04330,Individual,Faridabad,2025-05-01
CU04331,Individual,Noida,2022-09-01
CU04332,Individual,Faridabad,2024-04-15
CU04333,Individual,Gurgaon,2022-10-07
CU04334,Individual,Ghaziabad,2024-11-25
CU04335,Individual,Delhi,2023-07-11
CU04336,Individual,Noida,2024-06-16
CU04337,Individual,Ghaziabad,2025-03-23
CU04338,Individual,Gurgaon,2024-11-12
CU04339,Individual,Faridabad,2023-12-20
CU04340,Individual,Delhi,2024-07-20
CU04341,Individual,Noida,2022-04-01
CU04342,Individual,Ghaziabad,2023-01-25
CU04343,Individual,Ghaziabad,2023-07-04
CU04344,Individual,Delhi,2024-07-19
CU04345,Individual,Faridabad,2025-06-05
CU04346,Individual,Gurgaon,2025-05-10
CU04347,Individual,Faridabad,2024-11-27
CU04348,Individual,Faridabad,2024-01-03
CU04349,Individual,Faridabad,2023-05-15
CU04350,Individual,Delhi,2024-12-02
CU04351,Individual,Delhi,2024-05-20
CU04352,Fleet,Gurgaon,2023-06-01
CU04353,Individual,Faridabad,2022-03-09
CU04354,Individual,Delhi,2022-05-03
CU04355,Individual,Gurgaon,2022-12-02
CU04356,Fleet,Gurgaon,2025-03-22
CU04357,Fleet,Faridabad,2024-08-31
CU04358,Individual,Noida,2024-02-18
CU04359,Fleet,Faridabad,2025-03-31
CU04360,Fleet,Noida,2025-05-22
CU04361,Fleet,Gurgaon,2023-02-27
CU04362,Individual,Delhi,2024-07-27
CU04363,Individual,Ghaziabad,2024-03-14
CU04364,Individual,Gurgaon,2023-09-26
CU04365,Fleet,Delhi,2025-06-07
CU04366,Individual,Gurgaon,2024-12-18
CU04367,Fleet,Faridabad,2022-04-06
CU04368,Individual,Noida,2022-12-20
CU04369,Fleet,Gurgaon,2025-03-05
CU04370,Individual,Delhi,2024-08-24
CU04371,Individual,Faridabad,2024-07-11
CU04372,Individual,Ghaziabad,2023-04-18
CU04373,Individual,Faridabad,2023-03-06
CU04374,Fleet,Noida,2024-09-01
CU04375,Individual,Faridabad,2023-06-21
CU04376,Individual,Ghaziabad,2025-03-15
CU04377,Individual,Delhi,2022-03-28
CU04378,Fleet,Gurgaon,2022-04-19
CU04379,Individual,Noida,2024-09-20
CU04380,Fleet,Ghaziabad,2024-04-01
CU04381,Individual,Noida,2024-07-25
CU04382,Individual,Faridabad,2024-10-01
CU04383,Individual,Noida,2023-10-11
CU04384,Individual,Ghaziabad,2022-07-10
CU04385,Individual,Gurgaon,2024-07-21
CU04386,Fleet,Gurgaon,2022-05-22
CU04387,Individual,Noida,2025-01-01
CU04388,Individual,Delhi,2024-04-19
CU04389,Individual,Noida,2025-04-05
CU04390,Individual,Faridabad,2022-06-17
CU04391,Fleet,Gurgaon,2023-07-20
CU04392,Individual,Gurgaon,2025-02-08
CU04393,Individual,GURGAON,2024-01-14
CU04394,Individual,Delhi,2023-11-04
CU04395,Individual,Delhi,2024-05-13
CU04396,Individual,GHAZIABAD,2024-04-18
CU04397,Individual,Noida,2023-06-15
CU04398,Individual,Noida,2024-08-31
CU04399,Individual,Faridabad,2023-07-16
CU04400,Individual,Gurgaon,2022-06-24
CU04401,Fleet,Delhi,2022-10-29
CU04402,Individual,Faridabad,2022-07-04
CU04403,Individual,Faridabad,2023-05-25
CU04404,Individual,Delhi,2024-03-29
CU04405,Individual,Noida,2025-01-09
CU04406,Fleet,Gurgaon,2022-06-05
CU04407,Individual,Noida,2024-02-26
CU04408,Fleet,Faridabad,2024-03-05
CU04409,Individual,Gurgaon,2023-03-08
CU04410,Individual,Ghaziabad,2024-01-31
CU04411,Individual,Faridabad,2022-05-27
CU04412,Fleet,Noida,2023-04-26
CU04413,Individual,Noida,2023-03-11
CU04414,Fleet,Noida,2022-03-10
CU04415,Individual,Delhi,2024-05-24
CU04416,Fleet,Faridabad,2022-07-05
CU04417,Individual,Gurgaon,2024-06-22
CU04418,Individual,Noida,2023-11-13
CU04419,Individual,Noida,2022-07-23
CU04420,Individual,Delhi,2023-07-08
CU04421,Individual,Gurgaon,2022-01-13
CU04422,Individual,Faridabad,2023-10-28
CU04423,Individual,Ghaziabad,2022-02-20
CU04424,Individual,Delhi,2023-05-15
CU04425,Fleet,Faridabad,2023-01-04
CU04426,Fleet,Ghaziabad,2023-12-25
CU04427,Fleet,Noida,2022-12-23
CU04428,Individual,NOIDA,2024-10-23
CU04429,Individual,Gurgaon,2024-04-26
CU04430,Individual,Ghaziabad,2022-09-13
CU04431,Individual,Noida,2025-03-19
CU04432,Individual,Noida,2022-10-06
CU04433,Individual,Gurgaon,2024-12-18
CU04434,Individual,Faridabad,2023-03-22
CU04435,Fleet,Noida,2022-04-23
CU04436,Fleet,Delhi,2024-04-15
CU04437,Fleet,Delhi,2024-01-25
CU04438,Individual,Faridabad,2023-01-02
CU04439,Individual,GHAZIABAD,2024-12-19
CU04440,Individual,Gurgaon,2022-11-25
CU04441,Individual,Delhi,2023-12-29
CU04442,Individual,Delhi,2024-10-02
CU04443,Individual,Faridabad,2023-12-21
CU04444,Individual,Ghaziabad,2024-12-22
CU04445,Individual,Ghaziabad,2022-07-03
CU04446,Fleet,Faridabad,2024-10-19
CU04447,Individual,Delhi,2022-11-07
CU04448,Individual,Gurgaon,2022-06-26
CU04449,Fleet,Delhi,2025-01-01
CU04450,Individual,Ghaziabad,2024-04-26
CU04451,Individual,Delhi,2025-04-05
CU04452,Individual,Gurgaon,2025-06-02
CU04453,Individual,Noida,2022-01-09
CU04454,Individual,Delhi,2022-08-24
CU04455,Individual,Faridabad,2023-12-11
CU04456,Individual,Noida,2024-07-12
CU04457,Individual,Faridabad,2023-11-16
CU04458,Individual,Faridabad,2024-03-04
CU04459,Individual,Faridabad,2024-11-17
CU04460,Fleet,Delhi,2024-03-18
CU04461,Fleet,Ghaziabad,2022-01-27
CU04462,Individual,Noida,2023-07-04
CU04463,Individual,Gurgaon,2025-05-04
CU04464,Fleet,Ghaziabad,2025-05-11
CU04465,Individual,Delhi,2022-03-26
CU04466,Individual,Faridabad,2024-11-19
CU04467,Individual,Gurgaon,2023-04-11
CU04468,Individual,Noida,2025-01-27
CU04469,Individual,Ghaziabad,2025-04-28
CU04470,Fleet,Ghaziabad,2022-01-12
CU04471,Individual,Gurgaon,2024-10-09
CU04472,Individual,Delhi,2024-11-19
CU04473,Fleet,Noida,2024-11-27
CU04474,Individual,Gurgaon,2023-07-26
CU04475,Individual,Faridabad,2024-07-02
CU04476,Individual,Noida,2022-06-29
CU04477,Individual,Ghaziabad,2024-03-07
CU04478,Individual,Gurgaon,2025-02-09
CU04479,Fleet,Ghaziabad,2024-11-10
CU04480,Individual,Ghaziabad,2025-03-14
CU04481,Fleet,Ghaziabad,2025-03-15
CU04482,Fleet,Delhi,2023-03-17
CU04483,Individual,Ghaziabad,2024-06-05
CU04484,Individual,Faridabad,2023-02-25
CU04485,Individual,Faridabad,2025-04-04
CU04486,Fleet,Noida,2025-05-11
CU04487,Individual,Ghaziabad,2023-04-13
CU04488,Fleet,Ghaziabad,2023-12-14
CU04489,Individual,Gurgaon,2023-01-20
CU04490,Individual,Delhi,2022-11-10
CU04491,Fleet,Noida,2024-02-10
CU04492,Individual,Ghaziabad,2024-08-16
CU04493,Fleet,Gurgaon,2024-07-05
CU04494,Individual,Delhi,2022-01-23
CU04495,Individual,Noida,2022-12-05
CU04496,Individual,Noida,2024-04-02
CU04497,Individual,Ghaziabad,2023-01-01
CU04498,Individual,Noida,2024-07-03
CU04499,Individual,Gurgaon,2025-05-27
CU04500,Fleet,Noida,2023-04-20
CU04501,Individual,Faridabad,2022-01-27
CU04502,Individual,Gurgaon,2024-07-30
CU04503,Fleet,DELHI,2024-03-12
CU04504,Individual,Delhi,2024-03-11
CU04505,Individual,Ghaziabad,2024-05-09
CU04506,Individual,Ghaziabad,2025-05-31
CU04507,Individual,FARIDABAD,2024-05-13
CU04508,Individual,Delhi,2023-11-21
CU04509,Fleet,Delhi,2025-03-17
CU04510,Individual,Delhi,2024-01-09
CU04511,Individual,Delhi,2025-04-24
CU04512,Fleet,NOIDA,2023-02-19
CU04513,Individual,Gurgaon,2024-09-08
CU04514,Individual,Gurgaon,2023-03-05
CU04515,Individual,Faridabad,2022-02-10
CU04516,Individual,Noida,2024-06-23
CU04517,Individual,Delhi,2024-10-08
CU04518,Individual,Delhi,2023-12-04
CU04519,Fleet,Ghaziabad,2022-03-20
CU04520,Fleet,Ghaziabad,2023-12-18
CU04521,Individual,Faridabad,2023-06-28
CU04522,Fleet,Delhi,2023-04-19
CU04523,Individual,Faridabad,2025-03-11
CU04524,Individual,Noida,2025-06-28
CU04525,Fleet,Gurgaon,2022-10-21
CU04526,Individual,Delhi,2023-09-02
CU04527,Fleet,Noida,2022-05-16
CU04528,Fleet,Delhi,2023-04-29
CU04529,Individual,Ghaziabad,2024-03-24
CU04530,Fleet,Faridabad,2023-07-09
CU04531,Fleet,Ghaziabad,2022-02-15
CU04532,Individual,GURGAON,2025-06-13
CU04533,Individual,Ghaziabad,2024-12-07
CU04534,Individual,Delhi,2022-07-17
CU04535,Fleet,Ghaziabad,2022-03-25
CU04536,Individual,Delhi,2023-06-27
CU04537,Fleet,Gurgaon,2025-03-30
CU04538,Individual,Ghaziabad,2022-03-12
CU04539,Individual,Faridabad,2023-06-04
CU04540,Individual,Faridabad,2024-06-16
CU04541,Individual,Faridabad,2024-07-01
CU04542,Individual,Ghaziabad,2024-12-11
CU04543,Individual,Ghaziabad,2024-12-04
CU04544,Individual,Ghaziabad,2022-10-20
CU04545,Individual,Delhi,2024-07-26
CU04546,Individual,Gurgaon,2024-03-22
CU04547,Fleet,FARIDABAD,2024-05-16
CU04548,Individual,Delhi,2023-01-15
CU04549,Individual,Faridabad,2024-10-03
CU04550,Individual,Delhi,2022-09-19
CU04551,Individual,Ghaziabad,2023-08-03
CU04552,Individual,Faridabad,2025-04-17
CU04553,Individual,Ghaziabad,2022-12-23
CU04554,Individual,Faridabad,2023-11-29
CU04555,Fleet,Noida,2025-05-09
CU04556,Individual,Delhi,2024-11-02
CU04557,Individual,Noida,2023-03-19
CU04558,Individual,Delhi,2023-12-27
CU04559,Fleet,Gurgaon,2022-10-13
CU04560,Individual,Faridabad,2023-07-24
CU04561,Individual,Gurgaon,2024-04-19
CU04562,Individual,Gurgaon,2023-05-13
CU04563,Individual,Delhi,2023-12-06
CU04564,Individual,Noida,2023-07-16
CU04565,Individual,Ghaziabad,2022-02-01
CU04566,Individual,Delhi,2022-02-12
CU04567,Individual,Ghaziabad,2023-07-13
CU04568,Fleet,Gurgaon,2022-09-27
CU04569,Individual,Ghaziabad,2024-07-31
CU04570,Fleet,Noida,2024-11-08
CU04571,Fleet,Delhi,2022-02-06
CU04572,Individual,Noida,2022-04-02
CU04573,Individual,Noida,2022-07-04
CU04574,Individual,Delhi,2023-12-29
CU04575,Fleet,Noida,2024-11-17
CU04576,Individual,Faridabad,2023-01-07
CU04577,Fleet,Faridabad,2024-04-11
CU04578,Individual,Faridabad,2022-12-11
CU04579,Individual,Ghaziabad,2025-05-04
CU04580,Individual,Noida,2022-03-19
CU04581,Fleet,Delhi,2022-06-16
CU04582,Individual,Delhi,2025-01-18
CU04583,Fleet,Ghaziabad,2022-09-21
CU04584,Fleet,Delhi,2025-05-16
CU04585,Individual,Faridabad,2023-12-25
CU04586,Individual,Noida,2023-05-27
CU04587,Fleet,Delhi,2023-07-30
CU04588,Fleet,Delhi,2023-12-23
CU04589,Individual,Gurgaon,2025-04-12
CU04590,Fleet,Gurgaon,2023-03-07
CU04591,Individual,Gurgaon,2024-02-07
CU04592,Individual,Noida,2023-04-08
CU04593,Individual,Faridabad,2022-04-11
CU04594,Individual,Faridabad,2024-11-05
CU04595,Individual,Faridabad,2022-09-01
CU04596,Individual,Noida,2025-06-26
CU04597,Individual,Noida,2022-04-15
CU04598,Individual,Gurgaon,2023-11-25
CU04599,Individual,Delhi,2025-04-07
CU04600,Individual,Ghaziabad,2024-12-06
CU04601,Individual,Ghaziabad,2024-12-02
CU04602,Individual,Delhi,2024-03-28
CU04603,Fleet,Gurgaon,2022-08-09
CU04604,Fleet,Delhi,2022-05-24
CU04605,Individual,Delhi,2024-06-08
CU04606,Individual,Ghaziabad,2024-11-17
CU04607,Individual,Gurgaon,2024-02-29
CU04608,Individual,Noida,2023-07-07
CU04609,Individual,Ghaziabad,2024-04-23
CU04610,Individual,Noida,2023-10-21
CU04611,Fleet,Gurgaon,2024-04-16
CU04612,Individual,Delhi,2024-10-15
CU04613,Individual,Faridabad,2025-04-05
CU04614,Fleet,Faridabad,2024-01-21
CU04615,Fleet,Gurgaon,2022-09-06
CU04616,Fleet,Faridabad,2024-02-14
CU04617,Individual,Noida,2024-02-03
CU04618,Individual,Faridabad,2025-02-08
CU04619,Fleet,Gurgaon,2023-11-23
CU04620,Individual,Gurgaon,2024-03-30
CU04621,Individual,Noida,2023-12-20
CU04622,Fleet,Faridabad,2022-08-22
CU04623,Individual,Faridabad,2022-01-24
CU04624,Individual,Delhi,2024-11-15
CU04625,Individual,Ghaziabad,2024-10-02
CU04626,Fleet,Gurgaon,2023-06-06
CU04627,Individual,Delhi,2022-01-17
CU04628,Fleet,Gurgaon,2022-09-02
CU04629,Individual,Delhi,2023-12-19
CU04630,Individual,Ghaziabad,2024-02-09
CU04631,Individual,Delhi,2023-12-18
CU04632,Fleet,Gurgaon,2025-05-10
CU04633,Fleet,Faridabad,2025-06-25
CU04634,Individual,Gurgaon,2022-04-28
CU04635,Individual,Noida,2022-01-09
CU04636,Individual,Noida,2023-08-21
CU04637,Fleet,Noida,2022-01-23
CU04638,Fleet,Noida,2022-08-28
CU04639,Individual,Ghaziabad,2022-01-27
CU04640,Individual,Faridabad,2024-09-10
CU04641,Individual,Faridabad,2025-01-09
CU04642,Individual,Gurgaon,2022-07-18
CU04643,Individual,Delhi,2024-02-14
CU04644,Individual,Gurgaon,2022-04-02
CU04645,Fleet,Gurgaon,2024-04-30
CU04646,Individual,Gurgaon,2025-01-12
CU04647,Individual,Gurgaon,2022-10-27
CU04648,Fleet,Faridabad,2022-10-23
CU04649,Individual,Delhi,2023-10-09
CU04650,Fleet,Gurgaon,2024-09-27
CU04651,Individual,Faridabad,2024-12-18
CU04652,Fleet,Gurgaon,2024-06-27
CU04653,Individual,Noida,2024-05-20
CU04654,Fleet,Gurgaon,2024-01-23
CU04655,Individual,Gurgaon,2022-12-08
CU04656,Individual,GHAZIABAD,2022-03-03
CU04657,Individual,Noida,2024-02-15
CU04658,Fleet,Delhi,2023-09-17
CU04659,Fleet,Gurgaon,2022-09-13
CU04660,Fleet,Delhi,2024-04-07
CU04661,Individual,Noida,2024-10-10
CU04662,Individual,Gurgaon,2023-09-07
CU04663,Individual,Ghaziabad,2022-09-02
CU04664,Fleet,Faridabad,2024-01-27
CU04665,Fleet,Ghaziabad,2024-04-03
CU04666,Individual,Ghaziabad,2024-02-19
CU04667,Individual,Faridabad,2024-01-02
CU04668,Individual,Faridabad,2024-05-27
CU04669,Individual,Faridabad,2025-05-25
CU04670,Individual,Gurgaon,2023-05-31
CU04671,Fleet,Delhi,2023-04-19
CU04672,Individual,Delhi,2022-02-05
CU04673,Individual,Faridabad,2025-04-16
CU04674,Individual,Ghaziabad,2024-11-06
CU04675,Individual,Noida,2024-04-09
CU04676,Individual,Faridabad,2024-12-07
CU04677,Individual,Ghaziabad,2024-12-21
CU04678,Individual,Ghaziabad,2024-12-28
CU04679,Individual,Gurgaon,2023-01-01
CU04680,Individual,Gurgaon,2025-03-31
CU04681,Individual,Delhi,2024-08-02
CU04682,Individual,Delhi,2024-09-02
CU04683,Individual,Noida,2023-03-07
CU04684,Fleet,Noida,2024-05-08
CU04685,Fleet,Noida,2022-08-18
CU04686,Fleet,Noida,2023-01-05
CU04687,Individual,GHAZIABAD,2022-06-27
CU04688,Individual,Ghaziabad,2023-07-22
CU04689,Fleet,Delhi,2025-05-14
CU04690,Individual,Gurgaon,2024-03-03
CU04691,Individual,Gurgaon,2024-06-18
CU04692,Individual,Faridabad,2024-09-01
CU04693,Individual,Ghaziabad,2022-03-23
CU04694,Individual,Noida,2024-04-25
CU04695,Fleet,Noida,2024-02-01
CU04696,Individual,Faridabad,2025-05-01
CU04697,Fleet,Gurgaon,2023-09-10
CU04698,Individual,Noida,2025-04-27
CU04699,Fleet,Gurgaon,2025-01-02
CU04700,Individual,Faridabad,2024-10-30
CU04701,Individual,Gurgaon,2022-08-04
CU04702,Individual,Gurgaon,2022-10-17
CU04703,Individual,Gurgaon,2023-03-21
CU04704,Individual,Noida,2024-07-11
CU04705,Individual,Delhi,2023-07-06
CU04706,Individual,Ghaziabad,2022-07-12
CU04707,Individual,Gurgaon,2022-10-16
CU04708,Individual,Gurgaon,2023-08-06
CU04709,Individual,Gurgaon,2025-03-13
CU04710,Fleet,Delhi,2024-05-06
CU04711,Fleet,Faridabad,2024-02-20
CU04712,Individual,Noida,2024-06-14
CU04713,Individual,Delhi,2024-07-08
CU04714,Fleet,Gurgaon,2023-07-18
CU04715,Individual,Delhi,2022-01-13
CU04716,Individual,Delhi,2024-09-13
CU04717,Individual,Delhi,2022-12-06
CU04718,Individual,Faridabad,2024-05-14
CU04719,Individual,GHAZIABAD,2022-11-08
CU04720,Individual,NOIDA,2024-01-03
CU04721,Individual,Faridabad,2025-02-01
CU04722,Fleet,Faridabad,2022-12-05
CU04723,Individual,Ghaziabad,2025-05-06
CU04724,Individual,Faridabad,2022-10-27
CU04725,Individual,Delhi,2022-12-25
CU04726,Individual,Delhi,2022-06-18
CU04727,Individual,Gurgaon,2025-03-18
CU04728,Individual,Faridabad,2024-01-31
CU04729,Individual,Gurgaon,2024-02-07
CU04730,Individual,Noida,2024-09-08
CU04731,Individual,Delhi,2022-02-11
CU04732,Individual,Noida,2022-07-21
CU04733,Individual,Ghaziabad,2024-08-27
CU04734,Individual,Delhi,2025-06-21
CU04735,Individual,Noida,2023-04-09
CU04736,Individual,Ghaziabad,2023-03-25
CU04737,Individual,Noida,2024-07-01
CU04738,Individual,Ghaziabad,2024-03-08
CU04739,Individual,Ghaziabad,2024-03-04
CU04740,Individual,Delhi,2023-03-13
CU04741,Individual,Gurgaon,2023-06-15
CU04742,Individual,Ghaziabad,2023-07-19
CU04743,Individual,Ghaziabad,2024-05-21
CU04744,Fleet,Delhi,2022-08-01
CU04745,Fleet,Gurgaon,2024-08-06
CU04746,Individual,Faridabad,2025-02-01
CU04747,Individual,Faridabad,2022-07-11
CU04748,Fleet,Gurgaon,2025-01-09
CU04749,Individual,Noida,2023-12-06
CU04750,Individual,Delhi,2023-07-03
CU04751,Fleet,Gurgaon,2022-06-03
CU04752,Individual,Faridabad,2023-07-25
CU04753,Individual,Ghaziabad,2022-08-28
CU04754,Individual,Faridabad,2023-01-09
CU04755,Individual,Ghaziabad,2024-03-15
CU04756,Individual,Delhi,2024-03-09
CU04757,Fleet,Ghaziabad,2025-05-12
CU04758,Fleet,Gurgaon,2023-09-03
CU04759,Individual,Ghaziabad,2023-11-19
CU04760,Individual,Noida,2024-02-13
CU04761,Fleet,Gurgaon,2022-05-23
CU04762,Fleet,Delhi,2025-04-27
CU04763,Individual,Gurgaon,2022-09-29
CU04764,Fleet,Noida,2023-03-02
CU04765,Fleet,Delhi,2022-02-15
CU04766,Fleet,Faridabad,2022-04-05
CU04767,Fleet,Noida,2022-03-05
CU04768,Individual,Delhi,2023-02-17
CU04769,Individual,Ghaziabad,2024-10-29
CU04770,Individual,Gurgaon,2023-04-04
CU04771,Individual,Delhi,2023-04-15
CU04772,Fleet,Gurgaon,2024-03-20
CU04773,Individual,Ghaziabad,2023-05-21
CU04774,Individual,Delhi,2025-01-01
CU04775,Individual,Faridabad,2022-03-25
CU04776,Individual,Noida,2022-02-28
CU04777,Individual,Delhi,2024-11-10
CU04778,Individual,Ghaziabad,2024-07-06
CU04779,Individual,Delhi,2022-06-06
CU04780,Individual,Gurgaon,2023-07-30
CU04781,Individual,Delhi,2024-04-16
CU04782,Individual,Faridabad,2023-11-11
CU04783,Individual,Delhi,2022-07-22
CU04784,Individual,Noida,2025-02-03
CU04785,Fleet,Delhi,2025-02-19
CU04786,Fleet,Gurgaon,2022-11-14
CU04787,Individual,Delhi,2025-04-20
CU04788,Individual,Faridabad,2023-02-10
CU04789,Individual,Ghaziabad,2024-09-12
CU04790,Individual,Delhi,2024-08-06
CU04791,Individual,Delhi,2024-12-29
CU04792,Individual,Noida,2025-03-29
CU04793,Individual,Faridabad,2025-06-17
CU04794,Individual,Ghaziabad,2025-03-07
CU04795,Individual,Gurgaon,2023-05-10
CU04796,Fleet,Delhi,2023-11-10
CU04797,Individual,Ghaziabad,2025-06-24
CU04798,Individual,Gurgaon,2025-06-20
CU04799,Individual,Faridabad,2024-04-14
CU04800,Fleet,Faridabad,2022-07-13
CU04801,Individual,Ghaziabad,2022-11-04
CU04802,Individual,Gurgaon,2023-05-21
CU04803,Fleet,Faridabad,2022-10-08
CU04804,Individual,GHAZIABAD,2023-11-06
CU04805,Fleet,Faridabad,2024-07-21
CU04806,Fleet,Faridabad,2023-12-16
CU04807,Individual,Faridabad,2023-08-31
CU04808,Individual,Noida,2023-04-28
CU04809,Individual,GURGAON,2025-05-31
CU04810,Individual,Ghaziabad,2022-04-27
CU04811,Individual,Ghaziabad,2024-08-25
CU04812,Individual,Gurgaon,2022-07-11
CU04813,Individual,Gurgaon,2024-02-27
CU04814,Fleet,Gurgaon,2023-09-10
CU04815,Fleet,Gurgaon,2023-05-31
CU04816,Individual,Delhi,2022-11-03
CU04817,Individual,Ghaziabad,2023-06-16
CU04818,Individual,Delhi,2022-05-02
CU04819,Individual,Faridabad,2023-10-11
CU04820,Fleet,Faridabad,2023-08-15
CU04821,Individual,Ghaziabad,2025-03-23
CU04822,Individual,Faridabad,2024-05-19
CU04823,Individual,Gurgaon,2025-04-07
CU04824,Fleet,Delhi,2022-02-28
CU04825,Individual,Gurgaon,2022-10-28
CU04826,Fleet,Faridabad,2023-07-07
CU04827,Fleet,Delhi,2025-02-14
CU04828,Fleet,Gurgaon,2025-02-24
CU04829,Individual,Ghaziabad,2023-02-03
CU04830,Individual,Gurgaon,2023-05-30
CU04831,Individual,Faridabad,2024-03-15
CU04832,Individual,Delhi,2023-05-13
CU04833,Fleet,Ghaziabad,2024-07-30
CU04834,Individual,Delhi,2023-06-12
CU04835,Fleet,Ghaziabad,2023-02-02
CU04836,Fleet,Delhi,2023-03-12
CU04837,Individual,Faridabad,2024-04-19
CU04838,Individual,Ghaziabad,2022-12-26
CU04839,Fleet,Noida,2025-02-26
CU04840,Fleet,Delhi,2024-05-13
CU04841,Individual,Delhi,2023-09-26
CU04842,Individual,Gurgaon,2025-06-18
CU04843,Individual,Ghaziabad,2025-05-30
CU04844,Individual,Noida,2022-08-02
CU04845,Individual,Faridabad,2024-07-04
CU04846,Individual,Gurgaon,2023-08-15
CU04847,Individual,Noida,2022-05-15
CU04848,Fleet,Ghaziabad,2024-01-24
CU04849,Individual,Noida,2023-01-21
CU04850,Individual,Delhi,2025-04-27
CU04851,Individual,Delhi,2023-01-24
CU04852,Fleet,Gurgaon,2024-01-14
CU04853,Individual,Ghaziabad,2023-12-05
CU04854,Individual,Ghaziabad,2024-07-13
CU04855,Fleet,Noida,2024-02-12
CU04856,Individual,Gurgaon,2025-02-10
CU04857,Individual,Ghaziabad,2024-05-13
CU04858,Individual,Delhi,2024-11-25
CU04859,Individual,Noida,2022-03-20
CU04860,Individual,Faridabad,2023-11-05
CU04861,Fleet,Delhi,2022-11-08
CU04862,Individual,Gurgaon,2022-07-23
CU04863,Individual,Ghaziabad,2024-09-11
CU04864,Individual,Delhi,2022-01-17
CU04865,Individual,Faridabad,2023-04-21
CU04866,Individual,Faridabad,2024-10-13
CU04867,Fleet,Gurgaon,2022-07-29
CU04868,Fleet,Delhi,2023-05-14
CU04869,Individual,Noida,2023-03-05
CU04870,Individual,DELHI,2025-01-06
CU04871,Individual,Faridabad,2025-01-08
CU04872,Individual,Gurgaon,2022-02-27
CU04873,Individual,Gurgaon,2025-05-16
CU04874,Individual,Noida,2025-03-04
CU04875,Individual,Gurgaon,2024-09-20
CU04876,Individual,Gurgaon,2023-06-06
CU04877,Individual,Gurgaon,2023-08-04
CU04878,Individual,Gurgaon,2024-06-17
CU04879,Individual,Gurgaon,2025-01-11
CU04880,Individual,Faridabad,2023-09-13
CU04881,Fleet,Delhi,2024-12-03
CU04882,Individual,Ghaziabad,2024-08-23
CU04883,Fleet,Gurgaon,2024-06-28
CU04884,Individual,Ghaziabad,2023-05-08
CU04885,Individual,Ghaziabad,2023-05-14
CU04886,Individual,Faridabad,2024-11-07
CU04887,Fleet,Gurgaon,2023-08-28
CU04888,Individual,Ghaziabad,2024-08-05
CU04889,Individual,Gurgaon,2022-10-21
CU04890,Individual,Noida,2025-03-17
CU04891,Individual,Noida,2022-06-21
CU04892,Individual,Noida,2023-06-15
CU04893,Individual,Ghaziabad,2025-02-17
CU04894,Fleet,Noida,2022-03-07
CU04895,Fleet,Faridabad,2022-05-21
CU04896,Individual,Faridabad,2023-03-22
CU04897,Individual,GHAZIABAD,2022-07-08
CU04898,Individual,Gurgaon,2022-06-07
CU04899,Individual,Delhi,2023-11-01
CU04900,Individual,Gurgaon,2022-09-03
CU04901,Individual,Gurgaon,2024-05-05
CU04902,Individual,Gurgaon,2024-08-01
CU04903,Individual,Gurgaon,2024-01-18
CU04904,Individual,Delhi,2024-11-22
CU04905,Individual,Noida,2022-11-26
CU04906,Individual,Gurgaon,2023-05-27
CU04907,Individual,Faridabad,2024-04-29
CU04908,Fleet,Ghaziabad,2024-12-30
CU04909,Individual,Ghaziabad,2022-03-20
CU04910,Individual,Faridabad,2022-06-18
CU04911,Individual,Gurgaon,2024-03-20
CU04912,Fleet,Delhi,2024-09-09
CU04913,Individual,NOIDA,2022-06-29
CU04914,Fleet,Ghaziabad,2022-09-17
CU04915,Individual,Noida,2024-10-25
CU04916,Fleet,Delhi,2022-10-24
CU04917,Individual,Ghaziabad,2023-09-12
CU04918,Individual,Noida,2024-05-04
CU04919,Individual,Delhi,2022-12-26
CU04920,Fleet,Noida,2022-04-27
CU04921,Individual,GURGAON,2022-12-23
CU04922,Individual,Delhi,2024-08-14
CU04923,Individual,Noida,2023-03-15
CU04924,Individual,Gurgaon,2025-04-26
CU04925,Fleet,Gurgaon,2025-02-12
CU04926,Individual,DELHI,2025-06-13
CU04927,Individual,Faridabad,2023-06-06
CU04928,Individual,Ghaziabad,2022-07-18
CU04929,Individual,Delhi,2024-12-09
CU04930,Individual,GURGAON,2025-03-11
CU04931,Fleet,Gurgaon,2023-11-01
CU04932,Individual,Delhi,2024-11-19
CU04933,Individual,Faridabad,2025-01-10
CU04934,Individual,Ghaziabad,2022-01-31
CU04935,Fleet,Noida,2024-10-04
CU04936,Individual,Delhi,2022-11-29
CU04937,Individual,Ghaziabad,2023-10-22
CU04938,Fleet,Ghaziabad,2022-06-26
CU04939,Individual,Gurgaon,2023-01-05
CU04940,Individual,Noida,2023-07-01
CU04941,Fleet,Delhi,2023-06-19
CU04942,Individual,Gurgaon,2025-02-03
CU04943,Individual,Gurgaon,2022-04-07
CU04944,Fleet,Faridabad,2022-08-18
CU04945,Individual,Ghaziabad,2022-08-15
CU04946,Fleet,Delhi,2023-01-06
CU04947,Individual,Delhi,2025-01-28
CU04948,Fleet,Delhi,2022-02-24
CU04949,Individual,Gurgaon,2025-05-03
CU04950,Individual,Faridabad,2023-02-28
CU04951,Fleet,Noida,2022-11-11
CU04952,Individual,Gurgaon,2025-02-25
CU04953,Individual,Noida,2022-02-01
CU04954,Individual,Faridabad,2022-04-03
CU04955,Fleet,Ghaziabad,2023-06-03
CU04956,Individual,Delhi,2024-05-02
CU04957,Individual,Noida,2025-05-28
CU04958,Individual,Gurgaon,2024-01-22
CU04959,Individual,Noida,2025-02-03
CU04960,Individual,Ghaziabad,2023-02-20
CU04961,Individual,Delhi,2023-07-11
CU04962,Individual,Noida,2023-01-01
CU04963,Fleet,Ghaziabad,2023-08-22
CU04964,Individual,Gurgaon,2022-11-27
CU04965,Fleet,Faridabad,2023-11-20
CU04966,Individual,Gurgaon,2022-01-11
CU04967,Individual,Delhi,2024-03-28
CU04968,Fleet,GURGAON,2023-02-23
CU04969,Individual,Gurgaon,2025-02-19
CU04970,Individual,Gurgaon,2024-06-29
CU04971,Fleet,Gurgaon,2025-06-12
CU04972,Fleet,Delhi,2022-12-14
CU04973,Individual,Ghaziabad,2024-08-15
CU04974,Fleet,NOIDA,2023-02-16
CU04975,Individual,Faridabad,2025-06-01
CU04976,Individual,Noida,2022-06-02
CU04977,Individual,Noida,2025-05-20
CU04978,Individual,Faridabad,2022-04-02
CU04979,Individual,Delhi,2022-11-27
CU04980,Individual,Faridabad,2024-08-12
CU04981,Fleet,Delhi,2024-08-27
CU04982,Fleet,Noida,2023-07-08
CU04983,Individual,Delhi,2024-07-18
CU04984,Individual,Ghaziabad,2025-06-05
CU04985,Individual,Faridabad,2022-07-13
CU04986,Individual,Ghaziabad,2023-06-14
CU04987,Individual,Noida,2024-04-24
CU04988,Individual,Faridabad,2025-06-20
CU04989,Individual,Noida,2023-10-01
CU04990,Individual,Ghaziabad,2023-04-23
CU04991,Individual,Noida,2023-04-25
CU04992,Individual,Faridabad,2022-10-15
CU04993,Individual,Faridabad,2023-11-29
CU04994,Fleet,Noida,2023-11-26
CU04995,Individual,Faridabad,2023-06-24
CU04996,Individual,Faridabad,2022-11-26
CU04997,Individual,Noida,2023-04-15
CU04998,Individual,Ghaziabad,2024-04-28
CU04999,Individual,Faridabad,2023-06-18
CU05000,Fleet,Faridabad,2023-04-12
