station_id,date,electricity_consumed_kwh,electricity_cost_inr
S001,2025-01-01,205.7,1748.45
S001,2025-01-02,79.5,675.75
S001,2025-01-03,143.78,1222.13
S001,2025-01-04,92.83,789.06
S001,2025-01-05,206.54,1755.59
S001,2025-01-06,138.25,1175.12
S001,2025-01-07,16.47,140.0
S001,2025-01-08,85.58,727.43
S001,2025-01-09,239.58,2036.43
S001,2025-01-10,162.83,1384.06
S001,2025-01-11,84.23,715.96
S001,2025-01-12,158.6,1348.1
S001,2025-01-13,56.71,482.04
S001,2025-01-14,41.33,351.3
S001,2025-01-15,173.89,1478.06
S001,2025-01-16,58.5,497.25
S001,2025-01-17,149.41,1269.98
S001,2025-01-18,180.64,1535.44
S001,2025-01-19,1.16,9.86
S001,2025-01-20,108.91,925.74
S001,2025-01-21,40.78,346.63
S001,2025-01-22,142.46,1210.91
S001,2025-01-23,38.06,323.51
S001,2025-01-24,117.28,996.88
S001,2025-01-25,125.67,1068.2
S001,2025-01-26,124.7,1059.95
S001,2025-01-27,24.15,205.27
S001,2025-01-28,27.53,234.0
S001,2025-01-29,100.64,855.44
S001,2025-01-30,88.88,755.48
S001,2025-01-31,107.07,910.09
S001,2025-02-01,200.67,1705.7
S001,2025-02-02,110.65,940.53
S001,2025-02-03,72.51,616.34
S001,2025-02-04,195.56,1662.26
S001,2025-02-05,94.28,801.38
S001,2025-02-06,111.23,945.46
S001,2025-02-07,314.11,2669.94
S001,2025-02-08,66.08,561.68
S001,2025-02-09,328.29,2790.46
S001,2025-02-10,193.42,1644.07
S001,2025-02-11,201.75,1714.88
S001,2025-02-12,219.11,1862.44
S001,2025-02-13,130.06,1105.51
S001,2025-02-14,114.54,973.59
S001,2025-02-15,44.05,374.42
S001,2025-02-16,45.88,389.98
S001,2025-02-17,221.61,1883.69
S001,2025-02-18,290.87,2472.4
S001,2025-02-19,215.32,1830.22
S001,2025-02-20,247.08,2100.18
S001,2025-02-21,116.59,991.02
S001,2025-02-22,132.4,1125.4
S001,2025-02-23,211.82,1800.47
S001,2025-02-24,74.83,636.05
S001,2025-02-25,69.34,589.39
S001,2025-02-26,234.37,1992.14
S001,2025-02-27,134.81,1145.88
S001,2025-02-28,153.93,1308.4
S001,2025-03-01,392.52,3336.42
S001,2025-03-02,76.86,653.31
S001,2025-03-03,132.12,1123.02
S001,2025-03-04,263.81,2242.39
S001,2025-03-05,70.22,596.87
S001,2025-03-06,79.91,679.24
S001,2025-03-07,127.19,1081.12
S001,2025-03-08,147.2,1251.2
S001,2025-03-09,188.74,1604.29
S001,2025-03-10,310.84,2642.14
S001,2025-03-11,191.7,1629.45
S001,2025-03-12,187.71,1595.54
S001,2025-03-13,215.84,1834.64
S001,2025-03-14,96.85,823.22
S001,2025-03-15,262.93,2234.91
S001,2025-03-16,79.76,677.96
S001,2025-03-17,122.19,1038.62
S001,2025-03-18,76.86,653.31
S001,2025-03-19,34.85,296.23
S001,2025-03-20,125.84,1069.64
S001,2025-03-21,270.51,2299.34
S001,2025-03-22,94.44,802.74
S001,2025-03-23,188.85,1605.22
S001,2025-03-24,113.83,967.56
S001,2025-03-25,98.02,833.17
S001,2025-03-26,233.92,1988.32
S001,2025-03-27,128.45,1091.82
S001,2025-03-28,111.03,943.76
S001,2025-03-29,213.13,1811.6
S001,2025-03-30,168.74,1434.29
S001,2025-03-31,45.37,385.64
S001,2025-04-01,120.39,1023.32
S001,2025-04-02,330.23,2806.96
S001,2025-04-03,38.89,330.56
S001,2025-04-04,133.52,1134.92
S001,2025-04-05,162.25,1379.12
S001,2025-04-06,86.11,731.94
S001,2025-04-07,91.68,779.28
S001,2025-04-08,128.36,1091.06
S001,2025-04-09,78.79,669.72
S001,2025-04-10,104.16,885.36
S001,2025-04-11,80.16,681.36
S001,2025-04-12,39.3,334.05
S001,2025-04-13,235.12,1998.52
S001,2025-04-14,56.64,481.44
S001,2025-04-15,270.97,2303.25
S001,2025-04-16,78.46,666.91
S001,2025-04-17,245.16,2083.86
S001,2025-04-18,71.85,610.72
S001,2025-04-19,139.09,1182.27
S001,2025-04-20,125.33,1065.3
S001,2025-04-21,159.57,1356.34
S001,2025-04-22,148.74,1264.29
S001,2025-04-23,195.65,1663.02
S001,2025-04-24,150.32,1277.72
S001,2025-04-25,313.45,2664.32
S001,2025-04-26,116.95,994.08
S001,2025-04-27,322.01,2737.08
S001,2025-04-28,123.93,1053.4
S001,2025-04-29,182.5,1551.25
S001,2025-04-30,140.1,1190.85
S001,2025-05-01,171.55,1458.18
S001,2025-05-02,119.54,1016.09
S001,2025-05-03,207.45,1763.32
S001,2025-05-04,237.51,2018.84
S001,2025-05-05,193.74,1646.79
S001,2025-05-06,263.3,2238.05
S001,2025-05-07,171.04,1453.84
S001,2025-05-08,235.55,2002.18
S001,2025-05-09,167.73,1425.7
S001,2025-05-10,147.27,1251.8
S001,2025-05-11,271.89,2311.06
S001,2025-05-12,114.89,976.56
S001,2025-05-13,149.69,1272.36
S001,2025-05-14,173.62,1475.77
S001,2025-05-15,323.35,2748.48
S001,2025-05-16,178.31,1515.64
S001,2025-05-17,137.77,1171.04
S001,2025-05-18,303.22,2577.37
S001,2025-05-19,262.32,2229.72
S001,2025-05-20,253.25,2152.62
S001,2025-05-21,136.47,1159.99
S001,2025-05-22,227.5,1933.75
S001,2025-05-23,179.64,1526.94
S001,2025-05-24,158.83,1350.06
S001,2025-05-25,175.42,1491.07
S001,2025-05-26,253.89,2158.06
S001,2025-05-27,93.22,792.37
S001,2025-05-28,178.58,1517.93
S001,2025-05-29,91.07,774.09
S001,2025-05-30,105.89,900.06
S001,2025-05-31,160.88,1367.48
S001,2025-06-01,100.21,851.78
S001,2025-06-02,126.85,1078.22
S001,2025-06-03,291.71,2479.54
S001,2025-06-04,300.71,2556.04
S001,2025-06-05,199.35,1694.48
S001,2025-06-06,154.83,1316.06
S001,2025-06-07,146.33,1243.8
S001,2025-06-08,469.26,3988.71
S001,2025-06-09,180.75,1536.38
S001,2025-06-10,334.84,2846.14
S001,2025-06-11,92.75,788.38
S001,2025-06-12,119.78,1018.13
S001,2025-06-13,96.72,822.12
S001,2025-06-14,155.82,1324.47
S001,2025-06-15,433.44,3684.24
S001,2025-06-16,278.44,2366.74
S001,2025-06-17,250.59,2130.02
S001,2025-06-18,166.68,1416.78
S001,2025-06-19,254.43,2162.66
S001,2025-06-20,136.74,1162.29
S001,2025-06-21,278.23,2364.96
S001,2025-06-22,161.57,1373.34
S001,2025-06-23,55.86,474.81
S001,2025-06-24,300.5,2554.25
S001,2025-06-25,173.71,1476.54
S001,2025-06-26,153.74,1306.79
S001,2025-06-27,43.98,373.83
S001,2025-06-28,266.74,2267.29
S001,2025-06-29,193.36,1643.56
S001,2025-06-30,290.96,2473.16
S001,2025-07-01,247.35,2102.48
S001,2025-07-02,332.39,2825.32
S001,2025-07-03,242.58,2061.93
S001,2025-07-04,217.56,1849.26
S001,2025-07-05,130.47,1108.99
S001,2025-07-06,219.77,1868.04
S001,2025-07-07,195.78,1664.13
S001,2025-07-08,58.21,494.78
S001,2025-07-09,110.1,935.85
S001,2025-07-10,120.23,1021.96
S001,2025-07-11,150.57,1279.84
S001,2025-07-12,189.09,1607.26
S001,2025-07-13,250.97,2133.24
S001,2025-07-14,169.81,1443.38
S001,2025-07-15,194.79,1655.72
S001,2025-07-16,232.95,1980.07
S001,2025-07-17,157.36,1337.56
S001,2025-07-18,212.51,1806.34
S001,2025-07-19,203.44,1729.24
S001,2025-07-20,127.74,1085.79
S001,2025-07-21,153.9,1308.15
S001,2025-07-22,116.18,987.53
S001,2025-07-23,144.27,1226.3
S001,2025-07-24,220.81,1876.88
S001,2025-07-25,143.09,1216.27
S001,2025-07-26,206.7,1756.95
S001,2025-07-27,162.45,1380.82
S001,2025-07-28,282.7,2402.95
S001,2025-07-29,291.09,2474.26
S001,2025-07-30,351.74,2989.79
S001,2025-07-31,189.95,1614.57
S001,2025-08-01,398.56,3387.76
S001,2025-08-02,307.21,2611.28
S001,2025-08-03,147.44,1253.24
S001,2025-08-04,106.94,908.99
S001,2025-08-05,413.39,3513.82
S001,2025-08-06,287.12,2440.52
S001,2025-08-07,84.61,719.18
S001,2025-08-08,348.75,2964.38
S001,2025-08-09,124.05,1054.42
S001,2025-08-10,150.5,1279.25
S001,2025-08-11,278.29,2365.46
S001,2025-08-12,310.56,2639.76
S001,2025-08-13,399.5,3395.75
S001,2025-08-14,211.89,1801.06
S001,2025-08-15,259.88,2208.98
S001,2025-08-16,164.98,1402.33
S001,2025-08-17,252.96,2150.16
S001,2025-08-18,235.51,2001.84
S001,2025-08-19,284.63,2419.36
S001,2025-08-20,288.08,2448.68
S001,2025-08-21,313.33,2663.3
S001,2025-08-22,316.03,2686.25
S001,2025-08-23,168.5,1432.25
S001,2025-08-24,346.03,2941.25
S001,2025-08-25,171.02,1453.67
S001,2025-08-26,120.12,1021.02
S001,2025-08-27,121.0,1028.5
S001,2025-08-28,276.93,2353.91
S001,2025-08-29,410.7,3490.95
S001,2025-08-30,346.39,2944.32
S001,2025-08-31,370.18,3146.53
S001,2025-09-01,411.17,3494.94
S001,2025-09-02,232.05,1972.43
S001,2025-09-03,258.68,2198.78
S001,2025-09-04,253.75,2156.88
S001,2025-09-05,359.76,3057.96
S001,2025-09-06,187.67,1595.2
S001,2025-09-07,105.37,895.64
S001,2025-09-08,226.73,1927.2
S001,2025-09-09,343.44,2919.24
S001,2025-09-10,206.75,1757.38
S001,2025-09-11,220.95,1878.07
S001,2025-09-12,314.47,2673.0
S001,2025-09-13,257.3,2187.05
S001,2025-09-14,302.02,2567.17
S001,2025-09-15,363.93,3093.4
S001,2025-09-16,296.54,2520.59
S001,2025-09-17,349.3,2969.05
S001,2025-09-18,153.99,1308.92
S001,2025-09-19,319.88,2718.98
S001,2025-09-20,240.03,2040.26
S001,2025-09-21,372.02,3162.17
S001,2025-09-22,117.03,994.76
S001,2025-09-23,133.56,1135.26
S001,2025-09-24,186.8,1587.8
S001,2025-09-25,15.36,130.56
S001,2025-09-26,405.15,3443.77
S001,2025-09-27,96.16,817.36
S001,2025-09-28,185.35,1575.48
S001,2025-09-29,205.45,1746.32
S001,2025-09-30,320.63,2725.36
S001,2025-10-01,199.52,1695.92
S001,2025-10-02,211.2,1795.2
S001,2025-10-03,316.37,2689.14
S001,2025-10-04,290.48,2469.08
S001,2025-10-05,181.69,1544.36
S001,2025-10-06,348.94,2965.99
S001,2025-10-07,229.63,1951.86
S001,2025-10-08,307.47,2613.5
S001,2025-10-09,306.1,2601.85
S001,2025-10-10,219.3,1864.05
S001,2025-10-11,327.31,2782.14
S001,2025-10-12,119.51,1015.84
S001,2025-10-13,293.68,2496.28
S001,2025-10-14,274.81,2335.89
S001,2025-10-15,302.69,2572.86
S001,2025-10-16,382.68,3252.78
S001,2025-10-17,312.8,2658.8
S001,2025-10-18,119.3,1014.05
S001,2025-10-19,265.2,2254.2
S001,2025-10-20,131.54,1118.09
S001,2025-10-21,254.3,2161.55
S001,2025-10-22,223.44,1899.24
S001,2025-10-23,134.0,1139.0
S001,2025-10-24,124.52,1058.42
S001,2025-10-25,418.81,3559.88
S001,2025-10-26,592.63,5037.35
S001,2025-10-27,245.77,2089.04
S001,2025-10-28,293.36,2493.56
S001,2025-10-29,320.36,2723.06
S001,2025-10-30,312.79,2658.72
S001,2025-10-31,249.55,2121.18
S001,2025-11-01,482.17,4098.44
S001,2025-11-02,90.78,771.63
S001,2025-11-03,356.63,3031.36
S001,2025-11-04,284.94,2421.99
S001,2025-11-05,215.76,1833.96
S001,2025-11-06,144.85,1231.22
S001,2025-11-07,403.99,3433.92
S001,2025-11-08,297.36,2527.56
S001,2025-11-09,279.58,2376.43
S001,2025-11-10,378.99,3221.42
S001,2025-11-11,282.55,2401.68
S001,2025-11-12,335.54,2852.09
S001,2025-11-13,163.01,1385.58
S001,2025-11-14,166.45,1414.82
S001,2025-11-15,233.35,1983.48
S001,2025-11-16,271.04,2303.84
S001,2025-11-17,294.3,2501.55
S001,2025-11-18,200.41,1703.48
S001,2025-11-19,259.22,2203.37
S001,2025-11-20,202.59,1722.02
S001,2025-11-21,581.66,4944.11
S001,2025-11-22,450.4,3828.4
S001,2025-11-23,200.33,1702.8
S001,2025-11-24,144.77,1230.54
S001,2025-11-25,176.79,1502.72
S001,2025-11-26,269.22,2288.37
S001,2025-11-27,357.36,3037.56
S001,2025-11-28,214.94,1826.99
S001,2025-11-29,91.14,774.69
S001,2025-11-30,225.3,1915.05
S001,2025-12-01,395.05,3357.92
S001,2025-12-02,162.92,1384.82
S001,2025-12-03,230.85,1962.22
S001,2025-12-04,495.79,4214.22
S001,2025-12-05,329.42,2800.07
S001,2025-12-06,462.26,3929.21
S001,2025-12-07,294.49,2503.16
S001,2025-12-08,179.63,1526.86
S001,2025-12-09,380.12,3231.02
S001,2025-12-10,325.27,2764.8
S001,2025-12-11,152.74,1298.29
S001,2025-12-12,268.32,2280.72
S001,2025-12-13,300.75,2556.38
S001,2025-12-14,244.68,2079.78
S001,2025-12-15,223.44,1899.24
S001,2025-12-16,444.33,3776.8
S001,2025-12-17,367.78,3126.13
S001,2025-12-18,286.68,2436.78
S001,2025-12-19,115.64,982.94
S001,2025-12-20,282.47,2401.0
S001,2025-12-21,216.65,1841.52
S001,2025-12-22,274.3,2331.55
S001,2025-12-23,165.45,1406.32
S001,2025-12-24,299.19,2543.11
S001,2025-12-25,240.91,2047.74
S001,2025-12-26,402.93,3424.9
S001,2025-12-27,244.49,2078.16
S001,2025-12-28,221.81,1885.38
S001,2025-12-29,352.13,2993.1
S001,2025-12-30,416.7,3541.95
S001,2025-12-31,174.79,1485.72
S002,2025-01-02,83.41,708.98
S002,2025-01-03,166.67,1416.7
S002,2025-01-04,126.48,1075.08
S002,2025-01-05,81.63,693.86
S002,2025-01-06,25.38,215.73
S002,2025-01-07,126.47,1074.99
S002,2025-01-08,22.64,192.44
S002,2025-01-09,27.77,236.04
S002,2025-01-10,110.57,939.84
S002,2025-01-11,152.38,1295.23
S002,2025-01-12,192.99,1640.42
S002,2025-01-13,171.49,1457.66
S002,2025-01-14,45.95,390.58
S002,2025-01-15,27.99,237.92
S002,2025-01-16,161.26,1370.71
S002,2025-01-17,176.55,1500.68
S002,2025-01-18,33.05,280.92
S002,2025-01-19,98.08,833.68
S002,2025-01-20,141.57,1203.34
S002,2025-01-21,135.31,1150.14
S002,2025-01-22,110.5,939.25
S002,2025-01-23,48.25,410.12
S002,2025-01-24,40.85,347.22
S002,2025-01-25,99.04,841.84
S002,2025-01-26,22.0,187.0
S002,2025-01-27,86.25,733.12
S002,2025-01-28,33.85,287.73
S002,2025-01-29,61.94,526.49
S002,2025-01-30,290.32,2467.72
S002,2025-01-31,16.62,141.27
S002,2025-02-01,138.32,1175.72
S002,2025-02-02,326.11,2771.94
S002,2025-02-04,137.24,1166.54
S002,2025-02-05,111.8,950.3
S002,2025-02-06,123.52,1049.92
S002,2025-02-07,25.36,215.56
S002,2025-02-08,71.41,606.98
S002,2025-02-09,81.69,694.36
S002,2025-02-10,177.09,1505.26
S002,2025-02-11,40.59,345.02
S002,2025-02-12,125.33,1065.3
S002,2025-02-13,105.08,893.18
S002,2025-02-14,92.88,789.48
S002,2025-02-15,136.81,1162.88
S002,2025-02-16,160.03,1360.26
S002,2025-02-18,64.63,549.36
S002,2025-02-19,102.95,875.08
S002,2025-02-20,120.52,1024.42
S002,2025-02-21,18.46,156.91
S002,2025-02-22,65.72,558.62
S002,2025-02-23,123.57,1050.34
S002,2025-02-24,119.19,1013.12
S002,2025-02-25,148.67,1263.7
S002,2025-02-26,84.44,717.74
S002,2025-02-27,155.42,1321.07
S002,2025-02-28,161.17,1369.94
S002,2025-03-01,30.75,261.38
S002,2025-03-02,4.64,39.44
S002,2025-03-03,29.61,251.68
S002,2025-03-04,162.74,1383.29
S002,2025-03-05,79.24,673.54
S002,2025-03-06,122.83,1044.06
S002,2025-03-07,48.66,413.61
S002,2025-03-08,107.22,911.37
S002,2025-03-09,114.15,970.28
S002,2025-03-10,35.31,300.14
S002,2025-03-11,180.73,1536.2
S002,2025-03-12,145.08,1233.18
S002,2025-03-13,122.57,1041.84
S002,2025-03-14,55.21,469.28
S002,2025-03-15,238.05,2023.43
S002,2025-03-16,115.12,978.52
S002,2025-03-17,150.54,1279.59
S002,2025-03-18,68.55,582.67
S002,2025-03-19,126.3,1073.55
S002,2025-03-21,73.46,624.41
S002,2025-03-22,264.85,2251.23
S002,2025-03-23,152.29,1294.46
S002,2025-03-24,162.62,1382.27
S002,2025-03-25,68.43,581.66
S002,2025-03-26,88.29,750.46
S002,2025-03-27,2.04,17.34
S002,2025-03-28,117.54,999.09
S002,2025-03-29,79.95,679.58
S002,2025-03-31,78.25,665.12
S002,2025-04-01,94.94,806.99
S002,2025-04-02,101.72,864.62
S002,2025-04-03,113.62,965.77
S002,2025-04-04,85.96,730.66
S002,2025-04-05,126.0,1071.0
S002,2025-04-06,128.98,1096.33
S002,2025-04-07,51.43,437.16
S002,2025-04-08,22.76,193.46
S002,2025-04-09,114.17,970.44
S002,2025-04-10,128.14,1089.19
S002,2025-04-11,189.82,1613.47
S002,2025-04-12,190.7,1620.95
S002,2025-04-13,71.43,607.16
S002,2025-04-14,21.3,181.05
S002,2025-04-15,116.52,990.42
S002,2025-04-16,47.01,399.58
S002,2025-04-17,232.15,1973.28
S002,2025-04-18,66.07,561.59
S002,2025-04-19,146.93,1248.9
S002,2025-04-20,66.58,565.93
S002,2025-04-21,77.36,657.56
S002,2025-04-22,185.08,1573.18
S002,2025-04-23,104.53,888.5
S002,2025-04-24,82.04,697.34
S002,2025-04-25,49.36,419.56
S002,2025-04-26,225.71,1918.54
S002,2025-04-27,42.7,362.95
S002,2025-04-28,86.38,734.23
S002,2025-04-29,83.91,713.24
S002,2025-04-30,127.06,1080.01
S002,2025-05-01,205.11,1743.44
S002,2025-05-02,39.8,338.3
S002,2025-05-03,152.2,1293.7
S002,2025-05-04,174.34,1481.89
S002,2025-05-05,184.45,1567.82
S002,2025-05-06,179.95,1529.57
S002,2025-05-07,164.27,1396.3
S002,2025-05-08,195.29,1659.96
S002,2025-05-09,184.67,1569.7
S002,2025-05-10,27.39,232.82
S002,2025-05-11,163.29,1387.96
S002,2025-05-12,107.73,915.7
S002,2025-05-13,153.71,1306.54
S002,2025-05-14,144.24,1226.04
S002,2025-05-15,112.79,958.72
S002,2025-05-16,84.36,717.06
S002,2025-05-17,61.64,523.94
S002,2025-05-18,167.63,1424.86
S002,2025-05-19,283.97,2413.75
S002,2025-05-20,117.11,995.44
S002,2025-05-21,168.15,1429.28
S002,2025-05-22,109.36,929.56
S002,2025-05-23,332.38,2825.23
S002,2025-05-24,120.23,1021.96
S002,2025-05-25,140.18,1191.53
S002,2025-05-26,174.88,1486.48
S002,2025-05-27,43.23,367.46
S002,2025-05-28,123.54,1050.09
S002,2025-05-29,162.54,1381.59
S002,2025-05-30,242.41,2060.48
S002,2025-05-31,78.43,666.66
S002,2025-06-01,252.87,2149.4
S002,2025-06-02,219.2,1863.2
S002,2025-06-03,137.8,1171.3
S002,2025-06-04,91.6,778.6
S002,2025-06-05,183.1,1556.35
S002,2025-06-06,89.39,759.82
S002,2025-06-07,50.15,426.28
S002,2025-06-08,214.59,1824.02
S002,2025-06-09,274.64,2334.44
S002,2025-06-10,103.78,882.13
S002,2025-06-11,120.81,1026.88
S002,2025-06-12,292.0,2482.0
S002,2025-06-13,156.55,1330.68
S002,2025-06-14,69.91,594.24
S002,2025-06-15,130.53,1109.51
S002,2025-06-16,160.53,1364.5
S002,2025-06-17,205.4,1745.9
S002,2025-06-18,147.52,1253.92
S002,2025-06-19,112.15,953.28
S002,2025-06-20,62.96,535.16
S002,2025-06-21,85.87,729.9
S002,2025-06-22,226.51,1925.34
S002,2025-06-23,175.64,1492.94
S002,2025-06-24,185.16,1573.86
S002,2025-06-25,133.21,1132.29
S002,2025-06-26,205.99,1750.92
S002,2025-06-27,107.16,910.86
S002,2025-06-28,123.21,1047.28
S002,2025-06-29,95.11,808.44
S002,2025-06-30,268.71,2284.04
S002,2025-07-01,181.82,1545.47
S002,2025-07-02,52.22,443.87
S002,2025-07-03,139.68,1187.28
S002,2025-07-04,138.07,1173.6
S002,2025-07-05,84.64,719.44
S002,2025-07-06,145.36,1235.56
S002,2025-07-07,169.61,1441.69
S002,2025-07-08,38.23,324.96
S002,2025-07-09,145.22,1234.37
S002,2025-07-10,115.75,983.88
S002,2025-07-11,154.08,1309.68
S002,2025-07-12,302.24,2569.04
S002,2025-07-13,218.15,1854.28
S002,2025-07-14,112.58,956.93
S002,2025-07-15,83.43,709.16
S002,2025-07-16,148.45,1261.82
S002,2025-07-17,146.8,1247.8
S002,2025-07-18,209.08,1777.18
S002,2025-07-19,144.43,1227.66
S002,2025-07-20,82.21,698.78
S002,2025-07-21,104.24,886.04
S002,2025-07-22,232.57,1976.84
S002,2025-07-23,66.26,563.21
S002,2025-07-24,143.01,1215.58
S002,2025-07-25,98.09,833.76
S002,2025-07-26,386.8,3287.8
S002,2025-07-27,134.25,1141.12
S002,2025-07-28,69.12,587.52
S002,2025-07-29,125.38,1065.73
S002,2025-07-30,171.31,1456.14
S002,2025-07-31,48.95,416.08
S002,2025-08-01,160.67,1365.7
S002,2025-08-02,92.74,788.29
S002,2025-08-03,128.44,1091.74
S002,2025-08-04,104.8,890.8
S002,2025-08-05,80.43,683.66
S002,2025-08-06,249.57,2121.34
S002,2025-08-07,104.59,889.02
S002,2025-08-08,82.59,702.02
S002,2025-08-09,75.96,645.66
S002,2025-08-10,162.7,1382.95
S002,2025-08-11,196.31,1668.64
S002,2025-08-12,262.46,2230.91
S002,2025-08-13,273.58,2325.43
S002,2025-08-14,244.45,2077.82
S002,2025-08-15,219.05,1861.93
S002,2025-08-16,213.15,1811.78
S002,2025-08-17,209.41,1779.98
S002,2025-08-18,191.9,1631.15
S002,2025-08-19,141.97,1206.74
S002,2025-08-20,270.35,2297.98
S002,2025-08-21,107.15,910.78
S002,2025-08-22,121.79,1035.22
S002,2025-08-23,44.86,381.31
S002,2025-08-24,55.12,468.52
S002,2025-08-25,207.35,1762.48
S002,2025-08-26,90.51,769.34
S002,2025-08-27,135.43,1151.16
S002,2025-08-28,70.46,598.91
S002,2025-08-29,234.95,1997.07
S002,2025-08-30,60.35,512.98
S002,2025-08-31,19.55,166.18
S002,2025-09-01,159.21,1353.28
S002,2025-09-02,106.34,903.89
S002,2025-09-03,84.59,719.02
S002,2025-09-04,233.24,1982.54
S002,2025-09-05,42.35,359.98
S002,2025-09-06,117.56,999.26
S002,2025-09-07,171.4,1456.9
S002,2025-09-08,117.32,997.22
S002,2025-09-09,190.48,1619.08
S002,2025-09-10,97.93,832.41
S002,2025-09-11,260.09,2210.76
S002,2025-09-12,68.09,578.76
S002,2025-09-13,159.22,1353.37
S002,2025-09-14,114.26,971.21
S002,2025-09-15,118.14,1004.19
S002,2025-09-16,355.88,3024.98
S002,2025-09-17,161.85,1375.72
S002,2025-09-18,171.52,1457.92
S002,2025-09-19,251.62,2138.77
S002,2025-09-20,185.28,1574.88
S002,2025-09-21,259.9,2209.15
S002,2025-09-22,70.34,597.89
S002,2025-09-23,436.46,3709.91
S002,2025-09-24,153.42,1304.07
S002,2025-09-25,103.83,882.56
S002,2025-09-26,190.5,1619.25
S002,2025-09-27,184.1,1564.85
S002,2025-09-28,268.75,2284.38
S002,2025-09-29,213.18,1812.03
S002,2025-09-30,143.87,1222.9
S002,2025-10-01,183.89,1563.06
S002,2025-10-02,80.36,683.06
S002,2025-10-03,156.82,1332.97
S002,2025-10-04,192.22,1633.87
S002,2025-10-05,65.19,554.12
S002,2025-10-06,145.21,1234.29
S002,2025-10-07,35.8,304.3
S002,2025-10-08,229.3,1949.05
S002,2025-10-09,187.99,1597.92
S002,2025-10-10,325.0,2762.5
S002,2025-10-11,142.55,1211.68
S002,2025-10-12,145.1,1233.35
S002,2025-10-13,187.66,1595.11
S002,2025-10-14,291.21,2475.28
S002,2025-10-15,140.95,1198.07
S002,2025-10-16,61.76,524.96
S002,2025-10-17,313.0,2660.5
S002,2025-10-18,63.91,543.24
S002,2025-10-19,102.41,870.48
S002,2025-10-20,302.2,2568.7
S002,2025-10-21,138.35,1175.97
S002,2025-10-22,139.95,1189.57
S002,2025-10-23,124.26,1056.21
S002,2025-10-24,273.62,2325.77
S002,2025-10-25,97.32,827.22
S002,2025-10-26,129.48,1100.58
S002,2025-10-27,80.86,687.31
S002,2025-10-28,50.92,432.82
S002,2025-10-29,86.37,734.14
S002,2025-10-30,123.16,1046.86
S002,2025-10-31,102.93,874.91
S002,2025-11-01,265.31,2255.14
S002,2025-11-02,105.37,895.64
S002,2025-11-03,146.87,1248.4
S002,2025-11-04,213.93,1818.4
S002,2025-11-05,151.38,1286.73
S002,2025-11-06,52.78,448.63
S002,2025-11-07,48.76,414.46
S002,2025-11-08,113.88,967.98
S002,2025-11-09,100.21,851.78
S002,2025-11-10,164.02,1394.17
S002,2025-11-11,346.99,2949.42
S002,2025-11-12,245.45,2086.32
S002,2025-11-13,250.96,2133.16
S002,2025-11-14,256.31,2178.64
S002,2025-11-15,191.44,1627.24
S002,2025-11-16,79.6,676.6
S002,2025-11-17,211.17,1794.94
S002,2025-11-18,153.31,1303.14
S002,2025-11-19,265.59,2257.52
S002,2025-11-20,69.37,589.64
S002,2025-11-21,204.33,1736.8
S002,2025-11-22,171.65,1459.02
S002,2025-11-23,166.31,1413.64
S002,2025-11-24,227.93,1937.4
S002,2025-11-25,280.11,2380.94
S002,2025-11-26,296.1,2516.85
S002,2025-11-27,222.2,1888.7
S002,2025-11-28,101.05,858.92
S002,2025-11-29,87.69,745.36
S002,2025-11-30,182.99,1555.42
S002,2025-12-01,110.38,938.23
S002,2025-12-02,244.38,2077.23
S002,2025-12-03,286.96,2439.16
S002,2025-12-04,80.15,681.28
S002,2025-12-05,307.52,2613.92
S002,2025-12-06,195.13,1658.6
S002,2025-12-07,219.95,1869.57
S002,2025-12-08,136.11,1156.94
S002,2025-12-09,204.29,1736.46
S002,2025-12-10,153.53,1305.01
S002,2025-12-11,359.59,3056.52
S002,2025-12-12,249.69,2122.36
S002,2025-12-13,199.77,1698.04
S002,2025-12-14,202.7,1722.95
S002,2025-12-15,235.34,2000.39
S002,2025-12-16,168.15,1429.28
S002,2025-12-17,206.51,1755.34
S002,2025-12-18,366.27,3113.3
S002,2025-12-19,270.44,2298.74
S002,2025-12-20,262.56,2231.76
S002,2025-12-21,50.21,426.78
S002,2025-12-22,133.72,1136.62
S002,2025-12-23,234.22,1990.87
S002,2025-12-24,206.3,1753.55
S002,2025-12-25,328.52,2792.42
S002,2025-12-26,25.98,220.83
S002,2025-12-27,140.41,1193.48
S002,2025-12-28,218.29,1855.46
S002,2025-12-29,173.09,1471.26
S002,2025-12-30,303.37,2578.64
S002,2025-12-31,125.57,1067.34
S003,2025-01-01,192.61,1637.19
S003,2025-01-02,47.74,405.79
S003,2025-01-03,30.57,259.85
S003,2025-01-04,105.78,899.13
S003,2025-01-05,170.62,1450.27
S003,2025-01-06,189.15,1607.78
S003,2025-01-07,192.09,1632.76
S003,2025-01-08,168.86,1435.31
S003,2025-01-09,182.95,1555.07
S003,2025-01-10,144.59,1229.02
S003,2025-01-11,152.63,1297.36
S003,2025-01-12,188.72,1604.12
S003,2025-01-13,198.12,1684.02
S003,2025-01-14,46.07,391.6
S003,2025-01-15,109.83,933.56
S003,2025-01-16,261.43,2222.16
S003,2025-01-17,46.37,394.14
S003,2025-01-18,170.24,1447.04
S003,2025-01-19,103.79,882.22
S003,2025-01-20,142.99,1215.42
S003,2025-01-21,141.61,1203.69
S003,2025-01-22,147.16,1250.86
S003,2025-01-23,86.33,733.8
S003,2025-01-24,261.14,2219.69
S003,2025-01-25,134.93,1146.9
S003,2025-01-26,71.96,611.66
S003,2025-01-27,106.19,902.62
S003,2025-01-28,144.04,1224.34
S003,2025-01-29,58.87,500.4
S003,2025-01-30,194.15,1650.28
S003,2025-01-31,285.8,2429.3
S003,2025-02-01,166.04,1411.34
S003,2025-02-02,131.15,1114.78
S003,2025-02-03,82.94,704.99
S003,2025-02-04,203.85,1732.72
S003,2025-02-05,175.71,1493.54
S003,2025-02-06,156.02,1326.17
S003,2025-02-07,114.06,969.51
S003,2025-02-08,211.56,1798.26
S003,2025-02-09,159.67,1357.2
S003,2025-02-10,167.55,1424.18
S003,2025-02-11,174.29,1481.46
S003,2025-02-12,160.66,1365.61
S003,2025-02-13,45.74,388.79
S003,2025-02-14,91.34,776.39
S003,2025-02-15,157.77,1341.04
S003,2025-02-16,261.95,2226.57
S003,2025-02-17,69.62,591.77
S003,2025-02-18,277.47,2358.5
S003,2025-02-19,258.47,2197.0
S003,2025-02-20,120.86,1027.31
S003,2025-02-21,201.63,1713.86
S003,2025-02-22,156.17,1327.44
S003,2025-02-23,283.85,2412.73
S003,2025-02-24,255.8,2174.3
S003,2025-02-25,203.54,1730.09
S003,2025-02-26,155.58,1322.43
S003,2025-02-27,63.11,536.43
S003,2025-02-28,58.58,497.93
S003,2025-03-01,172.64,1467.44
S003,2025-03-02,245.33,2085.31
S003,2025-03-03,208.68,1773.78
S003,2025-03-04,73.67,626.2
S003,2025-03-05,156.62,1331.27
S003,2025-03-06,297.56,2529.26
S003,2025-03-07,222.69,1892.86
S003,2025-03-08,142.61,1212.19
S003,2025-03-09,205.12,1743.52
S003,2025-03-10,187.86,1596.81
S003,2025-03-11,229.88,1953.98
S003,2025-03-12,285.47,2426.5
S003,2025-03-13,45.61,387.68
S003,2025-03-14,136.69,1161.86
S003,2025-03-15,179.91,1529.24
S003,2025-03-16,113.15,961.78
S003,2025-03-17,198.71,1689.04
S003,2025-03-18,85.33,725.3
S003,2025-03-19,90.29,767.46
S003,2025-03-20,342.17,2908.44
S003,2025-03-21,120.64,1025.44
S003,2025-03-22,57.63,489.86
S003,2025-03-23,178.94,1520.99
S003,2025-03-24,391.2,3325.2
S003,2025-03-25,93.03,790.76
S003,2025-03-26,162.69,1382.86
S003,2025-03-27,232.4,1975.4
S003,2025-03-28,204.36,1737.06
S003,2025-03-29,154.05,1309.43
S003,2025-03-30,97.72,830.62
S003,2025-03-31,208.86,1775.31
S003,2025-04-01,130.14,1106.19
S003,2025-04-02,157.9,1342.15
S003,2025-04-03,146.78,1247.63
S003,2025-04-04,327.91,2787.24
S003,2025-04-05,201.13,1709.6
S003,2025-04-06,196.59,1671.02
S003,2025-04-07,191.61,1628.69
S003,2025-04-08,321.51,2732.84
S003,2025-04-09,127.38,1082.73
S003,2025-04-10,79.99,679.92
S003,2025-04-11,254.66,2164.61
S003,2025-04-12,178.89,1520.56
S003,2025-04-13,242.03,2057.26
S003,2025-04-14,176.95,1504.07
S003,2025-04-15,137.17,1165.94
S003,2025-04-16,111.84,950.64
S003,2025-04-17,238.49,2027.16
S003,2025-04-18,102.88,874.48
S003,2025-04-19,438.91,3730.74
S003,2025-04-20,187.03,1589.76
S003,2025-04-21,286.39,2434.32
S003,2025-04-22,140.5,1194.25
S003,2025-04-23,224.06,1904.51
S003,2025-04-24,132.93,1129.9
S003,2025-04-25,151.24,1285.54
S003,2025-04-26,290.36,2468.06
S003,2025-04-27,227.51,1933.84
S003,2025-04-28,98.35,835.97
S003,2025-04-29,205.43,1746.16
S003,2025-04-30,330.42,2808.57
S003,2025-05-01,179.56,1526.26
S003,2025-05-02,210.76,1791.46
S003,2025-05-03,380.43,3233.66
S003,2025-05-04,213.49,1814.66
S003,2025-05-05,385.76,3278.96
S003,2025-05-06,257.48,2188.58
S003,2025-05-07,149.8,1273.3
S003,2025-05-08,315.63,2682.86
S003,2025-05-09,257.92,2192.32
S003,2025-05-10,205.93,1750.4
S003,2025-05-11,202.96,1725.16
S003,2025-05-12,152.56,1296.76
S003,2025-05-13,250.17,2126.44
S003,2025-05-14,339.57,2886.34
S003,2025-05-15,166.74,1417.29
S003,2025-05-16,254.59,2164.02
S003,2025-05-17,276.98,2354.33
S003,2025-05-18,257.0,2184.5
S003,2025-05-19,141.83,1205.56
S003,2025-05-20,293.46,2494.41
S003,2025-05-21,105.38,895.73
S003,2025-05-22,250.0,2125.0
S003,2025-05-23,127.89,1087.06
S003,2025-05-24,263.4,2238.9
S003,2025-05-25,331.92,2821.32
S003,2025-05-26,69.74,592.79
S003,2025-05-27,249.44,2120.24
S003,2025-05-28,69.54,591.09
S003,2025-05-29,109.49,930.66
S003,2025-05-30,155.57,1322.34
S003,2025-05-31,173.8,1477.3
S003,2025-06-01,332.03,2822.25
S003,2025-06-02,242.82,2063.97
S003,2025-06-03,208.25,1770.12
S003,2025-06-04,171.36,1456.56
S003,2025-06-05,261.86,2225.81
S003,2025-06-06,89.33,759.3
S003,2025-06-07,206.39,1754.31
S003,2025-06-08,266.88,2268.48
S003,2025-06-09,146.79,1247.71
S003,2025-06-10,263.65,2241.02
S003,2025-06-11,186.45,1584.82
S003,2025-06-12,303.79,2582.22
S003,2025-06-13,453.99,3858.92
S003,2025-06-14,336.86,2863.31
S003,2025-06-15,39.66,337.11
S003,2025-06-16,193.17,1641.94
S003,2025-06-17,347.05,2949.92
S003,2025-06-18,244.97,2082.24
S003,2025-06-19,275.99,2345.92
S003,2025-06-20,311.58,2648.43
S003,2025-06-21,122.86,1044.31
S003,2025-06-22,187.42,1593.07
S003,2025-06-23,336.18,2857.53
S003,2025-06-24,416.12,3537.02
S003,2025-06-25,108.84,925.14
S003,2025-06-26,134.72,1145.12
S003,2025-06-27,240.76,2046.46
S003,2025-06-28,164.98,1402.33
S003,2025-06-29,242.19,2058.61
S003,2025-06-30,70.27,597.29
S003,2025-07-01,117.81,1001.38
S003,2025-07-02,231.67,1969.2
S003,2025-07-03,146.83,1248.06
S003,2025-07-04,172.44,1465.74
S003,2025-07-05,213.91,1818.24
S003,2025-07-06,115.6,982.6
S003,2025-07-07,85.15,723.78
S003,2025-07-08,372.63,3167.36
S003,2025-07-09,317.44,2698.24
S003,2025-07-10,375.19,3189.12
S003,2025-07-11,122.75,1043.38
S003,2025-07-12,104.43,887.66
S003,2025-07-13,272.77,2318.54
S003,2025-07-14,253.87,2157.9
S003,2025-07-15,282.46,2400.91
S003,2025-07-16,317.51,2698.84
S003,2025-07-17,331.67,2819.2
S003,2025-07-18,202.82,1723.97
S003,2025-07-19,344.34,2926.89
S003,2025-07-20,267.51,2273.84
S003,2025-07-21,206.96,1759.16
S003,2025-07-22,311.59,2648.52
S003,2025-07-23,205.78,1749.13
S003,2025-07-24,338.94,2880.99
S003,2025-07-25,174.29,1481.46
S003,2025-07-26,104.39,887.32
S003,2025-07-27,271.83,2310.55
S003,2025-07-28,154.16,1310.36
S003,2025-07-29,347.42,2953.07
S003,2025-07-30,371.91,3161.24
S003,2025-07-31,207.09,1760.26
S003,2025-08-01,206.75,1757.38
S003,2025-08-02,267.03,2269.75
S003,2025-08-03,333.63,2835.86
S003,2025-08-04,388.32,3300.72
S003,2025-08-05,481.23,4090.46
S003,2025-08-06,328.53,2792.5
S003,2025-08-07,295.82,2514.47
S003,2025-08-08,525.21,4464.28
S003,2025-08-09,379.69,3227.36
S003,2025-08-10,149.61,1271.69
S003,2025-08-11,207.88,1766.98
S003,2025-08-12,503.42,4279.07
S003,2025-08-13,141.28,1200.88
S003,2025-08-14,325.52,2766.92
S003,2025-08-15,216.13,1837.1
S003,2025-08-16,283.56,2410.26
S003,2025-08-17,177.71,1510.54
S003,2025-08-18,148.51,1262.34
S003,2025-08-19,321.64,2733.94
S003,2025-08-20,367.72,3125.62
S003,2025-08-21,149.45,1270.32
S003,2025-08-22,302.58,2571.93
S003,2025-08-23,281.48,2392.58
S003,2025-08-24,376.66,3201.61
S003,2025-08-25,349.9,2974.15
S003,2025-08-26,300.47,2554.0
S003,2025-08-27,136.1,1156.85
S003,2025-08-28,334.84,2846.14
S003,2025-08-29,258.62,2198.27
S003,2025-08-30,150.87,1282.4
S003,2025-08-31,303.54,2580.09
S003,2025-09-01,158.59,1348.02
S003,2025-09-02,376.56,3200.76
S003,2025-09-03,236.34,2008.89
S003,2025-09-04,148.82,1264.97
S003,2025-09-05,261.19,2220.11
S003,2025-09-06,493.16,4191.86
S003,2025-09-07,315.54,2682.09
S003,2025-09-08,240.24,2042.04
S003,2025-09-09,293.09,2491.26
S003,2025-09-10,244.73,2080.2
S003,2025-09-11,407.69,3465.36
S003,2025-09-12,429.72,3652.62
S003,2025-09-13,222.15,1888.28
S003,2025-09-14,282.75,2403.38
S003,2025-09-15,114.72,975.12
S003,2025-09-16,275.73,2343.7
S003,2025-09-17,413.15,3511.77
S003,2025-09-18,333.76,2836.96
S003,2025-09-19,186.09,1581.76
S003,2025-09-20,365.59,3107.52
S003,2025-09-21,307.14,2610.69
S003,2025-09-22,163.35,1388.48
S003,2025-09-23,422.93,3594.9
S003,2025-09-24,106.37,904.14
S003,2025-09-25,374.18,3180.53
S003,2025-09-26,439.77,3738.04
S003,2025-09-27,247.6,2104.6
S003,2025-09-28,549.12,4667.52
S003,2025-09-29,320.13,2721.1
S003,2025-09-30,281.56,2393.26
S003,2025-10-01,454.96,3867.16
S003,2025-10-02,283.82,2412.47
S003,2025-10-03,223.13,1896.6
S003,2025-10-04,335.41,2850.98
S003,2025-10-05,186.98,1589.33
S003,2025-10-06,378.1,3213.85
S003,2025-10-07,367.86,3126.81
S003,2025-10-08,232.09,1972.76
S003,2025-10-09,336.48,2860.08
S003,2025-10-10,493.32,4193.22
S003,2025-10-11,227.46,1933.41
S003,2025-10-12,219.91,1869.24
S003,2025-10-13,362.93,3084.9
S003,2025-10-14,375.44,3191.24
S003,2025-10-15,347.54,2954.09
S003,2025-10-16,443.52,3769.92
S003,2025-10-17,280.11,2380.94
S003,2025-10-18,69.64,591.94
S003,2025-10-19,220.42,1873.57
S003,2025-10-20,254.1,2159.85
S003,2025-10-21,545.84,4639.64
S003,2025-10-22,400.19,3401.62
S003,2025-10-23,309.45,2630.32
S003,2025-10-24,266.25,2263.12
S003,2025-10-25,360.01,3060.08
S003,2025-10-26,414.15,3520.27
S003,2025-10-27,226.16,1922.36
S003,2025-10-28,279.8,2378.3
S003,2025-10-29,390.07,3315.6
S003,2025-10-30,441.37,3751.64
S003,2025-10-31,461.01,3918.58
S003,2025-11-01,463.16,3936.86
S003,2025-11-02,315.84,2684.64
S003,2025-11-03,485.26,4124.71
S003,2025-11-04,276.93,2353.91
S003,2025-11-05,448.83,3815.06
S003,2025-11-06,452.48,3846.08
S003,2025-11-07,196.22,1667.87
S003,2025-11-08,276.13,2347.1
S003,2025-11-09,503.12,4276.52
S003,2025-11-10,371.39,3156.82
S003,2025-11-11,389.55,3311.18
S003,2025-11-12,338.97,2881.25
S003,2025-11-13,229.33,1949.3
S003,2025-11-14,468.22,3979.87
S003,2025-11-15,259.78,2208.13
S003,2025-11-16,173.5,1474.75
S003,2025-11-17,244.52,2078.42
S003,2025-11-18,275.27,2339.8
S003,2025-11-19,197.42,1678.07
S003,2025-11-20,177.17,1505.94
S003,2025-11-21,497.48,4228.58
S003,2025-11-22,326.75,2777.38
S003,2025-11-23,176.4,1499.4
S003,2025-11-24,285.61,2427.68
S003,2025-11-25,305.95,2600.57
S003,2025-11-26,144.8,1230.8
S003,2025-11-27,386.01,3281.08
S003,2025-11-28,383.67,3261.2
S003,2025-11-29,259.9,2209.15
S003,2025-11-30,450.39,3828.32
S003,2025-12-01,399.7,3397.45
S003,2025-12-02,459.92,3909.32
S003,2025-12-03,123.58,1050.43
S003,2025-12-04,348.63,2963.36
S003,2025-12-05,322.42,2740.57
S003,2025-12-06,229.72,1952.62
S003,2025-12-07,200.75,1706.38
S003,2025-12-08,558.49,4747.16
S003,2025-12-09,341.45,2902.32
S003,2025-12-10,208.64,1773.44
S003,2025-12-11,334.72,2845.12
S003,2025-12-12,241.58,2053.43
S003,2025-12-13,656.47,5580.0
S003,2025-12-14,307.01,2609.58
S003,2025-12-15,402.36,3420.06
S003,2025-12-16,293.76,2496.96
S003,2025-12-17,249.59,2121.52
S003,2025-12-18,252.94,2149.99
S003,2025-12-19,195.02,1657.67
S003,2025-12-20,212.37,1805.14
S003,2025-12-21,429.99,3654.92
S003,2025-12-22,562.43,4780.66
S003,2025-12-23,151.27,1285.8
S003,2025-12-24,277.8,2361.3
S003,2025-12-25,390.6,3320.1
S003,2025-12-26,189.02,1606.67
S003,2025-12-27,387.89,3297.06
S003,2025-12-28,529.18,4498.03
S003,2025-12-29,447.91,3807.24
S003,2025-12-30,358.18,3044.53
S003,2025-12-31,381.47,3242.5
S004,2025-01-01,179.28,1523.88
S004,2025-01-02,122.03,1037.26
S004,2025-01-03,254.73,2165.2
S004,2025-01-04,128.92,1095.82
S004,2025-01-05,122.58,1041.93
S004,2025-01-06,67.61,574.68
S004,2025-01-07,1.24,10.54
S004,2025-01-08,32.3,274.55
S004,2025-01-09,241.68,2054.28
S004,2025-01-10,20.5,174.25
S004,2025-01-11,110.13,936.1
S004,2025-01-12,136.54,1160.59
S004,2025-01-13,178.38,1516.23
S004,2025-01-14,373.43,3174.16
S004,2025-01-15,133.44,1134.24
S004,2025-01-16,85.62,727.77
S004,2025-01-17,121.59,1033.52
S004,2025-01-18,118.26,1005.21
S004,2025-01-19,50.31,427.64
S004,2025-01-20,237.28,2016.88
S004,2025-01-21,103.77,882.04
S004,2025-01-22,72.06,612.51
S004,2025-01-23,23.01,195.58
S004,2025-01-24,50.07,425.6
S004,2025-01-25,138.43,1176.66
S004,2025-01-26,81.97,696.74
S004,2025-01-27,226.22,1922.87
S004,2025-01-28,81.8,695.3
S004,2025-01-29,58.07,493.6
S004,2025-01-30,201.57,1713.34
S004,2025-01-31,207.86,1766.81
S004,2025-02-01,191.47,1627.5
S004,2025-02-02,129.8,1103.3
S004,2025-02-03,85.13,723.6
S004,2025-02-04,157.77,1341.04
S004,2025-02-05,113.64,965.94
S004,2025-02-06,216.59,1841.02
S004,2025-02-07,105.58,897.43
S004,2025-02-08,120.98,1028.33
S004,2025-02-09,76.27,648.29
S004,2025-02-10,188.46,1601.91
S004,2025-02-11,234.89,1996.56
S004,2025-02-12,123.09,1046.27
S004,2025-02-13,212.75,1808.38
S004,2025-02-14,112.51,956.34
S004,2025-02-15,27.52,233.92
S004,2025-02-16,70.99,603.42
S004,2025-02-17,100.01,850.08
S004,2025-02-18,115.76,983.96
S004,2025-02-19,213.05,1810.93
S004,2025-02-20,121.38,1031.73
S004,2025-02-21,91.45,777.32
S004,2025-02-22,96.89,823.56
S004,2025-02-23,162.34,1379.89
S004,2025-02-24,156.76,1332.46
S004,2025-02-25,131.82,1120.47
S004,2025-02-26,11.7,99.45
S004,2025-02-27,145.33,1235.3
S004,2025-02-28,76.67,651.7
S004,2025-03-01,228.34,1940.89
S004,2025-03-02,253.92,2158.32
S004,2025-03-03,145.53,1237.01
S004,2025-03-04,191.18,1625.03
S004,2025-03-05,49.51,420.84
S004,2025-03-06,186.03,1581.26
S004,2025-03-07,213.4,1813.9
S004,2025-03-08,126.62,1076.27
S004,2025-03-09,148.08,1258.68
S004,2025-03-10,52.88,449.48
S004,2025-03-11,319.6,2716.6
S004,2025-03-12,136.52,1160.42
S004,2025-03-13,102.33,869.8
S004,2025-03-14,132.57,1126.84
S004,2025-03-15,186.92,1588.82
S004,2025-03-16,144.11,1224.94
S004,2025-03-17,109.16,927.86
S004,2025-03-18,67.19,571.12
S004,2025-03-19,257.49,2188.66
S004,2025-03-20,225.44,1916.24
S004,2025-03-21,64.0,544.0
S004,2025-03-22,201.78,1715.13
S004,2025-03-23,245.12,2083.52
S004,2025-03-24,154.0,1309.0
S004,2025-03-25,167.07,1420.1
S004,2025-03-26,232.05,1972.43
S004,2025-03-27,135.36,1150.56
S004,2025-03-28,204.9,1741.65
S004,2025-03-29,275.05,2337.93
S004,2025-03-30,202.34,1719.89
S004,2025-03-31,141.09,1199.27
S004,2025-04-01,59.62,506.77
S004,2025-04-02,107.97,917.74
S004,2025-04-03,146.26,1243.21
S004,2025-04-04,409.87,3483.9
S004,2025-04-05,212.11,1802.94
S004,2025-04-06,122.51,1041.34
S004,2025-04-07,317.39,2697.82
S004,2025-04-08,153.93,1308.4
S004,2025-04-09,160.71,1366.04
S004,2025-04-10,112.3,954.55
S004,2025-04-11,209.26,1778.71
S004,2025-04-12,201.1,1709.35
S004,2025-04-13,306.61,2606.18
S004,2025-04-14,108.65,923.53
S004,2025-04-15,130.08,1105.68
S004,2025-04-16,183.92,1563.32
S004,2025-04-17,180.69,1535.86
S004,2025-04-18,134.03,1139.26
S004,2025-04-19,99.85,848.72
S004,2025-04-20,211.1,1794.35
S004,2025-04-21,187.44,1593.24
S004,2025-04-22,148.65,1263.53
S004,2025-04-23,128.37,1091.14
S004,2025-04-24,192.66,1637.61
S004,2025-04-25,126.42,1074.57
S004,2025-04-26,358.95,3051.08
S004,2025-04-27,353.78,3007.13
S004,2025-04-28,316.3,2688.55
S004,2025-04-29,28.45,241.82
S004,2025-04-30,244.11,2074.94
S004,2025-05-01,113.6,965.6
S004,2025-05-02,292.69,2487.86
S004,2025-05-03,277.48,2358.58
S004,2025-05-04,258.46,2196.91
S004,2025-05-05,226.66,1926.61
S004,2025-05-06,203.94,1733.49
S004,2025-05-07,149.98,1274.83
S004,2025-05-08,270.51,2299.34
S004,2025-05-09,284.74,2420.29
S004,2025-05-10,23.07,196.1
S004,2025-05-11,253.45,2154.32
S004,2025-05-12,364.93,3101.9
S004,2025-05-13,177.33,1507.3
S004,2025-05-14,189.96,1614.66
S004,2025-05-15,326.05,2771.42
S004,2025-05-16,140.7,1195.95
S004,2025-05-17,52.14,443.19
S004,2025-05-18,274.21,2330.78
S004,2025-05-19,163.84,1392.64
S004,2025-05-20,136.12,1157.02
S004,2025-05-21,196.15,1667.28
S004,2025-05-22,274.78,2335.63
S004,2025-05-23,134.3,1141.55
S004,2025-05-24,385.75,3278.88
S004,2025-05-25,100.48,854.08
S004,2025-05-26,205.65,1748.02
S004,2025-05-27,207.88,1766.98
S004,2025-05-28,141.15,1199.78
S004,2025-05-29,160.69,1365.86
S004,2025-05-30,219.07,1862.1
S004,2025-05-31,266.31,2263.64
S004,2025-06-01,51.72,439.62
S004,2025-06-02,277.47,2358.5
S004,2025-06-03,210.33,1787.8
S004,2025-06-04,301.07,2559.09
S004,2025-06-05,317.0,2694.5
S004,2025-06-06,142.08,1207.68
S004,2025-06-07,265.97,2260.75
S004,2025-06-08,165.88,1409.98
S004,2025-06-09,135.84,1154.64
S004,2025-06-10,278.79,2369.72
S004,2025-06-11,354.28,3011.38
S004,2025-06-12,139.49,1185.66
S004,2025-06-13,158.54,1347.59
S004,2025-06-14,130.43,1108.66
S004,2025-06-15,209.74,1782.79
S004,2025-06-16,260.81,2216.89
S004,2025-06-17,276.97,2354.25
S004,2025-06-18,253.93,2158.41
S004,2025-06-19,232.19,1973.62
S004,2025-06-20,281.4,2391.9
S004,2025-06-21,196.91,1673.74
S004,2025-06-22,301.69,2564.36
S004,2025-06-23,135.48,1151.58
S004,2025-06-24,264.9,2251.65
S004,2025-06-25,186.73,1587.2
S004,2025-06-26,128.25,1090.12
S004,2025-06-27,166.54,1415.59
S004,2025-06-28,270.71,2301.04
S004,2025-06-29,47.66,405.11
S004,2025-06-30,40.43,343.66
S004,2025-07-01,114.05,969.42
S004,2025-07-02,115.72,983.62
S004,2025-07-03,275.34,2340.39
S004,2025-07-04,180.06,1530.51
S004,2025-07-05,225.13,1913.6
S004,2025-07-06,195.23,1659.46
S004,2025-07-07,413.56,3515.26
S004,2025-07-08,228.46,1941.91
S004,2025-07-09,398.18,3384.53
S004,2025-07-10,177.5,1508.75
S004,2025-07-11,444.92,3781.82
S004,2025-07-12,99.14,842.69
S004,2025-07-13,155.63,1322.86
S004,2025-07-14,315.46,2681.41
S004,2025-07-15,164.33,1396.8
S004,2025-07-16,184.54,1568.59
S004,2025-07-17,213.04,1810.84
S004,2025-07-18,117.82,1001.47
S004,2025-07-19,290.53,2469.5
S004,2025-07-20,331.75,2819.88
S004,2025-07-21,216.77,1842.54
S004,2025-07-22,177.98,1512.83
S004,2025-07-23,249.39,2119.82
S004,2025-07-24,178.04,1513.34
S004,2025-07-25,124.77,1060.54
S004,2025-07-26,122.99,1045.42
S004,2025-07-27,399.9,3399.15
S004,2025-07-28,165.59,1407.52
S004,2025-07-29,269.68,2292.28
S004,2025-07-30,153.79,1307.21
S004,2025-07-31,163.41,1388.98
S004,2025-08-01,155.55,1322.18
S004,2025-08-02,182.68,1552.78
S004,2025-08-03,232.68,1977.78
S004,2025-08-04,214.68,1824.78
S004,2025-08-05,216.82,1842.97
S004,2025-08-06,99.85,848.72
S004,2025-08-07,423.38,3598.73
S004,2025-08-08,384.72,3270.12
S004,2025-08-09,236.96,2014.16
S004,2025-08-10,455.28,3869.88
S004,2025-08-11,166.5,1415.25
S004,2025-08-12,132.29,1124.46
S004,2025-08-13,83.3,708.05
S004,2025-08-14,336.08,2856.68
S004,2025-08-15,344.11,2924.94
S004,2025-08-16,154.22,1310.87
S004,2025-08-17,154.12,1310.02
S004,2025-08-18,236.34,2008.89
S004,2025-08-19,238.27,2025.3
S004,2025-08-20,338.53,2877.5
S004,2025-08-21,214.18,1820.53
S004,2025-08-22,381.96,3246.66
S004,2025-08-23,117.67,1000.2
S004,2025-08-24,240.49,2044.16
S004,2025-08-25,313.35,2663.48
S004,2025-08-26,221.83,1885.56
S004,2025-08-27,356.66,3031.61
S004,2025-08-28,218.03,1853.26
S004,2025-08-29,178.97,1521.24
S004,2025-08-30,396.81,3372.88
S004,2025-08-31,142.43,1210.66
S004,2025-09-01,361.64,3073.94
S004,2025-09-02,192.91,1639.74
S004,2025-09-03,351.49,2987.66
S004,2025-09-04,146.69,1246.86
S004,2025-09-05,169.21,1438.28
S004,2025-09-06,98.85,840.22
S004,2025-09-07,323.82,2752.47
S004,2025-09-08,168.59,1433.02
S004,2025-09-09,182.79,1553.72
S004,2025-09-10,189.05,1606.93
S004,2025-09-11,295.35,2510.48
S004,2025-09-12,247.54,2104.09
S004,2025-09-13,340.67,2895.7
S004,2025-09-14,288.3,2450.55
S004,2025-09-15,200.99,1708.42
S004,2025-09-16,317.33,2697.3
S004,2025-09-17,332.59,2827.02
S004,2025-09-18,208.07,1768.6
S004,2025-09-19,192.89,1639.56
S004,2025-09-20,215.06,1828.01
S004,2025-09-21,166.91,1418.74
S004,2025-09-22,267.29,2271.96
S004,2025-09-23,310.35,2637.98
S004,2025-09-24,275.34,2340.39
S004,2025-09-25,201.97,1716.74
S004,2025-09-26,95.05,807.92
S004,2025-09-27,213.22,1812.37
S004,2025-09-28,261.83,2225.55
S004,2025-09-29,242.44,2060.74
S004,2025-09-30,228.4,1941.4
S004,2025-10-01,260.23,2211.96
S004,2025-10-02,322.67,2742.7
S004,2025-10-03,140.5,1194.25
S004,2025-10-04,307.59,2614.52
S004,2025-10-05,410.11,3485.94
S004,2025-10-06,213.46,1814.41
S004,2025-10-07,177.63,1509.86
S004,2025-10-08,402.38,3420.23
S004,2025-10-09,240.28,2042.38
S004,2025-10-10,345.23,2934.46
S004,2025-10-11,203.35,1728.48
S004,2025-10-12,502.91,4274.74
S004,2025-10-13,168.74,1434.29
S004,2025-10-14,165.97,1410.74
S004,2025-10-15,468.66,3983.61
S004,2025-10-16,229.87,1953.9
S004,2025-10-17,340.66,2895.61
S004,2025-10-18,454.06,3859.51
S004,2025-10-19,271.98,2311.83
S004,2025-10-20,202.16,1718.36
S004,2025-10-21,279.17,2372.95
S004,2025-10-22,252.34,2144.89
S004,2025-10-23,176.58,1500.93
S004,2025-10-24,198.18,1684.53
S004,2025-10-25,165.28,1404.88
S004,2025-10-26,312.5,2656.25
S004,2025-10-27,276.27,2348.3
S004,2025-10-28,161.22,1370.37
S004,2025-10-29,193.9,1648.15
S004,2025-10-30,294.8,2505.8
S004,2025-10-31,394.64,3354.44
S004,2025-11-01,244.57,2078.84
S004,2025-11-02,176.28,1498.38
S004,2025-11-03,396.62,3371.27
S004,2025-11-04,316.98,2694.33
S004,2025-11-05,398.29,3385.46
S004,2025-11-06,320.38,2723.23
S004,2025-11-07,322.42,2740.57
S004,2025-11-08,356.53,3030.5
S004,2025-11-09,215.19,1829.12
S004,2025-11-10,244.76,2080.46
S004,2025-11-11,322.11,2737.94
S004,2025-11-12,220.78,1876.63
S004,2025-11-13,135.88,1154.98
S004,2025-11-14,365.32,3105.22
S004,2025-11-15,240.85,2047.22
S004,2025-11-16,327.92,2787.32
S004,2025-11-17,201.12,1709.52
S004,2025-11-18,332.1,2822.85
S004,2025-11-19,107.39,912.82
S004,2025-11-20,283.31,2408.14
S004,2025-11-21,324.89,2761.56
S004,2025-11-22,129.8,1103.3
S004,2025-11-23,279.11,2372.44
S004,2025-11-24,190.42,1618.57
S004,2025-11-25,264.6,2249.1
S004,2025-11-26,275.94,2345.49
S004,2025-11-27,250.0,2125.0
S004,2025-11-28,288.7,2453.95
S004,2025-11-29,178.05,1513.43
S004,2025-11-30,129.98,1104.83
S004,2025-12-01,289.73,2462.7
S004,2025-12-02,264.01,2244.08
S004,2025-12-03,489.55,4161.18
S004,2025-12-04,278.44,2366.74
S004,2025-12-05,242.72,2063.12
S004,2025-12-06,259.33,2204.3
S004,2025-12-07,200.74,1706.29
S004,2025-12-08,95.13,808.6
S004,2025-12-09,252.12,2143.02
S004,2025-12-10,359.32,3054.22
S004,2025-12-11,243.58,2070.43
S004,2025-12-12,140.24,1192.04
S004,2025-12-13,140.99,1198.42
S004,2025-12-14,165.2,1404.2
S004,2025-12-15,251.26,2135.71
S004,2025-12-16,264.29,2246.46
S004,2025-12-17,336.16,2857.36
S004,2025-12-18,349.5,2970.75
S004,2025-12-19,407.33,3462.3
S004,2025-12-20,389.06,3307.01
S004,2025-12-21,319.39,2714.82
S004,2025-12-22,161.43,1372.16
S004,2025-12-23,344.8,2930.8
S004,2025-12-24,199.68,1697.28
S004,2025-12-25,473.27,4022.8
S004,2025-12-26,335.88,2854.98
S004,2025-12-27,505.9,4300.15
S004,2025-12-28,291.1,2474.35
S004,2025-12-29,180.74,1536.29
S004,2025-12-30,446.53,3795.5
S004,2025-12-31,362.84,3084.14
S005,2025-01-01,158.8,1349.8
S005,2025-01-02,150.7,1280.95
S005,2025-01-03,228.78,1944.63
S005,2025-01-04,88.1,748.85
S005,2025-01-05,202.22,1718.87
S005,2025-01-06,13.16,111.86
S005,2025-01-07,170.6,1450.1
S005,2025-01-08,151.35,1286.47
S005,2025-01-09,152.47,1295.99
S005,2025-01-10,115.68,983.28
S005,2025-01-11,66.32,563.72
S005,2025-01-12,136.57,1160.84
S005,2025-01-13,92.5,786.25
S005,2025-01-14,108.66,923.61
S005,2025-01-15,85.19,724.12
S005,2025-01-16,236.69,2011.86
S005,2025-01-17,107.97,917.74
S005,2025-01-18,354.87,3016.4
S005,2025-01-19,140.66,1195.61
S005,2025-01-20,166.22,1412.87
S005,2025-01-21,158.63,1348.36
S005,2025-01-22,100.89,857.56
S005,2025-01-23,60.91,517.74
S005,2025-01-24,188.45,1601.82
S005,2025-01-25,70.77,601.54
S005,2025-01-26,129.99,1104.92
S005,2025-01-27,243.04,2065.84
S005,2025-01-28,117.59,999.52
S005,2025-01-29,152.15,1293.28
S005,2025-01-30,221.6,1883.6
S005,2025-01-31,109.13,927.6
S005,2025-02-01,181.0,1538.5
S005,2025-02-02,156.7,1331.95
S005,2025-02-03,216.14,1837.19
S005,2025-02-04,159.87,1358.9
S005,2025-02-05,98.7,838.95
S005,2025-02-06,193.08,1641.18
S005,2025-02-07,167.57,1424.34
S005,2025-02-08,119.48,1015.58
S005,2025-02-09,30.99,263.41
S005,2025-02-10,20.22,171.87
S005,2025-02-11,189.73,1612.7
S005,2025-02-12,205.46,1746.41
S005,2025-02-13,170.21,1446.78
S005,2025-02-14,133.04,1130.84
S005,2025-02-15,270.53,2299.5
S005,2025-02-16,108.45,921.82
S005,2025-02-17,128.73,1094.2
S005,2025-02-18,157.16,1335.86
S005,2025-02-19,84.49,718.16
S005,2025-02-20,194.87,1656.4
S005,2025-02-21,286.13,2432.1
S005,2025-02-22,132.62,1127.27
S005,2025-02-23,133.87,1137.9
S005,2025-02-24,263.58,2240.43
S005,2025-02-25,247.88,2106.98
S005,2025-02-26,245.23,2084.46
S005,2025-02-27,81.4,691.9
S005,2025-02-28,39.5,335.75
S005,2025-03-01,155.26,1319.71
S005,2025-03-02,39.41,334.98
S005,2025-03-03,149.43,1270.16
S005,2025-03-04,72.32,614.72
S005,2025-03-05,275.09,2338.26
S005,2025-03-06,294.92,2506.82
S005,2025-03-07,152.33,1294.8
S005,2025-03-08,23.44,199.24
S005,2025-03-09,306.72,2607.12
S005,2025-03-10,156.04,1326.34
S005,2025-03-11,252.18,2143.53
S005,2025-03-12,122.32,1039.72
S005,2025-03-13,125.15,1063.78
S005,2025-03-14,107.43,913.16
S005,2025-03-15,129.92,1104.32
S005,2025-03-16,119.66,1017.11
S005,2025-03-17,240.93,2047.9
S005,2025-03-18,269.69,2292.36
S005,2025-03-19,185.59,1577.52
S005,2025-03-20,370.53,3149.5
S005,2025-03-21,146.7,1246.95
S005,2025-03-22,228.06,1938.51
S005,2025-03-23,208.99,1776.42
S005,2025-03-24,180.01,1530.08
S005,2025-03-25,293.85,2497.73
S005,2025-03-26,63.6,540.6
S005,2025-03-27,73.35,623.47
S005,2025-03-28,122.73,1043.2
S005,2025-03-29,140.47,1193.99
S005,2025-03-30,73.8,627.3
S005,2025-03-31,156.46,1329.91
S005,2025-04-01,192.07,1632.6
S005,2025-04-02,197.66,1680.11
S005,2025-04-03,166.63,1416.36
S005,2025-04-04,90.48,769.08
S005,2025-04-05,135.33,1150.3
S005,2025-04-06,105.44,896.24
S005,2025-04-07,163.11,1386.44
S005,2025-04-08,227.92,1937.32
S005,2025-04-09,478.23,4064.96
S005,2025-04-10,205.65,1748.02
S005,2025-04-11,103.45,879.32
S005,2025-04-12,257.75,2190.88
S005,2025-04-13,243.32,2068.22
S005,2025-04-14,240.64,2045.44
S005,2025-04-15,303.26,2577.71
S005,2025-04-16,357.69,3040.36
S005,2025-04-17,256.85,2183.23
S005,2025-04-18,123.24,1047.54
S005,2025-04-19,58.54,497.59
S005,2025-04-20,104.68,889.78
S005,2025-04-21,172.45,1465.82
S005,2025-04-22,245.92,2090.32
S005,2025-04-23,168.03,1428.26
S005,2025-04-24,28.59,243.02
S005,2025-04-25,252.07,2142.59
S005,2025-04-26,199.84,1698.64
S005,2025-04-27,191.51,1627.84
S005,2025-04-28,380.41,3233.48
S005,2025-04-29,174.39,1482.31
S005,2025-04-30,197.39,1677.81
S005,2025-05-01,82.64,702.44
S005,2025-05-02,261.19,2220.11
S005,2025-05-03,173.43,1474.16
S005,2025-05-04,333.45,2834.32
S005,2025-05-05,99.85,848.72
S005,2025-05-06,160.62,1365.27
S005,2025-05-07,400.0,3400.0
S005,2025-05-08,102.15,868.28
S005,2025-05-09,220.64,1875.44
S005,2025-05-10,333.48,2834.58
S005,2025-05-11,348.33,2960.8
S005,2025-05-12,240.49,2044.16
S005,2025-05-13,123.7,1051.45
S005,2025-05-14,333.54,2835.09
S005,2025-05-15,248.12,2109.02
S005,2025-05-16,117.26,996.71
S005,2025-05-17,117.96,1002.66
S005,2025-05-18,266.37,2264.14
S005,2025-05-19,249.39,2119.82
S005,2025-05-20,203.69,1731.36
S005,2025-05-21,285.95,2430.57
S005,2025-05-22,258.61,2198.18
S005,2025-05-23,225.02,1912.67
S005,2025-05-24,179.72,1527.62
S005,2025-05-25,178.82,1519.97
S005,2025-05-26,212.82,1808.97
S005,2025-05-27,210.72,1791.12
S005,2025-05-28,88.49,752.16
S005,2025-05-29,355.06,3018.01
S005,2025-05-30,50.62,430.27
S005,2025-05-31,155.59,1322.52
S005,2025-06-01,299.52,2545.92
S005,2025-06-02,188.96,1606.16
S005,2025-06-03,198.92,1690.82
S005,2025-06-04,225.83,1919.56
S005,2025-06-05,324.79,2760.72
S005,2025-06-06,238.68,2028.78
S005,2025-06-07,328.79,2794.72
S005,2025-06-08,416.31,3538.64
S005,2025-06-09,198.71,1689.04
S005,2025-06-10,123.05,1045.92
S005,2025-06-11,352.76,2998.46
S005,2025-06-12,275.29,2339.96
S005,2025-06-13,336.78,2862.63
S005,2025-06-14,145.57,1237.34
S005,2025-06-15,253.85,2157.72
S005,2025-06-16,225.37,1915.64
S005,2025-06-17,144.91,1231.73
S005,2025-06-18,365.56,3107.26
S005,2025-06-19,174.04,1479.34
S005,2025-06-20,270.26,2297.21
S005,2025-06-21,97.49,828.66
S005,2025-06-22,158.34,1345.89
S005,2025-06-23,169.19,1438.12
S005,2025-06-24,138.54,1177.59
S005,2025-06-25,316.45,2689.82
S005,2025-06-26,331.86,2820.81
S005,2025-06-27,174.74,1485.29
S005,2025-06-28,237.51,2018.84
S005,2025-06-29,252.86,2149.31
S005,2025-06-30,211.45,1797.32
S005,2025-07-01,204.2,1735.7
S005,2025-07-02,457.04,3884.84
S005,2025-07-03,112.53,956.5
S005,2025-07-04,262.02,2227.17
S005,2025-07-05,307.85,2616.73
S005,2025-07-06,295.57,2512.34
S005,2025-07-07,228.13,1939.1
S005,2025-07-08,230.01,1955.08
S005,2025-07-09,227.38,1932.73
S005,2025-07-10,252.1,2142.85
S005,2025-07-11,361.82,3075.47
S005,2025-07-12,186.02,1581.17
S005,2025-07-13,145.56,1237.26
S005,2025-07-14,309.54,2631.09
S005,2025-07-15,160.28,1362.38
S005,2025-07-16,64.68,549.78
S005,2025-07-17,267.86,2276.81
S005,2025-07-18,274.48,2333.08
S005,2025-07-19,342.41,2910.48
S005,2025-07-20,350.1,2975.85
S005,2025-07-21,304.31,2586.64
S005,2025-07-22,130.93,1112.9
S005,2025-07-23,314.53,2673.5
S005,2025-07-24,404.25,3436.12
S005,2025-07-25,79.43,675.16
S005,2025-07-26,367.28,3121.88
S005,2025-07-27,123.33,1048.3
S005,2025-07-28,393.78,3347.13
S005,2025-07-29,212.87,1809.4
S005,2025-07-30,147.56,1254.26
S005,2025-07-31,177.98,1512.83
S005,2025-08-01,302.68,2572.78
S005,2025-08-02,194.08,1649.68
S005,2025-08-03,232.53,1976.5
S005,2025-08-04,207.38,1762.73
S005,2025-08-05,304.42,2587.57
S005,2025-08-06,262.05,2227.43
S005,2025-08-07,362.05,3077.42
S005,2025-08-08,241.14,2049.69
S005,2025-08-09,335.9,2855.15
S005,2025-08-10,122.89,1044.56
S005,2025-08-11,197.53,1679.0
S005,2025-08-12,142.19,1208.62
S005,2025-08-13,293.79,2497.22
S005,2025-08-14,190.26,1617.21
S005,2025-08-15,274.77,2335.54
S005,2025-08-16,197.49,1678.66
S005,2025-08-17,335.58,2852.43
S005,2025-08-18,590.96,5023.16
S005,2025-08-19,207.26,1761.71
S005,2025-08-20,232.56,1976.76
S005,2025-08-21,105.26,894.71
S005,2025-08-22,114.95,977.08
S005,2025-08-23,339.78,2888.13
S005,2025-08-24,279.6,2376.6
S005,2025-08-25,195.52,1661.92
S005,2025-08-26,274.17,2330.45
S005,2025-08-27,227.36,1932.56
S005,2025-08-28,267.36,2272.56
S005,2025-08-29,287.03,2439.75
S005,2025-08-30,310.51,2639.34
S005,2025-08-31,247.4,2102.9
S005,2025-09-01,284.25,2416.12
S005,2025-09-02,265.4,2255.9
S005,2025-09-03,394.75,3355.38
S005,2025-09-04,287.28,2441.88
S005,2025-09-05,404.48,3438.08
S005,2025-09-06,373.76,3176.96
S005,2025-09-07,289.86,2463.81
S005,2025-09-08,218.14,1854.19
S005,2025-09-09,358.44,3046.74
S005,2025-09-10,408.33,3470.8
S005,2025-09-11,224.6,1909.1
S005,2025-09-12,130.95,1113.07
S005,2025-09-13,317.02,2694.67
S005,2025-09-14,219.61,1866.69
S005,2025-09-15,186.94,1588.99
S005,2025-09-16,337.6,2869.6
S005,2025-09-17,151.67,1289.2
S005,2025-09-18,444.69,3779.86
S005,2025-09-19,450.15,3826.27
S005,2025-09-20,156.66,1331.61
S005,2025-09-21,225.27,1914.8
S005,2025-09-22,342.13,2908.1
S005,2025-09-23,286.7,2436.95
S005,2025-09-24,247.89,2107.06
S005,2025-09-25,384.16,3265.36
S005,2025-09-26,309.43,2630.16
S005,2025-09-27,297.22,2526.37
S005,2025-09-28,223.77,1902.04
S005,2025-09-29,294.47,2503.0
S005,2025-09-30,168.38,1431.23
S005,2025-10-01,195.98,1665.83
S005,2025-10-02,404.33,3436.8
S005,2025-10-03,390.77,3321.54
S005,2025-10-04,416.51,3540.34
S005,2025-10-05,308.0,2618.0
S005,2025-10-06,554.78,4715.63
S005,2025-10-07,286.84,2438.14
S005,2025-10-08,227.68,1935.28
S005,2025-10-09,494.7,4204.95
S005,2025-10-10,190.33,1617.8
S005,2025-10-11,441.28,3750.88
S005,2025-10-12,217.46,1848.41
S005,2025-10-13,267.03,2269.75
S005,2025-10-14,186.67,1586.7
S005,2025-10-15,188.46,1601.91
S005,2025-10-16,514.42,4372.57
S005,2025-10-17,393.21,3342.28
S005,2025-10-18,179.48,1525.58
S005,2025-10-19,290.31,2467.64
S005,2025-10-20,345.17,2933.94
S005,2025-10-21,364.35,3096.98
S005,2025-10-22,367.91,3127.24
S005,2025-10-23,239.89,2039.06
S005,2025-10-24,257.39,2187.82
S005,2025-10-25,281.64,2393.94
S005,2025-10-26,500.5,4254.25
S005,2025-10-27,484.39,4117.31
S005,2025-10-28,341.42,2902.07
S005,2025-10-29,282.83,2404.05
S005,2025-10-30,301.65,2564.02
S005,2025-10-31,177.11,1505.44
S005,2025-11-01,232.44,1975.74
S005,2025-11-02,362.5,3081.25
S005,2025-11-03,208.29,1770.46
S005,2025-11-04,295.41,2510.98
S005,2025-11-05,373.54,3175.09
S005,2025-11-06,253.75,2156.88
S005,2025-11-07,364.53,3098.5
S005,2025-11-08,290.95,2473.07
S005,2025-11-09,428.81,3644.88
S005,2025-11-10,363.68,3091.28
S005,2025-11-11,335.62,2852.77
S005,2025-11-12,228.38,1941.23
S005,2025-11-13,456.25,3878.12
S005,2025-11-14,425.82,3619.47
S005,2025-11-15,352.07,2992.6
S005,2025-11-16,120.52,1024.42
S005,2025-11-17,449.68,3822.28
S005,2025-11-18,307.54,2614.09
S005,2025-11-19,358.18,3044.53
S005,2025-11-20,287.83,2446.55
S005,2025-11-21,335.03,2847.75
S005,2025-11-22,338.56,2877.76
S005,2025-11-23,349.42,2970.07
S005,2025-11-24,331.5,2817.75
S005,2025-11-25,468.97,3986.25
S005,2025-11-26,409.41,3479.98
S005,2025-11-27,332.54,2826.59
S005,2025-11-28,170.71,1451.04
S005,2025-11-29,545.11,4633.44
S005,2025-11-30,219.86,1868.81
S005,2025-12-01,217.85,1851.72
S005,2025-12-02,635.85,5404.72
S005,2025-12-03,175.55,1492.18
S005,2025-12-04,375.33,3190.3
S005,2025-12-05,301.75,2564.88
S005,2025-12-06,514.14,4370.19
S005,2025-12-07,312.7,2657.95
S005,2025-12-08,232.99,1980.42
S005,2025-12-09,381.68,3244.28
S005,2025-12-10,297.85,2531.73
S005,2025-12-11,395.63,3362.86
S005,2025-12-12,216.09,1836.76
S005,2025-12-13,392.74,3338.29
S005,2025-12-14,251.5,2137.75
S005,2025-12-15,255.25,2169.62
S005,2025-12-16,420.94,3577.99
S005,2025-12-17,266.31,2263.64
S005,2025-12-18,243.2,2067.2
S005,2025-12-19,471.14,4004.69
S005,2025-12-20,327.4,2782.9
S005,2025-12-21,368.87,3135.4
S005,2025-12-22,519.55,4416.17
S005,2025-12-23,217.73,1850.7
S005,2025-12-24,202.6,1722.1
S005,2025-12-25,322.19,2738.62
S005,2025-12-26,330.18,2806.53
S005,2025-12-27,379.9,3229.15
S005,2025-12-28,151.13,1284.6
S005,2025-12-29,234.61,1994.19
S005,2025-12-30,299.9,2549.15
S005,2025-12-31,282.57,2401.84
S006,2025-01-01,130.42,1108.57
S006,2025-01-02,93.29,792.96
S006,2025-01-03,204.73,1740.2
S006,2025-01-04,160.9,1367.65
S006,2025-01-05,294.53,2503.5
S006,2025-01-06,120.88,1027.48
S006,2025-01-07,237.05,2014.93
S006,2025-01-08,266.06,2261.51
S006,2025-01-09,158.98,1351.33
S006,2025-01-10,205.49,1746.66
S006,2025-01-11,91.28,775.88
S006,2025-01-12,239.18,2033.03
S006,2025-01-13,267.41,2272.98
S006,2025-01-14,181.9,1546.15
S006,2025-01-15,225.15,1913.78
S006,2025-01-16,199.18,1693.03
S006,2025-01-17,234.9,1996.65
S006,2025-01-18,90.02,765.17
S006,2025-01-19,270.24,2297.04
S006,2025-01-20,203.71,1731.54
S006,2025-01-21,198.8,1689.8
S006,2025-01-22,238.04,2023.34
S006,2025-01-23,215.76,1833.96
S006,2025-01-24,221.93,1886.4
S006,2025-01-25,182.73,1553.2
S006,2025-01-26,290.11,2465.94
S006,2025-01-27,236.34,2008.89
S006,2025-01-28,176.65,1501.52
S006,2025-01-29,173.58,1475.43
S006,2025-01-30,98.33,835.8
S006,2025-01-31,307.74,2615.79
S006,2025-02-01,235.21,1999.28
S006,2025-02-02,116.14,987.19
S006,2025-02-03,236.59,2011.02
S006,2025-02-04,259.74,2207.79
S006,2025-02-05,108.0,918.0
S006,2025-02-06,201.75,1714.88
S006,2025-02-07,182.22,1548.87
S006,2025-02-08,272.65,2317.52
S006,2025-02-09,217.04,1844.84
S006,2025-02-10,175.53,1492.0
S006,2025-02-11,329.7,2802.45
S006,2025-02-12,169.88,1443.98
S006,2025-02-13,220.06,1870.51
S006,2025-02-14,287.5,2443.75
S006,2025-02-15,344.04,2924.34
S006,2025-02-16,257.42,2188.07
S006,2025-02-17,208.59,1773.02
S006,2025-02-18,149.06,1267.01
S006,2025-02-19,248.92,2115.82
S006,2025-02-20,172.98,1470.33
S006,2025-02-21,147.79,1256.21
S006,2025-02-22,98.86,840.31
S006,2025-02-23,165.77,1409.04
S006,2025-02-24,309.5,2630.75
S006,2025-02-25,243.27,2067.8
S006,2025-02-26,48.36,411.06
S006,2025-02-27,204.83,1741.06
S006,2025-02-28,336.11,2856.94
S006,2025-03-01,238.87,2030.4
S006,2025-03-02,223.55,1900.18
S006,2025-03-03,296.19,2517.61
S006,2025-03-04,192.14,1633.19
S006,2025-03-05,114.05,969.42
S006,2025-03-06,328.86,2795.31
S006,2025-03-07,246.62,2096.27
S006,2025-03-08,213.88,1817.98
S006,2025-03-09,111.19,945.12
S006,2025-03-10,308.85,2625.23
S006,2025-03-11,303.92,2583.32
S006,2025-03-12,243.96,2073.66
S006,2025-03-13,386.48,3285.08
S006,2025-03-14,138.87,1180.4
S006,2025-03-15,123.73,1051.7
S006,2025-03-16,99.42,845.07
S006,2025-03-17,345.93,2940.4
S006,2025-03-18,185.0,1572.5
S006,2025-03-19,209.82,1783.47
S006,2025-03-20,185.72,1578.62
S006,2025-03-21,274.84,2336.14
S006,2025-03-22,152.36,1295.06
S006,2025-03-23,315.57,2682.34
S006,2025-03-24,349.52,2970.92
S006,2025-03-25,262.66,2232.61
S006,2025-03-26,273.48,2324.58
S006,2025-03-27,295.6,2512.6
S006,2025-03-28,199.97,1699.74
S006,2025-03-29,192.52,1636.42
S006,2025-03-30,219.87,1868.9
S006,2025-03-31,124.39,1057.32
S006,2025-04-01,550.3,4677.55
S006,2025-04-02,172.18,1463.53
S006,2025-04-03,241.03,2048.76
S006,2025-04-04,191.01,1623.58
S006,2025-04-05,212.42,1805.57
S006,2025-04-06,118.93,1010.91
S006,2025-04-07,241.05,2048.93
S006,2025-04-08,364.77,3100.54
S006,2025-04-09,138.0,1173.0
S006,2025-04-10,168.1,1428.85
S006,2025-04-11,323.3,2748.05
S006,2025-04-12,314.86,2676.31
S006,2025-04-13,366.15,3112.27
S006,2025-04-14,237.78,2021.13
S006,2025-04-15,61.4,521.9
S006,2025-04-16,240.47,2044.0
S006,2025-04-17,306.33,2603.8
S006,2025-04-18,212.23,1803.96
S006,2025-04-19,370.77,3151.54
S006,2025-04-20,162.27,1379.3
S006,2025-04-21,514.76,4375.46
S006,2025-04-22,403.58,3430.43
S006,2025-04-23,291.61,2478.68
S006,2025-04-24,163.82,1392.47
S006,2025-04-25,166.05,1411.43
S006,2025-04-26,154.43,1312.66
S006,2025-04-27,219.19,1863.12
S006,2025-04-28,161.29,1370.96
S006,2025-04-29,350.66,2980.61
S006,2025-04-30,177.95,1512.57
S006,2025-05-01,341.3,2901.05
S006,2025-05-02,283.39,2408.82
S006,2025-05-03,257.14,2185.69
S006,2025-05-04,216.93,1843.9
S006,2025-05-05,347.75,2955.88
S006,2025-05-06,208.29,1770.46
S006,2025-05-07,317.04,2694.84
S006,2025-05-08,405.9,3450.15
S006,2025-05-09,306.53,2605.5
S006,2025-05-10,120.76,1026.46
S006,2025-05-11,265.15,2253.77
S006,2025-05-12,230.51,1959.34
S006,2025-05-13,381.46,3242.41
S006,2025-05-14,197.44,1678.24
S006,2025-05-15,271.16,2304.86
S006,2025-05-16,391.71,3329.54
S006,2025-05-17,219.51,1865.84
S006,2025-05-18,254.26,2161.21
S006,2025-05-19,208.27,1770.3
S006,2025-05-20,346.72,2947.12
S006,2025-05-21,308.54,2622.59
S006,2025-05-22,300.35,2552.98
S006,2025-05-23,382.89,3254.56
S006,2025-05-24,379.5,3225.75
S006,2025-05-25,225.93,1920.4
S006,2025-05-26,184.61,1569.19
S006,2025-05-27,413.98,3518.83
S006,2025-05-28,272.88,2319.48
S006,2025-05-29,177.63,1509.86
S006,2025-05-30,532.5,4526.25
S006,2025-05-31,394.55,3353.68
S006,2025-06-01,460.67,3915.7
S006,2025-06-02,211.28,1795.88
S006,2025-06-03,250.2,2126.7
S006,2025-06-04,321.42,2732.07
S006,2025-06-05,325.9,2770.15
S006,2025-06-06,390.69,3320.86
S006,2025-06-07,529.49,4500.66
S006,2025-06-08,247.17,2100.94
S006,2025-06-09,320.63,2725.36
S006,2025-06-10,241.17,2049.94
S006,2025-06-11,618.33,5255.8
S006,2025-06-12,270.19,2296.61
S006,2025-06-13,353.19,3002.12
S006,2025-06-14,212.44,1805.74
S006,2025-06-15,285.16,2423.86
S006,2025-06-16,450.12,3826.02
S006,2025-06-17,451.85,3840.73
S006,2025-06-18,240.34,2042.89
S006,2025-06-19,27.83,236.55
S006,2025-06-20,365.13,3103.6
S006,2025-06-21,193.49,1644.66
S006,2025-06-22,254.83,2166.06
S006,2025-06-23,140.08,1190.68
S006,2025-06-24,284.44,2417.74
S006,2025-06-25,214.47,1823.0
S006,2025-06-26,311.44,2647.24
S006,2025-06-27,154.03,1309.26
S006,2025-06-28,150.97,1283.24
S006,2025-06-29,339.83,2888.56
S006,2025-06-30,380.85,3237.23
S006,2025-07-01,195.69,1663.36
S006,2025-07-02,425.31,3615.14
S006,2025-07-03,326.01,2771.08
S006,2025-07-04,555.03,4717.76
S006,2025-07-05,153.07,1301.1
S006,2025-07-06,291.75,2479.88
S006,2025-07-07,462.86,3934.31
S006,2025-07-08,224.71,1910.04
S006,2025-07-09,253.6,2155.6
S006,2025-07-10,245.96,2090.66
S006,2025-07-11,276.49,2350.16
S006,2025-07-12,294.25,2501.12
S006,2025-07-13,239.32,2034.22
S006,2025-07-14,348.18,2959.53
S006,2025-07-15,279.06,2372.01
S006,2025-07-16,260.35,2212.98
S006,2025-07-17,493.1,4191.35
S006,2025-07-18,441.36,3751.56
S006,2025-07-19,227.36,1932.56
S006,2025-07-20,299.36,2544.56
S006,2025-07-21,315.22,2679.37
S006,2025-07-22,332.48,2826.08
S006,2025-07-23,299.98,2549.83
S006,2025-07-24,378.73,3219.2
S006,2025-07-25,101.84,865.64
S006,2025-07-26,410.57,3489.84
S006,2025-07-27,255.48,2171.58
S006,2025-07-28,209.83,1783.56
S006,2025-07-29,358.12,3044.02
S006,2025-07-30,426.37,3624.14
S006,2025-07-31,412.95,3510.08
S006,2025-08-01,394.43,3352.66
S006,2025-08-02,242.19,2058.61
S006,2025-08-03,593.26,5042.71
S006,2025-08-04,323.68,2751.28
S006,2025-08-05,489.29,4158.96
S006,2025-08-06,500.22,4251.87
S006,2025-08-07,264.84,2251.14
S006,2025-08-08,222.99,1895.42
S006,2025-08-09,395.46,3361.41
S006,2025-08-10,387.22,3291.37
S006,2025-08-11,534.2,4540.7
S006,2025-08-12,364.24,3096.04
S006,2025-08-13,310.67,2640.7
S006,2025-08-14,454.85,3866.23
S006,2025-08-15,318.05,2703.42
S006,2025-08-16,368.97,3136.25
S006,2025-08-17,291.81,2480.39
S006,2025-08-18,411.39,3496.82
S006,2025-08-19,382.54,3251.59
S006,2025-08-20,322.8,2743.8
S006,2025-08-21,635.34,5400.39
S006,2025-08-22,236.92,2013.82
S006,2025-08-23,251.84,2140.64
S006,2025-08-24,191.25,1625.62
S006,2025-08-25,320.99,2728.42
S006,2025-08-26,330.81,2811.88
S006,2025-08-27,354.67,3014.7
S006,2025-08-28,541.51,4602.84
S006,2025-08-29,368.0,3128.0
S006,2025-08-30,402.91,3424.74
S006,2025-08-31,536.38,4559.23
S006,2025-09-01,559.65,4757.02
S006,2025-09-02,319.79,2718.22
S006,2025-09-03,275.1,2338.35
S006,2025-09-04,280.04,2380.34
S006,2025-09-05,398.61,3388.18
S006,2025-09-06,392.04,3332.34
S006,2025-09-07,463.82,3942.47
S006,2025-09-08,641.32,5451.22
S006,2025-09-09,339.93,2889.4
S006,2025-09-10,567.21,4821.28
S006,2025-09-11,181.65,1544.02
S006,2025-09-12,352.56,2996.76
S006,2025-09-13,370.52,3149.42
S006,2025-09-14,310.47,2639.0
S006,2025-09-15,185.9,1580.15
S006,2025-09-16,300.2,2551.7
S006,2025-09-17,470.45,3998.82
S006,2025-09-18,187.9,1597.15
S006,2025-09-19,265.71,2258.54
S006,2025-09-20,411.86,3500.81
S006,2025-09-21,480.2,4081.7
S006,2025-09-22,573.64,4875.94
S006,2025-09-23,394.17,3350.44
S006,2025-09-24,370.42,3148.57
S006,2025-09-25,396.21,3367.78
S006,2025-09-26,276.57,2350.84
S006,2025-09-27,276.84,2353.14
S006,2025-09-28,197.19,1676.12
S006,2025-09-29,425.27,3614.8
S006,2025-09-30,562.89,4784.56
S006,2025-10-01,285.41,2425.98
S006,2025-10-02,452.8,3848.8
S006,2025-10-03,306.62,2606.27
S006,2025-10-04,493.48,4194.58
S006,2025-10-05,328.98,2796.33
S006,2025-10-06,562.54,4781.59
S006,2025-10-07,599.37,5094.65
S006,2025-10-08,514.27,4371.3
S006,2025-10-09,383.88,3262.98
S006,2025-10-10,179.55,1526.18
S006,2025-10-11,547.94,4657.49
S006,2025-10-12,303.22,2577.37
S006,2025-10-13,398.33,3385.8
S006,2025-10-14,573.25,4872.62
S006,2025-10-15,378.86,3220.31
S006,2025-10-16,549.86,4673.81
S006,2025-10-17,311.18,2645.03
S006,2025-10-18,470.51,3999.34
S006,2025-10-19,363.48,3089.58
S006,2025-10-20,297.49,2528.66
S006,2025-10-21,345.2,2934.2
S006,2025-10-22,366.87,3118.4
S006,2025-10-23,242.5,2061.25
S006,2025-10-24,444.69,3779.86
S006,2025-10-25,525.93,4470.4
S006,2025-10-26,589.12,5007.52
S006,2025-10-27,275.56,2342.26
S006,2025-10-28,136.3,1158.55
S006,2025-10-29,332.05,2822.42
S006,2025-10-30,480.46,4083.91
S006,2025-10-31,538.1,4573.85
S006,2025-11-01,286.37,2434.14
S006,2025-11-02,287.22,2441.37
S006,2025-11-03,309.97,2634.75
S006,2025-11-04,325.58,2767.43
S006,2025-11-05,484.13,4115.1
S006,2025-11-06,424.1,3604.85
S006,2025-11-07,564.55,4798.67
S006,2025-11-08,277.25,2356.62
S006,2025-11-09,642.46,5460.91
S006,2025-11-10,597.59,5079.52
S006,2025-11-11,678.83,5770.06
S006,2025-11-12,439.05,3731.92
S006,2025-11-13,426.47,3625.0
S006,2025-11-14,361.24,3070.54
S006,2025-11-15,245.53,2087.0
S006,2025-11-16,458.22,3894.87
S006,2025-11-17,467.13,3970.6
S006,2025-11-18,580.58,4934.93
S006,2025-11-19,422.43,3590.66
S006,2025-11-20,307.92,2617.32
S006,2025-11-21,551.94,4691.49
S006,2025-11-22,407.92,3467.32
S006,2025-11-23,256.61,2181.18
S006,2025-11-24,236.37,2009.14
S006,2025-11-25,445.92,3790.32
S006,2025-11-26,339.58,2886.43
S006,2025-11-27,464.9,3951.65
S006,2025-11-28,649.18,5518.03
S006,2025-11-29,293.54,2495.09
S006,2025-11-30,294.95,2507.07
S006,2025-12-01,578.61,4918.19
S006,2025-12-02,443.32,3768.22
S006,2025-12-03,404.16,3435.36
S006,2025-12-04,535.58,4552.43
S006,2025-12-05,370.19,3146.62
S006,2025-12-06,402.07,3417.6
S006,2025-12-07,362.87,3084.4
S006,2025-12-08,399.24,3393.54
S006,2025-12-09,325.11,2763.44
S006,2025-12-10,574.44,4882.74
S006,2025-12-11,436.53,3710.5
S006,2025-12-12,302.2,2568.7
S006,2025-12-13,400.44,3403.74
S006,2025-12-14,424.08,3604.68
S006,2025-12-15,403.55,3430.18
S006,2025-12-16,417.11,3545.44
S006,2025-12-17,317.17,2695.94
S006,2025-12-18,444.14,3775.19
S006,2025-12-19,360.05,3060.42
S006,2025-12-20,467.39,3972.82
S006,2025-12-21,388.19,3299.62
S006,2025-12-22,360.44,3063.74
S006,2025-12-23,468.01,3978.08
S006,2025-12-24,186.06,1581.51
S006,2025-12-25,375.49,3191.66
S006,2025-12-26,289.89,2464.06
S006,2025-12-27,642.71,5463.04
S006,2025-12-28,226.88,1928.48
S006,2025-12-29,400.31,3402.64
S006,2025-12-30,479.97,4079.75
S006,2025-12-31,341.26,2900.71
S007,2025-01-01,34.78,295.63
S007,2025-01-02,294.02,2499.17
S007,2025-01-03,308.37,2621.14
S007,2025-01-04,79.92,679.32
S007,2025-01-05,109.15,927.78
S007,2025-01-06,246.02,2091.17
S007,2025-01-07,251.14,2134.69
S007,2025-01-08,131.56,1118.26
S007,2025-01-09,157.94,1342.49
S007,2025-01-10,225.49,1916.66
S007,2025-01-11,59.61,506.68
S007,2025-01-12,133.21,1132.29
S007,2025-01-13,133.41,1133.98
S007,2025-01-14,159.76,1357.96
S007,2025-01-15,116.72,992.12
S007,2025-01-16,173.69,1476.36
S007,2025-01-17,98.11,833.94
S007,2025-01-18,78.82,669.97
S007,2025-01-19,128.22,1089.87
S007,2025-01-20,109.14,927.69
S007,2025-01-21,176.14,1497.19
S007,2025-01-22,208.41,1771.48
S007,2025-01-23,198.47,1687.0
S007,2025-01-24,194.05,1649.43
S007,2025-01-25,239.56,2036.26
S007,2025-01-26,36.88,313.48
S007,2025-01-27,295.12,2508.52
S007,2025-01-28,159.0,1351.5
S007,2025-01-29,207.62,1764.77
S007,2025-01-30,191.53,1628.0
S007,2025-01-31,231.6,1968.6
S007,2025-02-01,325.65,2768.02
S007,2025-02-02,245.6,2087.6
S007,2025-02-03,163.48,1389.58
S007,2025-02-04,308.56,2622.76
S007,2025-02-05,233.24,1982.54
S007,2025-02-06,186.48,1585.08
S007,2025-02-07,224.3,1906.55
S007,2025-02-08,175.53,1492.0
S007,2025-02-09,225.54,1917.09
S007,2025-02-10,238.9,2030.65
S007,2025-02-11,95.64,812.94
S007,2025-02-12,211.94,1801.49
S007,2025-02-13,210.04,1785.34
S007,2025-02-14,116.0,986.0
S007,2025-02-15,180.03,1530.26
S007,2025-02-16,231.79,1970.22
S007,2025-02-17,142.86,1214.31
S007,2025-02-18,216.02,1836.17
S007,2025-02-19,198.31,1685.64
S007,2025-02-20,182.46,1550.91
S007,2025-02-21,169.25,1438.62
S007,2025-02-22,49.85,423.72
S007,2025-02-23,224.22,1905.87
S007,2025-02-24,212.61,1807.19
S007,2025-02-25,81.47,692.5
S007,2025-02-26,130.01,1105.08
S007,2025-02-27,82.25,699.12
S007,2025-02-28,126.62,1076.27
S007,2025-03-01,92.78,788.63
S007,2025-03-02,166.12,1412.02
S007,2025-03-03,220.72,1876.12
S007,2025-03-04,233.35,1983.48
S007,2025-03-05,247.1,2100.35
S007,2025-03-06,91.09,774.26
S007,2025-03-07,167.41,1422.98
S007,2025-03-08,185.33,1575.3
S007,2025-03-09,286.99,2439.42
S007,2025-03-10,237.91,2022.24
S007,2025-03-11,273.25,2322.62
S007,2025-03-12,257.3,2187.05
S007,2025-03-13,131.01,1113.58
S007,2025-03-14,259.74,2207.79
S007,2025-03-15,34.74,295.29
S007,2025-03-16,46.98,399.33
S007,2025-03-17,231.24,1965.54
S007,2025-03-18,184.17,1565.44
S007,2025-03-19,126.5,1075.25
S007,2025-03-20,308.97,2626.25
S007,2025-03-21,123.21,1047.28
S007,2025-03-22,200.15,1701.28
S007,2025-03-23,179.13,1522.6
S007,2025-03-24,281.89,2396.06
S007,2025-03-25,164.49,1398.16
S007,2025-03-26,96.93,823.91
S007,2025-03-27,219.54,1866.09
S007,2025-03-28,113.14,961.69
S007,2025-03-29,296.99,2524.42
S007,2025-03-30,276.44,2349.74
S007,2025-03-31,241.68,2054.28
S007,2025-04-01,213.88,1817.98
S007,2025-04-02,169.05,1436.93
S007,2025-04-03,279.92,2379.32
S007,2025-04-04,300.93,2557.91
S007,2025-04-05,143.18,1217.03
S007,2025-04-06,341.08,2899.18
S007,2025-04-07,285.31,2425.14
S007,2025-04-08,286.37,2434.14
S007,2025-04-09,81.57,693.34
S007,2025-04-10,86.84,738.14
S007,2025-04-11,386.14,3282.19
S007,2025-04-12,229.91,1954.24
S007,2025-04-13,288.63,2453.36
S007,2025-04-14,241.83,2055.56
S007,2025-04-15,34.2,290.7
S007,2025-04-16,316.47,2690.0
S007,2025-04-17,205.98,1750.83
S007,2025-04-18,272.37,2315.14
S007,2025-04-19,83.38,708.73
S007,2025-04-20,157.24,1336.54
S007,2025-04-21,285.62,2427.77
S007,2025-04-22,468.49,3982.16
S007,2025-04-23,154.89,1316.56
S007,2025-04-24,228.01,1938.08
S007,2025-04-25,180.34,1532.89
S007,2025-04-26,298.11,2533.94
S007,2025-04-27,478.82,4069.97
S007,2025-04-28,71.76,609.96
S007,2025-04-29,158.85,1350.22
S007,2025-04-30,305.14,2593.69
S007,2025-05-01,341.56,2903.26
S007,2025-05-02,161.84,1375.64
S007,2025-05-03,432.48,3676.08
S007,2025-05-04,268.44,2281.74
S007,2025-05-05,128.22,1089.87
S007,2025-05-06,201.85,1715.72
S007,2025-05-07,268.01,2278.08
S007,2025-05-08,262.18,2228.53
S007,2025-05-09,191.84,1630.64
S007,2025-05-10,192.69,1637.86
S007,2025-05-11,234.65,1994.52
S007,2025-05-12,218.31,1855.64
S007,2025-05-13,273.13,2321.6
S007,2025-05-14,300.04,2550.34
S007,2025-05-15,259.26,2203.71
S007,2025-05-16,267.03,2269.75
S007,2025-05-17,284.59,2419.02
S007,2025-05-18,266.84,2268.14
S007,2025-05-19,261.78,2225.13
S007,2025-05-20,129.2,1098.2
S007,2025-05-21,236.72,2012.12
S007,2025-05-22,258.34,2195.89
S007,2025-05-23,322.31,2739.64
S007,2025-05-24,134.22,1140.87
S007,2025-05-25,136.87,1163.4
S007,2025-05-26,76.09,646.76
S007,2025-05-27,359.21,3053.28
S007,2025-05-28,194.67,1654.7
S007,2025-05-29,237.35,2017.48
S007,2025-05-30,354.4,3012.4
S007,2025-05-31,392.02,3332.17
S007,2025-06-01,207.87,1766.9
S007,2025-06-02,186.03,1581.26
S007,2025-06-03,115.89,985.06
S007,2025-06-04,551.92,4691.32
S007,2025-06-05,329.33,2799.3
S007,2025-06-06,366.72,3117.12
S007,2025-06-07,286.82,2437.97
S007,2025-06-08,327.63,2784.86
S007,2025-06-09,267.44,2273.24
S007,2025-06-10,411.81,3500.38
S007,2025-06-11,175.85,1494.72
S007,2025-06-12,185.38,1575.73
S007,2025-06-13,184.93,1571.9
S007,2025-06-14,244.79,2080.72
S007,2025-06-15,398.36,3386.06
S007,2025-06-16,421.65,3584.02
S007,2025-06-17,253.99,2158.92
S007,2025-06-18,215.34,1830.39
S007,2025-06-19,164.5,1398.25
S007,2025-06-20,210.24,1787.04
S007,2025-06-21,340.18,2891.53
S007,2025-06-22,211.83,1800.56
S007,2025-06-23,428.31,3640.64
S007,2025-06-24,134.87,1146.4
S007,2025-06-25,217.62,1849.77
S007,2025-06-26,242.55,2061.68
S007,2025-06-27,249.58,2121.43
S007,2025-06-28,264.14,2245.19
S007,2025-06-29,163.23,1387.46
S007,2025-06-30,136.62,1161.27
S007,2025-07-01,199.64,1696.94
S007,2025-07-02,323.93,2753.4
S007,2025-07-03,229.13,1947.6
S007,2025-07-04,254.93,2166.91
S007,2025-07-05,331.29,2815.96
S007,2025-07-06,503.71,4281.54
S007,2025-07-07,186.5,1585.25
S007,2025-07-08,260.78,2216.63
S007,2025-07-09,185.81,1579.38
S007,2025-07-10,353.79,3007.22
S007,2025-07-11,431.65,3669.02
S007,2025-07-12,148.49,1262.16
S007,2025-07-13,134.83,1146.06
S007,2025-07-14,388.25,3300.12
S007,2025-07-15,291.38,2476.73
S007,2025-07-16,240.75,2046.38
S007,2025-07-17,354.77,3015.54
S007,2025-07-18,113.9,968.15
S007,2025-07-19,324.53,2758.5
S007,2025-07-20,261.91,2226.24
S007,2025-07-21,260.3,2212.55
S007,2025-07-22,248.23,2109.96
S007,2025-07-23,262.58,2231.93
S007,2025-07-24,354.33,3011.8
S007,2025-07-25,399.49,3395.66
S007,2025-07-26,289.61,2461.68
S007,2025-07-27,481.03,4088.75
S007,2025-07-28,327.12,2780.52
S007,2025-07-29,313.49,2664.66
S007,2025-07-30,331.64,2818.94
S007,2025-07-31,326.9,2778.65
S007,2025-08-01,289.43,2460.16
S007,2025-08-02,95.11,808.44
S007,2025-08-03,412.75,3508.38
S007,2025-08-04,186.02,1581.17
S007,2025-08-05,342.32,2909.72
S007,2025-08-06,207.4,1762.9
S007,2025-08-07,279.51,2375.84
S007,2025-08-08,308.72,2624.12
S007,2025-08-09,314.88,2676.48
S007,2025-08-10,469.03,3986.75
S007,2025-08-11,331.7,2819.45
S007,2025-08-12,352.49,2996.16
S007,2025-08-13,436.17,3707.44
S007,2025-08-14,406.26,3453.21
S007,2025-08-15,197.82,1681.47
S007,2025-08-16,137.04,1164.84
S007,2025-08-17,335.23,2849.46
S007,2025-08-18,180.99,1538.42
S007,2025-08-19,529.76,4502.96
S007,2025-08-20,436.37,3709.14
S007,2025-08-21,190.67,1620.7
S007,2025-08-22,405.03,3442.75
S007,2025-08-23,147.6,1254.6
S007,2025-08-24,304.44,2587.74
S007,2025-08-25,433.75,3686.88
S007,2025-08-26,421.94,3586.49
S007,2025-08-27,174.43,1482.66
S007,2025-08-28,464.56,3948.76
S007,2025-08-29,561.27,4770.8
S007,2025-08-30,333.76,2836.96
S007,2025-08-31,291.28,2475.88
S007,2025-09-01,313.25,2662.62
S007,2025-09-02,330.13,2806.1
S007,2025-09-03,508.64,4323.44
S007,2025-09-04,195.92,1665.32
S007,2025-09-05,370.11,3145.94
S007,2025-09-06,448.86,3815.31
S007,2025-09-07,323.04,2745.84
S007,2025-09-08,312.31,2654.64
S007,2025-09-09,203.5,1729.75
S007,2025-09-10,161.0,1368.5
S007,2025-09-11,186.21,1582.78
S007,2025-09-12,204.15,1735.28
S007,2025-09-13,520.29,4422.46
S007,2025-09-14,415.66,3533.11
S007,2025-09-15,367.43,3123.16
S007,2025-09-16,416.56,3540.76
S007,2025-09-17,263.94,2243.49
S007,2025-09-18,510.97,4343.24
S007,2025-09-19,243.41,2068.98
S007,2025-09-20,382.94,3254.99
S007,2025-09-21,294.3,2501.55
S007,2025-09-22,140.8,1196.8
S007,2025-09-23,354.15,3010.27
S007,2025-09-24,221.76,1884.96
S007,2025-09-25,263.28,2237.88
S007,2025-09-26,435.42,3701.07
S007,2025-09-27,584.8,4970.8
S007,2025-09-28,375.0,3187.5
S007,2025-09-29,264.06,2244.51
S007,2025-09-30,235.55,2002.18
S007,2025-10-01,328.8,2794.8
S007,2025-10-02,268.4,2281.4
S007,2025-10-03,263.4,2238.9
S007,2025-10-04,367.45,3123.32
S007,2025-10-05,209.17,1777.94
S007,2025-10-06,452.76,3848.46
S007,2025-10-07,310.7,2640.95
S007,2025-10-08,330.34,2807.89
S007,2025-10-09,293.28,2492.88
S007,2025-10-10,338.17,2874.44
S007,2025-10-11,424.28,3606.38
S007,2025-10-12,587.03,4989.76
S007,2025-10-13,279.83,2378.55
S007,2025-10-14,666.62,5666.27
S007,2025-10-15,445.2,3784.2
S007,2025-10-16,325.95,2770.58
S007,2025-10-17,463.51,3939.84
S007,2025-10-18,507.58,4314.43
S007,2025-10-19,443.1,3766.35
S007,2025-10-20,263.45,2239.32
S007,2025-10-21,424.14,3605.19
S007,2025-10-22,478.51,4067.34
S007,2025-10-23,161.39,1371.81
S007,2025-10-24,432.13,3673.1
S007,2025-10-25,457.14,3885.69
S007,2025-10-26,571.5,4857.75
S007,2025-10-27,210.21,1786.78
S007,2025-10-28,522.54,4441.59
S007,2025-10-29,310.2,2636.7
S007,2025-10-30,250.51,2129.34
S007,2025-10-31,536.97,4564.24
S007,2025-11-01,391.42,3327.07
S007,2025-11-02,323.86,2752.81
S007,2025-11-03,343.04,2915.84
S007,2025-11-04,146.71,1247.04
S007,2025-11-05,309.5,2630.75
S007,2025-11-06,605.22,5144.37
S007,2025-11-07,582.08,4947.68
S007,2025-11-08,397.6,3379.6
S007,2025-11-09,575.56,4892.26
S007,2025-11-10,496.23,4217.96
S007,2025-11-11,567.37,4822.65
S007,2025-11-12,585.51,4976.84
S007,2025-11-13,341.11,2899.44
S007,2025-11-14,332.57,2826.84
S007,2025-11-15,249.74,2122.79
S007,2025-11-16,478.16,4064.36
S007,2025-11-17,339.33,2884.3
S007,2025-11-18,539.98,4589.83
S007,2025-11-19,335.27,2849.8
S007,2025-11-20,454.09,3859.76
S007,2025-11-21,288.81,2454.89
S007,2025-11-22,354.29,3011.46
S007,2025-11-23,447.78,3806.13
S007,2025-11-24,473.12,4021.52
S007,2025-11-25,652.21,5543.78
S007,2025-11-26,409.79,3483.22
S007,2025-11-27,474.61,4034.18
S007,2025-11-28,526.67,4476.7
S007,2025-11-29,430.24,3657.04
S007,2025-11-30,590.99,5023.42
S007,2025-12-01,483.13,4106.6
S007,2025-12-02,400.72,3406.12
S007,2025-12-03,385.88,3279.98
S007,2025-12-04,425.13,3613.6
S007,2025-12-05,516.4,4389.4
S007,2025-12-06,513.2,4362.2
S007,2025-12-07,526.5,4475.25
S007,2025-12-08,335.42,2851.07
S007,2025-12-09,393.39,3343.82
S007,2025-12-10,267.13,2270.6
S007,2025-12-11,376.11,3196.94
S007,2025-12-12,656.85,5583.22
S007,2025-12-13,316.03,2686.25
S007,2025-12-14,288.14,2449.19
S007,2025-12-15,299.7,2547.45
S007,2025-12-16,306.33,2603.8
S007,2025-12-17,386.65,3286.52
S007,2025-12-18,326.04,2771.34
S007,2025-12-19,294.01,2499.08
S007,2025-12-20,382.3,3249.55
S007,2025-12-21,409.74,3482.79
S007,2025-12-22,559.8,4758.3
S007,2025-12-23,332.21,2823.78
S007,2025-12-24,387.38,3292.73
S007,2025-12-25,435.25,3699.62
S007,2025-12-26,532.32,4524.72
S007,2025-12-27,623.19,5297.12
S007,2025-12-28,353.96,3008.66
S007,2025-12-29,481.82,4095.47
S007,2025-12-30,364.79,3100.72
S007,2025-12-31,468.56,3982.76
S008,2025-01-01,165.26,1404.71
S008,2025-01-02,202.51,1721.34
S008,2025-01-03,298.29,2535.46
S008,2025-01-04,162.48,1381.08
S008,2025-01-05,130.69,1110.86
S008,2025-01-06,253.41,2153.98
S008,2025-01-07,100.92,857.82
S008,2025-01-08,108.68,923.78
S008,2025-01-09,0.55,4.68
S008,2025-01-10,243.01,2065.58
S008,2025-01-11,164.18,1395.53
S008,2025-01-12,133.16,1131.86
S008,2025-01-13,46.14,392.19
S008,2025-01-14,105.63,897.86
S008,2025-01-15,45.35,385.48
S008,2025-01-16,93.03,790.76
S008,2025-01-17,47.47,403.5
S008,2025-01-18,35.69,303.36
S008,2025-01-19,76.17,647.45
S008,2025-01-20,105.89,900.06
S008,2025-01-21,183.39,1558.81
S008,2025-01-22,173.29,1472.96
S008,2025-01-23,128.71,1094.04
S008,2025-01-24,218.56,1857.76
S008,2025-01-26,111.99,951.92
S008,2025-01-27,52.67,447.7
S008,2025-01-28,52.55,446.67
S008,2025-01-29,118.34,1005.89
S008,2025-01-30,86.44,734.74
S008,2025-01-31,123.88,1052.98
S008,2025-02-01,85.0,722.5
S008,2025-02-02,113.8,967.3
S008,2025-02-03,100.2,851.7
S008,2025-02-04,14.74,125.29
S008,2025-02-05,73.56,625.26
S008,2025-02-06,191.02,1623.67
S008,2025-02-07,120.25,1022.12
S008,2025-02-09,130.56,1109.76
S008,2025-02-10,218.83,1860.06
S008,2025-02-11,134.03,1139.26
S008,2025-02-12,184.88,1571.48
S008,2025-02-13,71.85,610.72
S008,2025-02-14,16.97,144.24
S008,2025-02-15,150.34,1277.89
S008,2025-02-16,65.14,553.69
S008,2025-02-17,102.84,874.14
S008,2025-02-18,136.38,1159.23
S008,2025-02-19,91.85,780.72
S008,2025-02-20,92.9,789.65
S008,2025-02-21,133.95,1138.57
S008,2025-02-22,256.12,2177.02
S008,2025-02-23,23.45,199.32
S008,2025-02-24,101.77,865.04
S008,2025-02-25,189.54,1611.09
S008,2025-02-26,93.13,791.6
S008,2025-02-27,63.5,539.75
S008,2025-02-28,179.63,1526.86
S008,2025-03-01,44.98,382.33
S008,2025-03-02,212.98,1810.33
S008,2025-03-03,243.71,2071.54
S008,2025-03-04,74.63,634.36
S008,2025-03-05,119.47,1015.5
S008,2025-03-06,150.27,1277.3
S008,2025-03-07,148.11,1258.94
S008,2025-03-08,28.05,238.42
S008,2025-03-09,156.61,1331.19
S008,2025-03-10,53.88,457.98
S008,2025-03-11,142.16,1208.36
S008,2025-03-12,76.13,647.1
S008,2025-03-13,93.94,798.49
S008,2025-03-14,80.31,682.64
S008,2025-03-15,35.01,297.58
S008,2025-03-16,59.41,504.98
S008,2025-03-17,221.15,1879.78
S008,2025-03-18,18.39,156.32
S008,2025-03-19,90.94,772.99
S008,2025-03-20,126.02,1071.17
S008,2025-03-21,85.87,729.9
S008,2025-03-22,227.3,1932.05
S008,2025-03-23,241.89,2056.06
S008,2025-03-24,138.7,1178.95
S008,2025-03-25,175.62,1492.77
S008,2025-03-26,72.19,613.62
S008,2025-03-27,85.44,726.24
S008,2025-03-28,35.8,304.3
S008,2025-03-29,137.55,1169.18
S008,2025-03-30,113.5,964.75
S008,2025-03-31,66.92,568.82
S008,2025-04-01,79.89,679.06
S008,2025-04-02,31.29,265.96
S008,2025-04-03,111.28,945.88
S008,2025-04-04,260.21,2211.78
S008,2025-04-05,178.92,1520.82
S008,2025-04-06,209.19,1778.12
S008,2025-04-07,295.75,2513.88
S008,2025-04-08,266.82,2267.97
S008,2025-04-09,148.56,1262.76
S008,2025-04-10,153.11,1301.44
S008,2025-04-11,139.75,1187.88
S008,2025-04-12,147.77,1256.04
S008,2025-04-13,108.98,926.33
S008,2025-04-14,69.59,591.52
S008,2025-04-15,31.88,270.98
S008,2025-04-16,75.92,645.32
S008,2025-04-17,181.39,1541.81
S008,2025-04-18,198.71,1689.04
S008,2025-04-19,231.01,1963.58
S008,2025-04-20,64.82,550.97
S008,2025-04-21,210.32,1787.72
S008,2025-04-22,134.62,1144.27
S008,2025-04-23,247.62,2104.77
S008,2025-04-24,125.36,1065.56
S008,2025-04-25,97.25,826.62
S008,2025-04-26,29.66,252.11
S008,2025-04-27,85.3,725.05
S008,2025-04-28,60.13,511.1
S008,2025-04-29,100.1,850.85
S008,2025-04-30,105.82,899.47
S008,2025-05-01,122.82,1043.97
S008,2025-05-02,177.44,1508.24
S008,2025-05-03,180.85,1537.22
S008,2025-05-04,82.09,697.76
S008,2025-05-05,291.72,2479.62
S008,2025-05-06,117.7,1000.45
S008,2025-05-07,261.09,2219.26
S008,2025-05-08,203.46,1729.41
S008,2025-05-09,101.8,865.3
S008,2025-05-10,132.4,1125.4
S008,2025-05-11,159.96,1359.66
S008,2025-05-12,101.43,862.16
S008,2025-05-13,140.61,1195.19
S008,2025-05-14,162.04,1377.34
S008,2025-05-15,61.13,519.6
S008,2025-05-16,151.41,1286.98
S008,2025-05-17,176.34,1498.89
S008,2025-05-18,117.47,998.5
S008,2025-05-19,206.47,1755.0
S008,2025-05-20,141.72,1204.62
S008,2025-05-21,252.62,2147.27
S008,2025-05-22,94.36,802.06
S008,2025-05-23,67.51,573.84
S008,2025-05-24,174.1,1479.85
S008,2025-05-25,91.06,774.01
S008,2025-05-26,327.32,2782.22
S008,2025-05-27,227.39,1932.81
S008,2025-05-28,251.16,2134.86
S008,2025-05-29,163.6,1390.6
S008,2025-05-30,105.12,893.52
S008,2025-05-31,184.74,1570.29
S008,2025-06-01,151.46,1287.41
S008,2025-06-02,109.24,928.54
S008,2025-06-03,170.86,1452.31
S008,2025-06-04,310.87,2642.4
S008,2025-06-05,48.88,415.48
S008,2025-06-06,121.5,1032.75
S008,2025-06-07,254.72,2165.12
S008,2025-06-08,291.74,2479.79
S008,2025-06-09,141.66,1204.11
S008,2025-06-10,206.48,1755.08
S008,2025-06-11,3.36,28.56
S008,2025-06-12,83.24,707.54
S008,2025-06-13,196.34,1668.89
S008,2025-06-14,151.65,1289.03
S008,2025-06-15,232.13,1973.1
S008,2025-06-16,240.35,2042.98
S008,2025-06-17,154.82,1315.97
S008,2025-06-18,159.36,1354.56
S008,2025-06-19,121.36,1031.56
S008,2025-06-20,121.71,1034.53
S008,2025-06-21,373.2,3172.2
S008,2025-06-22,157.79,1341.22
S008,2025-06-23,190.01,1615.08
S008,2025-06-24,30.75,261.38
S008,2025-06-25,124.87,1061.4
S008,2025-06-26,99.9,849.15
S008,2025-06-27,131.89,1121.06
S008,2025-06-28,53.05,450.92
S008,2025-06-29,144.23,1225.96
S008,2025-06-30,109.71,932.54
S008,2025-07-01,103.26,877.71
S008,2025-07-02,300.82,2556.97
S008,2025-07-03,230.91,1962.74
S008,2025-07-04,282.62,2402.27
S008,2025-07-05,150.14,1276.19
S008,2025-07-06,217.05,1844.93
S008,2025-07-07,280.53,2384.5
S008,2025-07-08,71.84,610.64
S008,2025-07-09,214.15,1820.28
S008,2025-07-10,205.13,1743.6
S008,2025-07-11,279.27,2373.8
S008,2025-07-12,188.24,1600.04
S008,2025-07-13,144.54,1228.59
S008,2025-07-14,229.36,1949.56
S008,2025-07-15,388.44,3301.74
S008,2025-07-16,185.66,1578.11
S008,2025-07-17,196.76,1672.46
S008,2025-07-18,258.13,2194.1
S008,2025-07-19,110.12,936.02
S008,2025-07-20,205.91,1750.24
S008,2025-07-21,170.61,1450.19
S008,2025-07-22,209.11,1777.44
S008,2025-07-23,135.65,1153.03
S008,2025-07-24,230.72,1961.12
S008,2025-07-25,140.46,1193.91
S008,2025-07-26,179.26,1523.71
S008,2025-07-27,152.98,1300.33
S008,2025-07-28,298.9,2540.65
S008,2025-07-29,313.02,2660.67
S008,2025-07-30,170.64,1450.44
S008,2025-07-31,114.06,969.51
S008,2025-08-01,195.6,1662.6
S008,2025-08-02,370.64,3150.44
S008,2025-08-03,293.46,2494.41
S008,2025-08-04,257.01,2184.58
S008,2025-08-05,141.0,1198.5
S008,2025-08-06,192.94,1639.99
S008,2025-08-07,283.96,2413.66
S008,2025-08-08,124.08,1054.68
S008,2025-08-09,196.19,1667.62
S008,2025-08-10,185.51,1576.84
S008,2025-08-11,86.18,732.53
S008,2025-08-12,138.44,1176.74
S008,2025-08-13,222.03,1887.26
S008,2025-08-14,178.42,1516.57
S008,2025-08-15,176.01,1496.08
S008,2025-08-16,267.67,2275.2
S008,2025-08-17,233.96,1988.66
S008,2025-08-18,191.74,1629.79
S008,2025-08-19,230.39,1958.31
S008,2025-08-20,281.95,2396.57
S008,2025-08-21,127.71,1085.53
S008,2025-08-22,191.02,1623.67
S008,2025-08-23,94.84,806.14
S008,2025-08-24,90.91,772.74
S008,2025-08-25,222.9,1894.65
S008,2025-08-26,173.48,1474.58
S008,2025-08-27,219.39,1864.81
S008,2025-08-28,341.09,2899.26
S008,2025-08-29,93.52,794.92
S008,2025-08-30,292.99,2490.42
S008,2025-08-31,237.51,2018.84
S008,2025-09-01,165.15,1403.78
S008,2025-09-02,154.87,1316.4
S008,2025-09-03,173.33,1473.3
S008,2025-09-04,153.36,1303.56
S008,2025-09-05,120.35,1022.97
S008,2025-09-06,258.7,2198.95
S008,2025-09-07,36.74,312.29
S008,2025-09-08,346.32,2943.72
S008,2025-09-09,332.09,2822.76
S008,2025-09-10,160.81,1366.88
S008,2025-09-11,162.77,1383.54
S008,2025-09-12,179.48,1525.58
S008,2025-09-13,253.52,2154.92
S008,2025-09-14,247.08,2100.18
S008,2025-09-15,172.39,1465.31
S008,2025-09-16,209.31,1779.14
S008,2025-09-17,162.24,1379.04
S008,2025-09-18,173.74,1476.79
S008,2025-09-19,227.87,1936.9
S008,2025-09-20,307.73,2615.7
S008,2025-09-21,307.66,2615.11
S008,2025-09-22,171.0,1453.5
S008,2025-09-23,138.67,1178.7
S008,2025-09-24,269.48,2290.58
S008,2025-09-25,263.02,2235.67
S008,2025-09-26,151.76,1289.96
S008,2025-09-27,109.16,927.86
S008,2025-09-28,390.44,3318.74
S008,2025-09-29,145.0,1232.5
S008,2025-09-30,342.53,2911.5
S008,2025-10-01,200.15,1701.28
S008,2025-10-02,123.22,1047.37
S008,2025-10-03,235.41,2000.98
S008,2025-10-04,142.58,1211.93
S008,2025-10-05,112.35,954.97
S008,2025-10-06,94.36,802.06
S008,2025-10-07,297.71,2530.54
S008,2025-10-08,272.03,2312.25
S008,2025-10-09,263.17,2236.95
S008,2025-10-10,97.93,832.41
S008,2025-10-11,264.04,2244.34
S008,2025-10-12,118.93,1010.91
S008,2025-10-13,310.81,2641.88
S008,2025-10-14,320.13,2721.1
S008,2025-10-15,333.1,2831.35
S008,2025-10-16,273.84,2327.64
S008,2025-10-17,236.2,2007.7
S008,2025-10-18,230.65,1960.52
S008,2025-10-19,179.38,1524.73
S008,2025-10-20,235.22,1999.37
S008,2025-10-21,181.86,1545.81
S008,2025-10-22,317.61,2699.68
S008,2025-10-23,197.57,1679.34
S008,2025-10-24,205.42,1746.07
S008,2025-10-25,236.7,2011.95
S008,2025-10-26,326.19,2772.62
S008,2025-10-27,340.08,2890.68
S008,2025-10-28,485.45,4126.32
S008,2025-10-29,223.35,1898.48
S008,2025-10-30,171.55,1458.18
S008,2025-10-31,184.91,1571.74
S008,2025-11-01,175.17,1488.94
S008,2025-11-02,180.59,1535.02
S008,2025-11-03,236.67,2011.7
S008,2025-11-04,403.12,3426.52
S008,2025-11-05,136.89,1163.56
S008,2025-11-06,362.66,3082.61
S008,2025-11-07,289.47,2460.5
S008,2025-11-08,316.22,2687.87
S008,2025-11-09,378.88,3220.48
S008,2025-11-10,194.47,1653.0
S008,2025-11-11,59.1,502.35
S008,2025-11-12,285.81,2429.39
S008,2025-11-13,356.11,3026.94
S008,2025-11-14,366.93,3118.9
S008,2025-11-15,124.54,1058.59
S008,2025-11-16,315.81,2684.38
S008,2025-11-17,186.77,1587.54
S008,2025-11-18,187.07,1590.1
S008,2025-11-19,418.91,3560.74
S008,2025-11-20,98.64,838.44
S008,2025-11-21,301.5,2562.75
S008,2025-11-22,50.54,429.59
S008,2025-11-23,82.97,705.24
S008,2025-11-24,407.74,3465.79
S008,2025-11-25,431.71,3669.54
S008,2025-11-26,247.26,2101.71
S008,2025-11-27,266.31,2263.64
S008,2025-11-28,310.75,2641.38
S008,2025-11-29,309.5,2630.75
S008,2025-11-30,282.82,2403.97
S008,2025-12-01,248.7,2113.95
S008,2025-12-02,266.36,2264.06
S008,2025-12-03,168.79,1434.72
S008,2025-12-04,290.32,2467.72
S008,2025-12-05,209.17,1777.94
S008,2025-12-06,90.29,767.46
S008,2025-12-07,174.62,1484.27
S008,2025-12-08,211.73,1799.7
S008,2025-12-09,310.69,2640.86
S008,2025-12-10,188.57,1602.84
S008,2025-12-11,235.93,2005.4
S008,2025-12-12,322.86,2744.31
S008,2025-12-13,283.19,2407.11
S008,2025-12-14,375.9,3195.15
S008,2025-12-15,234.11,1989.94
S008,2025-12-16,242.65,2062.52
S008,2025-12-17,438.39,3726.32
S008,2025-12-18,172.3,1464.55
S008,2025-12-19,219.4,1864.9
S008,2025-12-20,206.09,1751.76
S008,2025-12-21,243.84,2072.64
S008,2025-12-22,248.75,2114.38
S008,2025-12-23,221.71,1884.54
S008,2025-12-24,311.35,2646.48
S008,2025-12-25,119.99,1019.92
S008,2025-12-26,101.19,860.12
S008,2025-12-27,153.89,1308.06
S008,2025-12-28,355.55,3022.18
S008,2025-12-29,131.03,1113.76
S008,2025-12-30,205.99,1750.92
S008,2025-12-31,207.03,1759.76
S009,2025-01-01,29.72,252.62
S009,2025-01-02,153.38,1303.73
S009,2025-01-03,161.63,1373.86
S009,2025-01-04,131.79,1120.21
S009,2025-01-05,46.45,394.83
S009,2025-01-06,23.58,200.43
S009,2025-01-07,82.61,702.18
S009,2025-01-08,281.19,2390.11
S009,2025-01-09,148.01,1258.08
S009,2025-01-10,52.54,446.59
S009,2025-01-11,61.66,524.11
S009,2025-01-12,133.78,1137.13
S009,2025-01-13,28.44,241.74
S009,2025-01-14,39.06,332.01
S009,2025-01-15,121.12,1029.52
S009,2025-01-16,47.12,400.52
S009,2025-01-17,63.43,539.16
S009,2025-01-18,223.57,1900.34
S009,2025-01-19,67.0,569.5
S009,2025-01-20,42.08,357.68
S009,2025-01-21,81.26,690.71
S009,2025-01-22,14.18,120.53
S009,2025-01-23,70.52,599.42
S009,2025-01-24,66.78,567.63
S009,2025-01-25,109.71,932.54
S009,2025-01-26,66.65,566.53
S009,2025-01-27,29.3,249.05
S009,2025-01-28,19.12,162.52
S009,2025-01-29,67.19,571.12
S009,2025-01-30,51.9,441.15
S009,2025-01-31,58.72,499.12
S009,2025-02-01,38.85,330.22
S009,2025-02-02,232.54,1976.59
S009,2025-02-03,169.19,1438.12
S009,2025-02-04,92.45,785.82
S009,2025-02-05,85.36,725.56
S009,2025-02-06,221.97,1886.74
S009,2025-02-07,194.71,1655.04
S009,2025-02-08,58.83,500.06
S009,2025-02-09,258.21,2194.78
S009,2025-02-10,102.55,871.68
S009,2025-02-11,154.53,1313.5
S009,2025-02-12,139.39,1184.81
S009,2025-02-13,150.86,1282.31
S009,2025-02-14,223.22,1897.37
S009,2025-02-15,68.17,579.45
S009,2025-02-16,108.76,924.46
S009,2025-02-17,53.03,450.76
S009,2025-02-18,162.45,1380.82
S009,2025-02-19,96.25,818.12
S009,2025-02-20,183.33,1558.3
S009,2025-02-21,126.49,1075.16
S009,2025-02-22,88.81,754.88
S009,2025-02-23,105.49,896.66
S009,2025-02-24,97.06,825.01
S009,2025-02-25,123.75,1051.88
S009,2025-02-26,111.29,945.96
S009,2025-02-27,90.37,768.14
S009,2025-02-28,118.6,1008.1
S009,2025-03-01,65.26,554.71
S009,2025-03-02,232.8,1978.8
S009,2025-03-03,162.02,1377.17
S009,2025-03-04,106.96,909.16
S009,2025-03-05,140.32,1192.72
S009,2025-03-06,99.42,845.07
S009,2025-03-07,141.86,1205.81
S009,2025-03-08,132.62,1127.27
S009,2025-03-09,58.96,501.16
S009,2025-03-10,142.66,1212.61
S009,2025-03-11,2.78,23.63
S009,2025-03-12,76.44,649.74
S009,2025-03-13,159.55,1356.18
S009,2025-03-14,85.54,727.09
S009,2025-03-15,190.12,1616.02
S009,2025-03-16,128.89,1095.56
S009,2025-03-17,241.0,2048.5
S009,2025-03-18,92.57,786.84
S009,2025-03-19,135.89,1155.06
S009,2025-03-20,279.3,2374.05
S009,2025-03-21,108.78,924.63
S009,2025-03-22,38.46,326.91
S009,2025-03-23,122.08,1037.68
S009,2025-03-24,128.57,1092.84
S009,2025-03-25,66.03,561.26
S009,2025-03-26,153.78,1307.13
S009,2025-03-27,246.36,2094.06
S009,2025-03-28,53.61,455.68
S009,2025-03-29,0.88,7.48
S009,2025-03-30,71.2,605.2
S009,2025-03-31,128.91,1095.73
S009,2025-04-01,168.16,1429.36
S009,2025-04-02,146.83,1248.06
S009,2025-04-03,137.29,1166.96
S009,2025-04-04,126.73,1077.2
S009,2025-04-05,146.34,1243.89
S009,2025-04-06,125.74,1068.79
S009,2025-04-07,152.3,1294.55
S009,2025-04-08,289.25,2458.62
S009,2025-04-09,158.35,1345.98
S009,2025-04-10,178.73,1519.2
S009,2025-04-11,107.68,915.28
S009,2025-04-12,103.42,879.07
S009,2025-04-13,230.89,1962.56
S009,2025-04-14,184.27,1566.3
S009,2025-04-15,196.88,1673.48
S009,2025-04-16,91.98,781.83
S009,2025-04-17,115.98,985.83
S009,2025-04-18,112.25,954.12
S009,2025-04-19,284.35,2416.98
S009,2025-04-20,103.63,880.86
S009,2025-04-21,115.2,979.2
S009,2025-04-22,179.84,1528.64
S009,2025-04-23,103.09,876.26
S009,2025-04-24,95.81,814.38
S009,2025-04-25,187.77,1596.04
S009,2025-04-26,136.39,1159.31
S009,2025-04-27,266.35,2263.98
S009,2025-04-28,113.34,963.39
S009,2025-04-29,31.0,263.5
S009,2025-04-30,84.74,720.29
S009,2025-05-01,108.27,920.3
S009,2025-05-02,202.2,1718.7
S009,2025-05-03,63.43,539.16
S009,2025-05-04,178.7,1518.95
S009,2025-05-05,220.38,1873.23
S009,2025-05-06,171.21,1455.28
S009,2025-05-07,139.32,1184.22
S009,2025-05-08,108.35,920.97
S009,2025-05-09,141.48,1202.58
S009,2025-05-10,280.4,2383.4
S009,2025-05-11,126.19,1072.62
S009,2025-05-12,121.88,1035.98
S009,2025-05-13,199.16,1692.86
S009,2025-05-14,30.93,262.9
S009,2025-05-15,147.44,1253.24
S009,2025-05-16,269.25,2288.62
S009,2025-05-17,276.28,2348.38
S009,2025-05-18,235.48,2001.58
S009,2025-05-19,91.69,779.36
S009,2025-05-20,145.58,1237.43
S009,2025-05-21,145.56,1237.26
S009,2025-05-22,125.71,1068.53
S009,2025-05-23,202.01,1717.08
S009,2025-05-24,52.01,442.08
S009,2025-05-25,208.01,1768.08
S009,2025-05-26,39.63,336.86
S009,2025-05-27,146.44,1244.74
S009,2025-05-28,41.87,355.9
S009,2025-05-29,250.3,2127.55
S009,2025-05-30,213.18,1812.03
S009,2025-05-31,199.84,1698.64
S009,2025-06-01,158.88,1350.48
S009,2025-06-02,184.44,1567.74
S009,2025-06-03,212.05,1802.43
S009,2025-06-04,240.73,2046.2
S009,2025-06-05,335.91,2855.24
S009,2025-06-06,311.88,2650.98
S009,2025-06-07,188.12,1599.02
S009,2025-06-08,226.84,1928.14
S009,2025-06-09,97.83,831.56
S009,2025-06-10,113.32,963.22
S009,2025-06-11,152.01,1292.08
S009,2025-06-12,138.74,1179.29
S009,2025-06-13,120.2,1021.7
S009,2025-06-14,173.25,1472.62
S009,2025-06-15,166.02,1411.17
S009,2025-06-16,226.26,1923.21
S009,2025-06-17,48.79,414.72
S009,2025-06-18,111.6,948.6
S009,2025-06-19,259.49,2205.66
S009,2025-06-20,184.11,1564.94
S009,2025-06-21,351.75,2989.88
S009,2025-06-22,84.88,721.48
S009,2025-06-23,142.32,1209.72
S009,2025-06-24,81.3,691.05
S009,2025-06-25,161.31,1371.14
S009,2025-06-26,92.53,786.5
S009,2025-06-27,76.49,650.16
S009,2025-06-28,268.02,2278.17
S009,2025-06-29,109.96,934.66
S009,2025-06-30,133.15,1131.78
S009,2025-07-01,51.26,435.71
S009,2025-07-02,200.43,1703.66
S009,2025-07-03,191.57,1628.34
S009,2025-07-04,139.59,1186.52
S009,2025-07-05,46.66,396.61
S009,2025-07-06,291.92,2481.32
S009,2025-07-07,124.83,1061.06
S009,2025-07-08,152.18,1293.53
S009,2025-07-09,167.77,1426.04
S009,2025-07-10,40.33,342.8
S009,2025-07-11,106.15,902.28
S009,2025-07-12,44.57,378.84
S009,2025-07-13,398.58,3387.93
S009,2025-07-14,276.38,2349.23
S009,2025-07-15,280.76,2386.46
S009,2025-07-16,244.42,2077.57
S009,2025-07-17,364.84,3101.14
S009,2025-07-18,139.48,1185.58
S009,2025-07-19,374.36,3182.06
S009,2025-07-20,173.94,1478.49
S009,2025-07-21,117.64,999.94
S009,2025-07-22,116.84,993.14
S009,2025-07-23,188.15,1599.28
S009,2025-07-24,210.83,1792.06
S009,2025-07-25,347.2,2951.2
S009,2025-07-26,161.0,1368.5
S009,2025-07-27,124.4,1057.4
S009,2025-07-28,95.0,807.5
S009,2025-07-29,180.67,1535.7
S009,2025-07-30,108.28,920.38
S009,2025-07-31,91.11,774.44
S009,2025-08-01,54.58,463.93
S009,2025-08-02,167.96,1427.66
S009,2025-08-03,323.29,2747.96
S009,2025-08-04,184.99,1572.42
S009,2025-08-05,59.5,505.75
S009,2025-08-06,126.11,1071.94
S009,2025-08-07,162.21,1378.78
S009,2025-08-08,157.93,1342.4
S009,2025-08-09,157.95,1342.57
S009,2025-08-10,100.26,852.21
S009,2025-08-11,196.61,1671.19
S009,2025-08-12,220.24,1872.04
S009,2025-08-13,176.73,1502.2
S009,2025-08-14,151.78,1290.13
S009,2025-08-15,272.12,2313.02
S009,2025-08-16,266.22,2262.87
S009,2025-08-17,94.07,799.59
S009,2025-08-18,158.31,1345.64
S009,2025-08-19,202.87,1724.4
S009,2025-08-20,166.72,1417.12
S009,2025-08-21,166.66,1416.61
S009,2025-08-22,183.27,1557.8
S009,2025-08-23,81.44,692.24
S009,2025-08-24,153.7,1306.45
S009,2025-08-25,153.17,1301.94
S009,2025-08-26,202.06,1717.51
S009,2025-08-27,381.81,3245.38
S009,2025-08-28,90.27,767.3
S009,2025-08-29,93.7,796.45
S009,2025-08-30,159.55,1356.18
S009,2025-08-31,172.24,1464.04
S009,2025-09-01,277.68,2360.28
S009,2025-09-02,337.62,2869.77
S009,2025-09-03,45.68,388.28
S009,2025-09-04,161.14,1369.69
S009,2025-09-05,76.58,650.93
S009,2025-09-06,202.48,1721.08
S009,2025-09-07,256.97,2184.25
S009,2025-09-08,200.89,1707.56
S009,2025-09-09,319.94,2719.49
S009,2025-09-10,318.68,2708.78
S009,2025-09-11,284.92,2421.82
S009,2025-09-12,221.59,1883.52
S009,2025-09-13,180.15,1531.28
S009,2025-09-14,291.22,2475.37
S009,2025-09-15,94.52,803.42
S009,2025-09-16,117.15,995.78
S009,2025-09-17,111.21,945.28
S009,2025-09-18,95.93,815.41
S009,2025-09-19,310.8,2641.8
S009,2025-09-20,296.3,2518.55
S009,2025-09-21,212.1,1802.85
S009,2025-09-22,296.95,2524.07
S009,2025-09-23,29.81,253.38
S009,2025-09-24,161.15,1369.78
S009,2025-09-25,280.42,2383.57
S009,2025-09-26,356.82,3032.97
S009,2025-09-27,119.64,1016.94
S009,2025-09-28,269.22,2288.37
S009,2025-09-29,258.02,2193.17
S009,2025-09-30,138.8,1179.8
S009,2025-10-01,260.23,2211.96
S009,2025-10-02,97.23,826.46
S009,2025-10-03,217.57,1849.34
S009,2025-10-04,562.46,4780.91
S009,2025-10-05,347.9,2957.15
S009,2025-10-06,131.63,1118.86
S009,2025-10-07,237.45,2018.32
S009,2025-10-08,289.35,2459.48
S009,2025-10-09,110.6,940.1
S009,2025-10-10,335.06,2848.01
S009,2025-10-11,249.69,2122.36
S009,2025-10-12,216.32,1838.72
S009,2025-10-13,438.45,3726.82
S009,2025-10-14,271.08,2304.18
S009,2025-10-15,151.64,1288.94
S009,2025-10-16,273.9,2328.15
S009,2025-10-17,117.18,996.03
S009,2025-10-18,108.16,919.36
S009,2025-10-19,310.9,2642.65
S009,2025-10-20,299.43,2545.16
S009,2025-10-21,193.16,1641.86
S009,2025-10-22,95.66,813.11
S009,2025-10-23,72.71,618.04
S009,2025-10-24,387.8,3296.3
S009,2025-10-25,419.42,3565.07
S009,2025-10-26,88.96,756.16
S009,2025-10-27,48.49,412.16
S009,2025-10-28,305.2,2594.2
S009,2025-10-29,176.68,1501.78
S009,2025-10-30,294.91,2506.74
S009,2025-10-31,243.43,2069.16
S009,2025-11-01,419.73,3567.7
S009,2025-11-02,328.66,2793.61
S009,2025-11-03,270.15,2296.27
S009,2025-11-04,198.01,1683.08
S009,2025-11-05,279.82,2378.47
S009,2025-11-06,168.09,1428.76
S009,2025-11-07,208.35,1770.98
S009,2025-11-08,111.18,945.03
S009,2025-11-09,156.18,1327.53
S009,2025-11-10,190.43,1618.66
S009,2025-11-11,227.8,1936.3
S009,2025-11-12,288.27,2450.3
S009,2025-11-13,232.32,1974.72
S009,2025-11-14,246.71,2097.04
S009,2025-11-15,195.73,1663.7
S009,2025-11-16,155.62,1322.77
S009,2025-11-17,287.26,2441.71
S009,2025-11-18,163.17,1386.94
S009,2025-11-19,161.66,1374.11
S009,2025-11-20,342.82,2913.97
S009,2025-11-21,243.27,2067.8
S009,2025-11-22,433.63,3685.86
S009,2025-11-23,253.9,2158.15
S009,2025-11-24,311.3,2646.05
S009,2025-11-25,390.59,3320.02
S009,2025-11-26,430.85,3662.23
S009,2025-11-27,309.98,2634.83
S009,2025-11-28,157.02,1334.67
S009,2025-11-29,461.54,3923.09
S009,2025-11-30,102.85,874.22
S009,2025-12-01,117.83,1001.56
S009,2025-12-02,291.43,2477.16
S009,2025-12-03,232.16,1973.36
S009,2025-12-04,195.0,1657.5
S009,2025-12-05,525.05,4462.92
S009,2025-12-06,129.56,1101.26
S009,2025-12-07,218.84,1860.14
S009,2025-12-08,187.65,1595.02
S009,2025-12-09,232.87,1979.4
S009,2025-12-10,163.48,1389.58
S009,2025-12-11,94.9,806.65
S009,2025-12-12,208.04,1768.34
S009,2025-12-13,273.31,2323.14
S009,2025-12-14,68.16,579.36
S009,2025-12-15,179.06,1522.01
S009,2025-12-16,278.06,2363.51
S009,2025-12-17,149.64,1271.94
S009,2025-12-18,230.05,1955.43
S009,2025-12-19,286.85,2438.23
S009,2025-12-20,342.53,2911.5
S009,2025-12-21,282.94,2404.99
S009,2025-12-22,376.12,3197.02
S009,2025-12-23,229.36,1949.56
S009,2025-12-24,130.47,1108.99
S009,2025-12-25,301.81,2565.39
S009,2025-12-26,354.8,3015.8
S009,2025-12-27,287.98,2447.83
S009,2025-12-28,222.96,1895.16
S009,2025-12-29,257.01,2184.58
S009,2025-12-30,133.96,1138.66
S009,2025-12-31,130.15,1106.28
S010,2025-01-01,174.55,1483.68
S010,2025-01-02,271.36,2306.56
S010,2025-01-03,90.13,766.1
S010,2025-01-04,69.29,588.96
S010,2025-01-05,196.29,1668.46
S010,2025-01-06,120.88,1027.48
S010,2025-01-07,121.51,1032.84
S010,2025-01-08,309.32,2629.22
S010,2025-01-09,157.78,1341.13
S010,2025-01-10,55.45,471.33
S010,2025-01-11,123.44,1049.24
S010,2025-01-12,79.29,673.96
S010,2025-01-13,157.47,1338.5
S010,2025-01-14,124.34,1056.89
S010,2025-01-15,44.36,377.06
S010,2025-01-16,2.37,20.14
S010,2025-01-17,149.41,1269.98
S010,2025-01-18,119.37,1014.64
S010,2025-01-19,51.44,437.24
S010,2025-01-20,106.45,904.82
S010,2025-01-21,232.86,1979.31
S010,2025-01-22,66.23,562.96
S010,2025-01-23,175.29,1489.96
S010,2025-01-24,268.38,2281.23
S010,2025-01-25,22.58,191.93
S010,2025-01-26,191.75,1629.88
S010,2025-01-27,174.29,1481.46
S010,2025-01-28,68.44,581.74
S010,2025-01-29,119.14,1012.69
S010,2025-01-30,152.77,1298.54
S010,2025-01-31,135.47,1151.49
S010,2025-02-01,228.62,1943.27
S010,2025-02-02,151.47,1287.49
S010,2025-02-03,95.4,810.9
S010,2025-02-04,101.69,864.36
S010,2025-02-05,188.5,1602.25
S010,2025-02-06,179.62,1526.77
S010,2025-02-07,181.52,1542.92
S010,2025-02-08,189.71,1612.54
S010,2025-02-09,73.64,625.94
S010,2025-02-10,114.41,972.48
S010,2025-02-11,204.55,1738.68
S010,2025-02-12,203.14,1726.69
S010,2025-02-13,197.2,1676.2
S010,2025-02-14,122.07,1037.6
S010,2025-02-15,115.11,978.44
S010,2025-02-16,82.75,703.38
S010,2025-02-17,146.66,1246.61
S010,2025-02-18,171.82,1460.47
S010,2025-02-19,102.19,868.62
S010,2025-02-20,306.72,2607.12
S010,2025-02-21,143.1,1216.35
S010,2025-02-22,111.68,949.28
S010,2025-02-23,182.62,1552.27
S010,2025-02-24,177.19,1506.12
S010,2025-02-25,206.31,1753.64
S010,2025-02-26,273.65,2326.02
S010,2025-02-27,180.33,1532.8
S010,2025-02-28,173.28,1472.88
S010,2025-03-01,210.38,1788.23
S010,2025-03-02,83.38,708.73
S010,2025-03-03,266.12,2262.02
S010,2025-03-04,136.98,1164.33
S010,2025-03-05,252.45,2145.82
S010,2025-03-06,199.02,1691.67
S010,2025-03-07,129.31,1099.14
S010,2025-03-08,138.79,1179.71
S010,2025-03-09,63.33,538.3
S010,2025-03-10,179.83,1528.56
S010,2025-03-11,252.62,2147.27
S010,2025-03-12,125.35,1065.47
S010,2025-03-13,223.8,1902.3
S010,2025-03-14,228.96,1946.16
S010,2025-03-15,230.7,1960.95
S010,2025-03-16,138.57,1177.84
S010,2025-03-17,50.38,428.23
S010,2025-03-18,197.2,1676.2
S010,2025-03-19,144.04,1224.34
S010,2025-03-20,71.07,604.09
S010,2025-03-21,137.43,1168.16
S010,2025-03-22,136.93,1163.9
S010,2025-03-23,138.95,1181.07
S010,2025-03-24,186.86,1588.31
S010,2025-03-25,99.65,847.03
S010,2025-03-26,130.36,1108.06
S010,2025-03-27,73.17,621.95
S010,2025-03-28,109.54,931.09
S010,2025-03-29,222.01,1887.08
S010,2025-03-30,212.42,1805.57
S010,2025-03-31,136.43,1159.66
S010,2025-04-01,210.35,1787.98
S010,2025-04-02,104.16,885.36
S010,2025-04-03,314.48,2673.08
S010,2025-04-04,197.62,1679.77
S010,2025-04-05,84.3,716.55
S010,2025-04-06,288.68,2453.78
S010,2025-04-07,278.29,2365.46
S010,2025-04-08,350.94,2982.99
S010,2025-04-09,181.42,1542.07
S010,2025-04-10,122.86,1044.31
S010,2025-04-11,370.65,3150.52
S010,2025-04-12,56.67,481.7
S010,2025-04-13,40.67,345.7
S010,2025-04-14,258.25,2195.12
S010,2025-04-15,108.19,919.62
S010,2025-04-16,218.3,1855.55
S010,2025-04-17,297.92,2532.32
S010,2025-04-18,107.16,910.86
S010,2025-04-19,195.57,1662.34
S010,2025-04-20,247.22,2101.37
S010,2025-04-21,235.91,2005.24
S010,2025-04-22,202.79,1723.72
S010,2025-04-23,132.47,1125.99
S010,2025-04-24,201.12,1709.52
S010,2025-04-25,298.77,2539.54
S010,2025-04-26,65.04,552.84
S010,2025-04-27,187.68,1595.28
S010,2025-04-28,190.05,1615.43
S010,2025-04-29,72.0,612.0
S010,2025-04-30,82.47,701.0
S010,2025-05-01,287.69,2445.36
S010,2025-05-02,219.18,1863.03
S010,2025-05-03,144.11,1224.94
S010,2025-05-04,40.84,347.14
S010,2025-05-05,362.47,3081.0
S010,2025-05-06,204.41,1737.48
S010,2025-05-07,290.41,2468.48
S010,2025-05-08,426.14,3622.19
S010,2025-05-09,89.17,757.94
S010,2025-05-10,112.06,952.51
S010,2025-05-11,149.61,1271.69
S010,2025-05-12,134.8,1145.8
S010,2025-05-13,176.49,1500.16
S010,2025-05-14,159.28,1353.88
S010,2025-05-15,82.77,703.54
S010,2025-05-16,165.17,1403.94
S010,2025-05-17,161.92,1376.32
S010,2025-05-18,195.91,1665.24
S010,2025-05-19,220.56,1874.76
S010,2025-05-20,245.53,2087.0
S010,2025-05-21,231.01,1963.58
S010,2025-05-22,242.35,2059.98
S010,2025-05-23,177.45,1508.32
S010,2025-05-24,192.07,1632.6
S010,2025-05-25,290.74,2471.29
S010,2025-05-26,150.26,1277.21
S010,2025-05-27,194.87,1656.4
S010,2025-05-28,161.5,1372.75
S010,2025-05-29,41.49,352.66
S010,2025-05-30,115.9,985.15
S010,2025-05-31,42.28,359.38
S010,2025-06-01,288.72,2454.12
S010,2025-06-02,154.2,1310.7
S010,2025-06-03,276.37,2349.14
S010,2025-06-04,314.84,2676.14
S010,2025-06-05,243.86,2072.81
S010,2025-06-06,192.61,1637.19
S010,2025-06-07,165.28,1404.88
S010,2025-06-08,249.68,2122.28
S010,2025-06-09,264.3,2246.55
S010,2025-06-10,202.78,1723.63
S010,2025-06-11,278.33,2365.8
S010,2025-06-12,209.58,1781.43
S010,2025-06-13,203.68,1731.28
S010,2025-06-14,210.17,1786.44
S010,2025-06-15,256.53,2180.5
S010,2025-06-16,260.4,2213.4
S010,2025-06-17,115.26,979.71
S010,2025-06-18,311.51,2647.84
S010,2025-06-19,251.82,2140.47
S010,2025-06-20,264.38,2247.23
S010,2025-06-21,92.75,788.38
S010,2025-06-22,308.92,2625.82
S010,2025-06-23,190.39,1618.31
S010,2025-06-24,111.29,945.96
S010,2025-06-25,159.96,1359.66
S010,2025-06-26,78.0,663.0
S010,2025-06-27,200.36,1703.06
S010,2025-06-28,274.71,2335.04
S010,2025-06-29,170.55,1449.68
S010,2025-06-30,156.55,1330.68
S010,2025-07-01,245.31,2085.14
S010,2025-07-02,210.1,1785.85
S010,2025-07-03,332.94,2829.99
S010,2025-07-04,130.98,1113.33
S010,2025-07-05,175.77,1494.04
S010,2025-07-06,153.09,1301.27
S010,2025-07-07,389.33,3309.3
S010,2025-07-08,224.69,1909.86
S010,2025-07-09,210.19,1786.62
S010,2025-07-10,259.24,2203.54
S010,2025-07-11,119.64,1016.94
S010,2025-07-12,148.43,1261.66
S010,2025-07-13,197.9,1682.15
S010,2025-07-14,265.9,2260.15
S010,2025-07-15,124.09,1054.77
S010,2025-07-16,274.73,2335.2
S010,2025-07-17,139.32,1184.22
S010,2025-07-18,116.35,988.97
S010,2025-07-19,145.22,1234.37
S010,2025-07-20,245.42,2086.07
S010,2025-07-21,224.11,1904.94
S010,2025-07-22,269.18,2288.03
S010,2025-07-23,176.74,1502.29
S010,2025-07-24,171.79,1460.22
S010,2025-07-25,243.19,2067.11
S010,2025-07-26,198.64,1688.44
S010,2025-07-27,245.52,2086.92
S010,2025-07-28,174.53,1483.5
S010,2025-07-29,425.89,3620.06
S010,2025-07-30,91.26,775.71
S010,2025-07-31,234.93,1996.9
S010,2025-08-01,280.53,2384.5
S010,2025-08-02,219.53,1866.0
S010,2025-08-03,148.17,1259.44
S010,2025-08-04,98.7,838.95
S010,2025-08-05,244.89,2081.56
S010,2025-08-06,178.83,1520.06
S010,2025-08-07,125.36,1065.56
S010,2025-08-08,287.56,2444.26
S010,2025-08-09,202.16,1718.36
S010,2025-08-10,218.16,1854.36
S010,2025-08-11,188.29,1600.46
S010,2025-08-12,221.76,1884.96
S010,2025-08-13,133.37,1133.64
S010,2025-08-14,82.02,697.17
S010,2025-08-15,149.66,1272.11
S010,2025-08-16,210.58,1789.93
S010,2025-08-17,321.85,2735.73
S010,2025-08-18,190.92,1622.82
S010,2025-08-19,374.47,3183.0
S010,2025-08-20,146.71,1247.04
S010,2025-08-21,224.17,1905.44
S010,2025-08-22,163.0,1385.5
S010,2025-08-23,332.41,2825.48
S010,2025-08-24,216.24,1838.04
S010,2025-08-25,175.98,1495.83
S010,2025-08-26,376.83,3203.06
S010,2025-08-27,171.33,1456.3
S010,2025-08-28,264.67,2249.7
S010,2025-08-29,107.05,909.92
S010,2025-08-30,428.72,3644.12
S010,2025-08-31,151.21,1285.29
S010,2025-09-01,311.29,2645.96
S010,2025-09-02,188.77,1604.54
S010,2025-09-03,273.05,2320.93
S010,2025-09-04,206.73,1757.2
S010,2025-09-05,243.5,2069.75
S010,2025-09-06,196.99,1674.42
S010,2025-09-07,214.47,1823.0
S010,2025-09-08,228.72,1944.12
S010,2025-09-09,148.13,1259.1
S010,2025-09-10,274.18,2330.53
S010,2025-09-11,117.77,1001.04
S010,2025-09-12,305.68,2598.28
S010,2025-09-13,173.73,1476.7
S010,2025-09-14,400.19,3401.62
S010,2025-09-15,334.91,2846.74
S010,2025-09-16,158.42,1346.57
S010,2025-09-17,154.43,1312.66
S010,2025-09-18,283.1,2406.35
S010,2025-09-19,398.09,3383.76
S010,2025-09-20,138.79,1179.71
S010,2025-09-21,211.72,1799.62
S010,2025-09-22,120.7,1025.95
S010,2025-09-23,326.85,2778.23
S010,2025-09-24,274.62,2334.27
S010,2025-09-25,271.85,2310.73
S010,2025-09-26,238.16,2024.36
S010,2025-09-27,253.48,2154.58
S010,2025-09-28,266.5,2265.25
S010,2025-09-29,389.16,3307.86
S010,2025-09-30,274.17,2330.45
S010,2025-10-01,371.45,3157.32
S010,2025-10-02,333.45,2834.32
S010,2025-10-03,157.5,1338.75
S010,2025-10-04,336.17,2857.44
S010,2025-10-05,216.38,1839.23
S010,2025-10-06,232.73,1978.2
S010,2025-10-07,184.91,1571.74
S010,2025-10-08,407.93,3467.4
S010,2025-10-09,167.16,1420.86
S010,2025-10-10,421.34,3581.39
S010,2025-10-11,247.02,2099.67
S010,2025-10-12,369.73,3142.7
S010,2025-10-13,325.47,2766.5
S010,2025-10-14,175.51,1491.84
S010,2025-10-15,313.65,2666.02
S010,2025-10-16,167.52,1423.92
S010,2025-10-17,177.52,1508.92
S010,2025-10-18,367.18,3121.03
S010,2025-10-19,108.42,921.57
S010,2025-10-20,383.42,3259.07
S010,2025-10-21,109.37,929.64
S010,2025-10-22,407.22,3461.37
S010,2025-10-23,100.95,858.08
S010,2025-10-24,146.72,1247.12
S010,2025-10-25,162.61,1382.19
S010,2025-10-26,246.33,2093.81
S010,2025-10-27,335.2,2849.2
S010,2025-10-28,252.05,2142.43
S010,2025-10-29,205.31,1745.14
S010,2025-10-30,145.45,1236.32
S010,2025-10-31,246.02,2091.17
S010,2025-11-01,151.84,1290.64
S010,2025-11-02,327.66,2785.11
S010,2025-11-03,451.09,3834.26
S010,2025-11-04,192.61,1637.19
S010,2025-11-05,201.99,1716.92
S010,2025-11-06,404.65,3439.52
S010,2025-11-07,251.64,2138.94
S010,2025-11-08,294.74,2505.29
S010,2025-11-09,261.89,2226.06
S010,2025-11-10,272.92,2319.82
S010,2025-11-11,417.27,3546.8
S010,2025-11-12,462.54,3931.59
S010,2025-11-13,379.4,3224.9
S010,2025-11-14,488.63,4153.35
S010,2025-11-15,233.41,1983.98
S010,2025-11-16,255.6,2172.6
S010,2025-11-17,454.53,3863.5
S010,2025-11-18,447.55,3804.18
S010,2025-11-19,177.67,1510.2
S010,2025-11-20,374.93,3186.9
S010,2025-11-21,260.47,2214.0
S010,2025-11-22,251.8,2140.3
S010,2025-11-23,214.67,1824.7
S010,2025-11-24,75.74,643.79
S010,2025-11-25,333.74,2836.79
S010,2025-11-26,239.99,2039.92
S010,2025-11-27,359.29,3053.96
S010,2025-11-28,134.51,1143.34
S010,2025-11-29,330.33,2807.8
S010,2025-11-30,289.95,2464.57
S010,2025-12-01,295.74,2513.79
S010,2025-12-02,442.63,3762.36
S010,2025-12-03,385.1,3273.35
S010,2025-12-04,84.74,720.29
S010,2025-12-05,362.25,3079.12
S010,2025-12-06,252.11,2142.94
S010,2025-12-07,422.48,3591.08
S010,2025-12-08,169.99,1444.92
S010,2025-12-09,199.26,1693.71
S010,2025-12-10,241.77,2055.04
S010,2025-12-11,288.83,2455.05
S010,2025-12-12,463.96,3943.66
S010,2025-12-13,317.71,2700.54
S010,2025-12-14,264.79,2250.72
S010,2025-12-15,170.7,1450.95
S010,2025-12-16,296.03,2516.25
S010,2025-12-17,382.56,3251.76
S010,2025-12-18,187.55,1594.18
S010,2025-12-19,134.7,1144.95
S010,2025-12-20,358.61,3048.18
S010,2025-12-21,144.11,1224.94
S010,2025-12-22,324.48,2758.08
S010,2025-12-23,310.12,2636.02
S010,2025-12-24,396.01,3366.08
S010,2025-12-25,217.48,1848.58
S010,2025-12-26,331.97,2821.75
S010,2025-12-27,240.09,2040.76
S010,2025-12-28,215.13,1828.6
S010,2025-12-29,306.37,2604.14
S010,2025-12-30,252.56,2146.76
S010,2025-12-31,155.2,1319.2
S011,2025-01-01,113.0,960.5
S011,2025-01-02,13.01,110.58
S011,2025-01-03,152.13,1293.1
S011,2025-01-04,147.39,1252.81
S011,2025-01-05,49.09,417.27
S011,2025-01-06,25.93,220.4
S011,2025-01-07,112.6,957.1
S011,2025-01-08,120.4,1023.4
S011,2025-01-09,31.49,267.66
S011,2025-01-10,54.53,463.5
S011,2025-01-11,28.59,243.02
S011,2025-01-12,156.67,1331.7
S011,2025-01-13,156.79,1332.72
S011,2025-01-14,57.68,490.28
S011,2025-01-15,39.25,333.62
S011,2025-01-16,26.6,226.1
S011,2025-01-17,13.07,111.1
S011,2025-01-19,45.66,388.11
S011,2025-01-20,95.86,814.81
S011,2025-01-21,128.85,1095.22
S011,2025-01-22,58.39,496.32
S011,2025-01-23,123.2,1047.2
S011,2025-01-24,13.94,118.49
S011,2025-01-25,73.43,624.16
S011,2025-01-26,48.34,410.89
S011,2025-01-27,26.44,224.74
S011,2025-01-28,66.03,561.26
S011,2025-01-29,26.1,221.85
S011,2025-01-30,88.93,755.91
S011,2025-01-31,53.54,455.09
S011,2025-02-01,143.4,1218.9
S011,2025-02-02,19.47,165.5
S011,2025-02-03,95.5,811.75
S011,2025-02-05,83.91,713.24
S011,2025-02-06,61.55,523.17
S011,2025-02-07,99.02,841.67
S011,2025-02-08,86.95,739.08
S011,2025-02-09,54.23,460.96
S011,2025-02-10,16.41,139.49
S011,2025-02-11,99.59,846.52
S011,2025-02-12,88.9,755.65
S011,2025-02-13,55.04,467.84
S011,2025-02-14,84.52,718.42
S011,2025-02-15,94.23,800.96
S011,2025-02-16,59.49,505.66
S011,2025-02-17,145.23,1234.46
S011,2025-02-18,112.82,958.97
S011,2025-02-19,52.35,444.98
S011,2025-02-20,66.68,566.78
S011,2025-02-21,82.04,697.34
S011,2025-02-22,96.73,822.2
S011,2025-02-23,37.35,317.48
S011,2025-02-24,82.14,698.19
S011,2025-02-25,130.83,1112.06
S011,2025-02-26,100.23,851.96
S011,2025-02-27,67.85,576.72
S011,2025-02-28,138.12,1174.02
S011,2025-03-01,110.19,936.62
S011,2025-03-02,119.31,1014.14
S011,2025-03-03,37.94,322.49
S011,2025-03-04,116.92,993.82
S011,2025-03-05,39.41,334.98
S011,2025-03-06,58.34,495.89
S011,2025-03-07,36.78,312.63
S011,2025-03-08,63.49,539.66
S011,2025-03-09,37.52,318.92
S011,2025-03-10,82.29,699.46
S011,2025-03-11,117.29,996.96
S011,2025-03-12,62.96,535.16
S011,2025-03-13,117.33,997.3
S011,2025-03-14,98.61,838.18
S011,2025-03-15,101.87,865.9
S011,2025-03-16,48.98,416.33
S011,2025-03-17,62.76,533.46
S011,2025-03-18,106.94,908.99
S011,2025-03-19,94.75,805.38
S011,2025-03-20,65.59,557.52
S011,2025-03-21,98.08,833.68
S011,2025-03-22,33.32,283.22
S011,2025-03-23,135.56,1152.26
S011,2025-03-24,239.49,2035.66
S011,2025-03-25,5.47,46.5
S011,2025-03-26,13.34,113.39
S011,2025-03-27,35.24,299.54
S011,2025-03-29,93.66,796.11
S011,2025-03-30,101.55,863.18
S011,2025-03-31,67.27,571.79
S011,2025-04-01,87.42,743.07
S011,2025-04-02,33.55,285.17
S011,2025-04-03,210.91,1792.74
S011,2025-04-05,120.52,1024.42
S011,2025-04-06,61.76,524.96
S011,2025-04-07,44.8,380.8
S011,2025-04-08,117.98,1002.83
S011,2025-04-09,2.81,23.88
S011,2025-04-10,52.9,449.65
S011,2025-04-11,68.7,583.95
S011,2025-04-12,56.26,478.21
S011,2025-04-13,120.2,1021.7
S011,2025-04-14,94.69,804.86
S011,2025-04-15,2.06,17.51
S011,2025-04-16,33.16,281.86
S011,2025-04-17,86.28,733.38
S011,2025-04-18,101.29,860.96
S011,2025-04-19,107.48,913.58
S011,2025-04-20,108.98,926.33
S011,2025-04-21,123.11,1046.44
S011,2025-04-22,62.94,534.99
S011,2025-04-23,224.99,1912.42
S011,2025-04-24,69.1,587.35
S011,2025-04-25,85.29,724.96
S011,2025-04-26,70.1,595.85
S011,2025-04-27,29.23,248.46
S011,2025-04-28,148.23,1259.96
S011,2025-04-29,81.89,696.06
S011,2025-04-30,38.22,324.87
S011,2025-05-01,144.85,1231.22
S011,2025-05-02,103.86,882.81
S011,2025-05-03,171.82,1460.47
S011,2025-05-04,117.18,996.03
S011,2025-05-05,111.46,947.41
S011,2025-05-06,135.47,1151.49
S011,2025-05-07,97.04,824.84
S011,2025-05-08,66.82,567.97
S011,2025-05-09,155.75,1323.88
S011,2025-05-10,88.19,749.62
S011,2025-05-11,86.98,739.33
S011,2025-05-12,254.3,2161.55
S011,2025-05-13,92.96,790.16
S011,2025-05-14,142.29,1209.46
S011,2025-05-15,54.23,460.96
S011,2025-05-16,57.16,485.86
S011,2025-05-17,149.22,1268.37
S011,2025-05-18,121.69,1034.36
S011,2025-05-19,89.93,764.41
S011,2025-05-20,35.44,301.24
S011,2025-05-21,200.98,1708.33
S011,2025-05-22,83.79,712.22
S011,2025-05-23,112.75,958.38
S011,2025-05-24,90.6,770.1
S011,2025-05-25,78.8,669.8
S011,2025-05-26,96.47,820.0
S011,2025-05-27,182.54,1551.59
S011,2025-05-28,20.76,176.46
S011,2025-05-29,76.22,647.87
S011,2025-05-30,92.79,788.72
S011,2025-05-31,141.31,1201.14
S011,2025-06-01,236.31,2008.64
S011,2025-06-02,103.2,877.2
S011,2025-06-03,51.41,436.98
S011,2025-06-04,160.66,1365.61
S011,2025-06-05,18.16,154.36
S011,2025-06-06,70.39,598.32
S011,2025-06-07,160.28,1362.38
S011,2025-06-08,83.02,705.67
S011,2025-06-09,113.7,966.45
S011,2025-06-10,104.12,885.02
S011,2025-06-11,164.07,1394.6
S011,2025-06-12,80.12,681.02
S011,2025-06-14,97.52,828.92
S011,2025-06-15,156.11,1326.94
S011,2025-06-16,112.42,955.57
S011,2025-06-17,247.62,2104.77
S011,2025-06-18,96.93,823.91
S011,2025-06-19,251.4,2136.9
S011,2025-06-20,157.11,1335.44
S011,2025-06-21,75.4,640.9
S011,2025-06-22,136.01,1156.08
S011,2025-06-23,56.43,479.66
S011,2025-06-24,232.83,1979.06
S011,2025-06-25,119.72,1017.62
S011,2025-06-26,99.94,849.49
S011,2025-06-27,42.3,359.55
S011,2025-06-28,35.67,303.2
S011,2025-06-29,95.97,815.74
S011,2025-06-30,169.01,1436.58
S011,2025-07-01,242.84,2064.14
S011,2025-07-02,102.42,870.57
S011,2025-07-03,173.38,1473.73
S011,2025-07-04,32.05,272.42
S011,2025-07-05,76.96,654.16
S011,2025-07-06,184.37,1567.14
S011,2025-07-07,83.69,711.36
S011,2025-07-08,83.13,706.6
S011,2025-07-09,105.38,895.73
S011,2025-07-10,55.63,472.86
S011,2025-07-11,92.87,789.4
S011,2025-07-12,147.92,1257.32
S011,2025-07-13,108.16,919.36
S011,2025-07-14,65.59,557.52
S011,2025-07-15,132.08,1122.68
S011,2025-07-16,186.93,1588.9
S011,2025-07-17,246.75,2097.38
S011,2025-07-18,116.38,989.23
S011,2025-07-19,148.36,1261.06
S011,2025-07-21,83.95,713.58
S011,2025-07-22,108.07,918.59
S011,2025-07-23,92.62,787.27
S011,2025-07-24,129.02,1096.67
S011,2025-07-25,149.93,1274.4
S011,2025-07-26,155.47,1321.5
S011,2025-07-27,24.33,206.8
S011,2025-07-28,170.97,1453.24
S011,2025-07-29,112.05,952.42
S011,2025-07-30,166.77,1417.54
S011,2025-07-31,37.23,316.46
S011,2025-08-01,94.18,800.53
S011,2025-08-02,74.85,636.22
S011,2025-08-03,133.93,1138.4
S011,2025-08-04,150.37,1278.14
S011,2025-08-05,104.35,886.97
S011,2025-08-06,57.32,487.22
S011,2025-08-07,127.77,1086.04
S011,2025-08-08,56.24,478.04
S011,2025-08-09,182.27,1549.3
S011,2025-08-10,25.8,219.3
S011,2025-08-11,49.7,422.45
S011,2025-08-12,15.17,128.94
S011,2025-08-13,41.82,355.47
S011,2025-08-14,115.15,978.78
S011,2025-08-15,169.23,1438.46
S011,2025-08-16,117.85,1001.72
S011,2025-08-17,452.67,3847.7
S011,2025-08-18,211.8,1800.3
S011,2025-08-19,141.38,1201.73
S011,2025-08-20,165.06,1403.01
S011,2025-08-21,97.4,827.9
S011,2025-08-22,267.48,2273.58
S011,2025-08-23,53.75,456.88
S011,2025-08-24,37.48,318.58
S011,2025-08-25,156.58,1330.93
S011,2025-08-26,104.17,885.44
S011,2025-08-27,238.14,2024.19
S011,2025-08-28,113.11,961.44
S011,2025-08-29,56.65,481.52
S011,2025-08-30,45.56,387.26
S011,2025-08-31,204.51,1738.34
S011,2025-09-01,112.42,955.57
S011,2025-09-02,54.7,464.95
S011,2025-09-03,111.32,946.22
S011,2025-09-04,130.78,1111.63
S011,2025-09-05,82.61,702.18
S011,2025-09-06,111.03,943.76
S011,2025-09-07,12.72,108.12
S011,2025-09-08,126.23,1072.96
S011,2025-09-09,231.48,1967.58
S011,2025-09-10,79.23,673.46
S011,2025-09-11,137.0,1164.5
S011,2025-09-12,128.92,1095.82
S011,2025-09-13,155.03,1317.76
S011,2025-09-14,61.62,523.77
S011,2025-09-15,60.07,510.6
S011,2025-09-16,111.68,949.28
S011,2025-09-17,50.7,430.95
S011,2025-09-18,191.05,1623.93
S011,2025-09-19,82.3,699.55
S011,2025-09-20,78.59,668.02
S011,2025-09-21,59.36,504.56
S011,2025-09-22,159.67,1357.2
S011,2025-09-23,277.8,2361.3
S011,2025-09-24,144.1,1224.85
S011,2025-09-25,150.54,1279.59
S011,2025-09-26,37.7,320.45
S011,2025-09-27,12.08,102.68
S011,2025-09-28,53.83,457.56
S011,2025-09-29,218.68,1858.78
S011,2025-09-30,78.52,667.42
S011,2025-10-01,33.21,282.29
S011,2025-10-02,109.77,933.04
S011,2025-10-03,62.03,527.26
S011,2025-10-04,130.4,1108.4
S011,2025-10-05,66.0,561.0
S011,2025-10-06,48.62,413.27
S011,2025-10-07,143.77,1222.04
S011,2025-10-08,188.83,1605.06
S011,2025-10-09,114.95,977.08
S011,2025-10-10,141.39,1201.81
S011,2025-10-11,164.58,1398.93
S011,2025-10-12,63.35,538.48
S011,2025-10-13,45.44,386.24
S011,2025-10-14,69.08,587.18
S011,2025-10-15,124.77,1060.54
S011,2025-10-17,42.89,364.56
S011,2025-10-18,157.73,1340.7
S011,2025-10-19,49.47,420.5
S011,2025-10-20,59.19,503.12
S011,2025-10-21,155.49,1321.66
S011,2025-10-22,119.7,1017.45
S011,2025-10-23,163.37,1388.64
S011,2025-10-24,66.97,569.24
S011,2025-10-25,49.2,418.2
S011,2025-10-26,159.02,1351.67
S011,2025-10-27,168.53,1432.5
S011,2025-10-28,332.42,2825.57
S011,2025-10-29,75.78,644.13
S011,2025-10-30,220.53,1874.5
S011,2025-10-31,142.81,1213.88
S011,2025-11-01,156.48,1330.08
S011,2025-11-02,50.12,426.02
S011,2025-11-03,86.5,735.25
S011,2025-11-04,280.59,2385.02
S011,2025-11-05,68.29,580.46
S011,2025-11-06,216.3,1838.55
S011,2025-11-07,95.94,815.49
S011,2025-11-08,116.68,991.78
S011,2025-11-09,41.8,355.3
S011,2025-11-10,142.34,1209.89
S011,2025-11-11,232.52,1976.42
S011,2025-11-12,3.52,29.92
S011,2025-11-13,185.13,1573.6
S011,2025-11-14,187.78,1596.13
S011,2025-11-15,77.65,660.03
S011,2025-11-16,65.47,556.5
S011,2025-11-17,68.57,582.84
S011,2025-11-18,139.42,1185.07
S011,2025-11-19,309.0,2626.5
S011,2025-11-20,150.36,1278.06
S011,2025-11-21,117.04,994.84
S011,2025-11-22,132.32,1124.72
S011,2025-11-23,45.79,389.22
S011,2025-11-24,119.85,1018.72
S011,2025-11-25,27.15,230.77
S011,2025-11-26,88.89,755.56
S011,2025-11-27,94.17,800.44
S011,2025-11-28,158.1,1343.85
S011,2025-11-29,108.98,926.33
S011,2025-11-30,145.26,1234.71
S011,2025-12-01,135.66,1153.11
S011,2025-12-02,106.69,906.86
S011,2025-12-03,110.47,939.0
S011,2025-12-04,191.33,1626.3
S011,2025-12-05,125.57,1067.34
S011,2025-12-06,84.93,721.91
S011,2025-12-07,76.4,649.4
S011,2025-12-08,274.08,2329.68
S011,2025-12-09,219.05,1861.93
S011,2025-12-10,23.11,196.44
S011,2025-12-11,102.29,869.46
S011,2025-12-12,194.46,1652.91
S011,2025-12-13,338.37,2876.14
S011,2025-12-14,143.41,1218.98
S011,2025-12-15,121.67,1034.2
S011,2025-12-16,156.84,1333.14
S011,2025-12-17,69.89,594.07
S011,2025-12-18,144.0,1224.0
S011,2025-12-19,275.12,2338.52
S011,2025-12-20,100.15,851.28
S011,2025-12-21,152.8,1298.8
S011,2025-12-22,102.3,869.55
S011,2025-12-23,118.53,1007.5
S011,2025-12-24,173.69,1476.36
S011,2025-12-25,183.89,1563.06
S011,2025-12-26,145.11,1233.44
S011,2025-12-27,140.28,1192.38
S011,2025-12-28,143.15,1216.78
S011,2025-12-29,191.89,1631.06
S011,2025-12-30,47.45,403.33
S011,2025-12-31,60.37,513.14
S012,2025-01-01,133.52,1134.92
S012,2025-01-02,113.43,964.16
S012,2025-01-03,84.69,719.86
S012,2025-01-04,202.49,1721.16
S012,2025-01-05,30.26,257.21
S012,2025-01-06,29.84,253.64
S012,2025-01-07,156.6,1331.1
S012,2025-01-08,120.65,1025.53
S012,2025-01-09,21.83,185.55
S012,2025-01-10,55.4,470.9
S012,2025-01-11,148.01,1258.08
S012,2025-01-12,126.03,1071.26
S012,2025-01-13,123.1,1046.35
S012,2025-01-14,163.18,1387.03
S012,2025-01-15,66.43,564.66
S012,2025-01-16,56.68,481.78
S012,2025-01-17,65.68,558.28
S012,2025-01-18,99.53,846.0
S012,2025-01-19,177.7,1510.45
S012,2025-01-20,38.13,324.1
S012,2025-01-21,33.04,280.84
S012,2025-01-22,114.1,969.85
S012,2025-01-24,71.03,603.76
S012,2025-01-25,189.52,1610.92
S012,2025-01-26,55.09,468.27
S012,2025-01-27,194.92,1656.82
S012,2025-01-28,114.72,975.12
S012,2025-01-29,30.81,261.88
S012,2025-01-30,141.23,1200.46
S012,2025-01-31,144.07,1224.6
S012,2025-02-01,26.88,228.48
S012,2025-02-02,75.69,643.36
S012,2025-02-03,255.18,2169.03
S012,2025-02-04,42.37,360.14
S012,2025-02-05,56.65,481.52
S012,2025-02-06,144.77,1230.54
S012,2025-02-07,184.02,1564.17
S012,2025-02-08,77.58,659.43
S012,2025-02-09,103.37,878.64
S012,2025-02-10,234.29,1991.46
S012,2025-02-11,18.94,160.99
S012,2025-02-12,199.33,1694.3
S012,2025-02-13,116.42,989.57
S012,2025-02-14,124.06,1054.51
S012,2025-02-15,59.78,508.13
S012,2025-02-16,115.98,985.83
S012,2025-02-17,110.19,936.62
S012,2025-02-18,78.99,671.42
S012,2025-02-19,112.8,958.8
S012,2025-02-20,18.55,157.68
S012,2025-02-21,106.81,907.88
S012,2025-02-22,127.31,1082.14
S012,2025-02-23,200.72,1706.12
S012,2025-02-24,113.61,965.68
S012,2025-02-25,257.58,2189.43
S012,2025-02-26,167.69,1425.36
S012,2025-02-27,48.08,408.68
S012,2025-02-28,123.78,1052.13
S012,2025-03-01,133.47,1134.49
S012,2025-03-02,50.23,426.96
S012,2025-03-03,124.28,1056.38
S012,2025-03-04,151.88,1290.98
S012,2025-03-05,16.39,139.32
S012,2025-03-06,242.67,2062.69
S012,2025-03-07,65.37,555.64
S012,2025-03-08,205.31,1745.14
S012,2025-03-09,44.21,375.78
S012,2025-03-10,178.31,1515.64
S012,2025-03-11,134.02,1139.17
S012,2025-03-12,79.43,675.16
S012,2025-03-13,144.36,1227.06
S012,2025-03-14,58.03,493.26
S012,2025-03-15,216.49,1840.16
S012,2025-03-16,91.14,774.69
S012,2025-03-17,111.02,943.67
S012,2025-03-18,20.91,177.74
S012,2025-03-19,89.55,761.18
S012,2025-03-20,128.38,1091.23
S012,2025-03-21,83.06,706.01
S012,2025-03-22,72.2,613.7
S012,2025-03-23,182.45,1550.82
S012,2025-03-24,74.43,632.66
S012,2025-03-25,143.18,1217.03
S012,2025-03-26,189.97,1614.74
S012,2025-03-27,263.85,2242.73
S012,2025-03-28,170.34,1447.89
S012,2025-03-29,100.91,857.74
S012,2025-03-30,77.15,655.78
S012,2025-03-31,104.29,886.46
S012,2025-04-01,160.74,1366.29
S012,2025-04-02,209.28,1778.88
S012,2025-04-03,86.3,733.55
S012,2025-04-04,128.24,1090.04
S012,2025-04-05,185.4,1575.9
S012,2025-04-06,108.46,921.91
S012,2025-04-07,386.87,3288.4
S012,2025-04-08,60.65,515.52
S012,2025-04-09,31.97,271.74
S012,2025-04-10,59.87,508.9
S012,2025-04-11,58.07,493.6
S012,2025-04-12,229.64,1951.94
S012,2025-04-13,212.79,1808.72
S012,2025-04-14,189.78,1613.13
S012,2025-04-15,275.96,2345.66
S012,2025-04-16,147.64,1254.94
S012,2025-04-17,90.77,771.54
S012,2025-04-18,272.39,2315.32
S012,2025-04-19,37.79,321.21
S012,2025-04-20,197.22,1676.37
S012,2025-04-21,132.44,1125.74
S012,2025-04-22,178.92,1520.82
S012,2025-04-23,103.76,881.96
S012,2025-04-24,33.66,286.11
S012,2025-04-25,165.12,1403.52
S012,2025-04-26,253.96,2158.66
S012,2025-04-27,207.03,1759.76
S012,2025-04-28,72.17,613.45
S012,2025-04-29,108.18,919.53
S012,2025-04-30,212.16,1803.36
S012,2025-05-01,239.08,2032.18
S012,2025-05-02,88.35,750.97
S012,2025-05-03,50.74,431.29
S012,2025-05-04,124.08,1054.68
S012,2025-05-05,118.46,1006.91
S012,2025-05-06,66.73,567.21
S012,2025-05-07,55.99,475.92
S012,2025-05-08,121.57,1033.34
S012,2025-05-09,51.78,440.13
S012,2025-05-10,160.21,1361.78
S012,2025-05-11,118.2,1004.7
S012,2025-05-12,108.26,920.21
S012,2025-05-13,284.89,2421.56
S012,2025-05-14,108.62,923.27
S012,2025-05-15,81.72,694.62
S012,2025-05-16,305.09,2593.26
S012,2025-05-17,95.57,812.34
S012,2025-05-18,208.94,1775.99
S012,2025-05-19,72.27,614.29
S012,2025-05-20,141.75,1204.88
S012,2025-05-21,176.45,1499.82
S012,2025-05-22,147.92,1257.32
S012,2025-05-23,106.63,906.36
S012,2025-05-24,213.67,1816.2
S012,2025-05-25,76.2,647.7
S012,2025-05-26,236.53,2010.5
S012,2025-05-27,66.46,564.91
S012,2025-05-28,134.01,1139.08
S012,2025-05-29,222.54,1891.59
S012,2025-05-30,126.35,1073.97
S012,2025-05-31,227.81,1936.38
S012,2025-06-01,69.0,586.5
S012,2025-06-02,156.31,1328.64
S012,2025-06-03,282.16,2398.36
S012,2025-06-04,164.2,1395.7
S012,2025-06-05,217.01,1844.58
S012,2025-06-06,180.84,1537.14
S012,2025-06-07,203.23,1727.46
S012,2025-06-08,83.43,709.16
S012,2025-06-09,109.69,932.36
S012,2025-06-10,131.06,1114.01
S012,2025-06-11,86.36,734.06
S012,2025-06-12,168.96,1436.16
S012,2025-06-13,108.07,918.59
S012,2025-06-14,219.22,1863.37
S012,2025-06-15,155.64,1322.94
S012,2025-06-16,44.36,377.06
S012,2025-06-17,49.01,416.58
S012,2025-06-18,64.61,549.18
S012,2025-06-19,130.2,1106.7
S012,2025-06-20,272.96,2320.16
S012,2025-06-21,213.15,1811.78
S012,2025-06-22,244.3,2076.55
S012,2025-06-23,61.03,518.76
S012,2025-06-24,190.96,1623.16
S012,2025-06-25,127.44,1083.24
S012,2025-06-26,223.01,1895.58
S012,2025-06-27,178.16,1514.36
S012,2025-06-28,303.43,2579.16
S012,2025-06-29,81.03,688.76
S012,2025-06-30,115.98,985.83
S012,2025-07-01,132.29,1124.46
S012,2025-07-02,193.05,1640.93
S012,2025-07-03,221.22,1880.37
S012,2025-07-04,173.07,1471.1
S012,2025-07-05,226.08,1921.68
S012,2025-07-06,36.52,310.42
S012,2025-07-07,56.41,479.48
S012,2025-07-08,169.33,1439.3
S012,2025-07-09,212.55,1806.68
S012,2025-07-10,223.07,1896.1
S012,2025-07-11,345.4,2935.9
S012,2025-07-12,132.23,1123.96
S012,2025-07-13,272.76,2318.46
S012,2025-07-14,309.77,2633.04
S012,2025-07-15,267.62,2274.77
S012,2025-07-16,253.78,2157.13
S012,2025-07-17,266.77,2267.54
S012,2025-07-18,130.0,1105.0
S012,2025-07-19,161.44,1372.24
S012,2025-07-20,233.24,1982.54
S012,2025-07-21,242.85,2064.22
S012,2025-07-22,348.0,2958.0
S012,2025-07-23,237.79,2021.22
S012,2025-07-24,161.27,1370.8
S012,2025-07-25,145.26,1234.71
S012,2025-07-26,286.34,2433.89
S012,2025-07-27,318.29,2705.46
S012,2025-07-28,130.88,1112.48
S012,2025-07-29,95.19,809.12
S012,2025-07-30,62.96,535.16
S012,2025-07-31,211.95,1801.57
S012,2025-08-01,101.07,859.09
S012,2025-08-02,98.18,834.53
S012,2025-08-03,79.86,678.81
S012,2025-08-04,224.44,1907.74
S012,2025-08-05,139.64,1186.94
S012,2025-08-06,60.38,513.23
S012,2025-08-07,110.87,942.4
S012,2025-08-08,282.73,2403.2
S012,2025-08-09,131.76,1119.96
S012,2025-08-10,160.4,1363.4
S012,2025-08-11,133.59,1135.52
S012,2025-08-12,96.97,824.24
S012,2025-08-13,121.89,1036.06
S012,2025-08-14,113.83,967.56
S012,2025-08-15,330.89,2812.56
S012,2025-08-16,227.44,1933.24
S012,2025-08-17,94.77,805.54
S012,2025-08-18,153.26,1302.71
S012,2025-08-19,138.23,1174.96
S012,2025-08-20,117.85,1001.72
S012,2025-08-21,350.57,2979.84
S012,2025-08-22,201.17,1709.94
S012,2025-08-23,242.77,2063.54
S012,2025-08-24,259.68,2207.28
S012,2025-08-25,157.92,1342.32
S012,2025-08-26,194.51,1653.34
S012,2025-08-27,200.03,1700.26
S012,2025-08-28,123.56,1050.26
S012,2025-08-29,164.01,1394.08
S012,2025-08-30,183.89,1563.06
S012,2025-08-31,169.04,1436.84
S012,2025-09-01,207.84,1766.64
S012,2025-09-02,216.99,1844.42
S012,2025-09-03,218.01,1853.08
S012,2025-09-04,279.79,2378.22
S012,2025-09-05,21.66,184.11
S012,2025-09-06,201.34,1711.39
S012,2025-09-07,200.02,1700.17
S012,2025-09-08,174.95,1487.07
S012,2025-09-09,312.63,2657.36
S012,2025-09-10,152.18,1293.53
S012,2025-09-11,122.89,1044.56
S012,2025-09-12,168.32,1430.72
S012,2025-09-13,173.89,1478.06
S012,2025-09-14,147.64,1254.94
S012,2025-09-15,112.22,953.87
S012,2025-09-16,202.04,1717.34
S012,2025-09-17,88.66,753.61
S012,2025-09-18,139.29,1183.96
S012,2025-09-19,266.79,2267.72
S012,2025-09-20,98.47,837.0
S012,2025-09-21,144.39,1227.31
S012,2025-09-22,143.44,1219.24
S012,2025-09-23,167.13,1420.6
S012,2025-09-24,121.29,1030.97
S012,2025-09-25,235.48,2001.58
S012,2025-09-26,140.48,1194.08
S012,2025-09-27,202.33,1719.8
S012,2025-09-28,136.45,1159.82
S012,2025-09-29,250.75,2131.38
S012,2025-09-30,300.88,2557.48
S012,2025-10-01,329.71,2802.54
S012,2025-10-02,303.87,2582.9
S012,2025-10-03,318.53,2707.5
S012,2025-10-04,267.96,2277.66
S012,2025-10-05,118.77,1009.54
S012,2025-10-06,161.52,1372.92
S012,2025-10-07,330.45,2808.82
S012,2025-10-08,314.84,2676.14
S012,2025-10-09,213.23,1812.46
S012,2025-10-10,143.2,1217.2
S012,2025-10-11,57.81,491.38
S012,2025-10-12,312.02,2652.17
S012,2025-10-13,233.07,1981.1
S012,2025-10-14,134.38,1142.23
S012,2025-10-15,223.57,1900.34
S012,2025-10-16,209.76,1782.96
S012,2025-10-17,240.55,2044.68
S012,2025-10-18,155.08,1318.18
S012,2025-10-19,251.13,2134.6
S012,2025-10-20,141.84,1205.64
S012,2025-10-21,288.56,2452.76
S012,2025-10-22,216.21,1837.78
S012,2025-10-23,213.23,1812.46
S012,2025-10-24,150.1,1275.85
S012,2025-10-25,239.7,2037.45
S012,2025-10-26,239.28,2033.88
S012,2025-10-27,119.42,1015.07
S012,2025-10-28,143.54,1220.09
S012,2025-10-29,396.57,3370.84
S012,2025-10-30,25.69,218.36
S012,2025-10-31,132.91,1129.73
S012,2025-11-01,247.12,2100.52
S012,2025-11-02,562.9,4784.65
S012,2025-11-03,203.88,1732.98
S012,2025-11-04,183.84,1562.64
S012,2025-11-05,180.65,1535.52
S012,2025-11-06,319.89,2719.06
S012,2025-11-07,166.38,1414.23
S012,2025-11-08,222.76,1893.46
S012,2025-11-09,151.11,1284.44
S012,2025-11-10,198.56,1687.76
S012,2025-11-11,305.09,2593.26
S012,2025-11-12,132.54,1126.59
S012,2025-11-13,187.47,1593.5
S012,2025-11-14,125.68,1068.28
S012,2025-11-15,205.91,1750.24
S012,2025-11-16,271.91,2311.24
S012,2025-11-17,401.34,3411.39
S012,2025-11-18,129.07,1097.1
S012,2025-11-19,291.68,2479.28
S012,2025-11-20,292.96,2490.16
S012,2025-11-21,149.21,1268.29
S012,2025-11-22,355.98,3025.83
S012,2025-11-23,138.35,1175.97
S012,2025-11-24,255.78,2174.13
S012,2025-11-25,213.12,1811.52
S012,2025-11-26,229.93,1954.4
S012,2025-11-27,228.42,1941.57
S012,2025-11-28,325.2,2764.2
S012,2025-11-29,179.9,1529.15
S012,2025-11-30,286.47,2435.0
S012,2025-12-01,325.08,2763.18
S012,2025-12-02,364.26,3096.21
S012,2025-12-03,167.42,1423.07
S012,2025-12-04,227.95,1937.57
S012,2025-12-05,305.28,2594.88
S012,2025-12-06,272.27,2314.3
S012,2025-12-07,177.52,1508.92
S012,2025-12-08,413.02,3510.67
S012,2025-12-09,39.31,334.14
S012,2025-12-10,186.73,1587.2
S012,2025-12-11,203.3,1728.05
S012,2025-12-12,269.86,2293.81
S012,2025-12-13,224.97,1912.24
S012,2025-12-14,213.69,1816.36
S012,2025-12-15,218.33,1855.8
S012,2025-12-16,137.45,1168.32
S012,2025-12-17,121.43,1032.16
S012,2025-12-18,238.61,2028.19
S012,2025-12-19,342.6,2912.1
S012,2025-12-20,67.91,577.24
S012,2025-12-21,168.3,1430.55
S012,2025-12-22,192.68,1637.78
S012,2025-12-23,159.83,1358.56
S012,2025-12-24,169.06,1437.01
S012,2025-12-25,204.23,1735.96
S012,2025-12-26,408.45,3471.82
S012,2025-12-27,179.07,1522.1
S012,2025-12-28,265.06,2253.01
S012,2025-12-29,211.25,1795.62
S012,2025-12-30,217.74,1850.79
S012,2025-12-31,190.84,1622.14
S013,2025-01-01,82.73,703.2
S013,2025-01-02,24.34,206.89
S013,2025-01-03,161.61,1373.69
S013,2025-01-04,100.46,853.91
S013,2025-01-05,36.5,310.25
S013,2025-01-06,128.12,1089.02
S013,2025-01-07,49.62,421.77
S013,2025-01-08,137.93,1172.4
S013,2025-01-09,28.54,242.59
S013,2025-01-11,130.41,1108.48
S013,2025-01-12,100.74,856.29
S013,2025-01-13,138.26,1175.21
S013,2025-01-14,40.02,340.17
S013,2025-01-15,128.33,1090.8
S013,2025-01-16,90.77,771.54
S013,2025-01-17,203.02,1725.67
S013,2025-01-18,157.69,1340.36
S013,2025-01-19,123.29,1047.97
S013,2025-01-20,69.49,590.66
S013,2025-01-21,200.52,1704.42
S013,2025-01-22,58.5,497.25
S013,2025-01-23,128.69,1093.86
S013,2025-01-24,97.24,826.54
S013,2025-01-25,243.06,2066.01
S013,2025-01-26,47.72,405.62
S013,2025-01-27,148.98,1266.33
S013,2025-01-28,110.15,936.28
S013,2025-01-29,117.1,995.35
S013,2025-01-30,73.41,623.98
S013,2025-01-31,56.58,480.93
S013,2025-02-01,67.64,574.94
S013,2025-02-02,157.53,1339.0
S013,2025-02-03,318.17,2704.44
S013,2025-02-04,199.62,1696.77
S013,2025-02-05,198.1,1683.85
S013,2025-02-06,120.28,1022.38
S013,2025-02-07,255.94,2175.49
S013,2025-02-08,130.14,1106.19
S013,2025-02-09,122.81,1043.88
S013,2025-02-10,83.49,709.66
S013,2025-02-11,117.96,1002.66
S013,2025-02-12,76.77,652.54
S013,2025-02-13,104.96,892.16
S013,2025-02-14,143.75,1221.88
S013,2025-02-15,88.0,748.0
S013,2025-02-16,167.71,1425.54
S013,2025-02-17,199.04,1691.84
S013,2025-02-18,193.62,1645.77
S013,2025-02-19,83.11,706.44
S013,2025-02-20,152.5,1296.25
S013,2025-02-21,183.36,1558.56
S013,2025-02-22,222.16,1888.36
S013,2025-02-23,16.2,137.7
S013,2025-02-24,113.73,966.7
S013,2025-02-25,68.9,585.65
S013,2025-02-26,52.76,448.46
S013,2025-02-27,144.1,1224.85
S013,2025-02-28,106.58,905.93
S013,2025-03-01,96.68,821.78
S013,2025-03-02,159.25,1353.62
S013,2025-03-03,82.41,700.48
S013,2025-03-04,122.46,1040.91
S013,2025-03-05,17.51,148.84
S013,2025-03-06,87.53,744.0
S013,2025-03-07,117.33,997.3
S013,2025-03-08,92.29,784.46
S013,2025-03-09,41.64,353.94
S013,2025-03-10,209.69,1782.36
S013,2025-03-11,99.32,844.22
S013,2025-03-12,142.54,1211.59
S013,2025-03-13,88.83,755.06
S013,2025-03-14,213.06,1811.01
S013,2025-03-15,66.22,562.87
S013,2025-03-16,132.05,1122.43
S013,2025-03-17,147.9,1257.15
S013,2025-03-18,136.09,1156.77
S013,2025-03-19,189.02,1606.67
S013,2025-03-20,212.81,1808.88
S013,2025-03-21,209.89,1784.06
S013,2025-03-22,168.2,1429.7
S013,2025-03-23,199.89,1699.06
S013,2025-03-24,337.19,2866.12
S013,2025-03-25,109.18,928.03
S013,2025-03-26,172.81,1468.88
S013,2025-03-27,147.29,1251.96
S013,2025-03-28,132.6,1127.1
S013,2025-03-29,143.01,1215.58
S013,2025-03-30,153.27,1302.8
S013,2025-03-31,78.43,666.66
S013,2025-04-01,160.71,1366.04
S013,2025-04-02,417.52,3548.92
S013,2025-04-03,137.67,1170.2
S013,2025-04-04,121.76,1034.96
S013,2025-04-05,219.74,1867.79
S013,2025-04-06,345.7,2938.45
S013,2025-04-07,174.53,1483.5
S013,2025-04-08,96.91,823.74
S013,2025-04-09,126.64,1076.44
S013,2025-04-10,354.19,3010.62
S013,2025-04-11,104.29,886.46
S013,2025-04-12,61.49,522.66
S013,2025-04-13,189.83,1613.56
S013,2025-04-14,222.74,1893.29
S013,2025-04-15,158.21,1344.78
S013,2025-04-16,271.93,2311.41
S013,2025-04-17,170.95,1453.07
S013,2025-04-18,220.44,1873.74
S013,2025-04-19,76.65,651.53
S013,2025-04-20,263.52,2239.92
S013,2025-04-21,65.9,560.15
S013,2025-04-22,276.82,2352.97
S013,2025-04-23,127.16,1080.86
S013,2025-04-24,97.01,824.58
S013,2025-04-25,151.96,1291.66
S013,2025-04-26,103.59,880.52
S013,2025-04-27,14.84,126.14
S013,2025-04-28,65.67,558.2
S013,2025-04-29,247.83,2106.56
S013,2025-04-30,142.4,1210.4
S013,2025-05-01,280.67,2385.7
S013,2025-05-02,238.55,2027.68
S013,2025-05-03,468.09,3978.76
S013,2025-05-04,240.13,2041.1
S013,2025-05-05,52.08,442.68
S013,2025-05-06,188.64,1603.44
S013,2025-05-07,203.18,1727.03
S013,2025-05-08,50.02,425.17
S013,2025-05-09,183.85,1562.72
S013,2025-05-10,240.5,2044.25
S013,2025-05-11,185.84,1579.64
S013,2025-05-12,119.54,1016.09
S013,2025-05-13,217.49,1848.66
S013,2025-05-14,256.38,2179.23
S013,2025-05-15,212.54,1806.59
S013,2025-05-16,290.2,2466.7
S013,2025-05-17,144.88,1231.48
S013,2025-05-18,140.38,1193.23
S013,2025-05-19,238.66,2028.61
S013,2025-05-20,287.78,2446.13
S013,2025-05-21,101.49,862.66
S013,2025-05-22,239.48,2035.58
S013,2025-05-23,170.99,1453.42
S013,2025-05-24,174.11,1479.94
S013,2025-05-25,193.54,1645.09
S013,2025-05-26,86.22,732.87
S013,2025-05-27,229.85,1953.72
S013,2025-05-28,128.94,1095.99
S013,2025-05-29,44.89,381.56
S013,2025-05-30,71.09,604.26
S013,2025-05-31,161.68,1374.28
S013,2025-06-01,174.25,1481.12
S013,2025-06-02,147.79,1256.21
S013,2025-06-03,165.49,1406.66
S013,2025-06-04,309.75,2632.88
S013,2025-06-05,196.45,1669.82
S013,2025-06-06,289.9,2464.15
S013,2025-06-07,154.21,1310.78
S013,2025-06-08,258.93,2200.91
S013,2025-06-09,150.63,1280.36
S013,2025-06-10,374.52,3183.42
S013,2025-06-11,133.93,1138.4
S013,2025-06-12,219.18,1863.03
S013,2025-06-13,253.97,2158.74
S013,2025-06-14,282.64,2402.44
S013,2025-06-15,167.86,1426.81
S013,2025-06-16,159.92,1359.32
S013,2025-06-17,348.14,2959.19
S013,2025-06-18,176.7,1501.95
S013,2025-06-19,288.03,2448.25
S013,2025-06-20,122.73,1043.2
S013,2025-06-21,109.6,931.6
S013,2025-06-22,310.95,2643.08
S013,2025-06-23,198.57,1687.84
S013,2025-06-24,289.04,2456.84
S013,2025-06-25,173.01,1470.58
S013,2025-06-26,171.43,1457.16
S013,2025-06-27,233.71,1986.54
S013,2025-06-28,150.06,1275.51
S013,2025-06-29,180.76,1536.46
S013,2025-06-30,88.04,748.34
S013,2025-07-01,208.39,1771.31
S013,2025-07-02,96.43,819.66
S013,2025-07-03,179.31,1524.14
S013,2025-07-04,80.84,687.14
S013,2025-07-05,152.25,1294.12
S013,2025-07-06,197.97,1682.74
S013,2025-07-07,254.4,2162.4
S013,2025-07-08,176.12,1497.02
S013,2025-07-09,298.1,2533.85
S013,2025-07-10,342.4,2910.4
S013,2025-07-11,277.26,2356.71
S013,2025-07-12,282.17,2398.45
S013,2025-07-13,149.2,1268.2
S013,2025-07-14,134.99,1147.42
S013,2025-07-15,253.78,2157.13
S013,2025-07-16,209.12,1777.52
S013,2025-07-17,324.78,2760.63
S013,2025-07-18,162.4,1380.4
S013,2025-07-19,212.53,1806.5
S013,2025-07-20,176.11,1496.94
S013,2025-07-21,205.56,1747.26
S013,2025-07-22,259.17,2202.95
S013,2025-07-23,148.97,1266.24
S013,2025-07-24,460.35,3912.98
S013,2025-07-25,206.42,1754.57
S013,2025-07-26,289.82,2463.47
S013,2025-07-27,186.09,1581.76
S013,2025-07-28,160.31,1362.64
S013,2025-07-29,118.57,1007.84
S013,2025-07-30,442.13,3758.1
S013,2025-07-31,225.27,1914.8
S013,2025-08-01,95.21,809.28
S013,2025-08-02,303.66,2581.11
S013,2025-08-03,279.42,2375.07
S013,2025-08-04,186.69,1586.86
S013,2025-08-05,182.91,1554.74
S013,2025-08-06,255.04,2167.84
S013,2025-08-07,115.53,982.0
S013,2025-08-08,252.69,2147.86
S013,2025-08-09,235.39,2000.81
S013,2025-08-10,351.47,2987.5
S013,2025-08-11,227.99,1937.92
S013,2025-08-12,239.34,2034.39
S013,2025-08-13,169.98,1444.83
S013,2025-08-14,289.18,2458.03
S013,2025-08-15,100.45,853.82
S013,2025-08-16,162.15,1378.28
S013,2025-08-17,369.77,3143.04
S013,2025-08-18,259.49,2205.66
S013,2025-08-19,341.51,2902.84
S013,2025-08-20,218.15,1854.28
S013,2025-08-21,250.02,2125.17
S013,2025-08-22,250.66,2130.61
S013,2025-08-23,210.71,1791.04
S013,2025-08-24,234.08,1989.68
S013,2025-08-25,165.93,1410.4
S013,2025-08-26,129.97,1104.74
S013,2025-08-27,305.2,2594.2
S013,2025-08-28,333.12,2831.52
S013,2025-08-29,142.8,1213.8
S013,2025-08-30,311.16,2644.86
S013,2025-08-31,173.03,1470.76
S013,2025-09-01,61.96,526.66
S013,2025-09-02,223.47,1899.5
S013,2025-09-03,399.09,3392.26
S013,2025-09-04,164.81,1400.88
S013,2025-09-05,212.29,1804.46
S013,2025-09-06,234.39,1992.31
S013,2025-09-07,255.04,2167.84
S013,2025-09-08,211.88,1800.98
S013,2025-09-09,385.08,3273.18
S013,2025-09-10,441.83,3755.56
S013,2025-09-11,224.93,1911.9
S013,2025-09-12,220.6,1875.1
S013,2025-09-13,222.85,1894.22
S013,2025-09-14,339.64,2886.94
S013,2025-09-15,90.29,767.46
S013,2025-09-16,288.08,2448.68
S013,2025-09-17,341.47,2902.5
S013,2025-09-18,128.83,1095.06
S013,2025-09-19,221.78,1885.13
S013,2025-09-20,213.78,1817.13
S013,2025-09-21,159.52,1355.92
S013,2025-09-22,433.75,3686.88
S013,2025-09-23,259.83,2208.55
S013,2025-09-24,232.58,1976.93
S013,2025-09-25,169.65,1442.02
S013,2025-09-26,231.48,1967.58
S013,2025-09-27,205.81,1749.38
S013,2025-09-28,284.72,2420.12
S013,2025-09-29,205.99,1750.92
S013,2025-09-30,295.84,2514.64
S013,2025-10-01,199.11,1692.44
S013,2025-10-02,184.09,1564.76
S013,2025-10-03,307.85,2616.73
S013,2025-10-04,246.75,2097.38
S013,2025-10-05,385.49,3276.66
S013,2025-10-06,257.13,2185.6
S013,2025-10-07,260.26,2212.21
S013,2025-10-08,124.26,1056.21
S013,2025-10-09,127.83,1086.56
S013,2025-10-10,172.21,1463.78
S013,2025-10-11,119.05,1011.92
S013,2025-10-12,199.04,1691.84
S013,2025-10-13,241.98,2056.83
S013,2025-10-14,414.85,3526.23
S013,2025-10-15,113.44,964.24
S013,2025-10-16,66.51,565.34
S013,2025-10-17,459.18,3903.03
S013,2025-10-18,331.81,2820.38
S013,2025-10-19,317.67,2700.2
S013,2025-10-20,439.0,3731.5
S013,2025-10-21,156.35,1328.98
S013,2025-10-22,281.79,2395.22
S013,2025-10-23,361.09,3069.26
S013,2025-10-24,314.75,2675.38
S013,2025-10-25,310.4,2638.4
S013,2025-10-26,257.91,2192.24
S013,2025-10-27,263.86,2242.81
S013,2025-10-28,417.37,3547.64
S013,2025-10-29,199.42,1695.07
S013,2025-10-30,212.27,1804.3
S013,2025-10-31,349.27,2968.8
S013,2025-11-01,390.76,3321.46
S013,2025-11-02,244.52,2078.42
S013,2025-11-03,210.46,1788.91
S013,2025-11-04,169.83,1443.56
S013,2025-11-05,353.23,3002.46
S013,2025-11-06,242.33,2059.81
S013,2025-11-07,371.17,3154.94
S013,2025-11-08,183.03,1555.76
S013,2025-11-09,332.14,2823.19
S013,2025-11-10,197.9,1682.15
S013,2025-11-11,376.15,3197.27
S013,2025-11-12,165.46,1406.41
S013,2025-11-13,317.92,2702.32
S013,2025-11-14,453.81,3857.38
S013,2025-11-15,342.67,2912.7
S013,2025-11-16,271.78,2310.13
S013,2025-11-17,365.26,3104.71
S013,2025-11-18,202.48,1721.08
S013,2025-11-19,215.01,1827.58
S013,2025-11-20,307.21,2611.28
S013,2025-11-21,172.8,1468.8
S013,2025-11-22,369.89,3144.06
S013,2025-11-23,239.14,2032.69
S013,2025-11-24,384.64,3269.44
S013,2025-11-25,380.0,3230.0
S013,2025-11-26,219.15,1862.78
S013,2025-11-27,219.6,1866.6
S013,2025-11-28,354.73,3015.2
S013,2025-11-29,207.68,1765.28
S013,2025-11-30,228.14,1939.19
S013,2025-12-01,212.29,1804.46
S013,2025-12-02,89.13,757.6
S013,2025-12-03,487.53,4144.0
S013,2025-12-04,403.44,3429.24
S013,2025-12-05,455.76,3873.96
S013,2025-12-06,420.55,3574.68
S013,2025-12-07,449.29,3818.96
S013,2025-12-08,232.04,1972.34
S013,2025-12-09,355.84,3024.64
S013,2025-12-10,284.47,2418.0
S013,2025-12-11,474.61,4034.18
S013,2025-12-12,316.84,2693.14
S013,2025-12-13,353.96,3008.66
S013,2025-12-14,209.41,1779.98
S013,2025-12-15,345.62,2937.77
S013,2025-12-16,134.95,1147.07
S013,2025-12-17,378.34,3215.89
S013,2025-12-18,354.79,3015.72
S013,2025-12-19,169.8,1443.3
S013,2025-12-20,327.55,2784.18
S013,2025-12-21,181.96,1546.66
S013,2025-12-22,201.44,1712.24
S013,2025-12-23,258.21,2194.78
S013,2025-12-24,173.71,1476.54
S013,2025-12-25,163.31,1388.14
S013,2025-12-26,313.2,2662.2
S013,2025-12-27,290.29,2467.46
S013,2025-12-28,289.77,2463.04
S013,2025-12-29,498.38,4236.23
S013,2025-12-30,298.53,2537.5
S013,2025-12-31,327.84,2786.64
S014,2025-01-01,55.93,475.4
S014,2025-01-02,12.29,104.46
S014,2025-01-03,33.19,282.12
S014,2025-01-04,125.18,1064.03
S014,2025-01-05,148.33,1260.8
S014,2025-01-06,160.59,1365.02
S014,2025-01-07,271.02,2303.67
S014,2025-01-08,96.54,820.59
S014,2025-01-09,7.52,63.92
S014,2025-01-10,282.84,2404.14
S014,2025-01-11,123.44,1049.24
S014,2025-01-12,88.81,754.88
S014,2025-01-13,136.18,1157.53
S014,2025-01-14,104.37,887.14
S014,2025-01-15,116.54,990.59
S014,2025-01-16,196.92,1673.82
S014,2025-01-17,45.8,389.3
S014,2025-01-18,210.85,1792.22
S014,2025-01-19,262.79,2233.72
S014,2025-01-20,204.07,1734.6
S014,2025-01-21,80.07,680.59
S014,2025-01-22,87.17,740.94
S014,2025-01-23,184.0,1564.0
S014,2025-01-24,136.76,1162.46
S014,2025-01-25,171.23,1455.46
S014,2025-01-26,113.94,968.49
S014,2025-01-27,52.65,447.52
S014,2025-01-28,172.21,1463.78
S014,2025-01-29,195.82,1664.47
S014,2025-01-30,124.12,1055.02
S014,2025-01-31,296.12,2517.02
S014,2025-02-01,251.15,2134.78
S014,2025-02-02,156.43,1329.66
S014,2025-02-03,151.81,1290.38
S014,2025-02-04,207.99,1767.92
S014,2025-02-05,112.39,955.32
S014,2025-02-06,120.07,1020.59
S014,2025-02-07,143.6,1220.6
S014,2025-02-08,71.59,608.52
S014,2025-02-09,328.2,2789.7
S014,2025-02-10,115.31,980.14
S014,2025-02-11,152.51,1296.34
S014,2025-02-12,173.11,1471.44
S014,2025-02-13,250.26,2127.21
S014,2025-02-14,79.99,679.92
S014,2025-02-15,156.23,1327.96
S014,2025-02-16,116.11,986.94
S014,2025-02-17,87.68,745.28
S014,2025-02-18,214.36,1822.06
S014,2025-02-19,89.88,763.98
S014,2025-02-20,73.72,626.62
S014,2025-02-21,255.2,2169.2
S014,2025-02-22,286.65,2436.52
S014,2025-02-23,168.83,1435.06
S014,2025-02-24,183.42,1559.07
S014,2025-02-25,122.52,1041.42
S014,2025-02-26,102.33,869.8
S014,2025-02-27,126.42,1074.57
S014,2025-02-28,130.29,1107.46
S014,2025-03-01,106.64,906.44
S014,2025-03-02,132.18,1123.53
S014,2025-03-03,74.21,630.78
S014,2025-03-04,162.83,1384.06
S014,2025-03-05,108.89,925.56
S014,2025-03-06,255.93,2175.41
S014,2025-03-07,101.6,863.6
S014,2025-03-08,85.31,725.14
S014,2025-03-09,59.66,507.11
S014,2025-03-10,254.35,2161.98
S014,2025-03-11,277.79,2361.22
S014,2025-03-12,184.89,1571.56
S014,2025-03-13,99.19,843.12
S014,2025-03-14,148.27,1260.3
S014,2025-03-15,95.24,809.54
S014,2025-03-16,128.41,1091.48
S014,2025-03-17,99.45,845.32
S014,2025-03-18,102.9,874.65
S014,2025-03-19,151.28,1285.88
S014,2025-03-20,230.2,1956.7
S014,2025-03-21,235.23,1999.46
S014,2025-03-22,216.77,1842.54
S014,2025-03-23,104.86,891.31
S014,2025-03-24,307.5,2613.75
S014,2025-03-25,200.12,1701.02
S014,2025-03-26,196.3,1668.55
S014,2025-03-27,191.54,1628.09
S014,2025-03-28,361.53,3073.0
S014,2025-03-29,227.66,1935.11
S014,2025-03-30,74.73,635.21
S014,2025-03-31,323.07,2746.1
S014,2025-04-01,164.57,1398.84
S014,2025-04-02,469.21,3988.28
S014,2025-04-03,186.45,1584.82
S014,2025-04-04,96.45,819.82
S014,2025-04-05,230.73,1961.2
S014,2025-04-06,281.06,2389.01
S014,2025-04-07,155.79,1324.22
S014,2025-04-08,114.14,970.19
S014,2025-04-09,166.04,1411.34
S014,2025-04-10,171.63,1458.86
S014,2025-04-11,86.98,739.33
S014,2025-04-12,123.06,1046.01
S014,2025-04-13,147.71,1255.54
S014,2025-04-14,242.64,2062.44
S014,2025-04-15,137.58,1169.43
S014,2025-04-16,115.34,980.39
S014,2025-04-17,130.04,1105.34
S014,2025-04-18,116.63,991.36
S014,2025-04-19,163.26,1387.71
S014,2025-04-20,98.99,841.42
S014,2025-04-21,44.63,379.36
S014,2025-04-22,57.81,491.38
S014,2025-04-23,162.4,1380.4
S014,2025-04-24,199.5,1695.75
S014,2025-04-25,128.4,1091.4
S014,2025-04-26,163.16,1386.86
S014,2025-04-27,52.42,445.57
S014,2025-04-28,206.57,1755.84
S014,2025-04-29,96.63,821.36
S014,2025-04-30,59.42,505.07
S014,2025-05-01,36.07,306.6
S014,2025-05-02,150.71,1281.04
S014,2025-05-03,215.48,1831.58
S014,2025-05-04,127.47,1083.49
S014,2025-05-05,92.52,786.42
S014,2025-05-06,160.55,1364.68
S014,2025-05-07,147.93,1257.4
S014,2025-05-08,163.28,1387.88
S014,2025-05-09,261.8,2225.3
S014,2025-05-10,512.39,4355.31
S014,2025-05-11,192.56,1636.76
S014,2025-05-12,347.97,2957.75
S014,2025-05-13,249.91,2124.24
S014,2025-05-14,185.98,1580.83
S014,2025-05-15,311.71,2649.54
S014,2025-05-16,243.34,2068.39
S014,2025-05-17,148.73,1264.2
S014,2025-05-18,302.07,2567.59
S014,2025-05-19,237.18,2016.03
S014,2025-05-20,287.82,2446.47
S014,2025-05-21,123.3,1048.05
S014,2025-05-22,178.73,1519.2
S014,2025-05-23,261.07,2219.09
S014,2025-05-24,160.41,1363.48
S014,2025-05-25,122.35,1039.97
S014,2025-05-26,154.71,1315.04
S014,2025-05-27,222.54,1891.59
S014,2025-05-28,232.26,1974.21
S014,2025-05-29,157.53,1339.0
S014,2025-05-30,191.17,1624.94
S014,2025-05-31,161.82,1375.47
S014,2025-06-01,217.23,1846.46
S014,2025-06-02,180.53,1534.5
S014,2025-06-03,92.32,784.72
S014,2025-06-04,233.7,1986.45
S014,2025-06-05,294.46,2502.91
S014,2025-06-06,189.23,1608.46
S014,2025-06-07,195.25,1659.62
S014,2025-06-08,44.76,380.46
S014,2025-06-09,268.15,2279.27
S014,2025-06-10,250.28,2127.38
S014,2025-06-11,109.22,928.37
S014,2025-06-12,230.46,1958.91
S014,2025-06-13,104.25,886.12
S014,2025-06-14,82.72,703.12
S014,2025-06-15,148.31,1260.64
S014,2025-06-16,256.5,2180.25
S014,2025-06-17,304.13,2585.1
S014,2025-06-18,203.22,1727.37
S014,2025-06-19,226.2,1922.7
S014,2025-06-20,183.07,1556.1
S014,2025-06-21,160.52,1364.42
S014,2025-06-22,184.81,1570.88
S014,2025-06-23,59.32,504.22
S014,2025-06-24,72.33,614.8
S014,2025-06-25,347.99,2957.92
S014,2025-06-26,210.85,1792.22
S014,2025-06-27,141.09,1199.27
S014,2025-06-28,246.53,2095.5
S014,2025-06-29,316.18,2687.53
S014,2025-06-30,260.77,2216.54
S014,2025-07-01,261.04,2218.84
S014,2025-07-02,140.58,1194.93
S014,2025-07-03,130.61,1110.19
S014,2025-07-04,154.77,1315.54
S014,2025-07-05,366.71,3117.04
S014,2025-07-06,297.42,2528.07
S014,2025-07-07,245.52,2086.92
S014,2025-07-08,318.95,2711.08
S014,2025-07-09,452.85,3849.23
S014,2025-07-10,212.07,1802.6
S014,2025-07-11,188.02,1598.17
S014,2025-07-12,188.8,1604.8
S014,2025-07-13,138.34,1175.89
S014,2025-07-14,258.4,2196.4
S014,2025-07-15,164.45,1397.82
S014,2025-07-16,256.9,2183.65
S014,2025-07-17,442.86,3764.31
S014,2025-07-18,152.66,1297.61
S014,2025-07-19,122.42,1040.57
S014,2025-07-20,93.33,793.3
S014,2025-07-21,192.27,1634.3
S014,2025-07-22,147.83,1256.56
S014,2025-07-23,159.06,1352.01
S014,2025-07-24,228.62,1943.27
S014,2025-07-25,271.85,2310.73
S014,2025-07-26,211.98,1801.83
S014,2025-07-27,215.14,1828.69
S014,2025-07-28,157.56,1339.26
S014,2025-07-29,300.58,2554.93
S014,2025-07-30,222.48,1891.08
S014,2025-07-31,204.19,1735.62
S014,2025-08-01,428.18,3639.53
S014,2025-08-02,157.38,1337.73
S014,2025-08-03,253.36,2153.56
S014,2025-08-04,73.68,626.28
S014,2025-08-05,108.86,925.31
S014,2025-08-06,209.94,1784.49
S014,2025-08-07,180.92,1537.82
S014,2025-08-08,82.01,697.08
S014,2025-08-09,332.16,2823.36
S014,2025-08-10,263.55,2240.18
S014,2025-08-11,181.87,1545.9
S014,2025-08-12,286.99,2439.42
S014,2025-08-13,277.29,2356.96
S014,2025-08-14,333.23,2832.46
S014,2025-08-15,194.75,1655.38
S014,2025-08-16,124.07,1054.6
S014,2025-08-17,170.07,1445.6
S014,2025-08-18,256.81,2182.89
S014,2025-08-19,383.1,3256.35
S014,2025-08-20,159.63,1356.86
S014,2025-08-21,120.9,1027.65
S014,2025-08-22,105.4,895.9
S014,2025-08-23,245.78,2089.13
S014,2025-08-24,161.13,1369.6
S014,2025-08-25,108.14,919.19
S014,2025-08-26,221.76,1884.96
S014,2025-08-27,165.76,1408.96
S014,2025-08-28,212.18,1803.53
S014,2025-08-29,92.97,790.24
S014,2025-08-30,376.46,3199.91
S014,2025-08-31,308.27,2620.3
S014,2025-09-01,247.35,2102.48
S014,2025-09-02,153.82,1307.47
S014,2025-09-03,269.48,2290.58
S014,2025-09-04,368.53,3132.5
S014,2025-09-05,281.16,2389.86
S014,2025-09-06,335.17,2848.94
S014,2025-09-07,259.69,2207.36
S014,2025-09-08,423.19,3597.12
S014,2025-09-09,233.42,1984.07
S014,2025-09-10,446.91,3798.74
S014,2025-09-11,138.46,1176.91
S014,2025-09-12,195.98,1665.83
S014,2025-09-13,528.76,4494.46
S014,2025-09-14,90.05,765.42
S014,2025-09-15,322.91,2744.74
S014,2025-09-16,347.3,2952.05
S014,2025-09-17,395.64,3362.94
S014,2025-09-18,399.83,3398.56
S014,2025-09-19,269.29,2288.96
S014,2025-09-20,419.2,3563.2
S014,2025-09-21,53.93,458.4
S014,2025-09-22,391.71,3329.54
S014,2025-09-23,225.42,1916.07
S014,2025-09-24,307.58,2614.43
S014,2025-09-25,356.11,3026.94
S014,2025-09-26,270.05,2295.43
S014,2025-09-27,195.69,1663.36
S014,2025-09-28,158.72,1349.12
S014,2025-09-29,435.79,3704.22
S014,2025-09-30,236.82,2012.97
S014,2025-10-01,328.58,2792.93
S014,2025-10-02,175.82,1494.47
S014,2025-10-03,265.36,2255.56
S014,2025-10-04,217.69,1850.36
S014,2025-10-05,136.62,1161.27
S014,2025-10-06,241.95,2056.57
S014,2025-10-07,373.4,3173.9
S014,2025-10-08,190.79,1621.72
S014,2025-10-09,325.07,2763.1
S014,2025-10-10,297.78,2531.13
S014,2025-10-11,377.22,3206.37
S014,2025-10-12,191.76,1629.96
S014,2025-10-13,442.01,3757.08
S014,2025-10-14,219.97,1869.74
S014,2025-10-15,398.26,3385.21
S014,2025-10-16,382.11,3247.94
S014,2025-10-17,353.08,3001.18
S014,2025-10-18,187.51,1593.84
S014,2025-10-19,291.27,2475.8
S014,2025-10-20,215.11,1828.44
S014,2025-10-21,188.1,1598.85
S014,2025-10-22,278.76,2369.46
S014,2025-10-23,323.34,2748.39
S014,2025-10-24,299.55,2546.18
S014,2025-10-25,320.3,2722.55
S014,2025-10-26,141.93,1206.4
S014,2025-10-27,307.28,2611.88
S014,2025-10-28,222.46,1890.91
S014,2025-10-29,196.79,1672.72
S014,2025-10-30,332.63,2827.36
S014,2025-10-31,78.71,669.04
S014,2025-11-01,283.7,2411.45
S014,2025-11-02,338.14,2874.19
S014,2025-11-03,564.85,4801.23
S014,2025-11-04,201.34,1711.39
S014,2025-11-05,242.24,2059.04
S014,2025-11-06,274.18,2330.53
S014,2025-11-07,182.1,1547.85
S014,2025-11-08,149.95,1274.57
S014,2025-11-09,221.34,1881.39
S014,2025-11-10,216.88,1843.48
S014,2025-11-11,485.26,4124.71
S014,2025-11-12,440.24,3742.04
S014,2025-11-13,286.64,2436.44
S014,2025-11-14,288.19,2449.61
S014,2025-11-15,232.09,1972.76
S014,2025-11-16,390.22,3316.87
S014,2025-11-17,310.58,2639.93
S014,2025-11-18,371.55,3158.18
S014,2025-11-19,123.79,1052.22
S014,2025-11-20,133.76,1136.96
S014,2025-11-21,395.4,3360.9
S014,2025-11-22,491.23,4175.46
S014,2025-11-23,190.63,1620.36
S014,2025-11-24,339.76,2887.96
S014,2025-11-25,253.67,2156.19
S014,2025-11-26,456.35,3878.98
S014,2025-11-27,290.68,2470.78
S014,2025-11-28,453.07,3851.1
S014,2025-11-29,251.84,2140.64
S014,2025-11-30,243.4,2068.9
S014,2025-12-01,342.33,2909.8
S014,2025-12-02,210.71,1791.04
S014,2025-12-03,396.82,3372.97
S014,2025-12-04,277.95,2362.57
S014,2025-12-05,124.4,1057.4
S014,2025-12-06,236.87,2013.4
S014,2025-12-07,193.18,1642.03
S014,2025-12-08,459.87,3908.9
S014,2025-12-09,399.96,3399.66
S014,2025-12-10,283.23,2407.46
S014,2025-12-11,313.29,2662.96
S014,2025-12-12,356.14,3027.19
S014,2025-12-13,265.62,2257.77
S014,2025-12-14,248.75,2114.38
S014,2025-12-15,288.11,2448.94
S014,2025-12-16,212.15,1803.28
S014,2025-12-17,260.26,2212.21
S014,2025-12-18,365.86,3109.81
S014,2025-12-19,206.46,1754.91
S014,2025-12-20,162.39,1380.31
S014,2025-12-21,559.77,4758.04
S014,2025-12-22,254.34,2161.89
S014,2025-12-23,356.63,3031.36
S014,2025-12-24,258.47,2197.0
S014,2025-12-25,220.69,1875.86
S014,2025-12-26,227.72,1935.62
S014,2025-12-27,171.41,1456.98
S014,2025-12-28,259.31,2204.14
S014,2025-12-29,197.16,1675.86
S014,2025-12-30,219.68,1867.28
S014,2025-12-31,125.43,1066.16
S015,2025-01-01,84.09,714.76
S015,2025-01-02,120.66,1025.61
S015,2025-01-03,222.29,1889.46
S015,2025-01-04,105.88,899.98
S015,2025-01-05,55.6,472.6
S015,2025-01-06,95.58,812.43
S015,2025-01-07,64.45,547.83
S015,2025-01-08,108.91,925.74
S015,2025-01-09,246.02,2091.17
S015,2025-01-10,19.42,165.07
S015,2025-01-11,108.0,918.0
S015,2025-01-12,230.2,1956.7
S015,2025-01-13,284.69,2419.86
S015,2025-01-14,85.61,727.68
S015,2025-01-15,29.4,249.9
S015,2025-01-16,21.51,182.84
S015,2025-01-17,35.19,299.12
S015,2025-01-18,169.22,1438.37
S015,2025-01-19,161.35,1371.48
S015,2025-01-20,157.27,1336.8
S015,2025-01-21,111.05,943.92
S015,2025-01-22,251.67,2139.19
S015,2025-01-23,46.8,397.8
S015,2025-01-24,134.76,1145.46
S015,2025-01-25,118.67,1008.7
S015,2025-01-26,111.03,943.76
S015,2025-01-27,83.36,708.56
S015,2025-01-28,88.01,748.08
S015,2025-01-29,47.46,403.41
S015,2025-01-30,166.46,1414.91
S015,2025-01-31,157.01,1334.58
S015,2025-02-01,194.67,1654.7
S015,2025-02-02,150.07,1275.6
S015,2025-02-03,151.41,1286.98
S015,2025-02-04,98.14,834.19
S015,2025-02-05,86.28,733.38
S015,2025-02-06,132.32,1124.72
S015,2025-02-07,197.06,1675.01
S015,2025-02-08,48.37,411.14
S015,2025-02-09,121.6,1033.6
S015,2025-02-10,52.75,448.38
S015,2025-02-11,88.74,754.29
S015,2025-02-12,197.96,1682.66
S015,2025-02-13,177.78,1511.13
S015,2025-02-14,63.84,542.64
S015,2025-02-15,37.16,315.86
S015,2025-02-16,41.22,350.37
S015,2025-02-17,68.12,579.02
S015,2025-02-18,111.69,949.36
S015,2025-02-19,84.17,715.44
S015,2025-02-20,127.51,1083.84
S015,2025-02-21,191.75,1629.88
S015,2025-02-22,82.11,697.94
S015,2025-02-23,58.91,500.73
S015,2025-02-24,66.22,562.87
S015,2025-02-25,248.21,2109.78
S015,2025-02-26,16.05,136.43
S015,2025-02-27,113.56,965.26
S015,2025-02-28,94.26,801.21
S015,2025-03-01,167.35,1422.48
S015,2025-03-02,182.07,1547.6
S015,2025-03-03,141.67,1204.2
S015,2025-03-04,252.22,2143.87
S015,2025-03-05,153.59,1305.52
S015,2025-03-06,97.2,826.2
S015,2025-03-07,172.73,1468.2
S015,2025-03-08,65.03,552.76
S015,2025-03-09,43.43,369.16
S015,2025-03-10,193.77,1647.04
S015,2025-03-11,282.69,2402.86
S015,2025-03-12,219.95,1869.57
S015,2025-03-13,68.64,583.44
S015,2025-03-14,137.6,1169.6
S015,2025-03-15,55.35,470.48
S015,2025-03-16,312.36,2655.06
S015,2025-03-17,101.07,859.09
S015,2025-03-18,115.33,980.3
S015,2025-03-19,51.22,435.37
S015,2025-03-20,174.95,1487.07
S015,2025-03-21,69.82,593.47
S015,2025-03-22,194.33,1651.8
S015,2025-03-23,309.31,2629.14
S015,2025-03-24,161.58,1373.43
S015,2025-03-25,93.28,792.88
S015,2025-03-26,214.65,1824.52
S015,2025-03-27,84.91,721.74
S015,2025-03-28,165.3,1405.05
S015,2025-03-29,320.14,2721.19
S015,2025-03-30,233.13,1981.6
S015,2025-03-31,47.46,403.41
S015,2025-04-01,128.18,1089.53
S015,2025-04-02,183.37,1558.64
S015,2025-04-03,113.45,964.32
S015,2025-04-04,175.76,1493.96
S015,2025-04-05,167.83,1426.56
S015,2025-04-06,133.97,1138.74
S015,2025-04-07,156.92,1333.82
S015,2025-04-08,187.46,1593.41
S015,2025-04-09,46.52,395.42
S015,2025-04-10,68.34,580.89
S015,2025-04-11,43.2,367.2
S015,2025-04-12,103.72,881.62
S015,2025-04-13,216.24,1838.04
S015,2025-04-14,98.88,840.48
S015,2025-04-15,110.18,936.53
S015,2025-04-16,213.21,1812.28
S015,2025-04-17,318.85,2710.23
S015,2025-04-18,127.58,1084.43
S015,2025-04-19,110.62,940.27
S015,2025-04-20,84.14,715.19
S015,2025-04-21,165.72,1408.62
S015,2025-04-22,212.19,1803.62
S015,2025-04-23,94.98,807.33
S015,2025-04-24,136.45,1159.82
S015,2025-04-25,109.21,928.28
S015,2025-04-26,181.35,1541.48
S015,2025-04-27,74.82,635.97
S015,2025-04-28,82.42,700.57
S015,2025-04-29,193.5,1644.75
S015,2025-04-30,106.85,908.22
S015,2025-05-01,133.08,1131.18
S015,2025-05-02,58.42,496.57
S015,2025-05-03,301.87,2565.9
S015,2025-05-04,123.32,1048.22
S015,2025-05-05,42.91,364.73
S015,2025-05-06,128.05,1088.43
S015,2025-05-07,160.84,1367.14
S015,2025-05-08,147.06,1250.01
S015,2025-05-09,160.34,1362.89
S015,2025-05-10,100.57,854.84
S015,2025-05-11,180.8,1536.8
S015,2025-05-12,226.93,1928.9
S015,2025-05-13,81.59,693.52
S015,2025-05-14,93.63,795.86
S015,2025-05-15,110.04,935.34
S015,2025-05-16,180.35,1532.98
S015,2025-05-17,288.62,2453.27
S015,2025-05-18,175.95,1495.57
S015,2025-05-19,131.83,1120.56
S015,2025-05-20,256.13,2177.1
S015,2025-05-21,202.47,1721.0
S015,2025-05-22,138.21,1174.79
S015,2025-05-23,68.71,584.04
S015,2025-05-24,217.03,1844.76
S015,2025-05-25,67.84,576.64
S015,2025-05-26,94.23,800.96
S015,2025-05-27,98.14,834.19
S015,2025-05-28,296.61,2521.18
S015,2025-05-29,221.14,1879.69
S015,2025-05-30,280.78,2386.63
S015,2025-05-31,198.49,1687.16
S015,2025-06-01,172.79,1468.72
S015,2025-06-02,271.09,2304.26
S015,2025-06-03,148.54,1262.59
S015,2025-06-04,64.3,546.55
S015,2025-06-05,209.59,1781.52
S015,2025-06-06,200.35,1702.98
S015,2025-06-07,37.36,317.56
S015,2025-06-08,18.38,156.23
S015,2025-06-09,247.89,2107.06
S015,2025-06-10,139.63,1186.86
S015,2025-06-11,146.49,1245.16
S015,2025-06-12,250.99,2133.42
S015,2025-06-13,156.22,1327.87
S015,2025-06-14,191.33,1626.3
S015,2025-06-15,294.21,2500.78
S015,2025-06-16,181.75,1544.88
S015,2025-06-17,61.59,523.52
S015,2025-06-18,159.2,1353.2
S015,2025-06-19,362.55,3081.68
S015,2025-06-20,184.71,1570.04
S015,2025-06-21,73.75,626.88
S015,2025-06-22,166.18,1412.53
S015,2025-06-23,38.93,330.9
S015,2025-06-24,251.09,2134.26
S015,2025-06-25,280.83,2387.05
S015,2025-06-26,128.94,1095.99
S015,2025-06-27,159.13,1352.6
S015,2025-06-28,207.59,1764.52
S015,2025-06-29,79.92,679.32
S015,2025-06-30,134.76,1145.46
S015,2025-07-01,176.71,1502.04
S015,2025-07-02,133.92,1138.32
S015,2025-07-03,206.64,1756.44
S015,2025-07-04,200.29,1702.46
S015,2025-07-05,218.92,1860.82
S015,2025-07-06,196.39,1669.31
S015,2025-07-07,294.55,2503.68
S015,2025-07-08,167.94,1427.49
S015,2025-07-09,256.05,2176.43
S015,2025-07-10,220.64,1875.44
S015,2025-07-11,333.38,2833.73
S015,2025-07-12,115.9,985.15
S015,2025-07-13,167.54,1424.09
S015,2025-07-14,227.51,1933.84
S015,2025-07-15,122.76,1043.46
S015,2025-07-16,102.15,868.28
S015,2025-07-17,79.93,679.41
S015,2025-07-18,95.71,813.54
S015,2025-07-19,152.81,1298.88
S015,2025-07-20,143.16,1216.86
S015,2025-07-21,174.56,1483.76
S015,2025-07-22,97.13,825.6
S015,2025-07-23,218.84,1860.14
S015,2025-07-24,87.04,739.84
S015,2025-07-25,314.55,2673.68
S015,2025-07-26,204.8,1740.8
S015,2025-07-27,167.78,1426.13
S015,2025-07-28,102.92,874.82
S015,2025-07-29,204.14,1735.19
S015,2025-07-30,363.29,3087.96
S015,2025-07-31,154.7,1314.95
S015,2025-08-01,148.48,1262.08
S015,2025-08-02,326.8,2777.8
S015,2025-08-03,54.13,460.1
S015,2025-08-04,121.22,1030.37
S015,2025-08-05,262.53,2231.5
S015,2025-08-06,190.34,1617.89
S015,2025-08-07,186.81,1587.88
S015,2025-08-08,168.27,1430.3
S015,2025-08-09,125.23,1064.46
S015,2025-08-10,248.1,2108.85
S015,2025-08-11,196.83,1673.06
S015,2025-08-12,183.58,1560.43
S015,2025-08-13,214.63,1824.36
S015,2025-08-14,115.24,979.54
S015,2025-08-15,230.93,1962.9
S015,2025-08-16,395.4,3360.9
S015,2025-08-17,211.3,1796.05
S015,2025-08-18,347.32,2952.22
S015,2025-08-19,173.66,1476.11
S015,2025-08-20,49.55,421.17
S015,2025-08-21,216.85,1843.22
S015,2025-08-22,315.49,2681.66
S015,2025-08-23,256.76,2182.46
S015,2025-08-24,184.08,1564.68
S015,2025-08-25,173.68,1476.28
S015,2025-08-26,168.04,1428.34
S015,2025-08-27,98.61,838.18
S015,2025-08-28,129.56,1101.26
S015,2025-08-29,100.02,850.17
S015,2025-08-30,85.47,726.5
S015,2025-08-31,225.06,1913.01
S015,2025-09-01,157.38,1337.73
S015,2025-09-02,213.74,1816.79
S015,2025-09-03,89.33,759.3
S015,2025-09-04,144.66,1229.61
S015,2025-09-05,132.31,1124.64
S015,2025-09-06,128.44,1091.74
S015,2025-09-07,112.12,953.02
S015,2025-09-08,201.46,1712.41
S015,2025-09-09,348.25,2960.12
S015,2025-09-10,151.7,1289.45
S015,2025-09-11,223.92,1903.32
S015,2025-09-12,155.7,1323.45
S015,2025-09-13,238.56,2027.76
S015,2025-09-14,292.18,2483.53
S015,2025-09-15,219.15,1862.78
S015,2025-09-16,219.77,1868.04
S015,2025-09-17,139.46,1185.41
S015,2025-09-18,115.22,979.37
S015,2025-09-19,169.96,1444.66
S015,2025-09-20,162.26,1379.21
S015,2025-09-21,222.99,1895.42
S015,2025-09-22,191.47,1627.5
S015,2025-09-23,239.6,2036.6
S015,2025-09-24,436.89,3713.56
S015,2025-09-25,186.84,1588.14
S015,2025-09-26,169.61,1441.69
S015,2025-09-27,267.77,2276.04
S015,2025-09-28,182.93,1554.9
S015,2025-09-29,293.83,2497.55
S015,2025-09-30,513.16,4361.86
S015,2025-10-01,286.53,2435.5
S015,2025-10-02,225.1,1913.35
S015,2025-10-03,200.18,1701.53
S015,2025-10-04,197.39,1677.81
S015,2025-10-05,266.68,2266.78
S015,2025-10-06,236.52,2010.42
S015,2025-10-07,397.37,3377.64
S015,2025-10-08,248.43,2111.66
S015,2025-10-09,258.63,2198.36
S015,2025-10-10,275.29,2339.96
S015,2025-10-11,257.02,2184.67
S015,2025-10-12,305.14,2593.69
S015,2025-10-13,179.86,1528.81
S015,2025-10-14,421.15,3579.77
S015,2025-10-15,198.63,1688.36
S015,2025-10-16,159.66,1357.11
S015,2025-10-17,297.97,2532.75
S015,2025-10-18,273.92,2328.32
S015,2025-10-19,263.43,2239.16
S015,2025-10-20,74.7,634.95
S015,2025-10-21,247.44,2103.24
S015,2025-10-22,286.14,2432.19
S015,2025-10-23,120.61,1025.18
S015,2025-10-24,73.27,622.79
S015,2025-10-25,371.25,3155.62
S015,2025-10-26,115.74,983.79
S015,2025-10-27,147.39,1252.81
S015,2025-10-28,176.32,1498.72
S015,2025-10-29,210.79,1791.72
S015,2025-10-30,276.91,2353.74
S015,2025-10-31,222.99,1895.42
S015,2025-11-01,200.89,1707.56
S015,2025-11-02,217.55,1849.18
S015,2025-11-03,173.09,1471.26
S015,2025-11-04,159.09,1352.26
S015,2025-11-05,403.41,3428.98
S015,2025-11-06,248.08,2108.68
S015,2025-11-07,255.12,2168.52
S015,2025-11-08,246.96,2099.16
S015,2025-11-09,133.2,1132.2
S015,2025-11-10,188.76,1604.46
S015,2025-11-11,324.65,2759.52
S015,2025-11-12,280.48,2384.08
S015,2025-11-13,288.75,2454.38
S015,2025-11-14,276.17,2347.45
S015,2025-11-15,251.87,2140.9
S015,2025-11-16,312.03,2652.25
S015,2025-11-17,126.36,1074.06
S015,2025-11-18,186.9,1588.65
S015,2025-11-19,327.46,2783.41
S015,2025-11-20,315.2,2679.2
S015,2025-11-21,168.88,1435.48
S015,2025-11-22,283.36,2408.56
S015,2025-11-23,171.52,1457.92
S015,2025-11-24,76.07,646.59
S015,2025-11-25,258.95,2201.07
S015,2025-11-26,173.72,1476.62
S015,2025-11-27,251.41,2136.98
S015,2025-11-28,257.72,2190.62
S015,2025-11-29,288.75,2454.38
S015,2025-11-30,216.94,1843.99
S015,2025-12-01,254.33,2161.81
S015,2025-12-02,213.11,1811.44
S015,2025-12-03,383.11,3256.44
S015,2025-12-04,200.79,1706.72
S015,2025-12-05,256.16,2177.36
S015,2025-12-06,183.38,1558.73
S015,2025-12-07,154.9,1316.65
S015,2025-12-08,41.52,352.92
S015,2025-12-09,203.11,1726.44
S015,2025-12-10,192.49,1636.16
S015,2025-12-11,279.74,2377.79
S015,2025-12-12,291.68,2479.28
S015,2025-12-13,342.64,2912.44
S015,2025-12-14,278.79,2369.72
S015,2025-12-15,464.31,3946.64
S015,2025-12-16,276.95,2354.07
S015,2025-12-17,244.0,2074.0
S015,2025-12-18,393.1,3341.35
S015,2025-12-19,300.85,2557.23
S015,2025-12-20,181.58,1543.43
S015,2025-12-21,307.5,2613.75
S015,2025-12-22,165.54,1407.09
S015,2025-12-23,166.67,1416.7
S015,2025-12-24,211.65,1799.02
S015,2025-12-25,310.22,2636.87
S015,2025-12-26,173.29,1472.96
S015,2025-12-27,213.4,1813.9
S015,2025-12-28,229.0,1946.5
S015,2025-12-29,239.37,2034.64
S015,2025-12-30,192.56,1636.76
S015,2025-12-31,22.14,188.19
S016,2025-01-01,129.23,1098.46
S016,2025-01-02,53.84,457.64
S016,2025-01-03,39.36,334.56
S016,2025-01-04,32.09,272.77
S016,2025-01-05,103.48,879.58
S016,2025-01-06,23.74,201.79
S016,2025-01-07,70.66,600.61
S016,2025-01-08,67.31,572.14
S016,2025-01-09,90.38,768.23
S016,2025-01-10,170.06,1445.51
S016,2025-01-12,35.22,299.37
S016,2025-01-13,28.13,239.1
S016,2025-01-14,48.87,415.4
S016,2025-01-15,91.34,776.39
S016,2025-01-16,126.15,1072.28
S016,2025-01-17,48.73,414.2
S016,2025-01-18,70.5,599.25
S016,2025-01-19,30.32,257.72
S016,2025-01-20,45.82,389.47
S016,2025-01-21,11.88,100.98
S016,2025-01-22,89.72,762.62
S016,2025-01-23,115.54,982.09
S016,2025-01-24,194.18,1650.53
S016,2025-01-25,97.2,826.2
S016,2025-01-27,44.75,380.38
S016,2025-01-28,59.96,509.66
S016,2025-01-29,147.17,1250.94
S016,2025-01-30,3.35,28.48
S016,2025-01-31,15.94,135.49
S016,2025-02-01,103.52,879.92
S016,2025-02-02,53.28,452.88
S016,2025-02-03,17.73,150.71
S016,2025-02-04,67.66,575.11
S016,2025-02-05,15.37,130.64
S016,2025-02-06,48.01,408.08
S016,2025-02-07,25.49,216.66
S016,2025-02-08,69.93,594.41
S016,2025-02-09,19.95,169.58
S016,2025-02-10,171.65,1459.02
S016,2025-02-11,121.47,1032.49
S016,2025-02-12,45.05,382.92
S016,2025-02-13,0.64,5.44
S016,2025-02-14,17.19,146.12
S016,2025-02-15,36.01,306.08
S016,2025-02-16,63.67,541.2
S016,2025-02-17,144.96,1232.16
S016,2025-02-18,22.69,192.86
S016,2025-02-19,126.76,1077.46
S016,2025-02-20,66.95,569.08
S016,2025-02-21,57.14,485.69
S016,2025-02-22,83.51,709.84
S016,2025-02-23,161.28,1370.88
S016,2025-02-24,97.01,824.58
S016,2025-02-25,33.35,283.48
S016,2025-02-26,41.86,355.81
S016,2025-02-27,38.79,329.72
S016,2025-02-28,195.46,1661.41
S016,2025-03-01,177.59,1509.52
S016,2025-03-02,165.59,1407.52
S016,2025-03-03,36.07,306.6
S016,2025-03-04,57.14,485.69
S016,2025-03-05,102.69,872.86
S016,2025-03-06,59.55,506.17
S016,2025-03-07,84.56,718.76
S016,2025-03-09,67.78,576.13
S016,2025-03-10,31.06,264.01
S016,2025-03-11,55.28,469.88
S016,2025-03-12,129.02,1096.67
S016,2025-03-14,46.66,396.61
S016,2025-03-15,129.03,1096.76
S016,2025-03-16,138.75,1179.38
S016,2025-03-17,61.54,523.09
S016,2025-03-18,92.19,783.62
S016,2025-03-19,111.27,945.8
S016,2025-03-20,33.59,285.52
S016,2025-03-21,75.46,641.41
S016,2025-03-22,244.15,2075.28
S016,2025-03-23,183.41,1558.98
S016,2025-03-24,190.63,1620.36
S016,2025-03-25,24.26,206.21
S016,2025-03-26,79.79,678.22
S016,2025-03-27,132.73,1128.2
S016,2025-03-28,65.43,556.16
S016,2025-03-29,95.1,808.35
S016,2025-03-30,25.26,214.71
S016,2025-03-31,106.06,901.51
S016,2025-04-01,121.72,1034.62
S016,2025-04-02,62.96,535.16
S016,2025-04-03,199.58,1696.43
S016,2025-04-04,11.53,98.0
S016,2025-04-05,65.61,557.68
S016,2025-04-06,58.15,494.28
S016,2025-04-07,116.33,988.8
S016,2025-04-08,55.37,470.64
S016,2025-04-09,41.45,352.33
S016,2025-04-10,150.37,1278.14
S016,2025-04-11,81.82,695.47
S016,2025-04-12,75.73,643.71
S016,2025-04-13,212.52,1806.42
S016,2025-04-14,70.72,601.12
S016,2025-04-16,27.14,230.69
S016,2025-04-17,74.77,635.54
S016,2025-04-18,117.5,998.75
S016,2025-04-19,127.37,1082.64
S016,2025-04-20,57.3,487.05
S016,2025-04-21,57.22,486.37
S016,2025-04-22,129.48,1100.58
S016,2025-04-23,82.61,702.18
S016,2025-04-24,186.43,1584.66
S016,2025-04-25,42.14,358.19
S016,2025-04-26,26.48,225.08
S016,2025-04-27,19.83,168.55
S016,2025-04-28,1.06,9.01
S016,2025-04-29,163.88,1392.98
S016,2025-04-30,160.59,1365.02
S016,2025-05-01,42.1,357.85
S016,2025-05-02,82.53,701.5
S016,2025-05-03,57.65,490.02
S016,2025-05-04,80.59,685.02
S016,2025-05-05,53.69,456.36
S016,2025-05-06,131.37,1116.64
S016,2025-05-07,27.14,230.69
S016,2025-05-08,115.28,979.88
S016,2025-05-09,71.21,605.28
S016,2025-05-10,125.07,1063.1
S016,2025-05-11,111.29,945.96
S016,2025-05-12,207.44,1763.24
S016,2025-05-13,54.32,461.72
S016,2025-05-14,86.55,735.68
S016,2025-05-15,20.36,173.06
S016,2025-05-16,63.05,535.92
S016,2025-05-17,81.83,695.56
S016,2025-05-18,126.13,1072.1
S016,2025-05-19,134.2,1140.7
S016,2025-05-20,86.84,738.14
S016,2025-05-21,85.98,730.83
S016,2025-05-22,104.25,886.12
S016,2025-05-23,122.76,1043.46
S016,2025-05-24,101.26,860.71
S016,2025-05-25,50.85,432.22
S016,2025-05-26,115.41,980.98
S016,2025-05-27,62.42,530.57
S016,2025-05-29,95.4,810.9
S016,2025-05-30,168.96,1436.16
S016,2025-05-31,51.87,440.9
S016,2025-06-01,58.96,501.16
S016,2025-06-02,83.2,707.2
S016,2025-06-03,59.39,504.82
S016,2025-06-04,41.53,353.0
S016,2025-06-05,62.87,534.4
S016,2025-06-06,30.88,262.48
S016,2025-06-07,136.07,1156.6
S016,2025-06-08,148.64,1263.44
S016,2025-06-09,18.25,155.12
S016,2025-06-10,112.16,953.36
S016,2025-06-11,210.72,1791.12
S016,2025-06-12,124.16,1055.36
S016,2025-06-13,114.7,974.95
S016,2025-06-14,73.66,626.11
S016,2025-06-15,156.52,1330.42
S016,2025-06-16,1.09,9.26
S016,2025-06-17,138.58,1177.93
S016,2025-06-18,128.26,1090.21
S016,2025-06-19,127.85,1086.72
S016,2025-06-20,23.87,202.9
S016,2025-06-21,38.7,328.95
S016,2025-06-22,203.15,1726.78
S016,2025-06-23,95.14,808.69
S016,2025-06-24,134.84,1146.14
S016,2025-06-25,116.25,988.12
S016,2025-06-26,54.95,467.08
S016,2025-06-27,46.39,394.32
S016,2025-06-28,4.59,39.02
S016,2025-06-29,53.6,455.6
S016,2025-06-30,22.2,188.7
S016,2025-07-01,113.52,964.92
S016,2025-07-02,90.77,771.54
S016,2025-07-03,67.45,573.33
S016,2025-07-04,64.83,551.05
S016,2025-07-05,61.84,525.64
S016,2025-07-06,71.42,607.07
S016,2025-07-07,73.52,624.92
S016,2025-07-08,65.54,557.09
S016,2025-07-09,200.96,1708.16
S016,2025-07-10,192.14,1633.19
S016,2025-07-11,62.65,532.52
S016,2025-07-12,27.34,232.39
S016,2025-07-13,104.25,886.12
S016,2025-07-14,106.66,906.61
S016,2025-07-15,71.06,604.01
S016,2025-07-16,29.62,251.77
S016,2025-07-17,53.42,454.07
S016,2025-07-18,112.85,959.22
S016,2025-07-19,74.46,632.91
S016,2025-07-20,45.43,386.16
S016,2025-07-21,111.12,944.52
S016,2025-07-22,150.97,1283.24
S016,2025-07-23,122.78,1043.63
S016,2025-07-24,10.86,92.31
S016,2025-07-25,140.24,1192.04
S016,2025-07-26,146.87,1248.4
S016,2025-07-27,41.26,350.71
S016,2025-07-28,154.7,1314.95
S016,2025-07-29,94.49,803.16
S016,2025-07-30,119.93,1019.41
S016,2025-07-31,228.63,1943.36
S016,2025-08-01,139.24,1183.54
S016,2025-08-02,135.55,1152.18
S016,2025-08-03,106.36,904.06
S016,2025-08-04,111.81,950.38
S016,2025-08-05,84.82,720.97
S016,2025-08-06,175.48,1491.58
S016,2025-08-07,61.45,522.33
S016,2025-08-08,47.89,407.06
S016,2025-08-09,107.62,914.77
S016,2025-08-10,135.54,1152.09
S016,2025-08-11,53.63,455.86
S016,2025-08-12,194.43,1652.66
S016,2025-08-13,133.57,1135.34
S016,2025-08-14,99.97,849.74
S016,2025-08-15,75.63,642.86
S016,2025-08-16,176.31,1498.64
S016,2025-08-17,38.76,329.46
S016,2025-08-18,161.58,1373.43
S016,2025-08-19,159.63,1356.86
S016,2025-08-20,75.23,639.46
S016,2025-08-21,30.68,260.78
S016,2025-08-22,62.76,533.46
S016,2025-08-23,109.0,926.5
S016,2025-08-24,171.27,1455.8
S016,2025-08-25,165.73,1408.7
S016,2025-08-26,66.41,564.48
S016,2025-08-27,48.01,408.08
S016,2025-08-28,24.17,205.45
S016,2025-08-29,155.37,1320.64
S016,2025-08-30,134.82,1145.97
S016,2025-08-31,176.33,1498.8
S016,2025-09-01,219.85,1868.72
S016,2025-09-02,96.04,816.34
S016,2025-09-03,245.09,2083.26
S016,2025-09-04,133.44,1134.24
S016,2025-09-05,42.36,360.06
S016,2025-09-06,175.78,1494.13
S016,2025-09-07,31.14,264.69
S016,2025-09-08,102.42,870.57
S016,2025-09-09,72.95,620.08
S016,2025-09-10,57.03,484.76
S016,2025-09-11,160.01,1360.08
S016,2025-09-12,122.17,1038.44
S016,2025-09-13,247.25,2101.62
S016,2025-09-14,75.17,638.95
S016,2025-09-15,184.56,1568.76
S016,2025-09-16,208.53,1772.5
S016,2025-09-17,87.47,743.5
S016,2025-09-18,11.32,96.22
S016,2025-09-19,45.99,390.92
S016,2025-09-20,168.38,1431.23
S016,2025-09-21,44.56,378.76
S016,2025-09-22,116.06,986.51
S016,2025-09-23,108.91,925.74
S016,2025-09-24,118.65,1008.53
S016,2025-09-25,160.63,1365.36
S016,2025-09-26,223.96,1903.66
S016,2025-09-27,177.72,1510.62
S016,2025-09-28,151.63,1288.86
S016,2025-09-29,149.44,1270.24
S016,2025-09-30,57.51,488.84
S016,2025-10-01,157.62,1339.77
S016,2025-10-02,25.99,220.92
S016,2025-10-03,184.76,1570.46
S016,2025-10-04,99.12,842.52
S016,2025-10-05,33.38,283.73
S016,2025-10-06,117.68,1000.28
S016,2025-10-07,284.41,2417.48
S016,2025-10-08,1.97,16.74
S016,2025-10-09,210.71,1791.04
S016,2025-10-10,159.46,1355.41
S016,2025-10-11,76.42,649.57
S016,2025-10-12,106.53,905.5
S016,2025-10-13,267.65,2275.02
S016,2025-10-14,144.94,1231.99
S016,2025-10-15,121.34,1031.39
S016,2025-10-16,93.35,793.47
S016,2025-10-17,96.4,819.4
S016,2025-10-18,85.82,729.47
S016,2025-10-19,112.36,955.06
S016,2025-10-20,74.6,634.1
S016,2025-10-21,159.34,1354.39
S016,2025-10-22,226.72,1927.12
S016,2025-10-23,58.78,499.63
S016,2025-10-24,163.86,1392.81
S016,2025-10-25,69.02,586.67
S016,2025-10-26,130.51,1109.34
S016,2025-10-27,93.31,793.14
S016,2025-10-28,222.13,1888.1
S016,2025-10-29,103.21,877.28
S016,2025-10-30,144.41,1227.48
S016,2025-10-31,131.12,1114.52
S016,2025-11-01,310.86,2642.31
S016,2025-11-02,148.62,1263.27
S016,2025-11-03,54.19,460.62
S016,2025-11-04,221.83,1885.56
S016,2025-11-05,83.09,706.26
S016,2025-11-06,117.92,1002.32
S016,2025-11-07,120.63,1025.36
S016,2025-11-08,170.23,1446.96
S016,2025-11-09,93.37,793.64
S016,2025-11-10,129.11,1097.44
S016,2025-11-11,102.13,868.1
S016,2025-11-12,145.26,1234.71
S016,2025-11-14,51.65,439.02
S016,2025-11-15,261.5,2222.75
S016,2025-11-16,98.43,836.66
S016,2025-11-17,162.67,1382.7
S016,2025-11-18,141.74,1204.79
S016,2025-11-19,255.35,2170.48
S016,2025-11-20,39.45,335.33
S016,2025-11-21,255.7,2173.45
S016,2025-11-22,108.82,924.97
S016,2025-11-23,85.14,723.69
S016,2025-11-24,316.89,2693.56
S016,2025-11-25,253.0,2150.5
S016,2025-11-26,148.41,1261.48
S016,2025-11-27,187.53,1594.0
S016,2025-11-28,149.28,1268.88
S016,2025-11-29,102.23,868.96
S016,2025-11-30,154.02,1309.17
S016,2025-12-01,53.41,453.98
S016,2025-12-02,244.8,2080.8
S016,2025-12-03,114.89,976.56
S016,2025-12-04,287.66,2445.11
S016,2025-12-05,75.83,644.55
S016,2025-12-06,48.92,415.82
S016,2025-12-07,223.49,1899.66
S016,2025-12-08,293.68,2496.28
S016,2025-12-09,223.8,1902.3
S016,2025-12-10,142.78,1213.63
S016,2025-12-11,176.09,1496.76
S016,2025-12-12,193.75,1646.88
S016,2025-12-13,164.94,1401.99
S016,2025-12-14,74.56,633.76
S016,2025-12-15,110.63,940.36
S016,2025-12-16,279.28,2373.88
S016,2025-12-17,81.33,691.3
S016,2025-12-18,110.82,941.97
S016,2025-12-19,69.97,594.74
S016,2025-12-20,244.51,2078.34
S016,2025-12-21,22.74,193.29
S016,2025-12-22,339.28,2883.88
S016,2025-12-23,158.35,1345.98
S016,2025-12-24,61.96,526.66
S016,2025-12-25,152.3,1294.55
S016,2025-12-26,118.5,1007.25
S016,2025-12-27,217.47,1848.5
S016,2025-12-28,258.89,2200.56
S016,2025-12-29,115.99,985.92
S016,2025-12-30,42.53,361.5
S016,2025-12-31,167.51,1423.84
S017,2025-01-01,115.16,978.86
S017,2025-01-02,137.72,1170.62
S017,2025-01-03,192.1,1632.85
S017,2025-01-04,125.73,1068.7
S017,2025-01-05,70.78,601.63
S017,2025-01-06,53.24,452.54
S017,2025-01-07,113.14,961.69
S017,2025-01-08,144.55,1228.68
S017,2025-01-09,9.62,81.77
S017,2025-01-10,48.45,411.83
S017,2025-01-11,58.8,499.8
S017,2025-01-12,54.65,464.52
S017,2025-01-13,164.69,1399.86
S017,2025-01-14,175.92,1495.32
S017,2025-01-15,36.83,313.06
S017,2025-01-16,41.52,352.92
S017,2025-01-17,48.93,415.9
S017,2025-01-18,37.35,317.48
S017,2025-01-19,114.91,976.74
S017,2025-01-20,25.7,218.45
S017,2025-01-21,76.24,648.04
S017,2025-01-22,77.73,660.7
S017,2025-01-23,48.32,410.72
S017,2025-01-24,90.52,769.42
S017,2025-01-25,60.14,511.19
S017,2025-01-26,26.65,226.52
S017,2025-01-27,126.1,1071.85
S017,2025-01-28,51.3,436.05
S017,2025-01-29,205.16,1743.86
S017,2025-01-30,80.05,680.42
S017,2025-01-31,136.01,1156.08
S017,2025-02-01,160.11,1360.94
S017,2025-02-02,138.99,1181.42
S017,2025-02-03,114.47,973.0
S017,2025-02-04,134.1,1139.85
S017,2025-02-05,41.44,352.24
S017,2025-02-06,59.45,505.33
S017,2025-02-07,62.28,529.38
S017,2025-02-08,137.98,1172.83
S017,2025-02-09,201.68,1714.28
S017,2025-02-10,39.2,333.2
S017,2025-02-11,67.35,572.47
S017,2025-02-12,167.12,1420.52
S017,2025-02-13,21.92,186.32
S017,2025-02-14,83.45,709.32
S017,2025-02-15,60.43,513.66
S017,2025-02-16,22.44,190.74
S017,2025-02-17,146.69,1246.86
S017,2025-02-18,100.85,857.22
S017,2025-02-19,39.41,334.98
S017,2025-02-20,62.03,527.26
S017,2025-02-21,19.4,164.9
S017,2025-02-22,32.28,274.38
S017,2025-02-23,42.42,360.57
S017,2025-02-24,139.36,1184.56
S017,2025-02-25,80.35,682.97
S017,2025-02-27,138.13,1174.1
S017,2025-02-28,147.72,1255.62
S017,2025-03-01,24.94,211.99
S017,2025-03-02,94.12,800.02
S017,2025-03-03,78.77,669.54
S017,2025-03-04,95.71,813.54
S017,2025-03-05,105.36,895.56
S017,2025-03-06,152.09,1292.77
S017,2025-03-07,133.47,1134.49
S017,2025-03-08,71.2,605.2
S017,2025-03-09,72.36,615.06
S017,2025-03-10,80.29,682.46
S017,2025-03-11,57.66,490.11
S017,2025-03-12,53.37,453.64
S017,2025-03-13,155.37,1320.64
S017,2025-03-14,156.1,1326.85
S017,2025-03-15,256.46,2179.91
S017,2025-03-16,125.63,1067.86
S017,2025-03-17,163.99,1393.92
S017,2025-03-18,161.1,1369.35
S017,2025-03-19,54.42,462.57
S017,2025-03-20,278.01,2363.08
S017,2025-03-21,74.11,629.93
S017,2025-03-22,149.91,1274.23
S017,2025-03-23,65.3,555.05
S017,2025-03-24,34.62,294.27
S017,2025-03-25,121.49,1032.66
S017,2025-03-26,76.39,649.32
S017,2025-03-27,149.74,1272.79
S017,2025-03-28,27.05,229.92
S017,2025-03-29,190.58,1619.93
S017,2025-03-30,57.86,491.81
S017,2025-03-31,135.77,1154.04
S017,2025-04-01,73.66,626.11
S017,2025-04-02,163.4,1388.9
S017,2025-04-03,43.87,372.9
S017,2025-04-04,148.08,1258.68
S017,2025-04-05,59.27,503.8
S017,2025-04-06,79.03,671.76
S017,2025-04-07,122.86,1044.31
S017,2025-04-08,33.51,284.83
S017,2025-04-09,168.49,1432.16
S017,2025-04-10,22.6,192.1
S017,2025-04-11,85.52,726.92
S017,2025-04-12,149.7,1272.45
S017,2025-04-13,187.33,1592.3
S017,2025-04-14,266.03,2261.25
S017,2025-04-15,1.26,10.71
S017,2025-04-16,54.96,467.16
S017,2025-04-17,129.9,1104.15
S017,2025-04-18,91.21,775.28
S017,2025-04-19,103.91,883.24
S017,2025-04-20,23.24,197.54
S017,2025-04-21,198.55,1687.68
S017,2025-04-22,72.19,613.62
S017,2025-04-23,39.33,334.3
S017,2025-04-24,121.17,1029.94
S017,2025-04-25,98.2,834.7
S017,2025-04-26,1.04,8.84
S017,2025-04-27,70.31,597.64
S017,2025-04-28,111.82,950.47
S017,2025-04-29,195.07,1658.1
S017,2025-04-30,115.48,981.58
S017,2025-05-01,170.25,1447.12
S017,2025-05-02,321.05,2728.92
S017,2025-05-03,19.46,165.41
S017,2025-05-04,99.56,846.26
S017,2025-05-05,119.35,1014.47
S017,2025-05-06,96.87,823.4
S017,2025-05-07,61.01,518.58
S017,2025-05-08,155.57,1322.34
S017,2025-05-09,109.1,927.35
S017,2025-05-10,148.82,1264.97
S017,2025-05-11,9.42,80.07
S017,2025-05-12,131.62,1118.77
S017,2025-05-13,63.76,541.96
S017,2025-05-14,204.83,1741.06
S017,2025-05-15,170.18,1446.53
S017,2025-05-16,94.6,804.1
S017,2025-05-17,23.05,195.92
S017,2025-05-18,153.04,1300.84
S017,2025-05-19,184.51,1568.34
S017,2025-05-20,45.71,388.54
S017,2025-05-21,91.13,774.6
S017,2025-05-22,86.95,739.08
S017,2025-05-23,151.84,1290.64
S017,2025-05-24,85.6,727.6
S017,2025-05-25,134.59,1144.02
S017,2025-05-26,45.09,383.27
S017,2025-05-27,156.71,1332.04
S017,2025-05-28,94.35,801.97
S017,2025-05-29,130.45,1108.82
S017,2025-05-30,138.29,1175.46
S017,2025-05-31,34.33,291.8
S017,2025-06-01,55.09,468.27
S017,2025-06-02,224.89,1911.56
S017,2025-06-03,135.66,1153.11
S017,2025-06-04,45.86,389.81
S017,2025-06-05,150.91,1282.73
S017,2025-06-06,185.78,1579.13
S017,2025-06-07,211.64,1798.94
S017,2025-06-08,158.52,1347.42
S017,2025-06-09,113.48,964.58
S017,2025-06-10,96.79,822.72
S017,2025-06-11,192.05,1632.43
S017,2025-06-12,40.67,345.7
S017,2025-06-13,183.71,1561.54
S017,2025-06-14,163.46,1389.41
S017,2025-06-15,77.07,655.09
S017,2025-06-16,58.67,498.7
S017,2025-06-17,118.88,1010.48
S017,2025-06-18,197.53,1679.0
S017,2025-06-19,45.1,383.35
S017,2025-06-20,144.78,1230.63
S017,2025-06-21,185.07,1573.1
S017,2025-06-22,130.01,1105.08
S017,2025-06-23,144.64,1229.44
S017,2025-06-24,59.15,502.78
S017,2025-06-25,88.71,754.04
S017,2025-06-26,140.17,1191.44
S017,2025-06-27,113.51,964.84
S017,2025-06-28,75.03,637.76
S017,2025-06-29,124.41,1057.48
S017,2025-06-30,222.98,1895.33
S017,2025-07-01,214.24,1821.04
S017,2025-07-02,73.61,625.68
S017,2025-07-03,145.17,1233.94
S017,2025-07-04,106.32,903.72
S017,2025-07-05,110.1,935.85
S017,2025-07-06,222.68,1892.78
S017,2025-07-07,205.91,1750.24
S017,2025-07-08,149.65,1272.03
S017,2025-07-09,139.56,1186.26
S017,2025-07-10,57.1,485.35
S017,2025-07-11,220.66,1875.61
S017,2025-07-12,184.2,1565.7
S017,2025-07-13,143.79,1222.21
S017,2025-07-14,190.79,1621.72
S017,2025-07-15,156.29,1328.46
S017,2025-07-16,71.65,609.03
S017,2025-07-17,217.64,1849.94
S017,2025-07-18,68.88,585.48
S017,2025-07-19,114.29,971.46
S017,2025-07-20,68.19,579.62
S017,2025-07-21,109.3,929.05
S017,2025-07-22,94.31,801.64
S017,2025-07-23,62.15,528.28
S017,2025-07-24,47.55,404.17
S017,2025-07-25,121.0,1028.5
S017,2025-07-26,169.87,1443.9
S017,2025-07-27,223.74,1901.79
S017,2025-07-28,78.04,663.34
S017,2025-07-29,90.58,769.93
S017,2025-07-30,115.51,981.84
S017,2025-07-31,19.59,166.52
S017,2025-08-01,175.06,1488.01
S017,2025-08-02,168.83,1435.06
S017,2025-08-03,218.39,1856.31
S017,2025-08-04,212.28,1804.38
S017,2025-08-05,239.72,2037.62
S017,2025-08-06,82.53,701.5
S017,2025-08-07,264.89,2251.56
S017,2025-08-08,148.73,1264.2
S017,2025-08-09,89.21,758.28
S017,2025-08-10,207.43,1763.16
S017,2025-08-11,119.79,1018.22
S017,2025-08-12,38.27,325.3
S017,2025-08-13,115.63,982.86
S017,2025-08-14,176.4,1499.4
S017,2025-08-15,154.06,1309.51
S017,2025-08-16,328.38,2791.23
S017,2025-08-17,126.76,1077.46
S017,2025-08-18,50.26,427.21
S017,2025-08-19,253.03,2150.76
S017,2025-08-20,248.08,2108.68
S017,2025-08-21,36.05,306.42
S017,2025-08-22,208.39,1771.31
S017,2025-08-23,131.05,1113.93
S017,2025-08-24,137.99,1172.92
S017,2025-08-25,345.56,2937.26
S017,2025-08-26,145.19,1234.12
S017,2025-08-27,105.48,896.58
S017,2025-08-28,57.27,486.8
S017,2025-08-29,101.72,864.62
S017,2025-08-30,217.48,1848.58
S017,2025-08-31,154.52,1313.42
S017,2025-09-01,47.23,401.46
S017,2025-09-02,390.87,3322.4
S017,2025-09-03,328.34,2790.89
S017,2025-09-04,132.12,1123.02
S017,2025-09-05,73.13,621.6
S017,2025-09-06,130.41,1108.48
S017,2025-09-07,117.53,999.0
S017,2025-09-08,178.86,1520.31
S017,2025-09-09,124.15,1055.28
S017,2025-09-10,101.03,858.76
S017,2025-09-11,117.35,997.47
S017,2025-09-12,142.22,1208.87
S017,2025-09-13,53.21,452.28
S017,2025-09-14,102.67,872.7
S017,2025-09-15,100.57,854.84
S017,2025-09-16,190.82,1621.97
S017,2025-09-17,181.39,1541.81
S017,2025-09-18,223.85,1902.72
S017,2025-09-19,140.68,1195.78
S017,2025-09-20,171.68,1459.28
S017,2025-09-21,134.26,1141.21
S017,2025-09-22,46.51,395.34
S017,2025-09-23,147.21,1251.29
S017,2025-09-24,80.72,686.12
S017,2025-09-25,123.02,1045.67
S017,2025-09-26,88.82,754.97
S017,2025-09-27,164.33,1396.8
S017,2025-09-28,346.58,2945.93
S017,2025-09-29,254.97,2167.24
S017,2025-09-30,191.74,1629.79
S017,2025-10-01,142.57,1211.84
S017,2025-10-02,275.02,2337.67
S017,2025-10-03,234.34,1991.89
S017,2025-10-04,125.26,1064.71
S017,2025-10-05,176.0,1496.0
S017,2025-10-06,124.91,1061.73
S017,2025-10-07,148.95,1266.07
S017,2025-10-08,180.57,1534.84
S017,2025-10-09,192.58,1636.93
S017,2025-10-10,283.19,2407.11
S017,2025-10-11,228.5,1942.25
S017,2025-10-12,119.73,1017.7
S017,2025-10-13,156.94,1333.99
S017,2025-10-14,137.84,1171.64
S017,2025-10-15,152.94,1299.99
S017,2025-10-16,103.35,878.47
S017,2025-10-17,187.56,1594.26
S017,2025-10-18,222.45,1890.82
S017,2025-10-19,228.73,1944.2
S017,2025-10-20,90.47,769.0
S017,2025-10-21,268.33,2280.8
S017,2025-10-22,227.57,1934.34
S017,2025-10-23,140.52,1194.42
S017,2025-10-24,109.33,929.3
S017,2025-10-25,325.87,2769.9
S017,2025-10-26,134.61,1144.19
S017,2025-10-27,219.38,1864.73
S017,2025-10-28,116.07,986.59
S017,2025-10-29,157.52,1338.92
S017,2025-10-30,182.75,1553.38
S017,2025-10-31,185.54,1577.09
S017,2025-11-01,381.04,3238.84
S017,2025-11-02,122.07,1037.6
S017,2025-11-03,152.79,1298.71
S017,2025-11-04,178.83,1520.06
S017,2025-11-05,263.28,2237.88
S017,2025-11-06,142.65,1212.53
S017,2025-11-07,187.61,1594.69
S017,2025-11-08,52.5,446.25
S017,2025-11-09,254.89,2166.56
S017,2025-11-10,146.55,1245.68
S017,2025-11-11,308.16,2619.36
S017,2025-11-12,99.6,846.6
S017,2025-11-13,215.85,1834.72
S017,2025-11-14,176.56,1500.76
S017,2025-11-15,276.48,2350.08
S017,2025-11-16,140.38,1193.23
S017,2025-11-17,111.93,951.41
S017,2025-11-18,71.82,610.47
S017,2025-11-19,299.71,2547.54
S017,2025-11-20,116.87,993.4
S017,2025-11-21,225.57,1917.34
S017,2025-11-22,171.84,1460.64
S017,2025-11-23,178.32,1515.72
S017,2025-11-24,200.75,1706.38
S017,2025-11-25,279.38,2374.73
S017,2025-11-26,295.02,2507.67
S017,2025-11-27,235.22,1999.37
S017,2025-11-28,278.97,2371.25
S017,2025-11-29,113.21,962.28
S017,2025-11-30,236.9,2013.65
S017,2025-12-01,185.22,1574.37
S017,2025-12-02,244.38,2077.23
S017,2025-12-03,77.12,655.52
S017,2025-12-04,121.54,1033.09
S017,2025-12-05,183.53,1560.0
S017,2025-12-06,116.51,990.34
S017,2025-12-07,223.97,1903.74
S017,2025-12-08,459.05,3901.92
S017,2025-12-09,95.91,815.24
S017,2025-12-10,379.53,3226.0
S017,2025-12-11,214.8,1825.8
S017,2025-12-12,262.77,2233.54
S017,2025-12-13,89.05,756.92
S017,2025-12-14,138.34,1175.89
S017,2025-12-15,216.29,1838.46
S017,2025-12-16,123.54,1050.09
S017,2025-12-17,218.28,1855.38
S017,2025-12-18,130.09,1105.77
S017,2025-12-19,27.53,234.0
S017,2025-12-20,296.7,2521.95
S017,2025-12-21,138.88,1180.48
S017,2025-12-22,173.19,1472.12
S017,2025-12-23,125.95,1070.58
S017,2025-12-24,244.96,2082.16
S017,2025-12-25,86.97,739.24
S017,2025-12-26,197.27,1676.8
S017,2025-12-27,117.87,1001.9
S017,2025-12-28,335.52,2851.92
S017,2025-12-29,173.85,1477.72
S017,2025-12-30,151.04,1283.84
S017,2025-12-31,209.05,1776.93
S018,2025-01-01,177.1,1505.35
S018,2025-01-02,272.8,2318.8
S018,2025-01-03,185.65,1578.02
S018,2025-01-04,104.57,888.84
S018,2025-01-05,197.85,1681.72
S018,2025-01-06,269.74,2292.79
S018,2025-01-07,44.4,377.4
S018,2025-01-08,191.04,1623.84
S018,2025-01-09,137.69,1170.36
S018,2025-01-10,110.38,938.23
S018,2025-01-11,51.33,436.3
S018,2025-01-12,154.99,1317.42
S018,2025-01-13,60.98,518.33
S018,2025-01-14,148.73,1264.2
S018,2025-01-15,104.57,888.84
S018,2025-01-16,1.95,16.58
S018,2025-01-17,115.37,980.64
S018,2025-01-18,55.77,474.04
S018,2025-01-19,112.83,959.06
S018,2025-01-20,69.78,593.13
S018,2025-01-21,107.34,912.39
S018,2025-01-22,161.56,1373.26
S018,2025-01-23,71.51,607.84
S018,2025-01-24,36.11,306.94
S018,2025-01-25,72.63,617.36
S018,2025-01-26,76.06,646.51
S018,2025-01-27,25.52,216.92
S018,2025-01-28,28.91,245.74
S018,2025-01-29,77.32,657.22
S018,2025-01-30,137.19,1166.12
S018,2025-01-31,68.1,578.85
S018,2025-02-01,63.26,537.71
S018,2025-02-02,10.9,92.65
S018,2025-02-03,238.76,2029.46
S018,2025-02-04,57.62,489.77
S018,2025-02-05,99.6,846.6
S018,2025-02-06,89.73,762.7
S018,2025-02-07,108.34,920.89
S018,2025-02-08,60.48,514.08
S018,2025-02-09,150.38,1278.23
S018,2025-02-10,112.31,954.64
S018,2025-02-11,131.07,1114.1
S018,2025-02-12,49.7,422.45
S018,2025-02-13,74.3,631.55
S018,2025-02-14,104.23,885.96
S018,2025-02-15,135.44,1151.24
S018,2025-02-16,21.4,181.9
S018,2025-02-17,204.44,1737.74
S018,2025-02-18,137.17,1165.94
S018,2025-02-19,53.01,450.58
S018,2025-02-20,116.7,991.95
S018,2025-02-21,127.84,1086.64
S018,2025-02-22,49.98,424.83
S018,2025-02-23,32.66,277.61
S018,2025-02-24,131.1,1114.35
S018,2025-02-25,47.48,403.58
S018,2025-02-26,46.72,397.12
S018,2025-02-27,210.79,1791.72
S018,2025-02-28,234.01,1989.08
S018,2025-03-01,162.66,1382.61
S018,2025-03-02,62.4,530.4
S018,2025-03-03,68.11,578.93
S018,2025-03-04,64.74,550.29
S018,2025-03-05,96.07,816.59
S018,2025-03-06,82.46,700.91
S018,2025-03-07,203.99,1733.92
S018,2025-03-08,93.37,793.64
S018,2025-03-09,82.95,705.08
S018,2025-03-10,50.0,425.0
S018,2025-03-11,113.89,968.06
S018,2025-03-12,187.67,1595.2
S018,2025-03-13,71.3,606.05
S018,2025-03-14,55.53,472.0
S018,2025-03-15,124.05,1054.42
S018,2025-03-16,126.56,1075.76
S018,2025-03-17,52.73,448.2
S018,2025-03-18,42.03,357.26
S018,2025-03-19,246.18,2092.53
S018,2025-03-20,87.13,740.6
S018,2025-03-21,226.91,1928.74
S018,2025-03-22,172.09,1462.76
S018,2025-03-23,119.98,1019.83
S018,2025-03-24,122.94,1044.99
S018,2025-03-25,153.28,1302.88
S018,2025-03-26,233.52,1984.92
S018,2025-03-27,249.08,2117.18
S018,2025-03-28,162.18,1378.53
S018,2025-03-29,82.46,700.91
S018,2025-03-30,85.24,724.54
S018,2025-03-31,185.43,1576.16
S018,2025-04-01,98.08,833.68
S018,2025-04-02,208.94,1775.99
S018,2025-04-03,174.11,1479.94
S018,2025-04-04,140.09,1190.77
S018,2025-04-05,155.51,1321.84
S018,2025-04-06,71.03,603.76
S018,2025-04-07,388.54,3302.59
S018,2025-04-08,308.9,2625.65
S018,2025-04-09,109.26,928.71
S018,2025-04-10,200.38,1703.23
S018,2025-04-11,236.72,2012.12
S018,2025-04-12,224.34,1906.89
S018,2025-04-13,263.4,2238.9
S018,2025-04-14,256.09,2176.76
S018,2025-04-15,245.55,2087.18
S018,2025-04-16,252.64,2147.44
S018,2025-04-17,223.82,1902.47
S018,2025-04-18,129.7,1102.45
S018,2025-04-19,195.14,1658.69
S018,2025-04-20,109.77,933.04
S018,2025-04-21,179.67,1527.2
S018,2025-04-22,227.97,1937.74
S018,2025-04-23,115.76,983.96
S018,2025-04-24,232.91,1979.74
S018,2025-04-25,217.9,1852.15
S018,2025-04-26,269.99,2294.92
S018,2025-04-27,108.93,925.91
S018,2025-04-28,233.51,1984.84
S018,2025-04-29,118.68,1008.78
S018,2025-04-30,118.82,1009.97
S018,2025-05-01,32.07,272.6
S018,2025-05-02,139.48,1185.58
S018,2025-05-03,121.3,1031.05
S018,2025-05-04,81.09,689.26
S018,2025-05-05,123.36,1048.56
S018,2025-05-06,128.63,1093.36
S018,2025-05-07,231.73,1969.7
S018,2025-05-08,138.15,1174.28
S018,2025-05-09,117.67,1000.2
S018,2025-05-10,155.61,1322.69
S018,2025-05-11,169.27,1438.8
S018,2025-05-12,83.13,706.6
S018,2025-05-13,125.26,1064.71
S018,2025-05-14,261.32,2221.22
S018,2025-05-15,109.33,929.3
S018,2025-05-16,277.84,2361.64
S018,2025-05-17,112.08,952.68
S018,2025-05-18,153.58,1305.43
S018,2025-05-19,179.38,1524.73
S018,2025-05-20,344.43,2927.66
S018,2025-05-21,94.86,806.31
S018,2025-05-22,146.64,1246.44
S018,2025-05-23,220.14,1871.19
S018,2025-05-24,152.02,1292.17
S018,2025-05-25,29.83,253.55
S018,2025-05-26,399.01,3391.58
S018,2025-05-27,188.74,1604.29
S018,2025-05-28,124.67,1059.7
S018,2025-05-29,32.01,272.08
S018,2025-05-30,71.25,605.62
S018,2025-05-31,69.78,593.13
S018,2025-06-01,147.23,1251.46
S018,2025-06-02,62.75,533.38
S018,2025-06-03,178.22,1514.87
S018,2025-06-04,60.98,518.33
S018,2025-06-05,132.08,1122.68
S018,2025-06-06,107.64,914.94
S018,2025-06-07,83.39,708.82
S018,2025-06-08,269.1,2287.35
S018,2025-06-09,167.44,1423.24
S018,2025-06-10,156.32,1328.72
S018,2025-06-11,151.46,1287.41
S018,2025-06-12,45.8,389.3
S018,2025-06-13,143.02,1215.67
S018,2025-06-14,118.71,1009.04
S018,2025-06-15,170.58,1449.93
S018,2025-06-16,112.82,958.97
S018,2025-06-17,126.08,1071.68
S018,2025-06-18,168.8,1434.8
S018,2025-06-19,125.94,1070.49
S018,2025-06-20,198.7,1688.95
S018,2025-06-21,240.02,2040.17
S018,2025-06-22,207.36,1762.56
S018,2025-06-23,162.11,1377.94
S018,2025-06-24,85.98,730.83
S018,2025-06-25,196.44,1669.74
S018,2025-06-26,275.7,2343.45
S018,2025-06-27,100.17,851.44
S018,2025-06-28,169.44,1440.24
S018,2025-06-29,74.54,633.59
S018,2025-06-30,71.24,605.54
S018,2025-07-01,78.83,670.06
S018,2025-07-02,302.51,2571.34
S018,2025-07-03,187.83,1596.56
S018,2025-07-04,308.86,2625.31
S018,2025-07-05,109.72,932.62
S018,2025-07-06,87.68,745.28
S018,2025-07-07,360.11,3060.94
S018,2025-07-08,141.79,1205.21
S018,2025-07-09,149.1,1267.35
S018,2025-07-10,126.36,1074.06
S018,2025-07-11,142.64,1212.44
S018,2025-07-12,290.07,2465.59
S018,2025-07-13,312.72,2658.12
S018,2025-07-14,146.25,1243.12
S018,2025-07-15,166.94,1418.99
S018,2025-07-16,146.0,1241.0
S018,2025-07-17,113.14,961.69
S018,2025-07-18,153.8,1307.3
S018,2025-07-19,273.68,2326.28
S018,2025-07-20,230.34,1957.89
S018,2025-07-21,190.62,1620.27
S018,2025-07-22,212.43,1805.66
S018,2025-07-23,129.88,1103.98
S018,2025-07-24,89.43,760.16
S018,2025-07-25,206.82,1757.97
S018,2025-07-26,233.0,1980.5
S018,2025-07-27,107.39,912.82
S018,2025-07-28,169.67,1442.2
S018,2025-07-29,146.95,1249.07
S018,2025-07-30,268.79,2284.72
S018,2025-07-31,211.09,1794.26
S018,2025-08-01,132.77,1128.54
S018,2025-08-02,435.99,3705.92
S018,2025-08-03,126.75,1077.38
S018,2025-08-04,275.36,2340.56
S018,2025-08-05,78.81,669.88
S018,2025-08-06,52.18,443.53
S018,2025-08-07,279.11,2372.44
S018,2025-08-08,305.69,2598.36
S018,2025-08-09,118.14,1004.19
S018,2025-08-10,191.52,1627.92
S018,2025-08-11,127.51,1083.84
S018,2025-08-12,227.68,1935.28
S018,2025-08-13,164.34,1396.89
S018,2025-08-14,150.24,1277.04
S018,2025-08-15,113.0,960.5
S018,2025-08-16,144.19,1225.62
S018,2025-08-17,208.14,1769.19
S018,2025-08-18,129.62,1101.77
S018,2025-08-19,280.1,2380.85
S018,2025-08-20,220.55,1874.68
S018,2025-08-21,119.27,1013.8
S018,2025-08-22,183.73,1561.7
S018,2025-08-23,278.41,2366.48
S018,2025-08-24,148.66,1263.61
S018,2025-08-25,436.28,3708.38
S018,2025-08-26,209.41,1779.98
S018,2025-08-27,187.47,1593.5
S018,2025-08-28,175.14,1488.69
S018,2025-08-29,235.76,2003.96
S018,2025-08-30,260.34,2212.89
S018,2025-08-31,207.02,1759.67
S018,2025-09-01,218.5,1857.25
S018,2025-09-02,298.94,2540.99
S018,2025-09-03,183.46,1559.41
S018,2025-09-04,196.9,1673.65
S018,2025-09-05,282.02,2397.17
S018,2025-09-06,461.21,3920.28
S018,2025-09-07,462.06,3927.51
S018,2025-09-08,196.39,1669.31
S018,2025-09-09,163.17,1386.94
S018,2025-09-10,290.73,2471.2
S018,2025-09-11,366.25,3113.12
S018,2025-09-12,265.01,2252.58
S018,2025-09-13,218.94,1860.99
S018,2025-09-14,186.41,1584.48
S018,2025-09-15,181.04,1538.84
S018,2025-09-16,173.96,1478.66
S018,2025-09-17,288.19,2449.61
S018,2025-09-18,138.03,1173.26
S018,2025-09-19,177.09,1505.26
S018,2025-09-20,292.41,2485.48
S018,2025-09-21,67.99,577.92
S018,2025-09-22,142.53,1211.51
S018,2025-09-23,149.75,1272.88
S018,2025-09-24,324.43,2757.66
S018,2025-09-25,247.51,2103.84
S018,2025-09-26,143.03,1215.76
S018,2025-09-27,80.14,681.19
S018,2025-09-28,219.27,1863.8
S018,2025-09-29,105.32,895.22
S018,2025-09-30,150.43,1278.66
S018,2025-10-01,250.24,2127.04
S018,2025-10-02,234.16,1990.36
S018,2025-10-03,196.6,1671.1
S018,2025-10-04,187.78,1596.13
S018,2025-10-05,157.89,1342.06
S018,2025-10-06,85.04,722.84
S018,2025-10-07,116.9,993.65
S018,2025-10-08,127.46,1083.41
S018,2025-10-09,296.96,2524.16
S018,2025-10-10,198.28,1685.38
S018,2025-10-11,226.91,1928.74
S018,2025-10-12,231.13,1964.6
S018,2025-10-13,280.8,2386.8
S018,2025-10-14,107.98,917.83
S018,2025-10-15,132.82,1128.97
S018,2025-10-16,192.03,1632.26
S018,2025-10-17,226.1,1921.85
S018,2025-10-18,209.3,1779.05
S018,2025-10-19,216.76,1842.46
S018,2025-10-20,209.76,1782.96
S018,2025-10-21,284.73,2420.2
S018,2025-10-22,122.66,1042.61
S018,2025-10-23,294.73,2505.2
S018,2025-10-24,169.73,1442.7
S018,2025-10-25,416.31,3538.64
S018,2025-10-26,76.61,651.18
S018,2025-10-27,108.53,922.5
S018,2025-10-28,253.62,2155.77
S018,2025-10-29,91.14,774.69
S018,2025-10-30,156.44,1329.74
S018,2025-10-31,330.48,2809.08
S018,2025-11-01,73.77,627.04
S018,2025-11-02,234.4,1992.4
S018,2025-11-03,215.25,1829.62
S018,2025-11-04,180.9,1537.65
S018,2025-11-05,135.15,1148.78
S018,2025-11-06,196.13,1667.1
S018,2025-11-07,269.48,2290.58
S018,2025-11-08,157.43,1338.16
S018,2025-11-09,394.14,3350.19
S018,2025-11-10,138.82,1179.97
S018,2025-11-11,269.02,2286.67
S018,2025-11-12,99.38,844.73
S018,2025-11-13,276.71,2352.04
S018,2025-11-14,288.66,2453.61
S018,2025-11-15,211.83,1800.56
S018,2025-11-16,326.57,2775.84
S018,2025-11-17,83.16,706.86
S018,2025-11-18,432.96,3680.16
S018,2025-11-19,132.27,1124.3
S018,2025-11-20,219.95,1869.57
S018,2025-11-21,232.78,1978.63
S018,2025-11-22,293.43,2494.16
S018,2025-11-23,296.91,2523.74
S018,2025-11-24,240.09,2040.76
S018,2025-11-25,153.45,1304.32
S018,2025-11-26,293.82,2497.47
S018,2025-11-27,209.73,1782.7
S018,2025-11-28,309.2,2628.2
S018,2025-11-29,166.62,1416.27
S018,2025-11-30,346.98,2949.33
S018,2025-12-01,343.17,2916.94
S018,2025-12-02,185.75,1578.88
S018,2025-12-03,254.66,2164.61
S018,2025-12-04,261.2,2220.2
S018,2025-12-05,147.12,1250.52
S018,2025-12-06,272.07,2312.59
S018,2025-12-07,295.96,2515.66
S018,2025-12-08,125.58,1067.43
S018,2025-12-09,213.37,1813.64
S018,2025-12-10,88.08,748.68
S018,2025-12-11,393.23,3342.46
S018,2025-12-12,162.07,1377.6
S018,2025-12-13,310.44,2638.74
S018,2025-12-14,284.11,2414.94
S018,2025-12-15,220.5,1874.25
S018,2025-12-16,302.89,2574.56
S018,2025-12-17,209.11,1777.44
S018,2025-12-18,140.52,1194.42
S018,2025-12-19,189.69,1612.36
S018,2025-12-20,139.59,1186.52
S018,2025-12-21,186.8,1587.8
S018,2025-12-22,151.65,1289.03
S018,2025-12-23,288.02,2448.17
S018,2025-12-24,263.16,2236.86
S018,2025-12-25,116.31,988.64
S018,2025-12-26,188.65,1603.52
S018,2025-12-27,462.47,3931.0
S018,2025-12-28,182.21,1548.78
S018,2025-12-29,154.07,1309.6
S018,2025-12-30,279.68,2377.28
S018,2025-12-31,271.15,2304.77
S019,2025-01-01,90.79,771.72
S019,2025-01-07,24.44,207.74
S019,2025-01-08,42.76,363.46
S019,2025-01-09,18.61,158.18
S019,2025-01-10,51.25,435.62
S019,2025-01-11,95.62,812.77
S019,2025-01-13,85.65,728.03
S019,2025-01-14,75.69,643.36
S019,2025-01-15,68.35,580.97
S019,2025-01-19,43.84,372.64
S019,2025-01-22,102.98,875.33
S019,2025-01-23,7.51,63.84
S019,2025-01-24,46.31,393.64
S019,2025-01-25,72.88,619.48
S019,2025-01-28,26.13,222.1
S019,2025-01-29,61.8,525.3
S019,2025-01-31,27.91,237.24
S019,2025-02-02,73.11,621.43
S019,2025-02-04,37.03,314.76
S019,2025-02-05,68.81,584.88
S019,2025-02-06,1.18,10.03
S019,2025-02-07,47.13,400.6
S019,2025-02-08,53.15,451.78
S019,2025-02-10,15.55,132.18
S019,2025-02-11,73.95,628.58
S019,2025-02-12,14.79,125.71
S019,2025-02-15,53.72,456.62
S019,2025-02-17,2.8,23.8
S019,2025-02-19,2.26,19.21
S019,2025-02-20,63.08,536.18
S019,2025-02-21,29.16,247.86
S019,2025-02-23,2.37,20.14
S019,2025-02-24,46.05,391.42
S019,2025-02-25,1.55,13.18
S019,2025-02-26,14.05,119.43
S019,2025-02-28,51.54,438.09
S019,2025-03-01,12.46,105.91
S019,2025-03-03,56.78,482.63
S019,2025-03-04,22.46,190.91
S019,2025-03-05,64.49,548.16
S019,2025-03-06,22.44,190.74
S019,2025-03-08,35.42,301.07
S019,2025-03-09,37.8,321.3
S019,2025-03-10,42.4,360.4
S019,2025-03-11,22.09,187.76
S019,2025-03-12,61.0,518.5
S019,2025-03-13,31.27,265.8
S019,2025-03-14,26.38,224.23
S019,2025-03-16,1.11,9.44
S019,2025-03-21,32.81,278.88
S019,2025-03-22,42.93,364.9
S019,2025-03-23,28.99,246.42
S019,2025-03-24,1.38,11.73
S019,2025-03-25,45.63,387.86
S019,2025-03-26,37.5,318.75
S019,2025-03-27,14.53,123.5
S019,2025-03-28,46.9,398.65
S019,2025-03-29,60.99,518.42
S019,2025-03-30,27.36,232.56
S019,2025-03-31,7.49,63.66
S019,2025-04-01,10.66,90.61
S019,2025-04-02,131.32,1116.22
S019,2025-04-03,55.12,468.52
S019,2025-04-04,35.59,302.52
S019,2025-04-06,7.04,59.84
S019,2025-04-08,65.79,559.22
S019,2025-04-09,31.01,263.59
S019,2025-04-13,19.36,164.56
S019,2025-04-14,8.85,75.22
S019,2025-04-15,10.59,90.02
S019,2025-04-17,9.95,84.57
S019,2025-04-18,35.95,305.58
S019,2025-04-21,11.68,99.28
S019,2025-04-23,73.26,622.71
S019,2025-04-25,9.96,84.66
S019,2025-04-26,28.55,242.68
S019,2025-04-27,18.77,159.54
S019,2025-04-28,65.73,558.71
S019,2025-04-30,107.94,917.49
S019,2025-05-02,42.77,363.54
S019,2025-05-03,21.31,181.14
S019,2025-05-04,111.12,944.52
S019,2025-05-05,76.6,651.1
S019,2025-05-06,39.53,336.0
S019,2025-05-08,47.1,400.35
S019,2025-05-09,23.04,195.84
S019,2025-05-10,40.87,347.4
S019,2025-05-12,17.3,147.05
S019,2025-05-13,58.62,498.27
S019,2025-05-14,16.16,137.36
S019,2025-05-15,33.2,282.2
S019,2025-05-16,21.05,178.92
S019,2025-05-17,70.93,602.91
S019,2025-05-18,70.27,597.29
S019,2025-05-19,29.63,251.86
S019,2025-05-21,34.25,291.12
S019,2025-05-23,0.97,8.24
S019,2025-05-24,0.74,6.29
S019,2025-05-26,18.27,155.29
S019,2025-05-27,10.02,85.17
S019,2025-05-28,18.75,159.38
S019,2025-05-29,17.4,147.9
S019,2025-05-30,73.82,627.47
S019,2025-05-31,24.47,208.0
S019,2025-06-02,79.52,675.92
S019,2025-06-03,44.49,378.16
S019,2025-06-04,64.36,547.06
S019,2025-06-05,68.98,586.33
S019,2025-06-06,58.46,496.91
S019,2025-06-07,67.16,570.86
S019,2025-06-08,42.04,357.34
S019,2025-06-09,34.09,289.77
S019,2025-06-10,1.71,14.54
S019,2025-06-11,22.67,192.7
S019,2025-06-12,79.99,679.92
S019,2025-06-13,65.18,554.03
S019,2025-06-14,24.49,208.16
S019,2025-06-15,16.01,136.08
S019,2025-06-16,18.49,157.16
S019,2025-06-17,23.56,200.26
S019,2025-06-18,31.59,268.52
S019,2025-06-19,1.18,10.03
S019,2025-06-20,22.37,190.14
S019,2025-06-22,34.36,292.06
S019,2025-06-23,76.66,651.61
S019,2025-06-25,8.2,69.7
S019,2025-06-29,36.8,312.8
S019,2025-06-30,34.04,289.34
S019,2025-07-01,45.06,383.01
S019,2025-07-03,39.74,337.79
S019,2025-07-04,19.8,168.3
S019,2025-07-05,24.79,210.72
S019,2025-07-07,19.49,165.66
S019,2025-07-08,64.03,544.26
S019,2025-07-09,47.27,401.8
S019,2025-07-10,25.61,217.68
S019,2025-07-11,63.79,542.22
S019,2025-07-13,1.16,9.86
S019,2025-07-14,14.32,121.72
S019,2025-07-16,47.47,403.5
S019,2025-07-17,2.93,24.9
S019,2025-07-18,0.96,8.16
S019,2025-07-19,77.27,656.8
S019,2025-07-20,49.77,423.04
S019,2025-07-21,14.4,122.4
S019,2025-07-22,61.49,522.66
S019,2025-07-23,17.9,152.15
S019,2025-07-24,58.38,496.23
S019,2025-07-25,76.46,649.91
S019,2025-07-26,35.54,302.09
S019,2025-07-27,36.55,310.67
S019,2025-07-28,39.96,339.66
S019,2025-07-29,30.27,257.3
S019,2025-07-30,1.85,15.73
S019,2025-07-31,23.15,196.77
S019,2025-08-01,76.57,650.84
S019,2025-08-02,19.87,168.9
S019,2025-08-03,91.41,776.98
S019,2025-08-06,46.57,395.84
S019,2025-08-07,32.88,279.48
S019,2025-08-08,71.39,606.82
S019,2025-08-10,107.55,914.18
S019,2025-08-11,65.51,556.84
S019,2025-08-12,56.04,476.34
S019,2025-08-13,24.91,211.74
S019,2025-08-14,16.31,138.64
S019,2025-08-15,17.51,148.84
S019,2025-08-16,49.61,421.68
S019,2025-08-18,13.49,114.66
S019,2025-08-19,1.54,13.09
S019,2025-08-22,44.35,376.98
S019,2025-08-23,60.65,515.52
S019,2025-08-24,14.08,119.68
S019,2025-08-25,59.64,506.94
S019,2025-08-26,59.36,504.56
S019,2025-08-27,1.03,8.76
S019,2025-08-28,76.91,653.74
S019,2025-08-29,108.33,920.8
S019,2025-08-30,59.97,509.74
S019,2025-09-01,38.87,330.4
S019,2025-09-03,1.86,15.81
S019,2025-09-04,23.01,195.58
S019,2025-09-06,24.33,206.8
S019,2025-09-07,66.62,566.27
S019,2025-09-08,77.66,660.11
S019,2025-09-09,103.47,879.5
S019,2025-09-10,14.48,123.08
S019,2025-09-12,51.98,441.83
S019,2025-09-13,2.88,24.48
S019,2025-09-14,39.06,332.01
S019,2025-09-15,2.96,25.16
S019,2025-09-16,38.63,328.36
S019,2025-09-18,83.49,709.66
S019,2025-09-19,36.88,313.48
S019,2025-09-20,36.69,311.86
S019,2025-09-21,78.73,669.2
S019,2025-09-24,30.05,255.42
S019,2025-09-25,77.43,658.16
S019,2025-09-26,77.19,656.12
S019,2025-09-29,2.49,21.17
S019,2025-09-30,97.67,830.2
S019,2025-10-01,117.99,1002.92
S019,2025-10-02,0.62,5.27
S019,2025-10-03,14.45,122.82
S019,2025-10-04,35.86,304.81
S019,2025-10-05,1.85,15.73
S019,2025-10-06,134.82,1145.97
S019,2025-10-07,11.88,100.98
S019,2025-10-08,61.24,520.54
S019,2025-10-09,2.34,19.89
S019,2025-10-10,112.09,952.76
S019,2025-10-11,115.94,985.49
S019,2025-10-12,24.4,207.4
S019,2025-10-13,30.28,257.38
S019,2025-10-14,99.75,847.88
S019,2025-10-15,12.31,104.64
S019,2025-10-16,28.85,245.23
S019,2025-10-17,64.61,549.18
S019,2025-10-18,22.14,188.19
S019,2025-10-19,23.82,202.47
S019,2025-10-20,16.73,142.21
S019,2025-10-21,24.76,210.46
S019,2025-10-22,13.72,116.62
S019,2025-10-25,44.61,379.18
S019,2025-10-27,44.14,375.19
S019,2025-10-28,133.55,1135.18
S019,2025-10-29,41.97,356.74
S019,2025-10-30,53.44,454.24
S019,2025-10-31,75.96,645.66
S019,2025-11-02,82.47,701.0
S019,2025-11-03,56.72,482.12
S019,2025-11-04,163.9,1393.15
S019,2025-11-05,149.24,1268.54
S019,2025-11-06,59.19,503.12
S019,2025-11-07,21.99,186.92
S019,2025-11-08,2.15,18.27
S019,2025-11-10,20.78,176.63
S019,2025-11-11,42.25,359.12
S019,2025-11-12,46.4,394.4
S019,2025-11-13,171.54,1458.09
S019,2025-11-15,63.81,542.38
S019,2025-11-16,58.08,493.68
S019,2025-11-17,31.35,266.48
S019,2025-11-18,35.44,301.24
S019,2025-11-19,30.98,263.33
S019,2025-11-21,20.66,175.61
S019,2025-11-22,88.64,753.44
S019,2025-11-23,13.59,115.52
S019,2025-11-24,65.69,558.36
S019,2025-11-26,104.13,885.1
S019,2025-11-27,51.68,439.28
S019,2025-11-28,56.39,479.32
S019,2025-11-29,116.95,994.08
S019,2025-11-30,16.56,140.76
S019,2025-12-01,43.77,372.04
S019,2025-12-02,13.2,112.2
S019,2025-12-03,8.68,73.78
S019,2025-12-04,35.28,299.88
S019,2025-12-06,16.9,143.65
S019,2025-12-07,55.72,473.62
S019,2025-12-08,20.21,171.78
S019,2025-12-09,45.23,384.46
S019,2025-12-10,38.07,323.6
S019,2025-12-11,18.63,158.35
S019,2025-12-12,64.16,545.36
S019,2025-12-13,38.5,327.25
S019,2025-12-14,118.98,1011.33
S019,2025-12-15,0.57,4.84
S019,2025-12-16,0.86,7.31
S019,2025-12-17,18.49,157.16
S019,2025-12-19,81.81,695.38
S019,2025-12-20,62.8,533.8
S019,2025-12-21,0.76,6.46
S019,2025-12-22,26.98,229.33
S019,2025-12-23,27.54,234.09
S019,2025-12-24,44.62,379.27
S019,2025-12-26,30.03,255.26
S019,2025-12-27,50.75,431.38
S019,2025-12-28,32.95,280.08
S019,2025-12-29,91.54,778.09
S019,2025-12-31,88.25,750.12
S020,2025-01-01,43.89,373.06
S020,2025-01-02,102.82,873.97
S020,2025-01-03,85.08,723.18
S020,2025-01-04,73.99,628.92
S020,2025-01-05,130.88,1112.48
S020,2025-01-06,135.24,1149.54
S020,2025-01-07,141.39,1201.81
S020,2025-01-08,56.11,476.94
S020,2025-01-09,137.1,1165.35
S020,2025-01-10,182.82,1553.97
S020,2025-01-11,151.3,1286.05
S020,2025-01-13,165.36,1405.56
S020,2025-01-14,118.58,1007.93
S020,2025-01-15,67.73,575.71
S020,2025-01-16,116.62,991.27
S020,2025-01-17,38.37,326.14
S020,2025-01-18,70.98,603.33
S020,2025-01-19,74.32,631.72
S020,2025-01-20,93.67,796.2
S020,2025-01-21,89.97,764.74
S020,2025-01-22,99.92,849.32
S020,2025-01-23,70.99,603.42
S020,2025-01-24,102.55,871.68
S020,2025-01-25,195.96,1665.66
S020,2025-01-26,53.59,455.52
S020,2025-01-27,93.73,796.7
S020,2025-01-28,64.88,551.48
S020,2025-01-29,30.35,257.98
S020,2025-01-30,17.26,146.71
S020,2025-01-31,112.76,958.46
S020,2025-02-01,18.69,158.86
S020,2025-02-02,76.7,651.95
S020,2025-02-03,137.81,1171.38
S020,2025-02-04,81.7,694.45
S020,2025-02-06,1.09,9.26
S020,2025-02-07,107.02,909.67
S020,2025-02-08,215.1,1828.35
S020,2025-02-09,133.67,1136.2
S020,2025-02-10,64.98,552.33
S020,2025-02-11,14.86,126.31
S020,2025-02-12,100.35,852.97
S020,2025-02-13,89.71,762.54
S020,2025-02-14,27.16,230.86
S020,2025-02-15,192.38,1635.23
S020,2025-02-16,127.52,1083.92
S020,2025-02-17,43.17,366.94
S020,2025-02-18,30.11,255.94
S020,2025-02-19,85.06,723.01
S020,2025-02-20,75.56,642.26
S020,2025-02-21,56.5,480.25
S020,2025-02-22,117.8,1001.3
S020,2025-02-23,103.43,879.16
S020,2025-02-24,172.34,1464.89
S020,2025-02-25,66.93,568.91
S020,2025-02-26,110.73,941.2
S020,2025-02-27,40.97,348.24
S020,2025-02-28,100.72,856.12
S020,2025-03-01,226.99,1929.42
S020,2025-03-02,199.15,1692.78
S020,2025-03-03,72.23,613.96
S020,2025-03-04,72.8,618.8
S020,2025-03-05,90.75,771.38
S020,2025-03-06,79.05,671.92
S020,2025-03-07,154.18,1310.53
S020,2025-03-08,206.7,1756.95
S020,2025-03-09,106.64,906.44
S020,2025-03-10,111.99,951.92
S020,2025-03-11,95.36,810.56
S020,2025-03-12,114.31,971.64
S020,2025-03-13,102.53,871.5
S020,2025-03-14,56.47,480.0
S020,2025-03-15,66.93,568.91
S020,2025-03-16,65.44,556.24
S020,2025-03-17,104.3,886.55
S020,2025-03-18,119.48,1015.58
S020,2025-03-19,77.63,659.86
S020,2025-03-20,184.96,1572.16
S020,2025-03-21,58.33,495.8
S020,2025-03-23,89.04,756.84
S020,2025-03-24,116.69,991.86
S020,2025-03-25,106.06,901.51
S020,2025-03-26,74.13,630.1
S020,2025-03-27,90.36,768.06
S020,2025-03-28,178.3,1515.55
S020,2025-03-29,125.55,1067.18
S020,2025-03-30,89.48,760.58
S020,2025-03-31,80.43,683.66
S020,2025-04-01,51.58,438.43
S020,2025-04-02,36.39,309.32
S020,2025-04-03,77.38,657.73
S020,2025-04-04,66.37,564.14
S020,2025-04-05,201.81,1715.38
S020,2025-04-06,98.51,837.34
S020,2025-04-07,45.42,386.07
S020,2025-04-08,137.95,1172.57
S020,2025-04-09,95.38,810.73
S020,2025-04-10,70.46,598.91
S020,2025-04-11,162.37,1380.14
S020,2025-04-12,143.76,1221.96
S020,2025-04-13,233.4,1983.9
S020,2025-04-14,69.06,587.01
S020,2025-04-15,225.94,1920.49
S020,2025-04-16,35.23,299.46
S020,2025-04-17,137.15,1165.78
S020,2025-04-18,166.02,1411.17
S020,2025-04-19,114.24,971.04
S020,2025-04-20,166.55,1415.68
S020,2025-04-21,165.82,1409.47
S020,2025-04-22,277.75,2360.88
S020,2025-04-23,202.37,1720.14
S020,2025-04-24,143.91,1223.23
S020,2025-04-25,291.51,2477.84
S020,2025-04-26,20.19,171.62
S020,2025-04-27,102.77,873.54
S020,2025-04-28,144.66,1229.61
S020,2025-04-29,14.97,127.24
S020,2025-04-30,112.48,956.08
S020,2025-05-01,315.12,2678.52
S020,2025-05-02,171.47,1457.5
S020,2025-05-03,115.67,983.2
S020,2025-05-04,235.1,1998.35
S020,2025-05-05,94.72,805.12
S020,2025-05-06,111.89,951.06
S020,2025-05-07,30.99,263.41
S020,2025-05-08,163.51,1389.84
S020,2025-05-09,131.84,1120.64
S020,2025-05-10,150.73,1281.2
S020,2025-05-11,37.99,322.92
S020,2025-05-12,116.57,990.84
S020,2025-05-13,172.35,1464.98
S020,2025-05-14,41.09,349.27
S020,2025-05-15,68.88,585.48
S020,2025-05-16,82.42,700.57
S020,2025-05-17,123.17,1046.94
S020,2025-05-18,1.88,15.98
S020,2025-05-19,150.32,1277.72
S020,2025-05-20,155.05,1317.93
S020,2025-05-21,137.91,1172.23
S020,2025-05-22,181.46,1542.41
S020,2025-05-23,196.75,1672.38
S020,2025-05-24,134.73,1145.2
S020,2025-05-25,102.29,869.46
S020,2025-05-26,201.5,1712.75
S020,2025-05-27,307.95,2617.57
S020,2025-05-28,1.77,15.04
S020,2025-05-29,90.48,769.08
S020,2025-05-30,182.72,1553.12
S020,2025-05-31,142.16,1208.36
S020,2025-06-01,33.28,282.88
S020,2025-06-02,162.14,1378.19
S020,2025-06-03,90.1,765.85
S020,2025-06-04,215.18,1829.03
S020,2025-06-05,171.63,1458.86
S020,2025-06-06,138.67,1178.7
S020,2025-06-07,170.54,1449.59
S020,2025-06-08,133.67,1136.2
S020,2025-06-09,226.47,1925.0
S020,2025-06-10,60.53,514.5
S020,2025-06-11,108.88,925.48
S020,2025-06-12,287.51,2443.84
S020,2025-06-13,108.26,920.21
S020,2025-06-14,140.9,1197.65
S020,2025-06-15,261.24,2220.54
S020,2025-06-16,223.78,1902.13
S020,2025-06-17,99.18,843.03
S020,2025-06-18,60.23,511.96
S020,2025-06-19,86.6,736.1
S020,2025-06-20,154.25,1311.12
S020,2025-06-21,102.79,873.72
S020,2025-06-22,129.06,1097.01
S020,2025-06-23,111.97,951.74
S020,2025-06-24,49.0,416.5
S020,2025-06-25,240.83,2047.06
S020,2025-06-26,104.97,892.24
S020,2025-06-27,294.33,2501.8
S020,2025-06-28,55.08,468.18
S020,2025-06-29,192.6,1637.1
S020,2025-06-30,183.42,1559.07
S020,2025-07-01,99.89,849.06
S020,2025-07-02,138.73,1179.2
S020,2025-07-03,48.63,413.36
S020,2025-07-04,150.07,1275.6
S020,2025-07-05,77.65,660.03
S020,2025-07-06,92.99,790.42
S020,2025-07-07,116.91,993.74
S020,2025-07-08,141.55,1203.18
S020,2025-07-09,155.62,1322.77
S020,2025-07-10,88.52,752.42
S020,2025-07-11,205.97,1750.74
S020,2025-07-12,87.0,739.5
S020,2025-07-13,179.57,1526.34
S020,2025-07-14,241.45,2052.32
S020,2025-07-15,178.48,1517.08
S020,2025-07-16,95.56,812.26
S020,2025-07-17,93.57,795.34
S020,2025-07-18,83.85,712.72
S020,2025-07-19,34.0,289.0
S020,2025-07-20,192.73,1638.2
S020,2025-07-21,31.81,270.38
S020,2025-07-22,101.13,859.6
S020,2025-07-23,308.23,2619.96
S020,2025-07-24,261.75,2224.88
S020,2025-07-25,68.49,582.16
S020,2025-07-26,73.57,625.34
S020,2025-07-27,126.37,1074.14
S020,2025-07-28,338.22,2874.87
S020,2025-07-29,112.06,952.51
S020,2025-07-30,113.27,962.8
S020,2025-07-31,304.38,2587.23
S020,2025-08-01,240.17,2041.44
S020,2025-08-02,200.66,1705.61
S020,2025-08-03,155.08,1318.18
S020,2025-08-04,138.36,1176.06
S020,2025-08-05,61.25,520.62
S020,2025-08-06,126.86,1078.31
S020,2025-08-07,120.42,1023.57
S020,2025-08-08,84.44,717.74
S020,2025-08-09,84.1,714.85
S020,2025-08-10,130.79,1111.71
S020,2025-08-11,194.25,1651.12
S020,2025-08-12,256.52,2180.42
S020,2025-08-13,331.62,2818.77
S020,2025-08-14,92.69,787.86
S020,2025-08-15,120.4,1023.4
S020,2025-08-16,158.49,1347.16
S020,2025-08-17,164.74,1400.29
S020,2025-08-18,92.37,785.14
S020,2025-08-19,142.7,1212.95
S020,2025-08-20,145.28,1234.88
S020,2025-08-21,248.11,2108.94
S020,2025-08-22,326.81,2777.88
S020,2025-08-23,122.41,1040.48
S020,2025-08-24,227.47,1933.5
S020,2025-08-25,26.26,223.21
S020,2025-08-26,229.52,1950.92
S020,2025-08-27,223.25,1897.62
S020,2025-08-28,124.34,1056.89
S020,2025-08-29,40.63,345.36
S020,2025-08-30,43.41,368.98
S020,2025-08-31,59.55,506.17
S020,2025-09-01,83.25,707.62
S020,2025-09-02,202.45,1720.82
S020,2025-09-03,0.65,5.52
S020,2025-09-04,88.84,755.14
S020,2025-09-05,310.21,2636.78
S020,2025-09-06,186.03,1581.26
S020,2025-09-07,135.83,1154.56
S020,2025-09-08,140.85,1197.22
S020,2025-09-09,404.27,3436.3
S020,2025-09-10,155.75,1323.88
S020,2025-09-11,120.9,1027.65
S020,2025-09-12,119.8,1018.3
S020,2025-09-13,204.7,1739.95
S020,2025-09-14,101.14,859.69
S020,2025-09-15,174.12,1480.02
S020,2025-09-16,296.07,2516.59
S020,2025-09-17,131.8,1120.3
S020,2025-09-18,56.77,482.54
S020,2025-09-19,98.69,838.86
S020,2025-09-20,278.9,2370.65
S020,2025-09-21,113.76,966.96
S020,2025-09-22,263.53,2240.0
S020,2025-09-23,216.27,1838.3
S020,2025-09-24,76.18,647.53
S020,2025-09-25,134.06,1139.51
S020,2025-09-26,141.83,1205.56
S020,2025-09-27,157.76,1340.96
S020,2025-09-28,216.36,1839.06
S020,2025-09-29,193.97,1648.74
S020,2025-09-30,230.11,1955.94
S020,2025-10-01,162.38,1380.23
S020,2025-10-02,149.33,1269.3
S020,2025-10-03,152.19,1293.62
S020,2025-10-04,179.06,1522.01
S020,2025-10-05,261.34,2221.39
S020,2025-10-06,229.64,1951.94
S020,2025-10-07,89.09,757.26
S020,2025-10-08,249.34,2119.39
S020,2025-10-09,192.92,1639.82
S020,2025-10-10,64.88,551.48
S020,2025-10-11,165.14,1403.69
S020,2025-10-12,212.68,1807.78
S020,2025-10-13,265.35,2255.48
S020,2025-10-14,170.64,1450.44
S020,2025-10-15,153.4,1303.9
S020,2025-10-16,3.99,33.92
S020,2025-10-17,84.78,720.63
S020,2025-10-18,199.28,1693.88
S020,2025-10-19,208.01,1768.08
S020,2025-10-20,136.61,1161.19
S020,2025-10-21,176.94,1503.99
S020,2025-10-22,178.77,1519.54
S020,2025-10-23,300.32,2552.72
S020,2025-10-24,202.59,1722.02
S020,2025-10-25,96.29,818.46
S020,2025-10-26,262.74,2233.29
S020,2025-10-27,344.91,2931.74
S020,2025-10-28,53.37,453.64
S020,2025-10-29,62.58,531.93
S020,2025-10-30,165.41,1405.98
S020,2025-10-31,152.54,1296.59
S020,2025-11-01,392.78,3338.63
S020,2025-11-02,240.7,2045.95
S020,2025-11-03,180.64,1535.44
S020,2025-11-04,201.21,1710.28
S020,2025-11-05,108.56,922.76
S020,2025-11-06,128.16,1089.36
S020,2025-11-07,55.76,473.96
S020,2025-11-08,131.99,1121.92
S020,2025-11-09,161.96,1376.66
S020,2025-11-10,81.8,695.3
S020,2025-11-11,314.02,2669.17
S020,2025-11-12,239.94,2039.49
S020,2025-11-13,131.85,1120.72
S020,2025-11-14,241.75,2054.88
S020,2025-11-15,354.55,3013.68
S020,2025-11-16,61.44,522.24
S020,2025-11-17,319.1,2712.35
S020,2025-11-18,108.85,925.22
S020,2025-11-19,310.22,2636.87
S020,2025-11-20,74.42,632.57
S020,2025-11-21,236.91,2013.74
S020,2025-11-22,320.5,2724.25
S020,2025-11-23,49.38,419.73
S020,2025-11-24,214.08,1819.68
S020,2025-11-25,188.0,1598.0
S020,2025-11-26,45.62,387.77
S020,2025-11-27,321.58,2733.43
S020,2025-11-28,168.45,1431.82
S020,2025-11-29,344.74,2930.29
S020,2025-11-30,113.04,960.84
S020,2025-12-01,69.69,592.36
S020,2025-12-02,77.26,656.71
S020,2025-12-03,244.82,2080.97
S020,2025-12-04,87.25,741.62
S020,2025-12-05,94.51,803.34
S020,2025-12-06,131.98,1121.83
S020,2025-12-07,254.93,2166.91
S020,2025-12-08,314.9,2676.65
S020,2025-12-09,214.6,1824.1
S020,2025-12-10,105.55,897.18
S020,2025-12-11,70.95,603.08
S020,2025-12-12,264.65,2249.52
S020,2025-12-13,353.0,3000.5
S020,2025-12-14,208.17,1769.44
S020,2025-12-15,259.56,2206.26
S020,2025-12-16,113.81,967.38
S020,2025-12-17,296.59,2521.02
S020,2025-12-18,117.67,1000.2
S020,2025-12-19,177.31,1507.14
S020,2025-12-20,297.57,2529.34
S020,2025-12-21,102.19,868.62
S020,2025-12-22,224.09,1904.76
S020,2025-12-23,224.13,1905.1
S020,2025-12-24,255.87,2174.9
S020,2025-12-25,262.29,2229.46
S020,2025-12-26,159.57,1356.34
S020,2025-12-27,225.98,1920.83
S020,2025-12-28,59.99,509.92
S020,2025-12-29,182.7,1552.95
S020,2025-12-30,126.65,1076.53
S020,2025-12-31,175.79,1494.22
