queue_id,station_id,date,hour,vehicles_waiting,avg_wait_time_minutes
1,S001,2025-03-02,0,3,11.2
2,S001,2025-03-02,3,1,6.1
3,S001,2025-03-02,6,1,11.1
4,S001,2025-03-02,9,5,25.7
5,S001,2025-03-02,12,2,9.7
6,S001,2025-03-02,15,2,23.2
7,S001,2025-03-02,18,5,35.5
8,S001,2025-03-02,21,6,13.8
9,S001,2025-03-10,0,1,12.3
10,S001,2025-03-10,3,1,10.1
11,S001,2025-03-10,6,2,22.8
12,S001,2025-03-10,9,7,23.1
13,S001,2025-03-10,12,3,11.8
14,S001,2025-03-10,15,3,19.3
15,S001,2025-03-10,18,5,30.1
16,S001,2025-03-10,21,3,13.3
17,S001,2025-09-13,0,1,10.8
18,S001,2025-09-13,3,0,10.2
19,S001,2025-09-13,6,1,15.2
20,S001,2025-09-13,9,4,27.5
21,S001,2025-09-13,12,5,19.6
22,S001,2025-09-13,15,7,15.1
23,S001,2025-09-13,18,5,29.7
24,S001,2025-09-13,21,0,19.6
25,S001,2025-08-21,0,1,11.7
26,S001,2025-08-21,3,0,8.6
27,S001,2025-08-21,6,1,15.1
28,S001,2025-08-21,9,2,26.4
29,S001,2025-08-21,12,2,13.0
30,S001,2025-08-21,15,1,21.7
31,S001,2025-08-21,18,11,28.1
32,S001,2025-08-21,21,2,22.2
33,S001,2025-01-30,0,0,0.0
34,S001,2025-01-30,3,2,7.0
35,S001,2025-01-30,6,1,15.3
36,S001,2025-01-30,9,2,27.4
37,S001,2025-01-30,12,2,24.6
38,S001,2025-01-30,15,5,24.0
39,S001,2025-01-30,18,2,25.0
40,S001,2025-01-30,21,2,23.6
41,S001,2025-06-14,0,0,1.0
42,S001,2025-06-14,3,0,10.4
43,S001,2025-06-14,6,2,19.8
44,S001,2025-06-14,9,5,25.2
45,S001,2025-06-14,12,2,11.4
46,S001,2025-06-14,15,4,17.4
47,S001,2025-06-14,18,8,30.9
48,S001,2025-06-14,21,3,18.1
49,S001,2025-05-16,0,0,4.4
50,S001,2025-05-16,3,4,10.4
51,S001,2025-05-16,6,3,18.8
52,S001,2025-05-16,9,6,20.1
53,S001,2025-05-16,12,3,22.7
54,S001,2025-05-16,15,4,21.7
55,S001,2025-05-16,18,6,27.7
56,S001,2025-05-16,21,2,15.6
57,S001,2025-02-23,0,0,14.0
58,S001,2025-02-23,3,0,0.0
59,S001,2025-02-23,6,3,14.8
60,S001,2025-02-23,9,8,22.3
61,S001,2025-02-23,12,0,18.8
62,S001,2025-02-23,15,8,20.6
63,S001,2025-02-23,18,7,25.7
64,S001,2025-02-23,21,0,9.7
65,S001,2025-03-21,0,2,2.7
66,S001,2025-03-21,3,3,9.4
67,S001,2025-03-21,6,1,15.6
68,S001,2025-03-21,9,10,22.5
69,S001,2025-03-21,12,2,18.0
70,S001,2025-03-21,15,1,25.7
71,S001,2025-03-21,18,7,31.3
72,S001,2025-03-21,21,4,25.4
73,S001,2025-12-17,0,4,4.2
74,S001,2025-12-17,3,0,2.4
75,S001,2025-12-17,6,1,13.5
76,S001,2025-12-17,9,7,23.4
77,S001,2025-12-17,12,6,18.5
78,S001,2025-12-17,15,7,20.1
79,S001,2025-12-17,18,2,25.5
80,S001,2025-12-17,21,5,13.8
81,S001,2025-07-25,0,0,2.8
82,S001,2025-07-25,3,0,3.0
83,S001,2025-07-25,6,6,16.1
84,S001,2025-07-25,9,2,29.8
85,S001,2025-07-25,12,2,18.8
86,S001,2025-07-25,15,6,23.6
87,S001,2025-07-25,18,2,30.5
88,S001,2025-07-25,21,2,23.1
89,S001,2025-03-17,0,0,8.9
90,S001,2025-03-17,3,0,8.4
91,S001,2025-03-17,6,4,13.8
92,S001,2025-03-17,9,6,30.4
93,S001,2025-03-17,12,1,18.5
94,S001,2025-03-17,15,2,22.6
95,S001,2025-03-17,18,5,32.5
96,S001,2025-03-17,21,2,16.4
97,S001,2025-09-24,0,2,13.1
98,S001,2025-09-24,3,0,10.5
99,S001,2025-09-24,6,3,9.5
100,S001,2025-09-24,9,9,24.3
101,S001,2025-09-24,12,0,23.0
102,S001,2025-09-24,15,3,20.2
103,S001,2025-09-24,18,5,31.9
104,S001,2025-09-24,21,2,12.1
105,S001,2025-05-04,0,1,8.4
106,S001,2025-05-04,3,0,3.8
107,S001,2025-05-04,6,3,16.8
108,S001,2025-05-04,9,6,23.0
109,S001,2025-05-04,12,4,11.2
110,S001,2025-05-04,15,1,18.2
111,S001,2025-05-04,18,5,29.8
112,S001,2025-05-04,21,5,17.4
113,S001,2025-08-06,0,2,9.0
114,S001,2025-08-06,3,3,11.6
115,S001,2025-08-06,6,3,11.1
116,S001,2025-08-06,9,5,24.4
117,S001,2025-08-06,12,3,17.2
118,S001,2025-08-06,15,4,21.0
119,S001,2025-08-06,18,11,33.4
120,S001,2025-08-06,21,3,22.5
121,S001,2025-09-20,0,1,9.2
122,S001,2025-09-20,3,1,9.9
123,S001,2025-09-20,6,3,12.2
124,S001,2025-09-20,9,8,32.5
125,S001,2025-09-20,12,3,24.7
126,S001,2025-09-20,15,4,20.1
127,S001,2025-09-20,18,7,27.7
128,S001,2025-09-20,21,3,13.4
129,S001,2025-04-06,0,0,9.0
130,S001,2025-04-06,3,0,8.7
131,S001,2025-04-06,6,3,10.9
132,S001,2025-04-06,9,9,30.6
133,S001,2025-04-06,12,2,11.7
134,S001,2025-04-06,15,5,22.4
135,S001,2025-04-06,18,8,37.6
136,S001,2025-04-06,21,1,21.0
137,S001,2025-05-30,0,0,6.6
138,S001,2025-05-30,3,2,3.9
139,S001,2025-05-30,6,2,12.6
140,S001,2025-05-30,9,7,23.7
141,S001,2025-05-30,12,2,13.6
142,S001,2025-05-30,15,3,17.8
143,S001,2025-05-30,18,3,26.4
144,S001,2025-05-30,21,4,25.4
145,S001,2025-01-29,0,2,6.5
146,S001,2025-01-29,3,1,4.3
147,S001,2025-01-29,6,1,15.7
148,S001,2025-01-29,9,2,30.5
149,S001,2025-01-29,12,3,17.1
150,S001,2025-01-29,15,5,15.9
151,S001,2025-01-29,18,3,26.4
152,S001,2025-01-29,21,4,31.0
153,S001,2025-01-12,0,2,11.2
154,S001,2025-01-12,3,0,8.5
155,S001,2025-01-12,6,2,13.2
156,S001,2025-01-12,9,7,30.0
157,S001,2025-01-12,12,2,17.3
158,S001,2025-01-12,15,4,17.9
159,S001,2025-01-12,18,6,34.4
160,S001,2025-01-12,21,3,12.0
161,S001,2025-02-27,0,2,15.5
162,S001,2025-02-27,3,1,7.9
163,S001,2025-02-27,6,2,15.2
164,S001,2025-02-27,9,4,25.2
165,S001,2025-02-27,12,3,22.1
166,S001,2025-02-27,15,2,24.4
167,S001,2025-02-27,18,8,28.5
168,S001,2025-02-27,21,5,15.5
169,S001,2025-08-30,0,0,7.7
170,S001,2025-08-30,3,1,6.5
171,S001,2025-08-30,6,3,8.1
172,S001,2025-08-30,9,6,22.7
173,S001,2025-08-30,12,6,16.1
174,S001,2025-08-30,15,6,23.0
175,S001,2025-08-30,18,4,37.0
176,S001,2025-08-30,21,1,20.4
177,S001,2025-11-22,0,4,13.9
178,S001,2025-11-22,3,0,8.6
179,S001,2025-11-22,6,4,13.7
180,S001,2025-11-22,9,6,41.0
181,S001,2025-11-22,12,4,12.0
182,S001,2025-11-22,15,4,20.6
183,S001,2025-11-22,18,6,32.1
184,S001,2025-11-22,21,5,15.7
185,S001,2025-01-03,0,0,8.3
186,S001,2025-01-03,3,0,7.8
187,S001,2025-01-03,6,3,8.7
188,S001,2025-01-03,9,5,25.1
189,S001,2025-01-03,12,4,19.6
190,S001,2025-01-03,15,6,21.1
191,S001,2025-01-03,18,4,32.8
192,S001,2025-01-03,21,4,19.9
193,S001,2025-02-09,0,3,8.5
194,S001,2025-02-09,3,0,1.9
195,S001,2025-02-09,6,2,14.8
196,S001,2025-02-09,9,5,26.8
197,S001,2025-02-09,12,0,20.0
198,S001,2025-02-09,15,2,20.6
199,S001,2025-02-09,18,3,34.5
200,S001,2025-02-09,21,0,22.3
201,S001,2025-07-29,0,0,7.2
202,S001,2025-07-29,3,0,2.5
203,S001,2025-07-29,6,3,12.4
204,S001,2025-07-29,9,3,31.2
205,S001,2025-07-29,12,2,14.5
206,S001,2025-07-29,15,4,23.6
207,S001,2025-07-29,18,5,33.6
208,S001,2025-07-29,21,5,16.3
209,S001,2025-10-19,0,1,10.7
210,S001,2025-10-19,3,0,7.7
211,S001,2025-10-19,6,1,16.1
212,S001,2025-10-19,9,4,28.5
213,S001,2025-10-19,12,2,12.5
214,S001,2025-10-19,15,6,24.2
215,S001,2025-10-19,18,9,30.6
216,S001,2025-10-19,21,1,18.3
217,S001,2025-06-08,0,1,2.3
218,S001,2025-06-08,3,2,3.3
219,S001,2025-06-08,6,1,15.2
220,S001,2025-06-08,9,7,30.3
221,S001,2025-06-08,12,2,12.7
222,S001,2025-06-08,15,9,22.2
223,S001,2025-06-08,18,8,32.4
224,S001,2025-06-08,21,1,12.7
225,S001,2025-04-17,0,0,9.4
226,S001,2025-04-17,3,2,2.8
227,S001,2025-04-17,6,0,10.6
228,S001,2025-04-17,9,6,23.9
229,S001,2025-04-17,12,5,22.0
230,S001,2025-04-17,15,3,19.9
231,S001,2025-04-17,18,4,32.8
232,S001,2025-04-17,21,4,16.4
233,S001,2025-04-14,0,0,7.1
234,S001,2025-04-14,3,0,6.7
235,S001,2025-04-14,6,3,15.5
236,S001,2025-04-14,9,3,27.2
237,S001,2025-04-14,12,2,14.5
238,S001,2025-04-14,15,2,17.9
239,S001,2025-04-14,18,8,30.2
240,S001,2025-04-14,21,3,15.3
241,S001,2025-04-12,0,0,5.9
242,S001,2025-04-12,3,1,14.5
243,S001,2025-04-12,6,1,13.4
244,S001,2025-04-12,9,8,24.2
245,S001,2025-04-12,12,2,10.7
246,S001,2025-04-12,15,2,21.4
247,S001,2025-04-12,18,7,31.7
248,S001,2025-04-12,21,4,17.2
249,S001,2025-01-05,0,1,8.1
250,S001,2025-01-05,3,1,10.8
251,S001,2025-01-05,6,1,12.1
252,S001,2025-01-05,9,13,25.5
253,S001,2025-01-05,12,2,17.4
254,S001,2025-01-05,15,4,27.7
255,S001,2025-01-05,18,7,32.0
256,S001,2025-01-05,21,5,17.7
257,S001,2025-12-08,0,0,5.3
258,S001,2025-12-08,3,0,4.4
259,S001,2025-12-08,6,4,12.1
260,S001,2025-12-08,9,5,27.1
261,S001,2025-12-08,12,2,15.2
262,S001,2025-12-08,15,3,15.2
263,S001,2025-12-08,18,5,25.4
264,S001,2025-12-08,21,0,18.8
265,S001,2025-01-08,0,0,5.5
266,S001,2025-01-08,3,0,7.5
267,S001,2025-01-08,6,5,16.3
268,S001,2025-01-08,9,11,25.7
269,S001,2025-01-08,12,1,24.1
270,S001,2025-01-08,15,3,15.9
271,S001,2025-01-08,18,10,30.1
272,S001,2025-01-08,21,4,24.4
273,S001,2025-10-22,0,0,11.6
274,S001,2025-10-22,3,0,5.7
275,S001,2025-10-22,6,1,17.5
276,S001,2025-10-22,9,4,30.6
277,S001,2025-10-22,12,2,23.3
278,S001,2025-10-22,15,3,21.3
279,S001,2025-10-22,18,3,23.9
280,S001,2025-10-22,21,2,20.9
281,S001,2025-09-03,0,0,12.5
282,S001,2025-09-03,3,1,7.2
283,S001,2025-09-03,6,0,12.4
284,S001,2025-09-03,9,4,21.6
285,S001,2025-09-03,12,3,16.0
286,S001,2025-09-03,15,6,10.6
287,S001,2025-09-03,18,3,26.4
288,S001,2025-09-03,21,2,13.4
289,S001,2025-02-03,0,0,11.3
290,S001,2025-02-03,3,2,0.2
291,S001,2025-02-03,6,5,13.0
292,S001,2025-02-03,9,8,29.5
293,S001,2025-02-03,12,4,19.0
294,S001,2025-02-03,15,2,22.4
295,S001,2025-02-03,18,2,32.6
296,S001,2025-02-03,21,5,15.6
297,S001,2025-11-06,0,1,8.8
298,S001,2025-11-06,3,0,8.7
299,S001,2025-11-06,6,3,16.0
300,S001,2025-11-06,9,8,33.2
301,S001,2025-11-06,12,0,9.8
302,S001,2025-11-06,15,4,15.2
303,S001,2025-11-06,18,9,32.4
304,S001,2025-11-06,21,4,16.6
305,S001,2025-06-06,0,0,12.1
306,S001,2025-06-06,3,0,12.2
307,S001,2025-06-06,6,1,16.8
308,S001,2025-06-06,9,9,30.6
309,S001,2025-06-06,12,2,11.9
310,S001,2025-06-06,15,4,23.4
311,S001,2025-06-06,18,6,35.9
312,S001,2025-06-06,21,1,13.5
313,S001,2025-08-08,0,0,0.5
314,S001,2025-08-08,3,0,13.6
315,S001,2025-08-08,6,4,8.0
316,S001,2025-08-08,9,5,29.8
317,S001,2025-08-08,12,3,20.9
318,S001,2025-08-08,15,5,9.8
319,S001,2025-08-08,18,10,34.7
320,S001,2025-08-08,21,5,6.6
321,S001,2025-08-26,0,1,7.5
322,S001,2025-08-26,3,2,6.6
323,S001,2025-08-26,6,3,17.1
324,S001,2025-08-26,9,5,26.6
325,S001,2025-08-26,12,4,21.7
326,S001,2025-08-26,15,6,17.2
327,S001,2025-08-26,18,5,30.1
328,S001,2025-08-26,21,4,14.2
329,S001,2025-06-17,0,0,9.9
330,S001,2025-06-17,3,1,6.4
331,S001,2025-06-17,6,0,14.9
332,S001,2025-06-17,9,9,35.6
333,S001,2025-06-17,12,1,12.8
334,S001,2025-06-17,15,2,21.6
335,S001,2025-06-17,18,9,31.8
336,S001,2025-06-17,21,0,17.7
337,S001,2025-03-31,0,2,0.0
338,S001,2025-03-31,3,1,4.1
339,S001,2025-03-31,6,5,24.6
340,S001,2025-03-31,9,8,26.8
341,S001,2025-03-31,12,1,13.9
342,S001,2025-03-31,15,1,20.0
343,S001,2025-03-31,18,4,29.9
344,S001,2025-03-31,21,1,19.1
345,S001,2025-10-15,0,1,11.9
346,S001,2025-10-15,3,1,5.6
347,S001,2025-10-15,6,2,12.4
348,S001,2025-10-15,9,8,28.7
349,S001,2025-10-15,12,1,11.7
350,S001,2025-10-15,15,3,18.8
351,S001,2025-10-15,18,6,25.4
352,S001,2025-10-15,21,2,16.3
353,S001,2025-06-25,0,0,15.9
354,S001,2025-06-25,3,0,1.6
355,S001,2025-06-25,6,2,12.1
356,S001,2025-06-25,9,5,30.4
357,S001,2025-06-25,12,2,21.8
358,S001,2025-06-25,15,2,24.8
359,S001,2025-06-25,18,7,30.6
360,S001,2025-06-25,21,2,16.1
361,S001,2025-09-16,0,0,1.9
362,S001,2025-09-16,3,0,7.1
363,S001,2025-09-16,6,1,8.9
364,S001,2025-09-16,9,5,18.6
365,S001,2025-09-16,12,1,6.5
366,S001,2025-09-16,15,3,17.0
367,S001,2025-09-16,18,8,28.0
368,S001,2025-09-16,21,4,24.3
369,S001,2025-03-08,0,1,8.7
370,S001,2025-03-08,3,2,2.0
371,S001,2025-03-08,6,2,16.7
372,S001,2025-03-08,9,10,31.6
373,S001,2025-03-08,12,3,15.8
374,S001,2025-03-08,15,7,18.7
375,S001,2025-03-08,18,1,24.0
376,S001,2025-03-08,21,2,12.2
377,S001,2025-01-25,0,0,7.0
378,S001,2025-01-25,3,3,13.4
379,S001,2025-01-25,6,2,17.7
380,S001,2025-01-25,9,7,34.1
381,S001,2025-01-25,12,0,18.2
382,S001,2025-01-25,15,4,20.4
383,S001,2025-01-25,18,6,27.4
384,S001,2025-01-25,21,3,17.6
385,S001,2025-01-15,0,0,8.8
386,S001,2025-01-15,3,3,1.6
387,S001,2025-01-15,6,4,16.0
388,S001,2025-01-15,9,6,21.7
389,S001,2025-01-15,12,2,20.1
390,S001,2025-01-15,15,5,20.1
391,S001,2025-01-15,18,2,27.1
392,S001,2025-01-15,21,2,20.9
393,S001,2025-12-11,0,0,2.5
394,S001,2025-12-11,3,0,3.9
395,S001,2025-12-11,6,0,20.7
396,S001,2025-12-11,9,5,24.3
397,S001,2025-12-11,12,3,24.5
398,S001,2025-12-11,15,2,19.6
399,S001,2025-12-11,18,7,26.4
400,S001,2025-12-11,21,4,16.4
401,S001,2025-06-26,0,1,10.1
402,S001,2025-06-26,3,1,4.8
403,S001,2025-06-26,6,2,15.6
404,S001,2025-06-26,9,2,28.0
405,S001,2025-06-26,12,4,18.9
406,S001,2025-06-26,15,3,20.5
407,S001,2025-06-26,18,5,20.7
408,S001,2025-06-26,21,3,19.7
409,S001,2025-04-02,0,0,7.2
410,S001,2025-04-02,3,0,7.2
411,S001,2025-04-02,6,5,15.1
412,S001,2025-04-02,9,3,27.2
413,S001,2025-04-02,12,3,14.3
414,S001,2025-04-02,15,4,17.8
415,S001,2025-04-02,18,4,24.8
416,S001,2025-04-02,21,1,11.9
417,S001,2025-01-26,0,0,15.6
418,S001,2025-01-26,3,0,4.3
419,S001,2025-01-26,6,5,16.2
420,S001,2025-01-26,9,3,26.5
421,S001,2025-01-26,12,1,22.0
422,S001,2025-01-26,15,4,23.8
423,S001,2025-01-26,18,9,29.9
424,S001,2025-01-26,21,3,13.8
425,S001,2025-01-31,0,1,10.2
426,S001,2025-01-31,3,1,2.8
427,S001,2025-01-31,6,2,14.7
428,S001,2025-01-31,9,7,27.3
429,S001,2025-01-31,12,5,17.0
430,S001,2025-01-31,15,3,20.2
431,S001,2025-01-31,18,3,32.6
432,S001,2025-01-31,21,2,20.1
433,S001,2025-01-23,0,0,13.8
434,S001,2025-01-23,3,0,1.8
435,S001,2025-01-23,6,2,21.1
436,S001,2025-01-23,9,3,29.3
437,S001,2025-01-23,12,5,16.3
438,S001,2025-01-23,15,2,18.2
439,S001,2025-01-23,18,7,36.5
440,S001,2025-01-23,21,2,13.6
441,S001,2025-01-16,0,1,0.4
442,S001,2025-01-16,3,1,8.4
443,S001,2025-01-16,6,4,12.4
444,S001,2025-01-16,9,4,32.8
445,S001,2025-01-16,12,2,17.8
446,S001,2025-01-16,15,4,19.5
447,S001,2025-01-16,18,5,26.9
448,S001,2025-01-16,21,3,14.4
449,S001,2025-10-05,0,1,1.5
450,S001,2025-10-05,3,0,16.1
451,S001,2025-10-05,6,1,13.5
452,S001,2025-10-05,9,9,26.9
453,S001,2025-10-05,12,6,19.5
454,S001,2025-10-05,15,4,22.7
455,S001,2025-10-05,18,9,36.3
456,S001,2025-10-05,21,4,24.0
457,S001,2025-01-09,0,1,17.6
458,S001,2025-01-09,3,0,18.4
459,S001,2025-01-09,6,6,16.2
460,S001,2025-01-09,9,3,24.7
461,S001,2025-01-09,12,2,18.1
462,S001,2025-01-09,15,8,16.7
463,S001,2025-01-09,18,9,31.7
464,S001,2025-01-09,21,3,16.4
465,S001,2025-05-20,0,0,8.4
466,S001,2025-05-20,3,1,16.2
467,S001,2025-05-20,6,0,15.2
468,S001,2025-05-20,9,5,28.5
469,S001,2025-05-20,12,8,15.6
470,S001,2025-05-20,15,1,23.1
471,S001,2025-05-20,18,3,27.8
472,S001,2025-05-20,21,5,23.6
473,S001,2025-02-01,0,0,6.2
474,S001,2025-02-01,3,0,9.4
475,S001,2025-02-01,6,1,12.2
476,S001,2025-02-01,9,7,16.6
477,S001,2025-02-01,12,1,18.7
478,S001,2025-02-01,15,3,25.3
479,S001,2025-02-01,18,6,30.3
480,S001,2025-02-01,21,3,13.7
481,S001,2025-08-31,0,0,9.6
482,S001,2025-08-31,3,0,5.4
483,S001,2025-08-31,6,3,21.0
484,S001,2025-08-31,9,3,29.2
485,S001,2025-08-31,12,4,19.9
486,S001,2025-08-31,15,3,14.0
487,S001,2025-08-31,18,6,28.9
488,S001,2025-08-31,21,3,17.4
489,S001,2025-04-29,0,0,0.0
490,S001,2025-04-29,3,0,7.1
491,S001,2025-04-29,6,3,17.6
492,S001,2025-04-29,9,5,32.7
493,S001,2025-04-29,12,4,17.9
494,S001,2025-04-29,15,4,19.2
495,S001,2025-04-29,18,5,30.7
496,S001,2025-04-29,21,5,22.3
497,S001,2025-06-15,0,0,5.3
498,S001,2025-06-15,3,0,5.7
499,S001,2025-06-15,6,2,13.1
500,S001,2025-06-15,9,7,28.0
501,S001,2025-06-15,12,5,15.5
502,S001,2025-06-15,15,4,20.0
503,S001,2025-06-15,18,4,28.5
504,S001,2025-06-15,21,3,23.6
505,S001,2025-12-30,0,0,6.2
506,S001,2025-12-30,3,1,2.9
507,S001,2025-12-30,6,5,14.0
508,S001,2025-12-30,9,8,29.3
509,S001,2025-12-30,12,1,13.7
510,S001,2025-12-30,15,7,20.8
511,S001,2025-12-30,18,4,26.5
512,S001,2025-12-30,21,3,11.9
513,S001,2025-05-12,0,0,1.5
514,S001,2025-05-12,3,4,11.8
515,S001,2025-05-12,6,1,9.8
516,S001,2025-05-12,9,3,25.9
517,S001,2025-05-12,12,5,19.0
518,S001,2025-05-12,15,6,19.3
519,S001,2025-05-12,18,4,41.3
520,S001,2025-05-12,21,4,19.4
521,S001,2025-06-04,0,0,0.0
522,S001,2025-06-04,3,0,5.4
523,S001,2025-06-04,6,1,11.9
524,S001,2025-06-04,9,3,31.4
525,S001,2025-06-04,12,4,12.3
526,S001,2025-06-04,15,3,15.6
527,S001,2025-06-04,18,5,29.1
528,S001,2025-06-04,21,6,18.3
529,S001,2025-06-13,0,0,6.2
530,S001,2025-06-13,3,0,6.9
531,S001,2025-06-13,6,4,13.0
532,S001,2025-06-13,9,9,25.9
533,S001,2025-06-13,12,5,19.9
534,S001,2025-06-13,15,7,21.7
535,S001,2025-06-13,18,5,30.4
536,S001,2025-06-13,21,1,16.8
537,S001,2025-01-24,0,1,0.0
538,S001,2025-01-24,3,0,2.0
539,S001,2025-01-24,6,0,12.2
540,S001,2025-01-24,9,6,33.9
541,S001,2025-01-24,12,2,20.1
542,S001,2025-01-24,15,4,27.4
543,S001,2025-01-24,18,7,29.0
544,S001,2025-01-24,21,4,15.3
545,S001,2025-12-22,0,1,3.4
546,S001,2025-12-22,3,0,8.9
547,S001,2025-12-22,6,0,11.9
548,S001,2025-12-22,9,3,27.2
549,S001,2025-12-22,12,1,16.2
550,S001,2025-12-22,15,4,18.2
551,S001,2025-12-22,18,7,24.0
552,S001,2025-12-22,21,2,18.9
553,S001,2025-03-18,0,0,2.2
554,S001,2025-03-18,3,1,7.2
555,S001,2025-03-18,6,2,13.5
556,S001,2025-03-18,9,2,25.0
557,S001,2025-03-18,12,3,18.7
558,S001,2025-03-18,15,1,22.0
559,S001,2025-03-18,18,5,21.3
560,S001,2025-03-18,21,1,13.8
561,S001,2025-03-20,0,1,4.7
562,S001,2025-03-20,3,1,9.2
563,S001,2025-03-20,6,1,14.0
564,S001,2025-03-20,9,1,36.4
565,S001,2025-03-20,12,3,13.5
566,S001,2025-03-20,15,11,17.8
567,S001,2025-03-20,18,8,33.1
568,S001,2025-03-20,21,6,20.0
569,S001,2025-06-12,0,1,11.2
570,S001,2025-06-12,3,1,9.8
571,S001,2025-06-12,6,10,12.5
572,S001,2025-06-12,9,4,27.4
573,S001,2025-06-12,12,4,15.0
574,S001,2025-06-12,15,7,23.4
575,S001,2025-06-12,18,5,29.2
576,S001,2025-06-12,21,3,14.8
577,S001,2025-08-01,0,0,6.6
578,S001,2025-08-01,3,1,10.7
579,S001,2025-08-01,6,3,17.7
580,S001,2025-08-01,9,8,16.8
581,S001,2025-08-01,12,3,15.7
582,S001,2025-08-01,15,4,21.1
583,S001,2025-08-01,18,4,30.0
584,S001,2025-08-01,21,4,16.9
585,S001,2025-02-06,0,0,9.7
586,S001,2025-02-06,3,1,8.7
587,S001,2025-02-06,6,1,15.3
588,S001,2025-02-06,9,8,27.2
589,S001,2025-02-06,12,3,18.4
590,S001,2025-02-06,15,4,19.5
591,S001,2025-02-06,18,3,35.4
592,S001,2025-02-06,21,4,23.6
593,S001,2025-07-20,0,0,12.1
594,S001,2025-07-20,3,1,10.7
595,S001,2025-07-20,6,3,17.2
596,S001,2025-07-20,9,3,26.6
597,S001,2025-07-20,12,2,13.3
598,S001,2025-07-20,15,3,25.2
599,S001,2025-07-20,18,11,34.1
600,S001,2025-07-20,21,3,14.5
601,S001,2025-07-02,0,0,3.8
602,S001,2025-07-02,3,1,13.9
603,S001,2025-07-02,6,1,19.8
604,S001,2025-07-02,9,1,23.7
605,S001,2025-07-02,12,1,16.3
606,S001,2025-07-02,15,5,15.2
607,S001,2025-07-02,18,8,17.1
608,S001,2025-07-02,21,4,16.1
609,S001,2025-07-18,0,1,8.6
610,S001,2025-07-18,3,2,3.2
611,S001,2025-07-18,6,2,17.6
612,S001,2025-07-18,9,3,27.3
613,S001,2025-07-18,12,2,11.3
614,S001,2025-07-18,15,2,21.1
615,S001,2025-07-18,18,4,25.7
616,S001,2025-07-18,21,4,22.3
617,S001,2025-10-26,0,4,2.3
618,S001,2025-10-26,3,0,15.6
619,S001,2025-10-26,6,2,9.4
620,S001,2025-10-26,9,5,29.2
621,S001,2025-10-26,12,5,8.7
622,S001,2025-10-26,15,0,25.2
623,S001,2025-10-26,18,10,32.1
624,S001,2025-10-26,21,6,15.4
625,S001,2025-02-12,0,0,10.0
626,S001,2025-02-12,3,1,6.8
627,S001,2025-02-12,6,3,17.4
628,S001,2025-02-12,9,9,27.7
629,S001,2025-02-12,12,5,15.6
630,S001,2025-02-12,15,5,22.0
631,S001,2025-02-12,18,7,31.8
632,S001,2025-02-12,21,6,18.0
633,S001,2025-11-18,0,0,10.4
634,S001,2025-11-18,3,1,8.2
635,S001,2025-11-18,6,5,13.4
636,S001,2025-11-18,9,9,27.9
637,S001,2025-11-18,12,4,18.9
638,S001,2025-11-18,15,4,16.7
639,S001,2025-11-18,18,11,31.2
640,S001,2025-11-18,21,4,14.4
641,S001,2025-08-09,0,1,9.0
642,S001,2025-08-09,3,0,2.7
643,S001,2025-08-09,6,1,16.1
644,S001,2025-08-09,9,3,34.0
645,S001,2025-08-09,12,1,17.5
646,S001,2025-08-09,15,2,24.0
647,S001,2025-08-09,18,3,27.8
648,S001,2025-08-09,21,6,12.5
649,S001,2025-12-28,0,1,4.0
650,S001,2025-12-28,3,0,0.0
651,S001,2025-12-28,6,1,15.4
652,S001,2025-12-28,9,6,22.0
653,S001,2025-12-28,12,2,10.0
654,S001,2025-12-28,15,8,22.9
655,S001,2025-12-28,18,4,28.7
656,S001,2025-12-28,21,5,15.9
657,S001,2025-04-25,0,0,0.1
658,S001,2025-04-25,3,1,12.0
659,S001,2025-04-25,6,3,19.2
660,S001,2025-04-25,9,4,27.6
661,S001,2025-04-25,12,5,18.1
662,S001,2025-04-25,15,9,18.3
663,S001,2025-04-25,18,8,29.3
664,S001,2025-04-25,21,4,19.0
665,S001,2025-01-27,0,0,2.8
666,S001,2025-01-27,3,1,0.0
667,S001,2025-01-27,6,2,19.2
668,S001,2025-01-27,9,5,28.8
669,S001,2025-01-27,12,5,18.0
670,S001,2025-01-27,15,3,22.4
671,S001,2025-01-27,18,7,24.8
672,S001,2025-01-27,21,1,19.7
673,S001,2025-08-15,0,0,5.2
674,S001,2025-08-15,3,0,6.3
675,S001,2025-08-15,6,4,5.3
676,S001,2025-08-15,9,8,26.4
677,S001,2025-08-15,12,2,11.4
678,S001,2025-08-15,15,3,25.2
679,S001,2025-08-15,18,8,31.2
680,S001,2025-08-15,21,2,18.8
681,S001,2025-04-28,0,0,9.7
682,S001,2025-04-28,3,0,0.8
683,S001,2025-04-28,6,3,20.9
684,S001,2025-04-28,9,4,28.3
685,S001,2025-04-28,12,1,24.1
686,S001,2025-04-28,15,6,18.6
687,S001,2025-04-28,18,4,30.4
688,S001,2025-04-28,21,2,22.7
689,S001,2025-05-21,0,0,11.2
690,S001,2025-05-21,3,0,12.5
691,S001,2025-05-21,6,3,16.4
692,S001,2025-05-21,9,6,30.5
693,S001,2025-05-21,12,5,17.9
694,S001,2025-05-21,15,5,19.3
695,S001,2025-05-21,18,6,22.3
696,S001,2025-05-21,21,4,23.8
697,S001,2025-08-11,0,3,16.3
698,S001,2025-08-11,3,1,7.2
699,S001,2025-08-11,6,1,16.1
700,S001,2025-08-11,9,8,35.0
701,S001,2025-08-11,12,4,10.9
702,S001,2025-08-11,15,3,20.1
703,S001,2025-08-11,18,5,31.5
704,S001,2025-08-11,21,4,14.7
705,S001,2025-04-05,0,0,14.2
706,S001,2025-04-05,3,0,8.4
707,S001,2025-04-05,6,1,15.0
708,S001,2025-04-05,9,9,25.2
709,S001,2025-04-05,12,3,16.9
710,S001,2025-04-05,15,2,25.1
711,S001,2025-04-05,18,9,28.8
712,S001,2025-04-05,21,1,15.7
713,S001,2025-04-30,0,0,6.1
714,S001,2025-04-30,3,1,9.6
715,S001,2025-04-30,6,3,15.1
716,S001,2025-04-30,9,1,26.8
717,S001,2025-04-30,12,5,18.8
718,S001,2025-04-30,15,3,21.2
719,S001,2025-04-30,18,13,32.1
720,S001,2025-04-30,21,1,15.8
721,S001,2025-12-04,0,1,1.7
722,S001,2025-12-04,3,0,5.4
723,S001,2025-12-04,6,2,9.9
724,S001,2025-12-04,9,8,29.7
725,S001,2025-12-04,12,4,15.6
726,S001,2025-12-04,15,7,19.5
727,S001,2025-12-04,18,5,23.7
728,S001,2025-12-04,21,1,20.6
729,S001,2025-06-20,0,0,3.6
730,S001,2025-06-20,3,0,9.7
731,S001,2025-06-20,6,2,13.6
732,S001,2025-06-20,9,6,25.3
733,S001,2025-06-20,12,1,16.1
734,S001,2025-06-20,15,4,27.6
735,S001,2025-06-20,18,2,30.3
736,S001,2025-06-20,21,1,15.8
737,S001,2025-11-24,0,0,6.1
738,S001,2025-11-24,3,0,10.2
739,S001,2025-11-24,6,4,16.5
740,S001,2025-11-24,9,5,23.2
741,S001,2025-11-24,12,3,7.1
742,S001,2025-11-24,15,6,17.0
743,S001,2025-11-24,18,9,37.1
744,S001,2025-11-24,21,0,14.6
745,S001,2025-11-11,0,0,1.9
746,S001,2025-11-11,3,0,10.9
747,S001,2025-11-11,6,0,18.4
748,S001,2025-11-11,9,8,24.0
749,S001,2025-11-11,12,4,19.4
750,S001,2025-11-11,15,3,16.6
751,S001,2025-11-11,18,11,33.4
752,S001,2025-11-11,21,1,31.2
753,S001,2025-03-07,0,0,1.8
754,S001,2025-03-07,3,0,4.7
755,S001,2025-03-07,6,2,19.8
756,S001,2025-03-07,9,3,26.1
757,S001,2025-03-07,12,1,21.9
758,S001,2025-03-07,15,3,19.8
759,S001,2025-03-07,18,10,32.4
760,S001,2025-03-07,21,6,9.6
761,S001,2025-06-27,0,0,13.7
762,S001,2025-06-27,3,0,9.5
763,S001,2025-06-27,6,1,13.7
764,S001,2025-06-27,9,5,20.8
765,S001,2025-06-27,12,2,19.5
766,S001,2025-06-27,15,4,23.6
767,S001,2025-06-27,18,5,32.5
768,S001,2025-06-27,21,3,16.2
769,S001,2025-05-13,0,0,6.1
770,S001,2025-05-13,3,0,10.0
771,S001,2025-05-13,6,2,16.4
772,S001,2025-05-13,9,14,30.6
773,S001,2025-05-13,12,2,14.4
774,S001,2025-05-13,15,4,18.5
775,S001,2025-05-13,18,6,29.3
776,S001,2025-05-13,21,3,10.5
777,S001,2025-11-21,0,0,3.8
778,S001,2025-11-21,3,1,10.2
779,S001,2025-11-21,6,4,5.6
780,S001,2025-11-21,9,6,28.3
781,S001,2025-11-21,12,3,25.8
782,S001,2025-11-21,15,6,18.5
783,S001,2025-11-21,18,7,33.3
784,S001,2025-11-21,21,2,18.4
785,S001,2025-05-08,0,1,5.7
786,S001,2025-05-08,3,0,13.6
787,S001,2025-05-08,6,2,10.9
788,S001,2025-05-08,9,7,26.0
789,S001,2025-05-08,12,1,16.5
790,S001,2025-05-08,15,3,14.6
791,S001,2025-05-08,18,5,29.0
792,S001,2025-05-08,21,1,10.4
793,S001,2025-09-05,0,0,9.4
794,S001,2025-09-05,3,0,4.2
795,S001,2025-09-05,6,0,15.8
796,S001,2025-09-05,9,6,34.4
797,S001,2025-09-05,12,3,19.7
798,S001,2025-09-05,15,3,26.2
799,S001,2025-09-05,18,7,31.5
800,S001,2025-09-05,21,3,19.2
801,S001,2025-12-20,0,0,15.7
802,S001,2025-12-20,3,0,6.4
803,S001,2025-12-20,6,4,12.8
804,S001,2025-12-20,9,4,27.8
805,S001,2025-12-20,12,1,24.1
806,S001,2025-12-20,15,4,23.3
807,S001,2025-12-20,18,8,37.4
808,S001,2025-12-20,21,2,24.0
809,S001,2025-12-15,0,2,4.4
810,S001,2025-12-15,3,1,7.0
811,S001,2025-12-15,6,3,18.3
812,S001,2025-12-15,9,5,27.4
813,S001,2025-12-15,12,3,14.7
814,S001,2025-12-15,15,3,23.1
815,S001,2025-12-15,18,7,34.2
816,S001,2025-12-15,21,6,15.0
817,S001,2025-04-16,0,0,1.8
818,S001,2025-04-16,3,1,0.0
819,S001,2025-04-16,6,3,16.5
820,S001,2025-04-16,9,1,23.7
821,S001,2025-04-16,12,5,14.1
822,S001,2025-04-16,15,5,14.3
823,S001,2025-04-16,18,2,27.2
824,S001,2025-04-16,21,3,13.2
825,S001,2025-02-04,0,1,13.9
826,S001,2025-02-04,3,0,10.7
827,S001,2025-02-04,6,3,13.4
828,S001,2025-02-04,9,3,24.9
829,S001,2025-02-04,12,0,16.2
830,S001,2025-02-04,15,4,21.4
831,S001,2025-02-04,18,10,34.4
832,S001,2025-02-04,21,2,18.2
833,S001,2025-05-17,0,0,2.3
834,S001,2025-05-17,3,1,6.5
835,S001,2025-05-17,6,3,14.7
836,S001,2025-05-17,9,8,30.9
837,S001,2025-05-17,12,3,20.8
838,S001,2025-05-17,15,2,20.6
839,S001,2025-05-17,18,7,30.0
840,S001,2025-05-17,21,2,16.6
841,S001,2025-08-17,0,2,9.8
842,S001,2025-08-17,3,0,9.1
843,S001,2025-08-17,6,1,15.1
844,S001,2025-08-17,9,6,27.3
845,S001,2025-08-17,12,5,27.1
846,S001,2025-08-17,15,5,24.2
847,S001,2025-08-17,18,3,36.7
848,S001,2025-08-17,21,5,21.4
849,S001,2025-02-21,0,0,4.9
850,S001,2025-02-21,3,3,4.4
851,S001,2025-02-21,6,4,16.4
852,S001,2025-02-21,9,3,22.7
853,S001,2025-02-21,12,1,22.2
854,S001,2025-02-21,15,3,22.4
855,S001,2025-02-21,18,5,30.2
856,S001,2025-02-21,21,6,15.4
857,S001,2025-09-04,0,1,11.0
858,S001,2025-09-04,3,0,4.7
859,S001,2025-09-04,6,4,23.2
860,S001,2025-09-04,9,4,26.0
861,S001,2025-09-04,12,5,18.2
862,S001,2025-09-04,15,6,20.1
863,S001,2025-09-04,18,3,32.8
864,S001,2025-09-04,21,5,17.7
865,S001,2025-09-19,0,1,8.0
866,S001,2025-09-19,3,0,13.2
867,S001,2025-09-19,6,2,14.8
868,S001,2025-09-19,9,8,34.0
869,S001,2025-09-19,12,5,22.3
870,S001,2025-09-19,15,5,21.2
871,S001,2025-09-19,18,3,24.5
872,S001,2025-09-19,21,7,10.1
873,S001,2025-07-22,0,1,13.3
874,S001,2025-07-22,3,0,7.8
875,S001,2025-07-22,6,0,8.4
876,S001,2025-07-22,9,6,25.5
877,S001,2025-07-22,12,3,16.0
878,S001,2025-07-22,15,3,15.6
879,S001,2025-07-22,18,10,23.0
880,S001,2025-07-22,21,3,23.9
881,S001,2025-10-11,0,0,4.4
882,S001,2025-10-11,3,0,16.5
883,S001,2025-10-11,6,2,17.8
884,S001,2025-10-11,9,13,29.7
885,S001,2025-10-11,12,4,25.4
886,S001,2025-10-11,15,2,15.5
887,S001,2025-10-11,18,7,28.7
888,S001,2025-10-11,21,6,9.9
889,S001,2025-09-02,0,1,10.9
890,S001,2025-09-02,3,1,7.0
891,S001,2025-09-02,6,0,8.7
892,S001,2025-09-02,9,8,30.9
893,S001,2025-09-02,12,3,19.6
894,S001,2025-09-02,15,6,23.2
895,S001,2025-09-02,18,6,32.5
896,S001,2025-09-02,21,3,17.6
897,S001,2025-07-26,0,0,5.2
898,S001,2025-07-26,3,0,13.4
899,S001,2025-07-26,6,2,19.3
900,S001,2025-07-26,9,4,20.3
901,S001,2025-07-26,12,3,13.0
902,S001,2025-07-26,15,3,18.5
903,S001,2025-07-26,18,8,25.9
904,S001,2025-07-26,21,3,13.0
905,S001,2025-06-09,0,0,8.7
906,S001,2025-06-09,3,2,7.2
907,S001,2025-06-09,6,2,14.7
908,S001,2025-06-09,9,7,30.3
909,S001,2025-06-09,12,4,21.9
910,S001,2025-06-09,15,1,20.7
911,S001,2025-06-09,18,5,33.5
912,S001,2025-06-09,21,5,16.1
913,S001,2025-08-28,0,0,15.6
914,S001,2025-08-28,3,2,6.6
915,S001,2025-08-28,6,1,13.2
916,S001,2025-08-28,9,5,29.4
917,S001,2025-08-28,12,4,15.5
918,S001,2025-08-28,15,4,19.5
919,S001,2025-08-28,18,8,26.2
920,S001,2025-08-28,21,4,15.8
921,S001,2025-10-07,0,0,14.0
922,S001,2025-10-07,3,1,12.6
923,S001,2025-10-07,6,1,21.9
924,S001,2025-10-07,9,6,30.7
925,S001,2025-10-07,12,0,12.5
926,S001,2025-10-07,15,4,19.6
927,S001,2025-10-07,18,4,32.4
928,S001,2025-10-07,21,6,15.4
929,S001,2025-12-25,0,0,8.6
930,S001,2025-12-25,3,0,5.2
931,S001,2025-12-25,6,4,9.9
932,S001,2025-12-25,9,3,27.9
933,S001,2025-12-25,12,2,16.1
934,S001,2025-12-25,15,3,15.4
935,S001,2025-12-25,18,6,26.5
936,S001,2025-12-25,21,4,21.3
937,S001,2025-08-22,0,2,6.8
938,S001,2025-08-22,3,1,5.3
939,S001,2025-08-22,6,2,18.8
940,S001,2025-08-22,9,4,24.7
941,S001,2025-08-22,12,3,14.1
942,S001,2025-08-22,15,3,18.4
943,S001,2025-08-22,18,5,27.8
944,S001,2025-08-22,21,1,18.3
945,S001,2025-01-17,0,0,5.9
946,S001,2025-01-17,3,0,14.9
947,S001,2025-01-17,6,2,17.2
948,S001,2025-01-17,9,12,29.9
949,S001,2025-01-17,12,3,15.1
950,S001,2025-01-17,15,2,18.7
951,S001,2025-01-17,18,7,33.6
952,S001,2025-01-17,21,5,21.5
953,S001,2025-03-29,0,0,8.6
954,S001,2025-03-29,3,1,11.2
955,S001,2025-03-29,6,0,12.9
956,S001,2025-03-29,9,5,25.3
957,S001,2025-03-29,12,5,14.9
958,S001,2025-03-29,15,1,22.5
959,S001,2025-03-29,18,7,38.5
960,S001,2025-03-29,21,4,16.1
961,S002,2025-07-27,0,0,4.9
962,S002,2025-07-27,3,0,6.2
963,S002,2025-07-27,6,3,17.0
964,S002,2025-07-27,9,8,22.0
965,S002,2025-07-27,12,1,14.6
966,S002,2025-07-27,15,1,24.3
967,S002,2025-07-27,18,10,27.2
968,S002,2025-07-27,21,2,12.1
969,S002,2025-12-23,0,1,4.5
970,S002,2025-12-23,3,0,8.5
971,S002,2025-12-23,6,0,10.7
972,S002,2025-12-23,9,10,28.9
973,S002,2025-12-23,12,1,19.2
974,S002,2025-12-23,15,2,20.4
975,S002,2025-12-23,18,4,30.8
976,S002,2025-12-23,21,0,13.2
977,S002,2025-10-30,0,0,3.5
978,S002,2025-10-30,3,2,4.1
979,S002,2025-10-30,6,0,13.9
980,S002,2025-10-30,9,7,27.2
981,S002,2025-10-30,12,1,15.4
982,S002,2025-10-30,15,3,20.5
983,S002,2025-10-30,18,10,31.4
984,S002,2025-10-30,21,6,20.0
985,S002,2025-09-02,0,1,16.8
986,S002,2025-09-02,3,0,10.5
987,S002,2025-09-02,6,0,8.3
988,S002,2025-09-02,9,5,29.1
989,S002,2025-09-02,12,3,21.0
990,S002,2025-09-02,15,2,21.6
991,S002,2025-09-02,18,10,33.8
992,S002,2025-09-02,21,5,16.7
993,S002,2025-11-30,0,0,4.0
994,S002,2025-11-30,3,0,7.5
995,S002,2025-11-30,6,5,21.4
996,S002,2025-11-30,9,8,29.0
997,S002,2025-11-30,12,3,19.7
998,S002,2025-11-30,15,5,16.9
999,S002,2025-11-30,18,4,30.3
1000,S002,2025-11-30,21,3,18.8
1001,S002,2025-08-08,0,1,12.8
1002,S002,2025-08-08,3,0,8.4
1003,S002,2025-08-08,6,3,11.1
1004,S002,2025-08-08,9,7,27.2
1005,S002,2025-08-08,12,2,19.6
1006,S002,2025-08-08,15,6,21.0
1007,S002,2025-08-08,18,6,33.5
1008,S002,2025-08-08,21,2,14.7
1009,S002,2025-11-19,0,2,10.0
1010,S002,2025-11-19,3,0,3.4
1011,S002,2025-11-19,6,3,14.1
1012,S002,2025-11-19,9,9,25.5
1013,S002,2025-11-19,12,2,13.8
1014,S002,2025-11-19,15,5,19.4
1015,S002,2025-11-19,18,7,27.8
1016,S002,2025-11-19,21,1,15.6
1017,S002,2025-06-29,0,0,14.1
1018,S002,2025-06-29,3,2,1.4
1019,S002,2025-06-29,6,0,12.3
1020,S002,2025-06-29,9,5,21.1
1021,S002,2025-06-29,12,4,13.0
1022,S002,2025-06-29,15,7,24.9
1023,S002,2025-06-29,18,7,29.0
1024,S002,2025-06-29,21,6,16.6
1025,S002,2025-12-01,0,0,12.0
1026,S002,2025-12-01,3,1,16.5
1027,S002,2025-12-01,6,2,19.1
1028,S002,2025-12-01,9,7,28.3
1029,S002,2025-12-01,12,3,18.4
1030,S002,2025-12-01,15,3,18.0
1031,S002,2025-12-01,18,5,33.8
1032,S002,2025-12-01,21,6,15.2
1033,S002,2025-04-06,0,1,4.1
1034,S002,2025-04-06,3,2,4.6
1035,S002,2025-04-06,6,0,12.9
1036,S002,2025-04-06,9,4,32.6
1037,S002,2025-04-06,12,5,14.6
1038,S002,2025-04-06,15,2,24.9
1039,S002,2025-04-06,18,5,29.4
1040,S002,2025-04-06,21,3,20.7
1041,S002,2025-08-29,0,0,9.1
1042,S002,2025-08-29,3,1,7.6
1043,S002,2025-08-29,6,3,22.7
1044,S002,2025-08-29,9,6,30.1
1045,S002,2025-08-29,12,3,25.2
1046,S002,2025-08-29,15,3,20.5
1047,S002,2025-08-29,18,8,29.9
1048,S002,2025-08-29,21,2,12.3
1049,S002,2025-04-09,0,1,4.9
1050,S002,2025-04-09,3,0,8.4
1051,S002,2025-04-09,6,1,13.3
1052,S002,2025-04-09,9,0,25.8
1053,S002,2025-04-09,12,3,16.7
1054,S002,2025-04-09,15,1,19.2
1055,S002,2025-04-09,18,8,33.6
1056,S002,2025-04-09,21,0,16.7
1057,S002,2025-02-28,0,1,14.5
1058,S002,2025-02-28,3,1,13.9
1059,S002,2025-02-28,6,1,11.0
1060,S002,2025-02-28,9,3,22.6
1061,S002,2025-02-28,12,4,13.4
1062,S002,2025-02-28,15,3,23.1
1063,S002,2025-02-28,18,7,28.9
1064,S002,2025-02-28,21,1,16.4
1065,S002,2025-03-17,0,1,7.5
1066,S002,2025-03-17,3,1,7.5
1067,S002,2025-03-17,6,5,17.9
1068,S002,2025-03-17,9,8,23.5
1069,S002,2025-03-17,12,3,14.1
1070,S002,2025-03-17,15,4,26.1
1071,S002,2025-03-17,18,6,34.9
1072,S002,2025-03-17,21,3,19.9
1073,S002,2025-08-17,0,1,8.9
1074,S002,2025-08-17,3,0,9.6
1075,S002,2025-08-17,6,4,15.7
1076,S002,2025-08-17,9,8,31.4
1077,S002,2025-08-17,12,6,15.0
1078,S002,2025-08-17,15,4,25.9
1079,S002,2025-08-17,18,10,33.6
1080,S002,2025-08-17,21,5,20.1
1081,S002,2025-11-06,0,0,12.4
1082,S002,2025-11-06,3,0,5.1
1083,S002,2025-11-06,6,5,14.0
1084,S002,2025-11-06,9,6,28.2
1085,S002,2025-11-06,12,4,16.0
1086,S002,2025-11-06,15,4,14.0
1087,S002,2025-11-06,18,9,30.5
1088,S002,2025-11-06,21,5,16.3
1089,S002,2025-08-31,0,0,0.5
1090,S002,2025-08-31,3,1,10.7
1091,S002,2025-08-31,6,3,19.1
1092,S002,2025-08-31,9,11,23.5
1093,S002,2025-08-31,12,1,13.7
1094,S002,2025-08-31,15,5,18.3
1095,S002,2025-08-31,18,5,32.9
1096,S002,2025-08-31,21,1,21.1
1097,S002,2025-11-16,0,2,9.3
1098,S002,2025-11-16,3,0,1.8
1099,S002,2025-11-16,6,3,14.5
1100,S002,2025-11-16,9,10,23.1
1101,S002,2025-11-16,12,4,19.8
1102,S002,2025-11-16,15,3,19.2
1103,S002,2025-11-16,18,6,24.4
1104,S002,2025-11-16,21,2,11.2
1105,S002,2025-05-08,0,0,1.4
1106,S002,2025-05-08,3,1,9.1
1107,S002,2025-05-08,6,3,17.1
1108,S002,2025-05-08,9,7,21.9
1109,S002,2025-05-08,12,4,15.0
1110,S002,2025-05-08,15,4,24.7
1111,S002,2025-05-08,18,7,32.4
1112,S002,2025-05-08,21,5,11.6
1113,S002,2025-03-27,0,0,5.3
1114,S002,2025-03-27,3,1,6.4
1115,S002,2025-03-27,6,3,16.0
1116,S002,2025-03-27,9,6,22.4
1117,S002,2025-03-27,12,2,16.8
1118,S002,2025-03-27,15,1,25.8
1119,S002,2025-03-27,18,7,37.0
1120,S002,2025-03-27,21,6,14.7
1121,S002,2025-03-31,0,0,11.1
1122,S002,2025-03-31,3,0,6.9
1123,S002,2025-03-31,6,3,9.4
1124,S002,2025-03-31,9,13,23.2
1125,S002,2025-03-31,12,2,10.8
1126,S002,2025-03-31,15,2,23.8
1127,S002,2025-03-31,18,8,29.8
1128,S002,2025-03-31,21,2,13.6
1129,S002,2025-03-02,0,0,13.5
1130,S002,2025-03-02,3,0,10.1
1131,S002,2025-03-02,6,4,15.4
1132,S002,2025-03-02,9,7,32.3
1133,S002,2025-03-02,12,2,17.9
1134,S002,2025-03-02,15,5,20.7
1135,S002,2025-03-02,18,8,37.1
1136,S002,2025-03-02,21,3,19.6
1137,S002,2025-10-22,0,0,8.0
1138,S002,2025-10-22,3,0,8.9
1139,S002,2025-10-22,6,4,10.9
1140,S002,2025-10-22,9,3,31.5
1141,S002,2025-10-22,12,2,22.0
1142,S002,2025-10-22,15,3,20.0
1143,S002,2025-10-22,18,9,32.5
1144,S002,2025-10-22,21,2,21.9
1145,S002,2025-07-19,0,0,2.6
1146,S002,2025-07-19,3,1,12.5
1147,S002,2025-07-19,6,2,14.1
1148,S002,2025-07-19,9,3,29.0
1149,S002,2025-07-19,12,4,19.7
1150,S002,2025-07-19,15,5,21.0
1151,S002,2025-07-19,18,8,33.8
1152,S002,2025-07-19,21,2,16.8
1153,S002,2025-08-22,0,0,0.4
1154,S002,2025-08-22,3,0,1.8
1155,S002,2025-08-22,6,1,18.2
1156,S002,2025-08-22,9,3,29.2
1157,S002,2025-08-22,12,2,19.3
1158,S002,2025-08-22,15,6,24.0
1159,S002,2025-08-22,18,10,35.8
1160,S002,2025-08-22,21,3,21.8
1161,S002,2025-02-19,0,2,4.8
1162,S002,2025-02-19,3,0,9.7
1163,S002,2025-02-19,6,1,11.3
1164,S002,2025-02-19,9,6,27.8
1165,S002,2025-02-19,12,2,22.3
1166,S002,2025-02-19,15,4,23.0
1167,S002,2025-02-19,18,1,26.1
1168,S002,2025-02-19,21,6,8.8
1169,S002,2025-10-20,0,0,8.6
1170,S002,2025-10-20,3,0,4.6
1171,S002,2025-10-20,6,3,24.4
1172,S002,2025-10-20,9,5,26.6
1173,S002,2025-10-20,12,3,19.6
1174,S002,2025-10-20,15,5,26.6
1175,S002,2025-10-20,18,1,29.9
1176,S002,2025-10-20,21,2,14.1
1177,S002,2025-09-29,0,0,7.2
1178,S002,2025-09-29,3,2,6.3
1179,S002,2025-09-29,6,3,14.8
1180,S002,2025-09-29,9,9,35.5
1181,S002,2025-09-29,12,1,20.2
1182,S002,2025-09-29,15,4,12.8
1183,S002,2025-09-29,18,6,24.7
1184,S002,2025-09-29,21,3,14.2
1185,S002,2025-10-02,0,0,10.9
1186,S002,2025-10-02,3,2,7.0
1187,S002,2025-10-02,6,2,9.8
1188,S002,2025-10-02,9,9,20.7
1189,S002,2025-10-02,12,4,21.8
1190,S002,2025-10-02,15,7,22.6
1191,S002,2025-10-02,18,9,32.1
1192,S002,2025-10-02,21,1,19.6
1193,S002,2025-07-02,0,0,8.2
1194,S002,2025-07-02,3,1,10.5
1195,S002,2025-07-02,6,5,11.8
1196,S002,2025-07-02,9,7,28.2
1197,S002,2025-07-02,12,1,15.4
1198,S002,2025-07-02,15,4,18.7
1199,S002,2025-07-02,18,2,32.2
1200,S002,2025-07-02,21,2,15.7
1201,S002,2025-04-05,0,0,11.7
1202,S002,2025-04-05,3,0,10.2
1203,S002,2025-04-05,6,5,12.4
1204,S002,2025-04-05,9,5,27.7
1205,S002,2025-04-05,12,1,19.9
1206,S002,2025-04-05,15,3,19.7
1207,S002,2025-04-05,18,2,31.9
1208,S002,2025-04-05,21,2,18.1
1209,S002,2025-01-09,0,0,6.2
1210,S002,2025-01-09,3,2,4.0
1211,S002,2025-01-09,6,5,20.5
1212,S002,2025-01-09,9,10,27.9
1213,S002,2025-01-09,12,6,18.5
1214,S002,2025-01-09,15,1,21.5
1215,S002,2025-01-09,18,5,36.1
1216,S002,2025-01-09,21,2,17.6
1217,S002,2025-06-05,0,0,1.9
1218,S002,2025-06-05,3,2,9.6
1219,S002,2025-06-05,6,4,16.9
1220,S002,2025-06-05,9,5,24.9
1221,S002,2025-06-05,12,4,22.3
1222,S002,2025-06-05,15,2,12.5
1223,S002,2025-06-05,18,3,28.5
1224,S002,2025-06-05,21,9,20.6
1225,S002,2025-08-13,0,0,5.4
1226,S002,2025-08-13,3,0,9.3
1227,S002,2025-08-13,6,1,11.7
1228,S002,2025-08-13,9,3,28.8
1229,S002,2025-08-13,12,1,17.3
1230,S002,2025-08-13,15,3,28.0
1231,S002,2025-08-13,18,10,31.5
1232,S002,2025-08-13,21,7,17.3
1233,S002,2025-07-15,0,0,3.8
1234,S002,2025-07-15,3,1,7.9
1235,S002,2025-07-15,6,1,20.0
1236,S002,2025-07-15,9,6,33.0
1237,S002,2025-07-15,12,1,16.8
1238,S002,2025-07-15,15,0,19.8
1239,S002,2025-07-15,18,7,30.8
1240,S002,2025-07-15,21,5,13.9
1241,S002,2025-08-04,0,0,6.2
1242,S002,2025-08-04,3,1,8.9
1243,S002,2025-08-04,6,3,16.6
1244,S002,2025-08-04,9,8,30.8
1245,S002,2025-08-04,12,4,14.5
1246,S002,2025-08-04,15,3,9.8
1247,S002,2025-08-04,18,8,31.8
1248,S002,2025-08-04,21,3,23.3
1249,S002,2025-05-22,0,0,6.6
1250,S002,2025-05-22,3,1,8.8
1251,S002,2025-05-22,6,4,18.1
1252,S002,2025-05-22,9,4,24.2
1253,S002,2025-05-22,12,1,16.7
1254,S002,2025-05-22,15,1,23.4
1255,S002,2025-05-22,18,2,29.7
1256,S002,2025-05-22,21,7,19.9
1257,S002,2025-04-25,0,2,7.2
1258,S002,2025-04-25,3,0,6.9
1259,S002,2025-04-25,6,4,18.5
1260,S002,2025-04-25,9,6,21.7
1261,S002,2025-04-25,12,2,17.0
1262,S002,2025-04-25,15,4,19.4
1263,S002,2025-04-25,18,11,33.9
1264,S002,2025-04-25,21,3,22.5
1265,S002,2025-12-11,0,0,6.5
1266,S002,2025-12-11,3,1,10.9
1267,S002,2025-12-11,6,2,16.6
1268,S002,2025-12-11,9,9,33.3
1269,S002,2025-12-11,12,3,16.9
1270,S002,2025-12-11,15,5,17.7
1271,S002,2025-12-11,18,3,33.2
1272,S002,2025-12-11,21,6,24.6
1273,S002,2025-07-24,0,0,2.2
1274,S002,2025-07-24,3,2,9.4
1275,S002,2025-07-24,6,1,14.0
1276,S002,2025-07-24,9,6,33.4
1277,S002,2025-07-24,12,3,14.8
1278,S002,2025-07-24,15,4,20.7
1279,S002,2025-07-24,18,6,28.8
1280,S002,2025-07-24,21,2,15.6
1281,S002,2025-09-07,0,0,7.2
1282,S002,2025-09-07,3,1,11.2
1283,S002,2025-09-07,6,3,9.5
1284,S002,2025-09-07,9,3,30.2
1285,S002,2025-09-07,12,3,18.1
1286,S002,2025-09-07,15,3,21.9
1287,S002,2025-09-07,18,5,32.2
1288,S002,2025-09-07,21,2,20.3
1289,S002,2025-04-20,0,0,5.3
1290,S002,2025-04-20,3,0,5.5
1291,S002,2025-04-20,6,3,12.1
1292,S002,2025-04-20,9,2,22.3
1293,S002,2025-04-20,12,1,17.4
1294,S002,2025-04-20,15,2,20.2
1295,S002,2025-04-20,18,15,24.3
1296,S002,2025-04-20,21,2,20.5
1297,S002,2025-08-09,0,0,13.2
1298,S002,2025-08-09,3,0,10.8
1299,S002,2025-08-09,6,3,20.4
1300,S002,2025-08-09,9,7,27.5
1301,S002,2025-08-09,12,2,12.1
1302,S002,2025-08-09,15,5,17.1
1303,S002,2025-08-09,18,5,25.9
1304,S002,2025-08-09,21,5,15.9
1305,S002,2025-12-16,0,1,8.6
1306,S002,2025-12-16,3,2,1.2
1307,S002,2025-12-16,6,5,12.2
1308,S002,2025-12-16,9,5,20.0
1309,S002,2025-12-16,12,2,18.1
1310,S002,2025-12-16,15,6,18.5
1311,S002,2025-12-16,18,5,19.2
1312,S002,2025-12-16,21,5,19.9
1313,S002,2025-07-06,0,1,4.3
1314,S002,2025-07-06,3,0,6.1
1315,S002,2025-07-06,6,2,8.9
1316,S002,2025-07-06,9,4,26.1
1317,S002,2025-07-06,12,2,13.3
1318,S002,2025-07-06,15,3,21.8
1319,S002,2025-07-06,18,8,30.7
1320,S002,2025-07-06,21,1,20.9
1321,S002,2025-02-26,0,0,4.5
1322,S002,2025-02-26,3,0,2.4
1323,S002,2025-02-26,6,2,19.0
1324,S002,2025-02-26,9,2,24.7
1325,S002,2025-02-26,12,5,17.8
1326,S002,2025-02-26,15,4,22.1
1327,S002,2025-02-26,18,7,36.1
1328,S002,2025-02-26,21,2,12.6
1329,S002,2025-07-26,0,1,8.7
1330,S002,2025-07-26,3,1,0.8
1331,S002,2025-07-26,6,0,18.4
1332,S002,2025-07-26,9,3,25.7
1333,S002,2025-07-26,12,2,19.8
1334,S002,2025-07-26,15,3,25.1
1335,S002,2025-07-26,18,9,30.0
1336,S002,2025-07-26,21,1,13.8
1337,S002,2025-02-17,0,1,10.8
1338,S002,2025-02-17,3,0,8.0
1339,S002,2025-02-17,6,4,15.5
1340,S002,2025-02-17,9,4,32.8
1341,S002,2025-02-17,12,3,16.9
1342,S002,2025-02-17,15,4,19.0
1343,S002,2025-02-17,18,5,30.2
1344,S002,2025-02-17,21,5,21.4
1345,S002,2025-07-16,0,1,2.5
1346,S002,2025-07-16,3,0,11.3
1347,S002,2025-07-16,6,2,14.3
1348,S002,2025-07-16,9,3,30.7
1349,S002,2025-07-16,12,2,22.9
1350,S002,2025-07-16,15,7,21.2
1351,S002,2025-07-16,18,8,27.1
1352,S002,2025-07-16,21,2,14.5
1353,S002,2025-03-19,0,1,8.1
1354,S002,2025-03-19,3,1,9.2
1355,S002,2025-03-19,6,3,19.8
1356,S002,2025-03-19,9,5,27.1
1357,S002,2025-03-19,12,5,17.0
1358,S002,2025-03-19,15,1,15.3
1359,S002,2025-03-19,18,5,35.8
1360,S002,2025-03-19,21,3,16.0
1361,S002,2025-10-27,0,0,0.0
1362,S002,2025-10-27,3,1,7.5
1363,S002,2025-10-27,6,5,15.6
1364,S002,2025-10-27,9,4,27.4
1365,S002,2025-10-27,12,1,16.1
1366,S002,2025-10-27,15,4,25.3
1367,S002,2025-10-27,18,9,29.8
1368,S002,2025-10-27,21,3,18.2
1369,S002,2025-11-17,0,0,6.2
1370,S002,2025-11-17,3,0,13.6
1371,S002,2025-11-17,6,4,16.3
1372,S002,2025-11-17,9,4,28.4
1373,S002,2025-11-17,12,4,21.6
1374,S002,2025-11-17,15,1,13.9
1375,S002,2025-11-17,18,1,25.3
1376,S002,2025-11-17,21,2,15.9
1377,S002,2025-08-14,0,1,7.9
1378,S002,2025-08-14,3,0,4.5
1379,S002,2025-08-14,6,2,13.6
1380,S002,2025-08-14,9,5,26.5
1381,S002,2025-08-14,12,6,15.6
1382,S002,2025-08-14,15,8,16.5
1383,S002,2025-08-14,18,7,26.3
1384,S002,2025-08-14,21,3,21.2
1385,S002,2025-05-02,0,1,0.5
1386,S002,2025-05-02,3,0,4.1
1387,S002,2025-05-02,6,2,23.8
1388,S002,2025-05-02,9,7,32.1
1389,S002,2025-05-02,12,4,19.2
1390,S002,2025-05-02,15,5,18.8
1391,S002,2025-05-02,18,9,36.2
1392,S002,2025-05-02,21,2,16.1
1393,S002,2025-01-11,0,0,8.1
1394,S002,2025-01-11,3,0,6.3
1395,S002,2025-01-11,6,3,14.5
1396,S002,2025-01-11,9,4,23.7
1397,S002,2025-01-11,12,2,28.1
1398,S002,2025-01-11,15,0,16.2
1399,S002,2025-01-11,18,1,32.0
1400,S002,2025-01-11,21,4,16.6
1401,S002,2025-09-16,0,0,10.2
1402,S002,2025-09-16,3,0,10.7
1403,S002,2025-09-16,6,5,9.7
1404,S002,2025-09-16,9,4,27.5
1405,S002,2025-09-16,12,1,18.1
1406,S002,2025-09-16,15,2,15.9
1407,S002,2025-09-16,18,5,36.4
1408,S002,2025-09-16,21,4,17.2
1409,S002,2025-10-03,0,0,0.0
1410,S002,2025-10-03,3,0,6.0
1411,S002,2025-10-03,6,1,15.1
1412,S002,2025-10-03,9,11,27.3
1413,S002,2025-10-03,12,1,22.5
1414,S002,2025-10-03,15,2,21.3
1415,S002,2025-10-03,18,7,27.1
1416,S002,2025-10-03,21,6,17.7
1417,S002,2025-08-25,0,0,15.4
1418,S002,2025-08-25,3,0,10.1
1419,S002,2025-08-25,6,2,13.6
1420,S002,2025-08-25,9,7,25.4
1421,S002,2025-08-25,12,4,19.2
1422,S002,2025-08-25,15,4,15.6
1423,S002,2025-08-25,18,4,37.7
1424,S002,2025-08-25,21,3,11.0
1425,S002,2025-11-12,0,0,0.0
1426,S002,2025-11-12,3,1,7.7
1427,S002,2025-11-12,6,2,12.3
1428,S002,2025-11-12,9,3,30.6
1429,S002,2025-11-12,12,3,17.7
1430,S002,2025-11-12,15,1,21.5
1431,S002,2025-11-12,18,12,22.9
1432,S002,2025-11-12,21,3,17.2
1433,S002,2025-05-13,0,1,2.8
1434,S002,2025-05-13,3,0,5.9
1435,S002,2025-05-13,6,1,14.6
1436,S002,2025-05-13,9,8,26.7
1437,S002,2025-05-13,12,5,19.9
1438,S002,2025-05-13,15,4,18.2
1439,S002,2025-05-13,18,5,33.5
1440,S002,2025-05-13,21,4,11.9
1441,S002,2025-05-03,0,0,10.0
1442,S002,2025-05-03,3,0,10.3
1443,S002,2025-05-03,6,1,14.1
1444,S002,2025-05-03,9,2,26.3
1445,S002,2025-05-03,12,0,18.5
1446,S002,2025-05-03,15,1,18.0
1447,S002,2025-05-03,18,9,24.8
1448,S002,2025-05-03,21,1,17.0
1449,S002,2025-12-06,0,0,12.8
1450,S002,2025-12-06,3,1,8.7
1451,S002,2025-12-06,6,2,20.6
1452,S002,2025-12-06,9,8,24.2
1453,S002,2025-12-06,12,3,22.9
1454,S002,2025-12-06,15,4,19.6
1455,S002,2025-12-06,18,9,27.3
1456,S002,2025-12-06,21,4,14.3
1457,S002,2025-12-03,0,0,0.0
1458,S002,2025-12-03,3,0,4.5
1459,S002,2025-12-03,6,1,12.5
1460,S002,2025-12-03,9,2,23.2
1461,S002,2025-12-03,12,4,18.0
1462,S002,2025-12-03,15,2,24.7
1463,S002,2025-12-03,18,4,28.4
1464,S002,2025-12-03,21,3,10.0
1465,S002,2025-11-11,0,1,1.6
1466,S002,2025-11-11,3,0,11.4
1467,S002,2025-11-11,6,4,20.4
1468,S002,2025-11-11,9,8,21.2
1469,S002,2025-11-11,12,6,14.7
1470,S002,2025-11-11,15,0,25.2
1471,S002,2025-11-11,18,4,32.3
1472,S002,2025-11-11,21,3,18.8
1473,S002,2025-03-13,0,1,2.4
1474,S002,2025-03-13,3,0,0.0
1475,S002,2025-03-13,6,3,20.3
1476,S002,2025-03-13,9,2,30.7
1477,S002,2025-03-13,12,4,24.3
1478,S002,2025-03-13,15,5,23.1
1479,S002,2025-03-13,18,6,32.8
1480,S002,2025-03-13,21,2,22.1
1481,S002,2025-02-13,0,1,7.8
1482,S002,2025-02-13,3,0,11.1
1483,S002,2025-02-13,6,2,14.2
1484,S002,2025-02-13,9,5,20.1
1485,S002,2025-02-13,12,1,22.6
1486,S002,2025-02-13,15,2,22.5
1487,S002,2025-02-13,18,6,29.3
1488,S002,2025-02-13,21,3,14.9
1489,S002,2025-03-14,0,2,7.5
1490,S002,2025-03-14,3,0,10.2
1491,S002,2025-03-14,6,6,16.6
1492,S002,2025-03-14,9,3,24.3
1493,S002,2025-03-14,12,7,8.6
1494,S002,2025-03-14,15,4,20.4
1495,S002,2025-03-14,18,7,30.4
1496,S002,2025-03-14,21,3,12.8
1497,S002,2025-06-18,0,0,10.5
1498,S002,2025-06-18,3,0,1.7
1499,S002,2025-06-18,6,2,15.6
1500,S002,2025-06-18,9,6,26.0
1501,S002,2025-06-18,12,3,18.6
1502,S002,2025-06-18,15,6,25.9
1503,S002,2025-06-18,18,9,23.5
1504,S002,2025-06-18,21,4,13.0
1505,S002,2025-02-11,0,0,13.9
1506,S002,2025-02-11,3,0,8.5
1507,S002,2025-02-11,6,1,13.2
1508,S002,2025-02-11,9,5,24.8
1509,S002,2025-02-11,12,2,17.3
1510,S002,2025-02-11,15,6,17.5
1511,S002,2025-02-11,18,5,28.4
1512,S002,2025-02-11,21,2,18.8
1513,S002,2025-08-10,0,1,12.3
1514,S002,2025-08-10,3,3,0.0
1515,S002,2025-08-10,6,2,15.3
1516,S002,2025-08-10,9,12,22.8
1517,S002,2025-08-10,12,5,15.7
1518,S002,2025-08-10,15,4,29.2
1519,S002,2025-08-10,18,6,28.4
1520,S002,2025-08-10,21,1,16.9
1521,S002,2025-02-06,0,0,7.1
1522,S002,2025-02-06,3,0,3.5
1523,S002,2025-02-06,6,1,15.6
1524,S002,2025-02-06,9,2,24.9
1525,S002,2025-02-06,12,3,20.4
1526,S002,2025-02-06,15,4,23.5
1527,S002,2025-02-06,18,7,36.2
1528,S002,2025-02-06,21,3,15.6
1529,S002,2025-09-23,0,1,14.1
1530,S002,2025-09-23,3,2,7.7
1531,S002,2025-09-23,6,1,11.5
1532,S002,2025-09-23,9,8,26.4
1533,S002,2025-09-23,12,5,20.3
1534,S002,2025-09-23,15,4,24.9
1535,S002,2025-09-23,18,5,25.6
1536,S002,2025-09-23,21,3,15.5
1537,S002,2025-03-07,0,4,7.7
1538,S002,2025-03-07,3,2,3.6
1539,S002,2025-03-07,6,0,21.4
1540,S002,2025-03-07,9,4,25.1
1541,S002,2025-03-07,12,2,16.5
1542,S002,2025-03-07,15,5,22.1
1543,S002,2025-03-07,18,8,30.0
1544,S002,2025-03-07,21,1,16.9
1545,S002,2025-09-25,0,2,12.8
1546,S002,2025-09-25,3,0,15.8
1547,S002,2025-09-25,6,3,16.0
1548,S002,2025-09-25,9,4,30.6
1549,S002,2025-09-25,12,1,13.2
1550,S002,2025-09-25,15,2,14.4
1551,S002,2025-09-25,18,6,32.1
1552,S002,2025-09-25,21,4,16.3
1553,S002,2025-07-14,0,0,8.7
1554,S002,2025-07-14,3,0,8.4
1555,S002,2025-07-14,6,2,9.5
1556,S002,2025-07-14,9,5,31.0
1557,S002,2025-07-14,12,2,17.9
1558,S002,2025-07-14,15,5,23.0
1559,S002,2025-07-14,18,5,32.4
1560,S002,2025-07-14,21,8,19.9
1561,S002,2025-04-30,0,0,5.1
1562,S002,2025-04-30,3,0,5.0
1563,S002,2025-04-30,6,4,14.7
1564,S002,2025-04-30,9,4,24.4
1565,S002,2025-04-30,12,2,14.2
1566,S002,2025-04-30,15,4,18.5
1567,S002,2025-04-30,18,7,24.1
1568,S002,2025-04-30,21,4,15.6
1569,S002,2025-05-06,0,0,2.2
1570,S002,2025-05-06,3,1,7.4
1571,S002,2025-05-06,6,6,18.0
1572,S002,2025-05-06,9,8,30.8
1573,S002,2025-05-06,12,3,19.3
1574,S002,2025-05-06,15,3,29.2
1575,S002,2025-05-06,18,4,30.9
1576,S002,2025-05-06,21,6,13.9
1577,S002,2025-11-28,0,0,8.9
1578,S002,2025-11-28,3,1,6.0
1579,S002,2025-11-28,6,0,17.4
1580,S002,2025-11-28,9,6,23.4
1581,S002,2025-11-28,12,2,15.6
1582,S002,2025-11-28,15,6,18.9
1583,S002,2025-11-28,18,6,22.7
1584,S002,2025-11-28,21,5,15.9
1585,S002,2025-10-21,0,0,14.1
1586,S002,2025-10-21,3,0,6.0
1587,S002,2025-10-21,6,1,15.8
1588,S002,2025-10-21,9,7,21.2
1589,S002,2025-10-21,12,5,20.2
1590,S002,2025-10-21,15,5,14.4
1591,S002,2025-10-21,18,8,26.3
1592,S002,2025-10-21,21,2,23.9
1593,S002,2025-08-30,0,0,9.0
1594,S002,2025-08-30,3,0,7.3
1595,S002,2025-08-30,6,0,20.7
1596,S002,2025-08-30,9,7,27.3
1597,S002,2025-08-30,12,1,12.8
1598,S002,2025-08-30,15,4,17.2
1599,S002,2025-08-30,18,6,25.2
1600,S002,2025-08-30,21,0,24.8
1601,S002,2025-10-01,0,1,7.6
1602,S002,2025-10-01,3,0,8.9
1603,S002,2025-10-01,6,1,21.9
1604,S002,2025-10-01,9,4,38.0
1605,S002,2025-10-01,12,3,7.5
1606,S002,2025-10-01,15,2,14.9
1607,S002,2025-10-01,18,4,25.0
1608,S002,2025-10-01,21,3,18.6
1609,S002,2025-06-15,0,1,7.8
1610,S002,2025-06-15,3,1,9.6
1611,S002,2025-06-15,6,4,9.7
1612,S002,2025-06-15,9,7,34.6
1613,S002,2025-06-15,12,7,13.8
1614,S002,2025-06-15,15,3,23.1
1615,S002,2025-06-15,18,7,25.6
1616,S002,2025-06-15,21,3,12.0
1617,S002,2025-01-16,0,0,9.1
1618,S002,2025-01-16,3,1,4.9
1619,S002,2025-01-16,6,1,13.7
1620,S002,2025-01-16,9,5,21.8
1621,S002,2025-01-16,12,3,15.8
1622,S002,2025-01-16,15,1,24.5
1623,S002,2025-01-16,18,8,26.8
1624,S002,2025-01-16,21,1,23.3
1625,S002,2025-11-29,0,1,11.0
1626,S002,2025-11-29,3,0,3.7
1627,S002,2025-11-29,6,0,13.4
1628,S002,2025-11-29,9,6,21.3
1629,S002,2025-11-29,12,2,11.4
1630,S002,2025-11-29,15,2,14.3
1631,S002,2025-11-29,18,6,29.9
1632,S002,2025-11-29,21,3,16.2
1633,S002,2025-07-21,0,0,7.6
1634,S002,2025-07-21,3,0,10.2
1635,S002,2025-07-21,6,2,8.2
1636,S002,2025-07-21,9,6,26.3
1637,S002,2025-07-21,12,1,14.2
1638,S002,2025-07-21,15,3,17.9
1639,S002,2025-07-21,18,3,26.9
1640,S002,2025-07-21,21,3,23.0
1641,S002,2025-04-21,0,0,16.6
1642,S002,2025-04-21,3,1,7.5
1643,S002,2025-04-21,6,1,7.8
1644,S002,2025-04-21,9,5,33.8
1645,S002,2025-04-21,12,3,11.9
1646,S002,2025-04-21,15,2,15.7
1647,S002,2025-04-21,18,5,31.8
1648,S002,2025-04-21,21,4,20.0
1649,S002,2025-05-01,0,1,11.9
1650,S002,2025-05-01,3,2,11.9
1651,S002,2025-05-01,6,4,12.4
1652,S002,2025-05-01,9,7,26.2
1653,S002,2025-05-01,12,3,9.8
1654,S002,2025-05-01,15,6,17.6
1655,S002,2025-05-01,18,9,33.1
1656,S002,2025-05-01,21,2,11.9
1657,S002,2025-04-26,0,0,9.9
1658,S002,2025-04-26,3,1,4.4
1659,S002,2025-04-26,6,5,16.4
1660,S002,2025-04-26,9,4,26.1
1661,S002,2025-04-26,12,1,16.4
1662,S002,2025-04-26,15,3,14.8
1663,S002,2025-04-26,18,4,28.9
1664,S002,2025-04-26,21,2,13.8
1665,S002,2025-06-09,0,0,6.1
1666,S002,2025-06-09,3,0,2.2
1667,S002,2025-06-09,6,1,22.6
1668,S002,2025-06-09,9,2,32.6
1669,S002,2025-06-09,12,5,15.3
1670,S002,2025-06-09,15,1,13.5
1671,S002,2025-06-09,18,7,25.5
1672,S002,2025-06-09,21,4,21.1
1673,S002,2025-07-08,0,1,13.5
1674,S002,2025-07-08,3,0,5.7
1675,S002,2025-07-08,6,0,12.6
1676,S002,2025-07-08,9,6,25.9
1677,S002,2025-07-08,12,3,18.9
1678,S002,2025-07-08,15,8,19.6
1679,S002,2025-07-08,18,5,32.4
1680,S002,2025-07-08,21,2,20.5
1681,S002,2025-01-20,0,0,4.0
1682,S002,2025-01-20,3,0,5.1
1683,S002,2025-01-20,6,1,6.8
1684,S002,2025-01-20,9,2,30.1
1685,S002,2025-01-20,12,1,18.6
1686,S002,2025-01-20,15,5,18.1
1687,S002,2025-01-20,18,7,35.3
1688,S002,2025-01-20,21,4,21.9
1689,S002,2025-09-12,0,2,9.5
1690,S002,2025-09-12,3,1,2.4
1691,S002,2025-09-12,6,2,15.1
1692,S002,2025-09-12,9,11,25.9
1693,S002,2025-09-12,12,5,14.3
1694,S002,2025-09-12,15,4,27.6
1695,S002,2025-09-12,18,4,32.1
1696,S002,2025-09-12,21,0,13.9
1697,S002,2025-05-11,0,2,4.6
1698,S002,2025-05-11,3,0,7.5
1699,S002,2025-05-11,6,7,13.9
1700,S002,2025-05-11,9,4,31.5
1701,S002,2025-05-11,12,1,17.8
1702,S002,2025-05-11,15,2,19.4
1703,S002,2025-05-11,18,0,30.4
1704,S002,2025-05-11,21,4,16.6
1705,S002,2025-02-08,0,0,0.2
1706,S002,2025-02-08,3,0,8.6
1707,S002,2025-02-08,6,2,9.7
1708,S002,2025-02-08,9,5,27.1
1709,S002,2025-02-08,12,8,23.4
1710,S002,2025-02-08,15,8,17.0
1711,S002,2025-02-08,18,11,32.8
1712,S002,2025-02-08,21,4,22.1
1713,S002,2025-01-26,0,0,12.2
1714,S002,2025-01-26,3,2,12.3
1715,S002,2025-01-26,6,3,8.2
1716,S002,2025-01-26,9,2,33.9
1717,S002,2025-01-26,12,3,18.9
1718,S002,2025-01-26,15,3,23.7
1719,S002,2025-01-26,18,5,29.2
1720,S002,2025-01-26,21,3,23.9
1721,S002,2025-10-08,0,0,13.5
1722,S002,2025-10-08,3,0,3.0
1723,S002,2025-10-08,6,2,12.9
1724,S002,2025-10-08,9,4,27.0
1725,S002,2025-10-08,12,3,21.6
1726,S002,2025-10-08,15,3,20.0
1727,S002,2025-10-08,18,2,26.8
1728,S002,2025-10-08,21,1,14.0
1729,S002,2025-07-18,0,0,17.7
1730,S002,2025-07-18,3,1,8.8
1731,S002,2025-07-18,6,1,7.0
1732,S002,2025-07-18,9,6,25.2
1733,S002,2025-07-18,12,4,20.4
1734,S002,2025-07-18,15,4,22.1
1735,S002,2025-07-18,18,5,32.4
1736,S002,2025-07-18,21,2,14.4
1737,S002,2025-01-02,0,1,5.7
1738,S002,2025-01-02,3,0,3.6
1739,S002,2025-01-02,6,1,14.0
1740,S002,2025-01-02,9,7,28.9
1741,S002,2025-01-02,12,5,20.0
1742,S002,2025-01-02,15,2,13.4
1743,S002,2025-01-02,18,6,33.1
1744,S002,2025-01-02,21,1,19.8
1745,S002,2025-01-22,0,3,14.2
1746,S002,2025-01-22,3,2,5.7
1747,S002,2025-01-22,6,2,18.9
1748,S002,2025-01-22,9,9,29.8
1749,S002,2025-01-22,12,4,19.2
1750,S002,2025-01-22,15,3,22.6
1751,S002,2025-01-22,18,6,26.4
1752,S002,2025-01-22,21,1,14.8
1753,S002,2025-07-28,0,0,5.0
1754,S002,2025-07-28,3,3,6.2
1755,S002,2025-07-28,6,4,13.0
1756,S002,2025-07-28,9,1,23.3
1757,S002,2025-07-28,12,0,14.1
1758,S002,2025-07-28,15,3,17.3
1759,S002,2025-07-28,18,6,30.7
1760,S002,2025-07-28,21,6,19.4
1761,S002,2025-04-11,0,2,0.9
1762,S002,2025-04-11,3,0,2.3
1763,S002,2025-04-11,6,4,17.3
1764,S002,2025-04-11,9,8,32.3
1765,S002,2025-04-11,12,4,11.5
1766,S002,2025-04-11,15,4,24.3
1767,S002,2025-04-11,18,6,27.5
1768,S002,2025-04-11,21,2,16.3
1769,S002,2025-11-24,0,0,6.0
1770,S002,2025-11-24,3,1,7.8
1771,S002,2025-11-24,6,1,10.1
1772,S002,2025-11-24,9,3,31.0
1773,S002,2025-11-24,12,2,14.2
1774,S002,2025-11-24,15,3,20.6
1775,S002,2025-11-24,18,4,32.0
1776,S002,2025-11-24,21,1,14.2
1777,S002,2025-11-08,0,0,11.2
1778,S002,2025-11-08,3,3,6.1
1779,S002,2025-11-08,6,2,18.6
1780,S002,2025-11-08,9,7,24.9
1781,S002,2025-11-08,12,3,8.0
1782,S002,2025-11-08,15,6,16.3
1783,S002,2025-11-08,18,5,28.8
1784,S002,2025-11-08,21,2,13.2
1785,S002,2025-05-21,0,0,7.0
1786,S002,2025-05-21,3,0,6.9
1787,S002,2025-05-21,6,2,11.1
1788,S002,2025-05-21,9,5,28.4
1789,S002,2025-05-21,12,4,12.9
1790,S002,2025-05-21,15,3,22.1
1791,S002,2025-05-21,18,2,27.4
1792,S002,2025-05-21,21,3,18.9
1793,S002,2025-02-02,0,0,6.4
1794,S002,2025-02-02,3,1,10.9
1795,S002,2025-02-02,6,1,20.6
1796,S002,2025-02-02,9,3,27.3
1797,S002,2025-02-02,12,4,20.0
1798,S002,2025-02-02,15,6,25.5
1799,S002,2025-02-02,18,3,39.3
1800,S002,2025-02-02,21,4,15.2
1801,S002,2025-05-18,0,0,12.5
1802,S002,2025-05-18,3,0,0.1
1803,S002,2025-05-18,6,3,10.4
1804,S002,2025-05-18,9,4,21.3
1805,S002,2025-05-18,12,2,16.9
1806,S002,2025-05-18,15,3,22.8
1807,S002,2025-05-18,18,6,34.5
1808,S002,2025-05-18,21,3,23.6
1809,S002,2025-03-12,0,2,3.8
1810,S002,2025-03-12,3,0,0.0
1811,S002,2025-03-12,6,1,16.7
1812,S002,2025-03-12,9,4,27.5
1813,S002,2025-03-12,12,4,19.6
1814,S002,2025-03-12,15,2,24.8
1815,S002,2025-03-12,18,6,25.8
1816,S002,2025-03-12,21,4,17.0
1817,S002,2025-08-15,0,1,4.8
1818,S002,2025-08-15,3,0,10.8
1819,S002,2025-08-15,6,1,14.2
1820,S002,2025-08-15,9,5,21.9
1821,S002,2025-08-15,12,5,14.7
1822,S002,2025-08-15,15,4,19.2
1823,S002,2025-08-15,18,3,35.8
1824,S002,2025-08-15,21,2,16.4
1825,S002,2025-12-19,0,0,1.6
1826,S002,2025-12-19,3,0,8.0
1827,S002,2025-12-19,6,3,14.1
1828,S002,2025-12-19,9,5,25.4
1829,S002,2025-12-19,12,2,15.6
1830,S002,2025-12-19,15,8,18.8
1831,S002,2025-12-19,18,6,24.8
1832,S002,2025-12-19,21,2,12.6
1833,S002,2025-12-08,0,1,7.6
1834,S002,2025-12-08,3,0,4.2
1835,S002,2025-12-08,6,4,9.2
1836,S002,2025-12-08,9,0,32.0
1837,S002,2025-12-08,12,3,20.3
1838,S002,2025-12-08,15,2,20.6
1839,S002,2025-12-08,18,8,39.9
1840,S002,2025-12-08,21,3,16.8
1841,S002,2025-01-23,0,0,10.3
1842,S002,2025-01-23,3,1,10.2
1843,S002,2025-01-23,6,2,11.9
1844,S002,2025-01-23,9,4,29.6
1845,S002,2025-01-23,12,0,19.2
1846,S002,2025-01-23,15,8,15.5
1847,S002,2025-01-23,18,8,28.8
1848,S002,2025-01-23,21,3,12.5
1849,S002,2025-05-17,0,0,3.2
1850,S002,2025-05-17,3,0,9.9
1851,S002,2025-05-17,6,1,16.4
1852,S002,2025-05-17,9,9,35.0
1853,S002,2025-05-17,12,3,15.6
1854,S002,2025-05-17,15,3,18.0
1855,S002,2025-05-17,18,4,37.7
1856,S002,2025-05-17,21,1,18.0
1857,S002,2025-06-14,0,0,10.5
1858,S002,2025-06-14,3,1,10.9
1859,S002,2025-06-14,6,6,17.7
1860,S002,2025-06-14,9,8,23.7
1861,S002,2025-06-14,12,3,11.2
1862,S002,2025-06-14,15,5,21.2
1863,S002,2025-06-14,18,7,28.5
1864,S002,2025-06-14,21,2,21.4
1865,S002,2025-07-05,0,0,12.2
1866,S002,2025-07-05,3,0,12.5
1867,S002,2025-07-05,6,4,17.5
1868,S002,2025-07-05,9,4,21.2
1869,S002,2025-07-05,12,2,16.2
1870,S002,2025-07-05,15,3,22.5
1871,S002,2025-07-05,18,6,25.2
1872,S002,2025-07-05,21,4,15.2
1873,S002,2025-12-09,0,1,4.5
1874,S002,2025-12-09,3,1,3.6
1875,S002,2025-12-09,6,1,18.0
1876,S002,2025-12-09,9,10,32.3
1877,S002,2025-12-09,12,5,16.9
1878,S002,2025-12-09,15,3,17.8
1879,S002,2025-12-09,18,8,24.0
1880,S002,2025-12-09,21,3,23.3
1881,S002,2025-12-28,0,2,4.8
1882,S002,2025-12-28,3,0,4.9
1883,S002,2025-12-28,6,3,14.7
1884,S002,2025-12-28,9,3,22.3
1885,S002,2025-12-28,12,1,23.3
1886,S002,2025-12-28,15,2,22.2
1887,S002,2025-12-28,18,6,29.6
1888,S002,2025-12-28,21,5,24.8
1889,S002,2025-12-17,0,0,5.0
1890,S002,2025-12-17,3,0,9.4
1891,S002,2025-12-17,6,3,15.6
1892,S002,2025-12-17,9,4,20.5
1893,S002,2025-12-17,12,5,18.4
1894,S002,2025-12-17,15,5,23.8
1895,S002,2025-12-17,18,7,33.2
1896,S002,2025-12-17,21,4,12.0
1897,S002,2025-05-16,0,0,1.6
1898,S002,2025-05-16,3,0,5.0
1899,S002,2025-05-16,6,1,17.1
1900,S002,2025-05-16,9,6,27.5
1901,S002,2025-05-16,12,1,14.7
1902,S002,2025-05-16,15,4,17.0
1903,S002,2025-05-16,18,7,31.7
1904,S002,2025-05-16,21,3,12.4
1905,S002,2025-08-27,0,1,9.6
1906,S002,2025-08-27,3,0,7.3
1907,S002,2025-08-27,6,3,15.0
1908,S002,2025-08-27,9,7,35.4
1909,S002,2025-08-27,12,3,10.7
1910,S002,2025-08-27,15,4,22.7
1911,S002,2025-08-27,18,3,28.2
1912,S002,2025-08-27,21,4,20.5
1913,S002,2025-01-31,0,0,5.5
1914,S002,2025-01-31,3,0,11.0
1915,S002,2025-01-31,6,1,14.6
1916,S002,2025-01-31,9,3,20.7
1917,S002,2025-01-31,12,5,19.4
1918,S002,2025-01-31,15,8,11.9
1919,S002,2025-01-31,18,6,28.8
1920,S002,2025-01-31,21,1,18.5
1921,S003,2025-05-22,0,1,5.5
1922,S003,2025-05-22,3,0,3.8
1923,S003,2025-05-22,6,0,13.9
1924,S003,2025-05-22,9,5,30.3
1925,S003,2025-05-22,12,4,20.3
1926,S003,2025-05-22,15,6,23.9
1927,S003,2025-05-22,18,6,23.0
1928,S003,2025-05-22,21,0,21.1
1929,S003,2025-05-01,0,1,10.1
1930,S003,2025-05-01,3,0,8.3
1931,S003,2025-05-01,6,4,12.2
1932,S003,2025-05-01,9,2,26.4
1933,S003,2025-05-01,12,4,18.0
1934,S003,2025-05-01,15,1,16.3
1935,S003,2025-05-01,18,8,26.0
1936,S003,2025-05-01,21,2,13.1
1937,S003,2025-04-20,0,1,9.6
1938,S003,2025-04-20,3,0,9.8
1939,S003,2025-04-20,6,3,16.2
1940,S003,2025-04-20,9,5,21.1
1941,S003,2025-04-20,12,2,20.6
1942,S003,2025-04-20,15,4,14.9
1943,S003,2025-04-20,18,2,30.0
1944,S003,2025-04-20,21,1,17.8
1945,S003,2025-09-25,0,0,6.7
1946,S003,2025-09-25,3,1,5.2
1947,S003,2025-09-25,6,4,14.5
1948,S003,2025-09-25,9,7,35.3
1949,S003,2025-09-25,12,9,15.0
1950,S003,2025-09-25,15,0,14.6
1951,S003,2025-09-25,18,5,26.3
1952,S003,2025-09-25,21,4,24.1
1953,S003,2025-09-10,0,3,11.1
1954,S003,2025-09-10,3,1,0.8
1955,S003,2025-09-10,6,2,20.1
1956,S003,2025-09-10,9,6,28.3
1957,S003,2025-09-10,12,3,13.8
1958,S003,2025-09-10,15,6,12.7
1959,S003,2025-09-10,18,3,32.1
1960,S003,2025-09-10,21,2,24.2
1961,S003,2025-07-09,0,0,3.7
1962,S003,2025-07-09,3,2,10.1
1963,S003,2025-07-09,6,4,15.4
1964,S003,2025-07-09,9,3,30.7
1965,S003,2025-07-09,12,2,17.5
1966,S003,2025-07-09,15,8,22.3
1967,S003,2025-07-09,18,3,41.2
1968,S003,2025-07-09,21,4,17.8
1969,S003,2025-05-15,0,0,0.7
1970,S003,2025-05-15,3,0,8.6
1971,S003,2025-05-15,6,1,12.4
1972,S003,2025-05-15,9,5,31.5
1973,S003,2025-05-15,12,1,16.8
1974,S003,2025-05-15,15,2,24.9
1975,S003,2025-05-15,18,3,27.5
1976,S003,2025-05-15,21,5,18.5
1977,S003,2025-04-06,0,0,8.9
1978,S003,2025-04-06,3,1,7.3
1979,S003,2025-04-06,6,0,17.5
1980,S003,2025-04-06,9,3,27.4
1981,S003,2025-04-06,12,3,20.1
1982,S003,2025-04-06,15,3,20.6
1983,S003,2025-04-06,18,5,31.9
1984,S003,2025-04-06,21,1,11.7
1985,S003,2025-06-26,0,3,8.3
1986,S003,2025-06-26,3,0,12.3
1987,S003,2025-06-26,6,2,12.1
1988,S003,2025-06-26,9,3,31.6
1989,S003,2025-06-26,12,4,16.8
1990,S003,2025-06-26,15,3,21.5
1991,S003,2025-06-26,18,4,35.6
1992,S003,2025-06-26,21,5,12.1
1993,S003,2025-12-28,0,1,7.6
1994,S003,2025-12-28,3,0,10.9
1995,S003,2025-12-28,6,6,18.4
1996,S003,2025-12-28,9,6,28.1
1997,S003,2025-12-28,12,3,20.7
1998,S003,2025-12-28,15,3,21.4
1999,S003,2025-12-28,18,9,34.5
2000,S003,2025-12-28,21,0,16.9
2001,S003,2025-10-01,0,0,9.5
2002,S003,2025-10-01,3,0,1.7
2003,S003,2025-10-01,6,3,11.2
2004,S003,2025-10-01,9,4,32.9
2005,S003,2025-10-01,12,1,11.0
2006,S003,2025-10-01,15,11,14.9
2007,S003,2025-10-01,18,7,26.9
2008,S003,2025-10-01,21,2,14.8
2009,S003,2025-04-03,0,0,0.9
2010,S003,2025-04-03,3,0,9.8
2011,S003,2025-04-03,6,2,18.2
2012,S003,2025-04-03,9,8,31.4
2013,S003,2025-04-03,12,3,21.5
2014,S003,2025-04-03,15,1,6.9
2015,S003,2025-04-03,18,4,22.1
2016,S003,2025-04-03,21,1,14.2
2017,S003,2025-02-19,0,1,6.2
2018,S003,2025-02-19,3,0,11.0
2019,S003,2025-02-19,6,3,19.0
2020,S003,2025-02-19,9,6,36.6
2021,S003,2025-02-19,12,4,11.4
2022,S003,2025-02-19,15,5,16.9
2023,S003,2025-02-19,18,5,30.3
2024,S003,2025-02-19,21,2,13.0
2025,S003,2025-07-16,0,2,9.0
2026,S003,2025-07-16,3,2,7.8
2027,S003,2025-07-16,6,5,6.9
2028,S003,2025-07-16,9,7,27.6
2029,S003,2025-07-16,12,1,15.5
2030,S003,2025-07-16,15,0,20.8
2031,S003,2025-07-16,18,5,29.3
2032,S003,2025-07-16,21,5,15.6
2033,S003,2025-03-20,0,0,6.7
2034,S003,2025-03-20,3,0,11.1
2035,S003,2025-03-20,6,3,16.7
2036,S003,2025-03-20,9,3,23.2
2037,S003,2025-03-20,12,0,21.6
2038,S003,2025-03-20,15,6,22.3
2039,S003,2025-03-20,18,12,26.6
2040,S003,2025-03-20,21,2,20.9
2041,S003,2025-01-11,0,0,7.3
2042,S003,2025-01-11,3,1,8.6
2043,S003,2025-01-11,6,1,14.9
2044,S003,2025-01-11,9,9,26.6
2045,S003,2025-01-11,12,2,20.1
2046,S003,2025-01-11,15,6,15.7
2047,S003,2025-01-11,18,6,28.0
2048,S003,2025-01-11,21,2,19.3
2049,S003,2025-11-19,0,1,8.2
2050,S003,2025-11-19,3,0,9.2
2051,S003,2025-11-19,6,4,11.7
2052,S003,2025-11-19,9,5,27.7
2053,S003,2025-11-19,12,6,24.6
2054,S003,2025-11-19,15,4,24.7
2055,S003,2025-11-19,18,6,28.2
2056,S003,2025-11-19,21,8,15.8
2057,S003,2025-08-22,0,0,12.3
2058,S003,2025-08-22,3,1,3.3
2059,S003,2025-08-22,6,3,14.1
2060,S003,2025-08-22,9,8,28.5
2061,S003,2025-08-22,12,5,19.7
2062,S003,2025-08-22,15,3,26.3
2063,S003,2025-08-22,18,3,25.7
2064,S003,2025-08-22,21,2,14.2
2065,S003,2025-12-29,0,0,6.5
2066,S003,2025-12-29,3,2,8.4
2067,S003,2025-12-29,6,1,24.8
2068,S003,2025-12-29,9,2,27.5
2069,S003,2025-12-29,12,7,17.4
2070,S003,2025-12-29,15,6,22.9
2071,S003,2025-12-29,18,4,28.5
2072,S003,2025-12-29,21,4,20.3
2073,S003,2025-12-26,0,0,17.6
2074,S003,2025-12-26,3,1,3.8
2075,S003,2025-12-26,6,6,8.9
2076,S003,2025-12-26,9,4,30.0
2077,S003,2025-12-26,12,4,19.4
2078,S003,2025-12-26,15,2,14.0
2079,S003,2025-12-26,18,4,26.5
2080,S003,2025-12-26,21,3,16.1
2081,S003,2025-10-23,0,0,7.9
2082,S003,2025-10-23,3,0,12.3
2083,S003,2025-10-23,6,4,16.3
2084,S003,2025-10-23,9,7,20.5
2085,S003,2025-10-23,12,4,16.1
2086,S003,2025-10-23,15,5,19.5
2087,S003,2025-10-23,18,4,31.8
2088,S003,2025-10-23,21,2,21.7
2089,S003,2025-10-31,0,0,4.2
2090,S003,2025-10-31,3,0,2.7
2091,S003,2025-10-31,6,0,17.1
2092,S003,2025-10-31,9,4,28.3
2093,S003,2025-10-31,12,3,20.0
2094,S003,2025-10-31,15,4,14.4
2095,S003,2025-10-31,18,3,32.8
2096,S003,2025-10-31,21,5,17.6
2097,S003,2025-07-24,0,1,8.3
2098,S003,2025-07-24,3,0,8.6
2099,S003,2025-07-24,6,2,21.6
2100,S003,2025-07-24,9,3,23.3
2101,S003,2025-07-24,12,4,23.4
2102,S003,2025-07-24,15,5,17.5
2103,S003,2025-07-24,18,5,27.8
2104,S003,2025-07-24,21,4,16.8
2105,S003,2025-05-08,0,0,4.1
2106,S003,2025-05-08,3,0,3.2
2107,S003,2025-05-08,6,3,17.1
2108,S003,2025-05-08,9,5,26.6
2109,S003,2025-05-08,12,3,23.4
2110,S003,2025-05-08,15,3,23.8
2111,S003,2025-05-08,18,9,25.0
2112,S003,2025-05-08,21,9,15.2
2113,S003,2025-12-22,0,2,11.6
2114,S003,2025-12-22,3,1,6.8
2115,S003,2025-12-22,6,4,9.2
2116,S003,2025-12-22,9,4,26.2
2117,S003,2025-12-22,12,1,24.0
2118,S003,2025-12-22,15,3,15.8
2119,S003,2025-12-22,18,10,32.8
2120,S003,2025-12-22,21,1,13.4
2121,S003,2025-10-03,0,1,8.4
2122,S003,2025-10-03,3,0,8.7
2123,S003,2025-10-03,6,7,12.0
2124,S003,2025-10-03,9,2,25.8
2125,S003,2025-10-03,12,8,12.8
2126,S003,2025-10-03,15,6,26.5
2127,S003,2025-10-03,18,10,31.9
2128,S003,2025-10-03,21,3,16.9
2129,S003,2025-12-12,0,0,7.3
2130,S003,2025-12-12,3,0,11.9
2131,S003,2025-12-12,6,2,9.5
2132,S003,2025-12-12,9,7,35.4
2133,S003,2025-12-12,12,2,10.1
2134,S003,2025-12-12,15,5,18.1
2135,S003,2025-12-12,18,3,30.0
2136,S003,2025-12-12,21,2,17.8
2137,S003,2025-10-02,0,0,11.3
2138,S003,2025-10-02,3,2,4.3
2139,S003,2025-10-02,6,1,14.1
2140,S003,2025-10-02,9,6,23.1
2141,S003,2025-10-02,12,4,13.3
2142,S003,2025-10-02,15,5,20.6
2143,S003,2025-10-02,18,3,26.2
2144,S003,2025-10-02,21,5,18.6
2145,S003,2025-03-25,0,0,6.3
2146,S003,2025-03-25,3,1,2.0
2147,S003,2025-03-25,6,1,13.9
2148,S003,2025-03-25,9,4,26.1
2149,S003,2025-03-25,12,2,15.8
2150,S003,2025-03-25,15,3,19.7
2151,S003,2025-03-25,18,7,30.3
2152,S003,2025-03-25,21,3,13.2
2153,S003,2025-07-18,0,1,6.8
2154,S003,2025-07-18,3,0,1.6
2155,S003,2025-07-18,6,2,18.8
2156,S003,2025-07-18,9,8,30.2
2157,S003,2025-07-18,12,3,14.2
2158,S003,2025-07-18,15,1,23.8
2159,S003,2025-07-18,18,6,30.5
2160,S003,2025-07-18,21,0,21.6
2161,S003,2025-10-15,0,0,2.9
2162,S003,2025-10-15,3,0,2.7
2163,S003,2025-10-15,6,2,21.8
2164,S003,2025-10-15,9,7,30.7
2165,S003,2025-10-15,12,5,26.6
2166,S003,2025-10-15,15,2,23.5
2167,S003,2025-10-15,18,6,29.0
2168,S003,2025-10-15,21,1,15.5
2169,S003,2025-04-01,0,1,10.1
2170,S003,2025-04-01,3,0,4.9
2171,S003,2025-04-01,6,3,5.6
2172,S003,2025-04-01,9,3,24.6
2173,S003,2025-04-01,12,2,15.9
2174,S003,2025-04-01,15,1,14.7
2175,S003,2025-04-01,18,10,30.2
2176,S003,2025-04-01,21,2,20.0
2177,S003,2025-08-09,0,2,13.5
2178,S003,2025-08-09,3,0,6.7
2179,S003,2025-08-09,6,4,9.9
2180,S003,2025-08-09,9,5,28.2
2181,S003,2025-08-09,12,3,16.9
2182,S003,2025-08-09,15,6,26.0
2183,S003,2025-08-09,18,5,34.5
2184,S003,2025-08-09,21,2,18.4
2185,S003,2025-11-23,0,1,9.2
2186,S003,2025-11-23,3,1,7.2
2187,S003,2025-11-23,6,3,17.3
2188,S003,2025-11-23,9,4,34.0
2189,S003,2025-11-23,12,2,15.8
2190,S003,2025-11-23,15,2,16.4
2191,S003,2025-11-23,18,5,26.2
2192,S003,2025-11-23,21,2,18.8
2193,S003,2025-11-09,0,1,8.7
2194,S003,2025-11-09,3,1,2.3
2195,S003,2025-11-09,6,2,14.9
2196,S003,2025-11-09,9,2,27.0
2197,S003,2025-11-09,12,4,16.6
2198,S003,2025-11-09,15,5,21.6
2199,S003,2025-11-09,18,9,24.8
2200,S003,2025-11-09,21,2,8.8
2201,S003,2025-04-10,0,1,6.7
2202,S003,2025-04-10,3,0,14.3
2203,S003,2025-04-10,6,1,12.5
2204,S003,2025-04-10,9,2,30.3
2205,S003,2025-04-10,12,3,18.9
2206,S003,2025-04-10,15,4,22.5
2207,S003,2025-04-10,18,12,26.7
2208,S003,2025-04-10,21,1,16.8
2209,S003,2025-02-09,0,2,9.5
2210,S003,2025-02-09,3,0,7.3
2211,S003,2025-02-09,6,5,17.8
2212,S003,2025-02-09,9,9,25.3
2213,S003,2025-02-09,12,6,16.9
2214,S003,2025-02-09,15,1,23.1
2215,S003,2025-02-09,18,5,24.2
2216,S003,2025-02-09,21,3,18.2
2217,S003,2025-10-11,0,1,7.8
2218,S003,2025-10-11,3,0,8.2
2219,S003,2025-10-11,6,3,12.6
2220,S003,2025-10-11,9,6,24.6
2221,S003,2025-10-11,12,3,21.1
2222,S003,2025-10-11,15,6,20.8
2223,S003,2025-10-11,18,6,30.9
2224,S003,2025-10-11,21,2,29.2
2225,S003,2025-11-01,0,0,9.6
2226,S003,2025-11-01,3,1,10.5
2227,S003,2025-11-01,6,2,14.3
2228,S003,2025-11-01,9,9,25.9
2229,S003,2025-11-01,12,4,16.0
2230,S003,2025-11-01,15,5,23.2
2231,S003,2025-11-01,18,8,25.6
2232,S003,2025-11-01,21,1,13.8
2233,S003,2025-08-14,0,0,10.5
2234,S003,2025-08-14,3,1,1.1
2235,S003,2025-08-14,6,1,11.5
2236,S003,2025-08-14,9,7,28.9
2237,S003,2025-08-14,12,2,17.5
2238,S003,2025-08-14,15,4,28.5
2239,S003,2025-08-14,18,5,28.3
2240,S003,2025-08-14,21,3,23.2
2241,S003,2025-03-30,0,0,4.9
2242,S003,2025-03-30,3,0,3.9
2243,S003,2025-03-30,6,3,17.4
2244,S003,2025-03-30,9,7,24.2
2245,S003,2025-03-30,12,4,22.6
2246,S003,2025-03-30,15,4,18.0
2247,S003,2025-03-30,18,4,27.5
2248,S003,2025-03-30,21,5,17.4
2249,S003,2025-09-19,0,0,4.8
2250,S003,2025-09-19,3,1,12.0
2251,S003,2025-09-19,6,3,17.0
2252,S003,2025-09-19,9,10,25.8
2253,S003,2025-09-19,12,4,11.8
2254,S003,2025-09-19,15,1,9.6
2255,S003,2025-09-19,18,9,25.3
2256,S003,2025-09-19,21,3,16.5
2257,S003,2025-06-17,0,0,7.1
2258,S003,2025-06-17,3,1,6.7
2259,S003,2025-06-17,6,4,11.8
2260,S003,2025-06-17,9,3,25.0
2261,S003,2025-06-17,12,4,15.6
2262,S003,2025-06-17,15,3,22.5
2263,S003,2025-06-17,18,4,25.2
2264,S003,2025-06-17,21,6,15.9
2265,S003,2025-07-14,0,2,1.8
2266,S003,2025-07-14,3,0,12.7
2267,S003,2025-07-14,6,2,9.2
2268,S003,2025-07-14,9,3,27.4
2269,S003,2025-07-14,12,3,25.2
2270,S003,2025-07-14,15,4,18.7
2271,S003,2025-07-14,18,2,34.4
2272,S003,2025-07-14,21,3,23.0
2273,S003,2025-03-21,0,0,0.0
2274,S003,2025-03-21,3,1,3.7
2275,S003,2025-03-21,6,5,6.8
2276,S003,2025-03-21,9,8,14.4
2277,S003,2025-03-21,12,6,10.1
2278,S003,2025-03-21,15,6,21.8
2279,S003,2025-03-21,18,1,25.1
2280,S003,2025-03-21,21,1,22.0
2281,S003,2025-10-10,0,0,9.2
2282,S003,2025-10-10,3,1,6.6
2283,S003,2025-10-10,6,3,14.9
2284,S003,2025-10-10,9,4,29.0
2285,S003,2025-10-10,12,3,12.7
2286,S003,2025-10-10,15,4,19.4
2287,S003,2025-10-10,18,3,33.4
2288,S003,2025-10-10,21,4,16.3
2289,S003,2025-07-28,0,1,10.7
2290,S003,2025-07-28,3,2,8.4
2291,S003,2025-07-28,6,1,20.4
2292,S003,2025-07-28,9,8,26.3
2293,S003,2025-07-28,12,6,7.2
2294,S003,2025-07-28,15,4,17.1
2295,S003,2025-07-28,18,7,31.9
2296,S003,2025-07-28,21,3,17.5
2297,S003,2025-11-08,0,1,7.5
2298,S003,2025-11-08,3,0,3.7
2299,S003,2025-11-08,6,4,22.1
2300,S003,2025-11-08,9,8,31.6
2301,S003,2025-11-08,12,4,20.0
2302,S003,2025-11-08,15,3,17.3
2303,S003,2025-11-08,18,9,34.4
2304,S003,2025-11-08,21,4,10.1
2305,S003,2025-02-16,0,0,5.0
2306,S003,2025-02-16,3,0,3.8
2307,S003,2025-02-16,6,4,13.2
2308,S003,2025-02-16,9,3,27.1
2309,S003,2025-02-16,12,4,13.2
2310,S003,2025-02-16,15,3,18.5
2311,S003,2025-02-16,18,7,20.8
2312,S003,2025-02-16,21,1,21.7
2313,S003,2025-04-22,0,0,9.7
2314,S003,2025-04-22,3,0,8.9
2315,S003,2025-04-22,6,3,11.0
2316,S003,2025-04-22,9,4,28.2
2317,S003,2025-04-22,12,2,13.8
2318,S003,2025-04-22,15,5,20.3
2319,S003,2025-04-22,18,11,31.4
2320,S003,2025-04-22,21,3,16.2
2321,S003,2025-08-18,0,1,12.1
2322,S003,2025-08-18,3,0,5.5
2323,S003,2025-08-18,6,3,18.0
2324,S003,2025-08-18,9,9,22.4
2325,S003,2025-08-18,12,5,15.6
2326,S003,2025-08-18,15,4,25.3
2327,S003,2025-08-18,18,10,30.2
2328,S003,2025-08-18,21,2,22.1
2329,S003,2025-01-23,0,1,9.6
2330,S003,2025-01-23,3,0,4.9
2331,S003,2025-01-23,6,2,9.6
2332,S003,2025-01-23,9,7,32.2
2333,S003,2025-01-23,12,4,13.3
2334,S003,2025-01-23,15,3,24.1
2335,S003,2025-01-23,18,5,31.7
2336,S003,2025-01-23,21,5,14.9
2337,S003,2025-01-05,0,0,17.1
2338,S003,2025-01-05,3,0,6.6
2339,S003,2025-01-05,6,1,13.6
2340,S003,2025-01-05,9,3,24.0
2341,S003,2025-01-05,12,4,16.7
2342,S003,2025-01-05,15,3,17.7
2343,S003,2025-01-05,18,4,34.6
2344,S003,2025-01-05,21,3,19.4
2345,S003,2025-04-13,0,0,3.8
2346,S003,2025-04-13,3,2,6.6
2347,S003,2025-04-13,6,4,14.0
2348,S003,2025-04-13,9,4,23.2
2349,S003,2025-04-13,12,5,18.8
2350,S003,2025-04-13,15,4,19.7
2351,S003,2025-04-13,18,2,29.8
2352,S003,2025-04-13,21,3,18.3
2353,S003,2025-12-10,0,2,8.3
2354,S003,2025-12-10,3,1,11.0
2355,S003,2025-12-10,6,3,17.7
2356,S003,2025-12-10,9,7,29.4
2357,S003,2025-12-10,12,6,12.3
2358,S003,2025-12-10,15,3,19.5
2359,S003,2025-12-10,18,7,30.6
2360,S003,2025-12-10,21,2,16.0
2361,S003,2025-02-23,0,0,7.2
2362,S003,2025-02-23,3,0,9.9
2363,S003,2025-02-23,6,2,9.9
2364,S003,2025-02-23,9,3,31.1
2365,S003,2025-02-23,12,1,13.9
2366,S003,2025-02-23,15,3,18.4
2367,S003,2025-02-23,18,6,29.7
2368,S003,2025-02-23,21,4,18.8
2369,S003,2025-03-27,0,1,9.5
2370,S003,2025-03-27,3,1,8.2
2371,S003,2025-03-27,6,4,25.8
2372,S003,2025-03-27,9,1,25.9
2373,S003,2025-03-27,12,4,16.3
2374,S003,2025-03-27,15,6,20.2
2375,S003,2025-03-27,18,8,35.5
2376,S003,2025-03-27,21,7,22.1
2377,S003,2025-08-15,0,0,9.7
2378,S003,2025-08-15,3,1,1.8
2379,S003,2025-08-15,6,6,19.6
2380,S003,2025-08-15,9,6,18.5
2381,S003,2025-08-15,12,4,15.0
2382,S003,2025-08-15,15,2,15.1
2383,S003,2025-08-15,18,7,30.4
2384,S003,2025-08-15,21,7,22.3
2385,S003,2025-12-09,0,1,15.2
2386,S003,2025-12-09,3,0,4.0
2387,S003,2025-12-09,6,1,13.6
2388,S003,2025-12-09,9,2,25.5
2389,S003,2025-12-09,12,2,19.2
2390,S003,2025-12-09,15,1,20.4
2391,S003,2025-12-09,18,14,28.5
2392,S003,2025-12-09,21,0,11.0
2393,S003,2025-08-20,0,0,8.3
2394,S003,2025-08-20,3,3,6.0
2395,S003,2025-08-20,6,4,16.2
2396,S003,2025-08-20,9,5,20.9
2397,S003,2025-08-20,12,4,10.2
2398,S003,2025-08-20,15,2,25.6
2399,S003,2025-08-20,18,3,32.2
2400,S003,2025-08-20,21,1,17.2
2401,S003,2025-09-09,0,0,8.9
2402,S003,2025-09-09,3,0,8.9
2403,S003,2025-09-09,6,2,12.5
2404,S003,2025-09-09,9,2,25.3
2405,S003,2025-09-09,12,3,16.8
2406,S003,2025-09-09,15,5,19.0
2407,S003,2025-09-09,18,6,35.5
2408,S003,2025-09-09,21,4,23.6
2409,S003,2025-01-10,0,2,7.9
2410,S003,2025-01-10,3,0,11.0
2411,S003,2025-01-10,6,0,16.7
2412,S003,2025-01-10,9,6,31.0
2413,S003,2025-01-10,12,1,20.5
2414,S003,2025-01-10,15,0,19.7
2415,S003,2025-01-10,18,10,25.2
2416,S003,2025-01-10,21,0,20.7
2417,S003,2025-04-30,0,0,7.8
2418,S003,2025-04-30,3,1,5.3
2419,S003,2025-04-30,6,1,10.4
2420,S003,2025-04-30,9,8,31.7
2421,S003,2025-04-30,12,3,11.5
2422,S003,2025-04-30,15,4,25.9
2423,S003,2025-04-30,18,5,33.5
2424,S003,2025-04-30,21,2,20.4
2425,S003,2025-02-07,0,0,9.9
2426,S003,2025-02-07,3,1,9.3
2427,S003,2025-02-07,6,1,15.2
2428,S003,2025-02-07,9,4,34.0
2429,S003,2025-02-07,12,1,26.8
2430,S003,2025-02-07,15,0,21.6
2431,S003,2025-02-07,18,9,31.5
2432,S003,2025-02-07,21,2,14.7
2433,S003,2025-11-14,0,1,7.8
2434,S003,2025-11-14,3,0,9.3
2435,S003,2025-11-14,6,2,11.1
2436,S003,2025-11-14,9,7,23.6
2437,S003,2025-11-14,12,4,17.3
2438,S003,2025-11-14,15,4,22.7
2439,S003,2025-11-14,18,5,30.5
2440,S003,2025-11-14,21,2,16.9
2441,S003,2025-01-28,0,0,8.9
2442,S003,2025-01-28,3,2,9.2
2443,S003,2025-01-28,6,1,14.5
2444,S003,2025-01-28,9,7,30.0
2445,S003,2025-01-28,12,4,20.3
2446,S003,2025-01-28,15,3,17.0
2447,S003,2025-01-28,18,5,28.7
2448,S003,2025-01-28,21,9,22.3
2449,S003,2025-05-09,0,0,0.0
2450,S003,2025-05-09,3,2,17.3
2451,S003,2025-05-09,6,4,21.5
2452,S003,2025-05-09,9,6,27.2
2453,S003,2025-05-09,12,2,17.7
2454,S003,2025-05-09,15,5,18.1
2455,S003,2025-05-09,18,5,21.2
2456,S003,2025-05-09,21,1,16.7
2457,S003,2025-03-10,0,0,1.8
2458,S003,2025-03-10,3,1,8.3
2459,S003,2025-03-10,6,5,17.3
2460,S003,2025-03-10,9,6,31.6
2461,S003,2025-03-10,12,3,20.8
2462,S003,2025-03-10,15,2,18.1
2463,S003,2025-03-10,18,3,26.4
2464,S003,2025-03-10,21,2,14.1
2465,S003,2025-09-13,0,1,11.7
2466,S003,2025-09-13,3,1,8.7
2467,S003,2025-09-13,6,0,19.4
2468,S003,2025-09-13,9,3,32.5
2469,S003,2025-09-13,12,2,17.7
2470,S003,2025-09-13,15,5,18.2
2471,S003,2025-09-13,18,8,25.7
2472,S003,2025-09-13,21,4,10.2
2473,S003,2025-12-17,0,1,9.8
2474,S003,2025-12-17,3,2,9.3
2475,S003,2025-12-17,6,1,20.8
2476,S003,2025-12-17,9,8,26.8
2477,S003,2025-12-17,12,4,11.7
2478,S003,2025-12-17,15,2,20.9
2479,S003,2025-12-17,18,7,26.0
2480,S003,2025-12-17,21,2,14.7
2481,S003,2025-01-22,0,4,10.3
2482,S003,2025-01-22,3,3,7.8
2483,S003,2025-01-22,6,3,14.2
2484,S003,2025-01-22,9,4,32.7
2485,S003,2025-01-22,12,3,10.4
2486,S003,2025-01-22,15,3,16.5
2487,S003,2025-01-22,18,2,23.2
2488,S003,2025-01-22,21,4,20.2
2489,S003,2025-06-25,0,0,7.6
2490,S003,2025-06-25,3,1,6.1
2491,S003,2025-06-25,6,4,12.9
2492,S003,2025-06-25,9,4,35.4
2493,S003,2025-06-25,12,1,17.7
2494,S003,2025-06-25,15,0,13.1
2495,S003,2025-06-25,18,6,28.8
2496,S003,2025-06-25,21,5,10.6
2497,S003,2025-01-25,0,2,10.0
2498,S003,2025-01-25,3,1,1.6
2499,S003,2025-01-25,6,1,17.2
2500,S003,2025-01-25,9,4,31.5
2501,S003,2025-01-25,12,0,17.6
2502,S003,2025-01-25,15,3,20.0
2503,S003,2025-01-25,18,7,32.9
2504,S003,2025-01-25,21,5,7.8
2505,S003,2025-10-05,0,1,6.2
2506,S003,2025-10-05,3,1,8.6
2507,S003,2025-10-05,6,1,10.1
2508,S003,2025-10-05,9,3,26.7
2509,S003,2025-10-05,12,2,14.7
2510,S003,2025-10-05,15,4,20.4
2511,S003,2025-10-05,18,6,41.7
2512,S003,2025-10-05,21,3,14.2
2513,S003,2025-11-10,0,0,9.6
2514,S003,2025-11-10,3,1,10.3
2515,S003,2025-11-10,6,0,9.8
2516,S003,2025-11-10,9,4,29.6
2517,S003,2025-11-10,12,1,17.7
2518,S003,2025-11-10,15,6,20.8
2519,S003,2025-11-10,18,5,32.4
2520,S003,2025-11-10,21,2,20.9
2521,S003,2025-01-27,0,1,9.8
2522,S003,2025-01-27,3,3,8.8
2523,S003,2025-01-27,6,1,9.0
2524,S003,2025-01-27,9,6,29.9
2525,S003,2025-01-27,12,3,15.8
2526,S003,2025-01-27,15,5,17.8
2527,S003,2025-01-27,18,8,24.3
2528,S003,2025-01-27,21,4,21.8
2529,S003,2025-07-30,0,0,8.7
2530,S003,2025-07-30,3,0,15.8
2531,S003,2025-07-30,6,1,16.5
2532,S003,2025-07-30,9,2,21.4
2533,S003,2025-07-30,12,2,20.7
2534,S003,2025-07-30,15,5,20.2
2535,S003,2025-07-30,18,4,27.2
2536,S003,2025-07-30,21,2,16.9
2537,S003,2025-02-03,0,0,15.1
2538,S003,2025-02-03,3,0,17.6
2539,S003,2025-02-03,6,0,20.9
2540,S003,2025-02-03,9,4,24.1
2541,S003,2025-02-03,12,2,18.0
2542,S003,2025-02-03,15,5,23.3
2543,S003,2025-02-03,18,8,25.7
2544,S003,2025-02-03,21,1,20.8
2545,S003,2025-11-04,0,0,12.3
2546,S003,2025-11-04,3,0,12.1
2547,S003,2025-11-04,6,4,16.8
2548,S003,2025-11-04,9,7,30.1
2549,S003,2025-11-04,12,4,23.0
2550,S003,2025-11-04,15,0,14.8
2551,S003,2025-11-04,18,7,28.4
2552,S003,2025-11-04,21,3,21.3
2553,S003,2025-06-04,0,0,9.4
2554,S003,2025-06-04,3,0,10.8
2555,S003,2025-06-04,6,0,14.1
2556,S003,2025-06-04,9,8,29.1
2557,S003,2025-06-04,12,4,21.4
2558,S003,2025-06-04,15,1,24.2
2559,S003,2025-06-04,18,7,32.5
2560,S003,2025-06-04,21,3,19.7
2561,S003,2025-07-21,0,0,4.5
2562,S003,2025-07-21,3,0,7.9
2563,S003,2025-07-21,6,1,9.9
2564,S003,2025-07-21,9,7,18.8
2565,S003,2025-07-21,12,4,16.7
2566,S003,2025-07-21,15,8,18.9
2567,S003,2025-07-21,18,10,26.7
2568,S003,2025-07-21,21,4,11.6
2569,S003,2025-12-04,0,1,8.1
2570,S003,2025-12-04,3,1,18.5
2571,S003,2025-12-04,6,8,17.3
2572,S003,2025-12-04,9,6,29.3
2573,S003,2025-12-04,12,5,20.4
2574,S003,2025-12-04,15,2,19.3
2575,S003,2025-12-04,18,9,25.7
2576,S003,2025-12-04,21,6,18.0
2577,S003,2025-07-11,0,1,7.1
2578,S003,2025-07-11,3,0,3.7
2579,S003,2025-07-11,6,2,15.8
2580,S003,2025-07-11,9,5,31.1
2581,S003,2025-07-11,12,2,20.3
2582,S003,2025-07-11,15,4,19.0
2583,S003,2025-07-11,18,2,30.1
2584,S003,2025-07-11,21,3,11.4
2585,S003,2025-09-06,0,0,10.9
2586,S003,2025-09-06,3,1,8.1
2587,S003,2025-09-06,6,0,11.9
2588,S003,2025-09-06,9,9,24.8
2589,S003,2025-09-06,12,3,14.4
2590,S003,2025-09-06,15,3,17.1
2591,S003,2025-09-06,18,7,39.5
2592,S003,2025-09-06,21,1,18.4
2593,S003,2025-09-17,0,1,2.6
2594,S003,2025-09-17,3,0,7.1
2595,S003,2025-09-17,6,7,18.4
2596,S003,2025-09-17,9,5,27.2
2597,S003,2025-09-17,12,1,9.8
2598,S003,2025-09-17,15,2,24.7
2599,S003,2025-09-17,18,8,26.9
2600,S003,2025-09-17,21,6,10.3
2601,S003,2025-03-11,0,3,10.0
2602,S003,2025-03-11,3,1,14.3
2603,S003,2025-03-11,6,5,11.7
2604,S003,2025-03-11,9,6,30.9
2605,S003,2025-03-11,12,2,17.1
2606,S003,2025-03-11,15,0,17.9
2607,S003,2025-03-11,18,5,25.9
2608,S003,2025-03-11,21,5,15.2
2609,S003,2025-10-16,0,0,7.4
2610,S003,2025-10-16,3,1,9.5
2611,S003,2025-10-16,6,3,19.2
2612,S003,2025-10-16,9,4,27.4
2613,S003,2025-10-16,12,5,20.7
2614,S003,2025-10-16,15,2,18.8
2615,S003,2025-10-16,18,4,29.1
2616,S003,2025-10-16,21,5,19.2
2617,S003,2025-09-16,0,0,0.2
2618,S003,2025-09-16,3,0,5.7
2619,S003,2025-09-16,6,5,19.3
2620,S003,2025-09-16,9,4,28.6
2621,S003,2025-09-16,12,3,19.3
2622,S003,2025-09-16,15,5,23.1
2623,S003,2025-09-16,18,7,30.5
2624,S003,2025-09-16,21,7,22.4
2625,S003,2025-08-16,0,0,9.4
2626,S003,2025-08-16,3,0,6.5
2627,S003,2025-08-16,6,2,11.5
2628,S003,2025-08-16,9,3,26.4
2629,S003,2025-08-16,12,3,8.7
2630,S003,2025-08-16,15,2,15.8
2631,S003,2025-08-16,18,6,31.4
2632,S003,2025-08-16,21,2,18.3
2633,S003,2025-12-19,0,0,0.0
2634,S003,2025-12-19,3,0,9.7
2635,S003,2025-12-19,6,4,15.6
2636,S003,2025-12-19,9,4,30.3
2637,S003,2025-12-19,12,2,15.6
2638,S003,2025-12-19,15,2,24.5
2639,S003,2025-12-19,18,6,35.4
2640,S003,2025-12-19,21,4,17.0
2641,S003,2025-10-22,0,0,6.1
2642,S003,2025-10-22,3,1,5.9
2643,S003,2025-10-22,6,2,21.3
2644,S003,2025-10-22,9,8,30.1
2645,S003,2025-10-22,12,1,17.4
2646,S003,2025-10-22,15,4,22.9
2647,S003,2025-10-22,18,8,32.7
2648,S003,2025-10-22,21,5,15.5
2649,S003,2025-05-16,0,0,10.2
2650,S003,2025-05-16,3,0,8.8
2651,S003,2025-05-16,6,4,4.5
2652,S003,2025-05-16,9,3,30.3
2653,S003,2025-05-16,12,4,17.5
2654,S003,2025-05-16,15,0,18.2
2655,S003,2025-05-16,18,4,36.5
2656,S003,2025-05-16,21,3,23.2
2657,S003,2025-09-03,0,0,11.1
2658,S003,2025-09-03,3,2,14.2
2659,S003,2025-09-03,6,2,10.7
2660,S003,2025-09-03,9,5,32.0
2661,S003,2025-09-03,12,3,9.1
2662,S003,2025-09-03,15,5,14.2
2663,S003,2025-09-03,18,4,27.6
2664,S003,2025-09-03,21,2,15.1
2665,S003,2025-05-06,0,0,6.5
2666,S003,2025-05-06,3,0,10.3
2667,S003,2025-05-06,6,4,10.1
2668,S003,2025-05-06,9,7,27.0
2669,S003,2025-05-06,12,4,16.0
2670,S003,2025-05-06,15,4,22.0
2671,S003,2025-05-06,18,6,22.5
2672,S003,2025-05-06,21,2,26.9
2673,S003,2025-04-21,0,1,9.2
2674,S003,2025-04-21,3,1,4.6
2675,S003,2025-04-21,6,3,9.4
2676,S003,2025-04-21,9,5,23.6
2677,S003,2025-04-21,12,6,15.0
2678,S003,2025-04-21,15,2,20.0
2679,S003,2025-04-21,18,9,30.0
2680,S003,2025-04-21,21,1,18.3
2681,S003,2025-12-23,0,1,7.3
2682,S003,2025-12-23,3,0,9.9
2683,S003,2025-12-23,6,1,13.5
2684,S003,2025-12-23,9,3,29.8
2685,S003,2025-12-23,12,3,15.6
2686,S003,2025-12-23,15,5,16.6
2687,S003,2025-12-23,18,5,33.7
2688,S003,2025-12-23,21,4,16.8
2689,S003,2025-04-12,0,0,10.9
2690,S003,2025-04-12,3,1,5.0
2691,S003,2025-04-12,6,3,18.6
2692,S003,2025-04-12,9,5,27.6
2693,S003,2025-04-12,12,3,8.3
2694,S003,2025-04-12,15,2,22.1
2695,S003,2025-04-12,18,6,24.9
2696,S003,2025-04-12,21,2,17.0
2697,S003,2025-11-06,0,0,7.5
2698,S003,2025-11-06,3,0,4.2
2699,S003,2025-11-06,6,8,25.0
2700,S003,2025-11-06,9,4,26.1
2701,S003,2025-11-06,12,0,9.6
2702,S003,2025-11-06,15,3,26.3
2703,S003,2025-11-06,18,17,29.0
2704,S003,2025-11-06,21,4,22.4
2705,S003,2025-02-06,0,0,8.4
2706,S003,2025-02-06,3,0,8.4
2707,S003,2025-02-06,6,1,10.7
2708,S003,2025-02-06,9,6,28.3
2709,S003,2025-02-06,12,4,19.9
2710,S003,2025-02-06,15,3,20.8
2711,S003,2025-02-06,18,5,31.7
2712,S003,2025-02-06,21,1,19.7
2713,S003,2025-04-05,0,2,3.7
2714,S003,2025-04-05,3,1,5.3
2715,S003,2025-04-05,6,4,3.3
2716,S003,2025-04-05,9,8,22.4
2717,S003,2025-04-05,12,1,13.6
2718,S003,2025-04-05,15,3,24.6
2719,S003,2025-04-05,18,7,27.9
2720,S003,2025-04-05,21,4,21.2
2721,S003,2025-09-18,0,0,4.9
2722,S003,2025-09-18,3,1,5.1
2723,S003,2025-09-18,6,0,19.5
2724,S003,2025-09-18,9,4,23.4
2725,S003,2025-09-18,12,2,15.4
2726,S003,2025-09-18,15,4,16.2
2727,S003,2025-09-18,18,6,28.6
2728,S003,2025-09-18,21,2,19.8
2729,S003,2025-02-21,0,1,3.3
2730,S003,2025-02-21,3,0,11.5
2731,S003,2025-02-21,6,3,16.7
2732,S003,2025-02-21,9,3,29.5
2733,S003,2025-02-21,12,3,14.4
2734,S003,2025-02-21,15,5,28.7
2735,S003,2025-02-21,18,4,31.2
2736,S003,2025-02-21,21,3,21.4
2737,S003,2025-01-17,0,0,15.6
2738,S003,2025-01-17,3,0,10.4
2739,S003,2025-01-17,6,3,9.2
2740,S003,2025-01-17,9,3,23.9
2741,S003,2025-01-17,12,2,14.3
2742,S003,2025-01-17,15,5,14.7
2743,S003,2025-01-17,18,7,35.6
2744,S003,2025-01-17,21,6,14.4
2745,S003,2025-03-04,0,2,5.6
2746,S003,2025-03-04,3,1,5.4
2747,S003,2025-03-04,6,2,9.3
2748,S003,2025-03-04,9,5,26.4
2749,S003,2025-03-04,12,3,17.9
2750,S003,2025-03-04,15,3,12.4
2751,S003,2025-03-04,18,7,26.5
2752,S003,2025-03-04,21,1,17.6
2753,S003,2025-03-23,0,0,15.5
2754,S003,2025-03-23,3,0,4.5
2755,S003,2025-03-23,6,3,17.4
2756,S003,2025-03-23,9,6,28.1
2757,S003,2025-03-23,12,4,17.1
2758,S003,2025-03-23,15,3,23.6
2759,S003,2025-03-23,18,6,26.2
2760,S003,2025-03-23,21,2,18.0
2761,S003,2025-03-28,0,1,0.0
2762,S003,2025-03-28,3,0,9.0
2763,S003,2025-03-28,6,1,13.5
2764,S003,2025-03-28,9,9,30.6
2765,S003,2025-03-28,12,2,21.2
2766,S003,2025-03-28,15,6,25.7
2767,S003,2025-03-28,18,6,34.3
2768,S003,2025-03-28,21,0,15.0
2769,S003,2025-11-29,0,1,7.8
2770,S003,2025-11-29,3,0,5.1
2771,S003,2025-11-29,6,6,10.1
2772,S003,2025-11-29,9,9,30.0
2773,S003,2025-11-29,12,4,17.6
2774,S003,2025-11-29,15,1,17.9
2775,S003,2025-11-29,18,5,29.4
2776,S003,2025-11-29,21,0,17.4
2777,S003,2025-05-14,0,0,13.6
2778,S003,2025-05-14,3,0,0.0
2779,S003,2025-05-14,6,2,11.6
2780,S003,2025-05-14,9,7,26.4
2781,S003,2025-05-14,12,3,16.1
2782,S003,2025-05-14,15,2,17.5
2783,S003,2025-05-14,18,6,34.7
2784,S003,2025-05-14,21,2,18.7
2785,S003,2025-02-05,0,2,12.3
2786,S003,2025-02-05,3,0,6.4
2787,S003,2025-02-05,6,4,8.6
2788,S003,2025-02-05,9,5,25.9
2789,S003,2025-02-05,12,5,16.9
2790,S003,2025-02-05,15,3,16.8
2791,S003,2025-02-05,18,9,22.2
2792,S003,2025-02-05,21,4,14.1
2793,S003,2025-09-04,0,1,13.4
2794,S003,2025-09-04,3,0,8.4
2795,S003,2025-09-04,6,3,14.9
2796,S003,2025-09-04,9,4,28.6
2797,S003,2025-09-04,12,3,17.2
2798,S003,2025-09-04,15,2,16.1
2799,S003,2025-09-04,18,11,21.0
2800,S003,2025-09-04,21,2,21.0
2801,S003,2025-10-04,0,1,6.1
2802,S003,2025-10-04,3,1,5.3
2803,S003,2025-10-04,6,5,19.3
2804,S003,2025-10-04,9,3,21.8
2805,S003,2025-10-04,12,2,19.6
2806,S003,2025-10-04,15,3,21.5
2807,S003,2025-10-04,18,3,34.4
2808,S003,2025-10-04,21,1,23.8
2809,S003,2025-05-25,0,1,9.5
2810,S003,2025-05-25,3,1,3.0
2811,S003,2025-05-25,6,3,11.7
2812,S003,2025-05-25,9,9,30.4
2813,S003,2025-05-25,12,6,13.3
2814,S003,2025-05-25,15,2,24.4
2815,S003,2025-05-25,18,5,33.9
2816,S003,2025-05-25,21,2,17.6
2817,S003,2025-10-19,0,1,9.0
2818,S003,2025-10-19,3,0,4.5
2819,S003,2025-10-19,6,0,18.8
2820,S003,2025-10-19,9,6,24.6
2821,S003,2025-10-19,12,3,20.7
2822,S003,2025-10-19,15,3,31.2
2823,S003,2025-10-19,18,7,26.7
2824,S003,2025-10-19,21,4,18.0
2825,S003,2025-06-16,0,2,8.9
2826,S003,2025-06-16,3,0,11.5
2827,S003,2025-06-16,6,5,15.8
2828,S003,2025-06-16,9,1,26.1
2829,S003,2025-06-16,12,2,14.5
2830,S003,2025-06-16,15,1,17.9
2831,S003,2025-06-16,18,3,33.2
2832,S003,2025-06-16,21,2,23.8
2833,S003,2025-03-24,0,0,6.1
2834,S003,2025-03-24,3,0,14.1
2835,S003,2025-03-24,6,4,22.9
2836,S003,2025-03-24,9,2,23.4
2837,S003,2025-03-24,12,2,19.5
2838,S003,2025-03-24,15,5,30.4
2839,S003,2025-03-24,18,7,31.4
2840,S003,2025-03-24,21,4,22.1
2841,S003,2025-12-14,0,2,3.6
2842,S003,2025-12-14,3,0,6.6
2843,S003,2025-12-14,6,4,18.8
2844,S003,2025-12-14,9,4,34.4
2845,S003,2025-12-14,12,2,24.1
2846,S003,2025-12-14,15,3,14.9
2847,S003,2025-12-14,18,7,28.4
2848,S003,2025-12-14,21,4,21.9
2849,S003,2025-12-07,0,0,5.0
2850,S003,2025-12-07,3,0,1.9
2851,S003,2025-12-07,6,1,10.3
2852,S003,2025-12-07,9,5,28.8
2853,S003,2025-12-07,12,3,14.0
2854,S003,2025-12-07,15,0,19.9
2855,S003,2025-12-07,18,6,23.4
2856,S003,2025-12-07,21,4,19.0
2857,S003,2025-05-13,0,2,7.2
2858,S003,2025-05-13,3,1,7.4
2859,S003,2025-05-13,6,3,17.6
2860,S003,2025-05-13,9,3,28.2
2861,S003,2025-05-13,12,7,20.7
2862,S003,2025-05-13,15,2,19.8
2863,S003,2025-05-13,18,7,29.6
2864,S003,2025-05-13,21,3,18.9
2865,S003,2025-10-25,0,0,14.5
2866,S003,2025-10-25,3,1,9.4
2867,S003,2025-10-25,6,2,13.7
2868,S003,2025-10-25,9,3,35.3
2869,S003,2025-10-25,12,4,11.9
2870,S003,2025-10-25,15,3,21.2
2871,S003,2025-10-25,18,6,37.0
2872,S003,2025-10-25,21,4,18.6
2873,S003,2025-01-16,0,0,12.0
2874,S003,2025-01-16,3,0,14.2
2875,S003,2025-01-16,6,5,11.3
2876,S003,2025-01-16,9,11,29.0
2877,S003,2025-01-16,12,3,20.1
2878,S003,2025-01-16,15,5,24.9
2879,S003,2025-01-16,18,6,31.9
2880,S003,2025-01-16,21,2,18.2
2881,S004,2025-05-02,0,0,7.1
2882,S004,2025-05-02,3,0,12.1
2883,S004,2025-05-02,6,1,9.6
2884,S004,2025-05-02,9,2,27.2
2885,S004,2025-05-02,12,2,17.2
2886,S004,2025-05-02,15,5,19.8
2887,S004,2025-05-02,18,9,20.2
2888,S004,2025-05-02,21,1,16.6
2889,S004,2025-09-16,0,1,10.2
2890,S004,2025-09-16,3,0,9.4
2891,S004,2025-09-16,6,4,12.5
2892,S004,2025-09-16,9,4,27.7
2893,S004,2025-09-16,12,1,21.5
2894,S004,2025-09-16,15,4,20.9
2895,S004,2025-09-16,18,6,23.5
2896,S004,2025-09-16,21,4,15.7
2897,S004,2025-04-22,0,1,10.9
2898,S004,2025-04-22,3,0,8.2
2899,S004,2025-04-22,6,2,11.6
2900,S004,2025-04-22,9,6,31.9
2901,S004,2025-04-22,12,4,10.6
2902,S004,2025-04-22,15,4,23.0
2903,S004,2025-04-22,18,6,27.0
2904,S004,2025-04-22,21,0,18.2
2905,S004,2025-07-14,0,1,0.3
2906,S004,2025-07-14,3,1,7.4
2907,S004,2025-07-14,6,2,16.3
2908,S004,2025-07-14,9,6,19.0
2909,S004,2025-07-14,12,3,25.9
2910,S004,2025-07-14,15,4,23.2
2911,S004,2025-07-14,18,7,27.2
2912,S004,2025-07-14,21,0,13.1
2913,S004,2025-07-04,0,0,9.0
2914,S004,2025-07-04,3,0,1.3
2915,S004,2025-07-04,6,1,15.4
2916,S004,2025-07-04,9,5,32.6
2917,S004,2025-07-04,12,3,17.7
2918,S004,2025-07-04,15,0,15.6
2919,S004,2025-07-04,18,5,27.4
2920,S004,2025-07-04,21,3,18.7
2921,S004,2025-01-05,0,1,2.5
2922,S004,2025-01-05,3,0,3.7
2923,S004,2025-01-05,6,2,16.6
2924,S004,2025-01-05,9,6,25.8
2925,S004,2025-01-05,12,6,14.4
2926,S004,2025-01-05,15,3,23.9
2927,S004,2025-01-05,18,3,32.6
2928,S004,2025-01-05,21,1,13.9
2929,S004,2025-05-25,0,0,3.4
2930,S004,2025-05-25,3,0,3.2
2931,S004,2025-05-25,6,2,18.9
2932,S004,2025-05-25,9,4,21.4
2933,S004,2025-05-25,12,1,12.9
2934,S004,2025-05-25,15,2,21.9
2935,S004,2025-05-25,18,5,25.6
2936,S004,2025-05-25,21,6,16.5
2937,S004,2025-04-02,0,0,3.9
2938,S004,2025-04-02,3,0,1.7
2939,S004,2025-04-02,6,1,12.6
2940,S004,2025-04-02,9,1,30.2
2941,S004,2025-04-02,12,2,18.3
2942,S004,2025-04-02,15,7,15.7
2943,S004,2025-04-02,18,9,25.9
2944,S004,2025-04-02,21,2,20.8
2945,S004,2025-09-18,0,0,5.7
2946,S004,2025-09-18,3,1,10.9
2947,S004,2025-09-18,6,1,20.7
2948,S004,2025-09-18,9,7,28.0
2949,S004,2025-09-18,12,4,18.0
2950,S004,2025-09-18,15,4,21.1
2951,S004,2025-09-18,18,7,34.8
2952,S004,2025-09-18,21,3,20.9
2953,S004,2025-06-22,0,0,2.3
2954,S004,2025-06-22,3,0,0.0
2955,S004,2025-06-22,6,3,13.1
2956,S004,2025-06-22,9,5,23.7
2957,S004,2025-06-22,12,4,21.4
2958,S004,2025-06-22,15,5,24.5
2959,S004,2025-06-22,18,3,25.5
2960,S004,2025-06-22,21,2,21.3
2961,S004,2025-04-18,0,1,5.6
2962,S004,2025-04-18,3,0,10.4
2963,S004,2025-04-18,6,2,10.5
2964,S004,2025-04-18,9,7,26.0
2965,S004,2025-04-18,12,1,12.7
2966,S004,2025-04-18,15,5,23.9
2967,S004,2025-04-18,18,2,28.3
2968,S004,2025-04-18,21,5,16.7
2969,S004,2025-02-26,0,0,1.3
2970,S004,2025-02-26,3,0,2.0
2971,S004,2025-02-26,6,5,16.5
2972,S004,2025-02-26,9,6,23.7
2973,S004,2025-02-26,12,3,13.9
2974,S004,2025-02-26,15,2,16.3
2975,S004,2025-02-26,18,2,28.1
2976,S004,2025-02-26,21,2,26.3
2977,S004,2025-12-22,0,1,10.5
2978,S004,2025-12-22,3,1,4.6
2979,S004,2025-12-22,6,2,14.8
2980,S004,2025-12-22,9,5,25.2
2981,S004,2025-12-22,12,2,20.9
2982,S004,2025-12-22,15,2,15.7
2983,S004,2025-12-22,18,1,29.4
2984,S004,2025-12-22,21,4,14.6
2985,S004,2025-04-29,0,1,12.3
2986,S004,2025-04-29,3,0,2.7
2987,S004,2025-04-29,6,2,13.1
2988,S004,2025-04-29,9,3,30.7
2989,S004,2025-04-29,12,4,13.9
2990,S004,2025-04-29,15,2,21.2
2991,S004,2025-04-29,18,6,23.9
2992,S004,2025-04-29,21,2,15.0
2993,S004,2025-09-11,0,0,6.5
2994,S004,2025-09-11,3,1,4.3
2995,S004,2025-09-11,6,3,11.5
2996,S004,2025-09-11,9,6,23.1
2997,S004,2025-09-11,12,1,10.4
2998,S004,2025-09-11,15,4,26.4
2999,S004,2025-09-11,18,3,36.2
3000,S004,2025-09-11,21,2,16.6
3001,S004,2025-10-16,0,1,8.1
3002,S004,2025-10-16,3,0,12.8
3003,S004,2025-10-16,6,0,17.1
3004,S004,2025-10-16,9,7,27.7
3005,S004,2025-10-16,12,4,14.7
3006,S004,2025-10-16,15,4,15.8
3007,S004,2025-10-16,18,4,27.7
3008,S004,2025-10-16,21,5,8.3
3009,S004,2025-07-16,0,0,4.4
3010,S004,2025-07-16,3,0,15.5
3011,S004,2025-07-16,6,2,20.0
3012,S004,2025-07-16,9,4,32.8
3013,S004,2025-07-16,12,2,23.7
3014,S004,2025-07-16,15,3,11.0
3015,S004,2025-07-16,18,4,28.5
3016,S004,2025-07-16,21,6,17.4
3017,S004,2025-10-25,0,0,5.6
3018,S004,2025-10-25,3,1,9.0
3019,S004,2025-10-25,6,2,15.5
3020,S004,2025-10-25,9,4,26.1
3021,S004,2025-10-25,12,2,16.4
3022,S004,2025-10-25,15,1,16.0
3023,S004,2025-10-25,18,2,30.7
3024,S004,2025-10-25,21,5,14.0
3025,S004,2025-09-04,0,1,10.2
3026,S004,2025-09-04,3,0,0.0
3027,S004,2025-09-04,6,2,14.6
3028,S004,2025-09-04,9,8,28.8
3029,S004,2025-09-04,12,8,13.1
3030,S004,2025-09-04,15,4,12.7
3031,S004,2025-09-04,18,8,31.8
3032,S004,2025-09-04,21,4,18.6
3033,S004,2025-06-28,0,0,10.7
3034,S004,2025-06-28,3,0,10.7
3035,S004,2025-06-28,6,1,12.3
3036,S004,2025-06-28,9,5,26.5
3037,S004,2025-06-28,12,3,21.5
3038,S004,2025-06-28,15,4,26.3
3039,S004,2025-06-28,18,8,33.1
3040,S004,2025-06-28,21,3,15.6
3041,S004,2025-04-16,0,2,3.9
3042,S004,2025-04-16,3,0,12.8
3043,S004,2025-04-16,6,3,6.7
3044,S004,2025-04-16,9,7,25.7
3045,S004,2025-04-16,12,3,19.8
3046,S004,2025-04-16,15,4,20.3
3047,S004,2025-04-16,18,4,28.8
3048,S004,2025-04-16,21,4,14.3
3049,S004,2025-11-15,0,0,10.6
3050,S004,2025-11-15,3,0,10.4
3051,S004,2025-11-15,6,2,18.5
3052,S004,2025-11-15,9,9,33.4
3053,S004,2025-11-15,12,1,16.4
3054,S004,2025-11-15,15,0,19.0
3055,S004,2025-11-15,18,5,28.9
3056,S004,2025-11-15,21,3,16.6
3057,S004,2025-06-08,0,0,7.8
3058,S004,2025-06-08,3,1,12.4
3059,S004,2025-06-08,6,1,13.5
3060,S004,2025-06-08,9,11,25.3
3061,S004,2025-06-08,12,1,11.4
3062,S004,2025-06-08,15,4,21.5
3063,S004,2025-06-08,18,3,32.7
3064,S004,2025-06-08,21,2,19.1
3065,S004,2025-08-25,0,0,4.5
3066,S004,2025-08-25,3,1,6.7
3067,S004,2025-08-25,6,3,16.4
3068,S004,2025-08-25,9,10,34.5
3069,S004,2025-08-25,12,3,6.0
3070,S004,2025-08-25,15,8,21.5
3071,S004,2025-08-25,18,11,33.0
3072,S004,2025-08-25,21,1,15.3
3073,S004,2025-06-16,0,0,5.9
3074,S004,2025-06-16,3,2,7.4
3075,S004,2025-06-16,6,2,15.9
3076,S004,2025-06-16,9,4,36.5
3077,S004,2025-06-16,12,2,21.2
3078,S004,2025-06-16,15,2,16.1
3079,S004,2025-06-16,18,4,25.2
3080,S004,2025-06-16,21,3,20.3
3081,S004,2025-10-08,0,1,7.2
3082,S004,2025-10-08,3,1,0.0
3083,S004,2025-10-08,6,3,15.8
3084,S004,2025-10-08,9,5,21.6
3085,S004,2025-10-08,12,4,18.9
3086,S004,2025-10-08,15,7,24.2
3087,S004,2025-10-08,18,3,26.1
3088,S004,2025-10-08,21,5,12.7
3089,S004,2025-04-13,0,0,0.0
3090,S004,2025-04-13,3,4,3.7
3091,S004,2025-04-13,6,0,17.9
3092,S004,2025-04-13,9,5,32.2
3093,S004,2025-04-13,12,2,9.7
3094,S004,2025-04-13,15,2,20.5
3095,S004,2025-04-13,18,7,30.0
3096,S004,2025-04-13,21,2,14.6
3097,S004,2025-03-12,0,1,7.1
3098,S004,2025-03-12,3,1,9.0
3099,S004,2025-03-12,6,3,17.0
3100,S004,2025-03-12,9,5,29.5
3101,S004,2025-03-12,12,2,20.7
3102,S004,2025-03-12,15,1,11.7
3103,S004,2025-03-12,18,7,33.4
3104,S004,2025-03-12,21,3,15.1
3105,S004,2025-08-16,0,4,6.6
3106,S004,2025-08-16,3,2,1.3
3107,S004,2025-08-16,6,3,11.4
3108,S004,2025-08-16,9,5,30.2
3109,S004,2025-08-16,12,4,13.8
3110,S004,2025-08-16,15,3,22.3
3111,S004,2025-08-16,18,4,23.5
3112,S004,2025-08-16,21,5,16.1
3113,S004,2025-06-06,0,0,5.6
3114,S004,2025-06-06,3,1,9.8
3115,S004,2025-06-06,6,3,11.2
3116,S004,2025-06-06,9,2,23.2
3117,S004,2025-06-06,12,4,19.4
3118,S004,2025-06-06,15,6,16.4
3119,S004,2025-06-06,18,6,32.7
3120,S004,2025-06-06,21,3,13.5
3121,S004,2025-02-14,0,0,4.8
3122,S004,2025-02-14,3,0,6.7
3123,S004,2025-02-14,6,2,18.0
3124,S004,2025-02-14,9,3,25.8
3125,S004,2025-02-14,12,4,6.3
3126,S004,2025-02-14,15,3,20.7
3127,S004,2025-02-14,18,5,30.6
3128,S004,2025-02-14,21,3,16.0
3129,S004,2025-03-16,0,0,7.9
3130,S004,2025-03-16,3,2,3.4
3131,S004,2025-03-16,6,2,21.2
3132,S004,2025-03-16,9,7,22.2
3133,S004,2025-03-16,12,7,20.7
3134,S004,2025-03-16,15,5,19.3
3135,S004,2025-03-16,18,7,27.8
3136,S004,2025-03-16,21,4,17.9
3137,S004,2025-01-06,0,1,5.7
3138,S004,2025-01-06,3,1,12.9
3139,S004,2025-01-06,6,0,17.5
3140,S004,2025-01-06,9,7,22.4
3141,S004,2025-01-06,12,3,15.1
3142,S004,2025-01-06,15,2,19.9
3143,S004,2025-01-06,18,5,28.1
3144,S004,2025-01-06,21,3,22.1
3145,S004,2025-06-12,0,1,14.0
3146,S004,2025-06-12,3,0,5.5
3147,S004,2025-06-12,6,3,9.3
3148,S004,2025-06-12,9,6,24.8
3149,S004,2025-06-12,12,6,2.7
3150,S004,2025-06-12,15,2,18.6
3151,S004,2025-06-12,18,4,29.3
3152,S004,2025-06-12,21,5,19.9
3153,S004,2025-11-13,0,0,3.5
3154,S004,2025-11-13,3,1,11.6
3155,S004,2025-11-13,6,4,11.6
3156,S004,2025-11-13,9,6,28.4
3157,S004,2025-11-13,12,3,18.5
3158,S004,2025-11-13,15,4,23.0
3159,S004,2025-11-13,18,3,28.9
3160,S004,2025-11-13,21,3,18.5
3161,S004,2025-03-24,0,1,2.6
3162,S004,2025-03-24,3,2,4.8
3163,S004,2025-03-24,6,3,17.2
3164,S004,2025-03-24,9,5,26.4
3165,S004,2025-03-24,12,6,14.1
3166,S004,2025-03-24,15,4,19.3
3167,S004,2025-03-24,18,6,33.1
3168,S004,2025-03-24,21,3,10.5
3169,S004,2025-09-23,0,1,16.1
3170,S004,2025-09-23,3,0,3.5
3171,S004,2025-09-23,6,3,15.3
3172,S004,2025-09-23,9,4,26.8
3173,S004,2025-09-23,12,1,12.9
3174,S004,2025-09-23,15,3,19.8
3175,S004,2025-09-23,18,10,30.7
3176,S004,2025-09-23,21,2,17.6
3177,S004,2025-03-03,0,1,7.6
3178,S004,2025-03-03,3,0,11.0
3179,S004,2025-03-03,6,3,11.4
3180,S004,2025-03-03,9,8,30.0
3181,S004,2025-03-03,12,4,17.3
3182,S004,2025-03-03,15,2,19.9
3183,S004,2025-03-03,18,3,31.1
3184,S004,2025-03-03,21,4,13.0
3185,S004,2025-01-02,0,0,6.9
3186,S004,2025-01-02,3,0,2.8
3187,S004,2025-01-02,6,0,12.7
3188,S004,2025-01-02,9,6,25.5
3189,S004,2025-01-02,12,5,13.1
3190,S004,2025-01-02,15,3,20.7
3191,S004,2025-01-02,18,7,24.3
3192,S004,2025-01-02,21,1,25.6
3193,S004,2025-11-28,0,0,15.9
3194,S004,2025-11-28,3,0,1.5
3195,S004,2025-11-28,6,2,17.3
3196,S004,2025-11-28,9,3,31.1
3197,S004,2025-11-28,12,2,18.5
3198,S004,2025-11-28,15,3,29.5
3199,S004,2025-11-28,18,7,25.8
3200,S004,2025-11-28,21,2,26.3
3201,S004,2025-03-29,0,1,7.4
3202,S004,2025-03-29,3,1,16.8
3203,S004,2025-03-29,6,5,16.2
3204,S004,2025-03-29,9,4,26.4
3205,S004,2025-03-29,12,1,24.3
3206,S004,2025-03-29,15,3,14.7
3207,S004,2025-03-29,18,10,26.0
3208,S004,2025-03-29,21,4,18.4
3209,S004,2025-02-06,0,0,8.1
3210,S004,2025-02-06,3,0,3.1
3211,S004,2025-02-06,6,1,3.7
3212,S004,2025-02-06,9,7,27.5
3213,S004,2025-02-06,12,1,20.4
3214,S004,2025-02-06,15,1,20.1
3215,S004,2025-02-06,18,5,36.3
3216,S004,2025-02-06,21,2,8.3
3217,S004,2025-10-24,0,0,3.9
3218,S004,2025-10-24,3,0,10.8
3219,S004,2025-10-24,6,1,14.6
3220,S004,2025-10-24,9,6,24.8
3221,S004,2025-10-24,12,5,15.1
3222,S004,2025-10-24,15,2,24.7
3223,S004,2025-10-24,18,5,30.5
3224,S004,2025-10-24,21,2,14.9
3225,S004,2025-12-18,0,0,7.8
3226,S004,2025-12-18,3,0,7.0
3227,S004,2025-12-18,6,5,9.4
3228,S004,2025-12-18,9,7,28.4
3229,S004,2025-12-18,12,1,13.8
3230,S004,2025-12-18,15,5,19.0
3231,S004,2025-12-18,18,7,31.9
3232,S004,2025-12-18,21,3,21.7
3233,S004,2025-05-12,0,0,12.6
3234,S004,2025-05-12,3,1,15.6
3235,S004,2025-05-12,6,0,15.6
3236,S004,2025-05-12,9,6,29.9
3237,S004,2025-05-12,12,6,18.9
3238,S004,2025-05-12,15,5,17.7
3239,S004,2025-05-12,18,6,32.5
3240,S004,2025-05-12,21,5,18.7
3241,S004,2025-03-14,0,0,14.0
3242,S004,2025-03-14,3,0,8.7
3243,S004,2025-03-14,6,1,12.3
3244,S004,2025-03-14,9,12,30.2
3245,S004,2025-03-14,12,4,19.2
3246,S004,2025-03-14,15,5,21.9
3247,S004,2025-03-14,18,6,22.9
3248,S004,2025-03-14,21,2,17.4
3249,S004,2025-08-15,0,1,3.1
3250,S004,2025-08-15,3,0,7.9
3251,S004,2025-08-15,6,2,14.2
3252,S004,2025-08-15,9,1,28.2
3253,S004,2025-08-15,12,4,14.6
3254,S004,2025-08-15,15,4,23.8
3255,S004,2025-08-15,18,3,30.2
3256,S004,2025-08-15,21,1,14.2
3257,S004,2025-06-23,0,0,2.7
3258,S004,2025-06-23,3,1,9.6
3259,S004,2025-06-23,6,1,13.7
3260,S004,2025-06-23,9,10,26.1
3261,S004,2025-06-23,12,2,17.9
3262,S004,2025-06-23,15,5,20.1
3263,S004,2025-06-23,18,5,32.3
3264,S004,2025-06-23,21,5,18.7
3265,S004,2025-04-07,0,0,13.8
3266,S004,2025-04-07,3,0,7.6
3267,S004,2025-04-07,6,3,11.3
3268,S004,2025-04-07,9,8,28.2
3269,S004,2025-04-07,12,6,14.6
3270,S004,2025-04-07,15,5,22.6
3271,S004,2025-04-07,18,7,26.4
3272,S004,2025-04-07,21,2,20.4
3273,S004,2025-08-27,0,0,6.4
3274,S004,2025-08-27,3,0,12.4
3275,S004,2025-08-27,6,1,16.2
3276,S004,2025-08-27,9,5,26.4
3277,S004,2025-08-27,12,3,18.1
3278,S004,2025-08-27,15,2,23.2
3279,S004,2025-08-27,18,7,27.2
3280,S004,2025-08-27,21,1,14.8
3281,S004,2025-05-29,0,2,0.5
3282,S004,2025-05-29,3,1,9.0
3283,S004,2025-05-29,6,6,15.6
3284,S004,2025-05-29,9,5,24.2
3285,S004,2025-05-29,12,2,15.5
3286,S004,2025-05-29,15,6,15.8
3287,S004,2025-05-29,18,5,38.2
3288,S004,2025-05-29,21,2,15.0
3289,S004,2025-06-13,0,1,6.4
3290,S004,2025-06-13,3,0,5.9
3291,S004,2025-06-13,6,5,15.5
3292,S004,2025-06-13,9,9,37.3
3293,S004,2025-06-13,12,3,21.5
3294,S004,2025-06-13,15,2,22.1
3295,S004,2025-06-13,18,7,29.1
3296,S004,2025-06-13,21,4,21.1
3297,S004,2025-01-16,0,0,2.9
3298,S004,2025-01-16,3,0,6.9
3299,S004,2025-01-16,6,0,11.0
3300,S004,2025-01-16,9,6,30.5
3301,S004,2025-01-16,12,2,16.7
3302,S004,2025-01-16,15,7,14.3
3303,S004,2025-01-16,18,2,28.0
3304,S004,2025-01-16,21,5,21.1
3305,S004,2025-12-02,0,1,2.2
3306,S004,2025-12-02,3,0,8.4
3307,S004,2025-12-02,6,3,14.5
3308,S004,2025-12-02,9,4,29.7
3309,S004,2025-12-02,12,4,18.3
3310,S004,2025-12-02,15,3,19.6
3311,S004,2025-12-02,18,5,32.7
3312,S004,2025-12-02,21,3,12.4
3313,S004,2025-12-12,0,1,7.6
3314,S004,2025-12-12,3,2,10.7
3315,S004,2025-12-12,6,4,16.5
3316,S004,2025-12-12,9,6,27.1
3317,S004,2025-12-12,12,2,19.4
3318,S004,2025-12-12,15,4,20.5
3319,S004,2025-12-12,18,7,30.9
3320,S004,2025-12-12,21,4,23.7
3321,S004,2025-07-24,0,0,4.9
3322,S004,2025-07-24,3,0,17.0
3323,S004,2025-07-24,6,1,16.3
3324,S004,2025-07-24,9,5,30.2
3325,S004,2025-07-24,12,2,21.2
3326,S004,2025-07-24,15,6,22.5
3327,S004,2025-07-24,18,10,34.0
3328,S004,2025-07-24,21,2,15.1
3329,S004,2025-08-24,0,0,8.3
3330,S004,2025-08-24,3,1,11.9
3331,S004,2025-08-24,6,3,12.8
3332,S004,2025-08-24,9,11,22.8
3333,S004,2025-08-24,12,2,15.3
3334,S004,2025-08-24,15,3,26.1
3335,S004,2025-08-24,18,0,35.9
3336,S004,2025-08-24,21,8,23.6
3337,S004,2025-06-30,0,0,4.5
3338,S004,2025-06-30,3,1,1.6
3339,S004,2025-06-30,6,1,14.0
3340,S004,2025-06-30,9,6,27.1
3341,S004,2025-06-30,12,5,14.3
3342,S004,2025-06-30,15,2,11.5
3343,S004,2025-06-30,18,6,26.7
3344,S004,2025-06-30,21,2,20.2
3345,S004,2025-03-01,0,1,10.3
3346,S004,2025-03-01,3,1,10.5
3347,S004,2025-03-01,6,3,17.2
3348,S004,2025-03-01,9,4,33.2
3349,S004,2025-03-01,12,1,18.7
3350,S004,2025-03-01,15,3,28.4
3351,S004,2025-03-01,18,8,30.9
3352,S004,2025-03-01,21,2,18.7
3353,S004,2025-07-27,0,0,1.7
3354,S004,2025-07-27,3,0,7.9
3355,S004,2025-07-27,6,1,21.6
3356,S004,2025-07-27,9,6,25.3
3357,S004,2025-07-27,12,3,17.7
3358,S004,2025-07-27,15,1,25.2
3359,S004,2025-07-27,18,8,28.0
3360,S004,2025-07-27,21,3,14.1
3361,S004,2025-05-23,0,0,5.7
3362,S004,2025-05-23,3,1,6.6
3363,S004,2025-05-23,6,3,12.0
3364,S004,2025-05-23,9,6,31.7
3365,S004,2025-05-23,12,2,18.8
3366,S004,2025-05-23,15,3,23.7
3367,S004,2025-05-23,18,8,20.9
3368,S004,2025-05-23,21,2,17.9
3369,S004,2025-10-28,0,1,11.6
3370,S004,2025-10-28,3,1,8.1
3371,S004,2025-10-28,6,1,8.2
3372,S004,2025-10-28,9,3,24.9
3373,S004,2025-10-28,12,1,21.4
3374,S004,2025-10-28,15,3,21.6
3375,S004,2025-10-28,18,4,29.4
3376,S004,2025-10-28,21,3,26.4
3377,S004,2025-08-23,0,2,4.0
3378,S004,2025-08-23,3,0,7.6
3379,S004,2025-08-23,6,5,20.4
3380,S004,2025-08-23,9,3,30.7
3381,S004,2025-08-23,12,4,22.5
3382,S004,2025-08-23,15,6,18.9
3383,S004,2025-08-23,18,3,33.5
3384,S004,2025-08-23,21,2,17.9
3385,S004,2025-05-31,0,0,0.1
3386,S004,2025-05-31,3,0,8.9
3387,S004,2025-05-31,6,3,21.5
3388,S004,2025-05-31,9,11,29.9
3389,S004,2025-05-31,12,3,21.9
3390,S004,2025-05-31,15,1,22.7
3391,S004,2025-05-31,18,8,33.8
3392,S004,2025-05-31,21,4,16.2
3393,S004,2025-02-11,0,3,10.4
3394,S004,2025-02-11,3,0,13.0
3395,S004,2025-02-11,6,3,8.9
3396,S004,2025-02-11,9,5,33.6
3397,S004,2025-02-11,12,4,17.9
3398,S004,2025-02-11,15,2,22.7
3399,S004,2025-02-11,18,5,31.2
3400,S004,2025-02-11,21,3,16.6
3401,S004,2025-04-04,0,0,10.0
3402,S004,2025-04-04,3,2,7.4
3403,S004,2025-04-04,6,1,8.4
3404,S004,2025-04-04,9,6,19.2
3405,S004,2025-04-04,12,2,15.0
3406,S004,2025-04-04,15,3,20.3
3407,S004,2025-04-04,18,11,30.3
3408,S004,2025-04-04,21,3,16.2
3409,S004,2025-07-18,0,0,2.3
3410,S004,2025-07-18,3,1,8.5
3411,S004,2025-07-18,6,3,21.5
3412,S004,2025-07-18,9,4,23.3
3413,S004,2025-07-18,12,1,13.7
3414,S004,2025-07-18,15,1,17.3
3415,S004,2025-07-18,18,5,26.2
3416,S004,2025-07-18,21,0,12.9
3417,S004,2025-05-06,0,1,4.6
3418,S004,2025-05-06,3,0,9.8
3419,S004,2025-05-06,6,1,6.9
3420,S004,2025-05-06,9,5,31.2
3421,S004,2025-05-06,12,3,9.4
3422,S004,2025-05-06,15,1,26.6
3423,S004,2025-05-06,18,9,29.2
3424,S004,2025-05-06,21,4,21.3
3425,S004,2025-02-18,0,0,10.0
3426,S004,2025-02-18,3,0,3.6
3427,S004,2025-02-18,6,0,23.0
3428,S004,2025-02-18,9,7,20.6
3429,S004,2025-02-18,12,5,17.3
3430,S004,2025-02-18,15,4,24.5
3431,S004,2025-02-18,18,6,32.4
3432,S004,2025-02-18,21,2,13.8
3433,S004,2025-02-13,0,0,12.8
3434,S004,2025-02-13,3,1,10.5
3435,S004,2025-02-13,6,0,20.0
3436,S004,2025-02-13,9,4,27.9
3437,S004,2025-02-13,12,3,16.6
3438,S004,2025-02-13,15,1,25.0
3439,S004,2025-02-13,18,3,36.5
3440,S004,2025-02-13,21,2,16.1
3441,S004,2025-09-07,0,1,5.6
3442,S004,2025-09-07,3,0,0.6
3443,S004,2025-09-07,6,5,16.8
3444,S004,2025-09-07,9,5,40.0
3445,S004,2025-09-07,12,3,20.2
3446,S004,2025-09-07,15,2,11.2
3447,S004,2025-09-07,18,8,36.8
3448,S004,2025-09-07,21,2,12.0
3449,S004,2025-08-20,0,2,4.9
3450,S004,2025-08-20,3,0,6.8
3451,S004,2025-08-20,6,1,15.2
3452,S004,2025-08-20,9,5,27.2
3453,S004,2025-08-20,12,4,13.5
3454,S004,2025-08-20,15,4,16.3
3455,S004,2025-08-20,18,5,37.0
3456,S004,2025-08-20,21,4,20.5
3457,S004,2025-01-15,0,1,9.1
3458,S004,2025-01-15,3,0,0.0
3459,S004,2025-01-15,6,1,14.4
3460,S004,2025-01-15,9,6,27.0
3461,S004,2025-01-15,12,0,16.9
3462,S004,2025-01-15,15,2,19.4
3463,S004,2025-01-15,18,11,29.0
3464,S004,2025-01-15,21,5,10.0
3465,S004,2025-11-24,0,2,11.0
3466,S004,2025-11-24,3,1,10.6
3467,S004,2025-11-24,6,1,18.0
3468,S004,2025-11-24,9,5,27.5
3469,S004,2025-11-24,12,1,17.3
3470,S004,2025-11-24,15,3,21.2
3471,S004,2025-11-24,18,5,24.6
3472,S004,2025-11-24,21,6,13.5
3473,S004,2025-08-09,0,2,14.4
3474,S004,2025-08-09,3,1,16.2
3475,S004,2025-08-09,6,5,12.0
3476,S004,2025-08-09,9,6,29.1
3477,S004,2025-08-09,12,3,18.6
3478,S004,2025-08-09,15,4,18.9
3479,S004,2025-08-09,18,2,28.4
3480,S004,2025-08-09,21,3,14.3
3481,S004,2025-06-18,0,0,5.8
3482,S004,2025-06-18,3,1,9.0
3483,S004,2025-06-18,6,2,20.7
3484,S004,2025-06-18,9,4,27.7
3485,S004,2025-06-18,12,5,18.2
3486,S004,2025-06-18,15,1,24.2
3487,S004,2025-06-18,18,9,28.0
3488,S004,2025-06-18,21,4,9.8
3489,S004,2025-02-08,0,0,8.2
3490,S004,2025-02-08,3,0,6.7
3491,S004,2025-02-08,6,0,17.2
3492,S004,2025-02-08,9,5,21.2
3493,S004,2025-02-08,12,4,16.7
3494,S004,2025-02-08,15,3,17.8
3495,S004,2025-02-08,18,4,28.2
3496,S004,2025-02-08,21,5,13.1
3497,S004,2025-10-15,0,0,4.1
3498,S004,2025-10-15,3,0,6.9
3499,S004,2025-10-15,6,1,18.1
3500,S004,2025-10-15,9,12,27.4
3501,S004,2025-10-15,12,4,19.9
3502,S004,2025-10-15,15,2,22.3
3503,S004,2025-10-15,18,5,36.1
3504,S004,2025-10-15,21,3,20.1
3505,S004,2025-09-01,0,0,3.4
3506,S004,2025-09-01,3,2,2.8
3507,S004,2025-09-01,6,0,11.4
3508,S004,2025-09-01,9,3,32.7
3509,S004,2025-09-01,12,1,20.1
3510,S004,2025-09-01,15,4,19.7
3511,S004,2025-09-01,18,5,23.3
3512,S004,2025-09-01,21,5,16.8
3513,S004,2025-10-26,0,0,6.2
3514,S004,2025-10-26,3,1,12.2
3515,S004,2025-10-26,6,1,10.3
3516,S004,2025-10-26,9,7,27.6
3517,S004,2025-10-26,12,4,16.0
3518,S004,2025-10-26,15,2,30.7
3519,S004,2025-10-26,18,2,29.3
3520,S004,2025-10-26,21,1,11.7
3521,S004,2025-08-31,0,0,8.3
3522,S004,2025-08-31,3,1,6.7
3523,S004,2025-08-31,6,6,11.8
3524,S004,2025-08-31,9,12,40.7
3525,S004,2025-08-31,12,4,19.7
3526,S004,2025-08-31,15,3,21.9
3527,S004,2025-08-31,18,8,31.4
3528,S004,2025-08-31,21,1,12.6
3529,S004,2025-06-17,0,1,11.2
3530,S004,2025-06-17,3,1,9.3
3531,S004,2025-06-17,6,3,19.5
3532,S004,2025-06-17,9,6,25.7
3533,S004,2025-06-17,12,4,20.9
3534,S004,2025-06-17,15,5,10.7
3535,S004,2025-06-17,18,6,29.7
3536,S004,2025-06-17,21,5,18.2
3537,S004,2025-12-30,0,0,5.8
3538,S004,2025-12-30,3,0,9.7
3539,S004,2025-12-30,6,3,15.6
3540,S004,2025-12-30,9,7,22.4
3541,S004,2025-12-30,12,5,18.2
3542,S004,2025-12-30,15,6,17.5
3543,S004,2025-12-30,18,5,31.3
3544,S004,2025-12-30,21,1,9.9
3545,S004,2025-04-15,0,1,8.2
3546,S004,2025-04-15,3,2,8.6
3547,S004,2025-04-15,6,6,9.9
3548,S004,2025-04-15,9,1,30.4
3549,S004,2025-04-15,12,4,15.9
3550,S004,2025-04-15,15,6,22.4
3551,S004,2025-04-15,18,10,29.0
3552,S004,2025-04-15,21,3,12.7
3553,S004,2025-04-24,0,2,3.8
3554,S004,2025-04-24,3,0,3.8
3555,S004,2025-04-24,6,5,12.8
3556,S004,2025-04-24,9,3,34.6
3557,S004,2025-04-24,12,2,12.7
3558,S004,2025-04-24,15,5,23.3
3559,S004,2025-04-24,18,5,28.8
3560,S004,2025-04-24,21,4,17.1
3561,S004,2025-07-17,0,1,11.7
3562,S004,2025-07-17,3,1,11.0
3563,S004,2025-07-17,6,1,9.1
3564,S004,2025-07-17,9,4,24.0
3565,S004,2025-07-17,12,2,16.9
3566,S004,2025-07-17,15,1,21.2
3567,S004,2025-07-17,18,9,25.6
3568,S004,2025-07-17,21,3,19.7
3569,S004,2025-06-24,0,0,2.3
3570,S004,2025-06-24,3,2,8.8
3571,S004,2025-06-24,6,3,15.2
3572,S004,2025-06-24,9,8,27.6
3573,S004,2025-06-24,12,3,16.0
3574,S004,2025-06-24,15,2,20.3
3575,S004,2025-06-24,18,3,28.7
3576,S004,2025-06-24,21,5,17.9
3577,S004,2025-10-03,0,0,6.2
3578,S004,2025-10-03,3,1,8.2
3579,S004,2025-10-03,6,3,13.4
3580,S004,2025-10-03,9,5,27.5
3581,S004,2025-10-03,12,2,17.2
3582,S004,2025-10-03,15,3,20.2
3583,S004,2025-10-03,18,5,26.1
3584,S004,2025-10-03,21,3,19.8
3585,S004,2025-08-21,0,0,3.9
3586,S004,2025-08-21,3,1,6.9
3587,S004,2025-08-21,6,1,13.5
3588,S004,2025-08-21,9,5,33.3
3589,S004,2025-08-21,12,1,21.0
3590,S004,2025-08-21,15,2,23.1
3591,S004,2025-08-21,18,6,25.6
3592,S004,2025-08-21,21,3,21.5
3593,S004,2025-05-20,0,0,5.2
3594,S004,2025-05-20,3,0,10.5
3595,S004,2025-05-20,6,1,14.3
3596,S004,2025-05-20,9,3,32.1
3597,S004,2025-05-20,12,3,16.2
3598,S004,2025-05-20,15,3,10.4
3599,S004,2025-05-20,18,7,20.4
3600,S004,2025-05-20,21,1,19.2
3601,S004,2025-08-28,0,0,7.7
3602,S004,2025-08-28,3,0,7.9
3603,S004,2025-08-28,6,2,16.7
3604,S004,2025-08-28,9,2,28.7
3605,S004,2025-08-28,12,7,15.3
3606,S004,2025-08-28,15,8,17.4
3607,S004,2025-08-28,18,6,23.1
3608,S004,2025-08-28,21,3,16.3
3609,S004,2025-01-24,0,1,6.4
3610,S004,2025-01-24,3,2,5.4
3611,S004,2025-01-24,6,0,14.4
3612,S004,2025-01-24,9,8,28.1
3613,S004,2025-01-24,12,5,18.9
3614,S004,2025-01-24,15,7,22.9
3615,S004,2025-01-24,18,5,29.2
3616,S004,2025-01-24,21,5,19.5
3617,S004,2025-05-01,0,0,5.4
3618,S004,2025-05-01,3,0,16.4
3619,S004,2025-05-01,6,4,12.8
3620,S004,2025-05-01,9,2,24.2
3621,S004,2025-05-01,12,6,9.6
3622,S004,2025-05-01,15,4,19.4
3623,S004,2025-05-01,18,9,31.1
3624,S004,2025-05-01,21,2,12.6
3625,S004,2025-03-27,0,0,16.3
3626,S004,2025-03-27,3,1,10.9
3627,S004,2025-03-27,6,2,18.3
3628,S004,2025-03-27,9,5,17.3
3629,S004,2025-03-27,12,3,18.8
3630,S004,2025-03-27,15,4,26.3
3631,S004,2025-03-27,18,5,29.0
3632,S004,2025-03-27,21,3,21.3
3633,S004,2025-10-01,0,0,5.6
3634,S004,2025-10-01,3,0,3.7
3635,S004,2025-10-01,6,2,13.8
3636,S004,2025-10-01,9,7,24.6
3637,S004,2025-10-01,12,0,15.6
3638,S004,2025-10-01,15,5,17.7
3639,S004,2025-10-01,18,7,33.0
3640,S004,2025-10-01,21,3,17.7
3641,S004,2025-07-02,0,1,3.3
3642,S004,2025-07-02,3,0,7.8
3643,S004,2025-07-02,6,1,13.3
3644,S004,2025-07-02,9,7,31.9
3645,S004,2025-07-02,12,3,13.5
3646,S004,2025-07-02,15,5,15.5
3647,S004,2025-07-02,18,4,27.8
3648,S004,2025-07-02,21,4,19.8
3649,S004,2025-01-01,0,0,11.8
3650,S004,2025-01-01,3,0,8.9
3651,S004,2025-01-01,6,1,23.6
3652,S004,2025-01-01,9,3,27.1
3653,S004,2025-01-01,12,4,20.3
3654,S004,2025-01-01,15,3,15.7
3655,S004,2025-01-01,18,6,30.3
3656,S004,2025-01-01,21,5,19.1
3657,S004,2025-01-11,0,0,6.4
3658,S004,2025-01-11,3,0,4.5
3659,S004,2025-01-11,6,2,16.5
3660,S004,2025-01-11,9,8,27.2
3661,S004,2025-01-11,12,1,21.9
3662,S004,2025-01-11,15,6,15.4
3663,S004,2025-01-11,18,11,29.6
3664,S004,2025-01-11,21,3,17.9
3665,S004,2025-11-20,0,1,10.1
3666,S004,2025-11-20,3,0,8.5
3667,S004,2025-11-20,6,5,16.0
3668,S004,2025-11-20,9,3,29.0
3669,S004,2025-11-20,12,1,19.8
3670,S004,2025-11-20,15,4,25.3
3671,S004,2025-11-20,18,7,25.9
3672,S004,2025-11-20,21,2,13.0
3673,S004,2025-07-25,0,2,3.0
3674,S004,2025-07-25,3,1,6.5
3675,S004,2025-07-25,6,1,12.2
3676,S004,2025-07-25,9,5,28.2
3677,S004,2025-07-25,12,2,17.5
3678,S004,2025-07-25,15,1,18.0
3679,S004,2025-07-25,18,7,31.0
3680,S004,2025-07-25,21,3,15.2
3681,S004,2025-11-27,0,3,10.2
3682,S004,2025-11-27,3,2,0.4
3683,S004,2025-11-27,6,7,19.3
3684,S004,2025-11-27,9,7,29.5
3685,S004,2025-11-27,12,3,18.2
3686,S004,2025-11-27,15,4,23.3
3687,S004,2025-11-27,18,5,33.8
3688,S004,2025-11-27,21,6,17.5
3689,S004,2025-08-17,0,1,9.3
3690,S004,2025-08-17,3,0,7.6
3691,S004,2025-08-17,6,1,18.1
3692,S004,2025-08-17,9,3,24.0
3693,S004,2025-08-17,12,2,20.5
3694,S004,2025-08-17,15,7,12.7
3695,S004,2025-08-17,18,5,31.1
3696,S004,2025-08-17,21,5,25.7
3697,S004,2025-04-25,0,2,10.3
3698,S004,2025-04-25,3,0,8.5
3699,S004,2025-04-25,6,2,18.3
3700,S004,2025-04-25,9,5,22.1
3701,S004,2025-04-25,12,2,17.8
3702,S004,2025-04-25,15,2,23.7
3703,S004,2025-04-25,18,4,28.6
3704,S004,2025-04-25,21,4,25.0
3705,S004,2025-02-03,0,1,12.5
3706,S004,2025-02-03,3,2,6.7
3707,S004,2025-02-03,6,4,21.7
3708,S004,2025-02-03,9,8,26.4
3709,S004,2025-02-03,12,4,19.0
3710,S004,2025-02-03,15,3,18.3
3711,S004,2025-02-03,18,2,23.8
3712,S004,2025-02-03,21,4,16.8
3713,S004,2025-08-11,0,0,7.0
3714,S004,2025-08-11,3,0,6.8
3715,S004,2025-08-11,6,3,12.8
3716,S004,2025-08-11,9,7,23.2
3717,S004,2025-08-11,12,3,13.6
3718,S004,2025-08-11,15,6,19.8
3719,S004,2025-08-11,18,6,35.3
3720,S004,2025-08-11,21,4,19.8
3721,S004,2025-01-19,0,1,8.9
3722,S004,2025-01-19,3,3,0.0
3723,S004,2025-01-19,6,0,23.6
3724,S004,2025-01-19,9,5,28.6
3725,S004,2025-01-19,12,4,20.2
3726,S004,2025-01-19,15,2,23.0
3727,S004,2025-01-19,18,4,30.4
3728,S004,2025-01-19,21,2,15.2
3729,S004,2025-07-23,0,0,8.8
3730,S004,2025-07-23,3,0,12.7
3731,S004,2025-07-23,6,2,25.5
3732,S004,2025-07-23,9,7,34.8
3733,S004,2025-07-23,12,2,11.0
3734,S004,2025-07-23,15,4,16.4
3735,S004,2025-07-23,18,10,29.4
3736,S004,2025-07-23,21,4,15.4
3737,S004,2025-09-24,0,0,8.1
3738,S004,2025-09-24,3,0,10.2
3739,S004,2025-09-24,6,2,13.6
3740,S004,2025-09-24,9,7,30.5
3741,S004,2025-09-24,12,3,20.6
3742,S004,2025-09-24,15,2,24.9
3743,S004,2025-09-24,18,4,29.5
3744,S004,2025-09-24,21,2,22.9
3745,S004,2025-07-19,0,0,10.5
3746,S004,2025-07-19,3,0,7.8
3747,S004,2025-07-19,6,1,16.4
3748,S004,2025-07-19,9,5,19.6
3749,S004,2025-07-19,12,7,14.6
3750,S004,2025-07-19,15,6,19.9
3751,S004,2025-07-19,18,8,29.9
3752,S004,2025-07-19,21,1,19.1
3753,S004,2025-04-21,0,0,5.2
3754,S004,2025-04-21,3,1,7.9
3755,S004,2025-04-21,6,2,11.5
3756,S004,2025-04-21,9,3,30.1
3757,S004,2025-04-21,12,4,20.3
3758,S004,2025-04-21,15,5,21.9
3759,S004,2025-04-21,18,1,25.3
3760,S004,2025-04-21,21,5,21.9
3761,S004,2025-12-26,0,0,6.5
3762,S004,2025-12-26,3,0,9.8
3763,S004,2025-12-26,6,2,9.8
3764,S004,2025-12-26,9,3,32.6
3765,S004,2025-12-26,12,3,18.5
3766,S004,2025-12-26,15,5,25.3
3767,S004,2025-12-26,18,6,35.3
3768,S004,2025-12-26,21,3,20.1
3769,S004,2025-02-24,0,1,11.2
3770,S004,2025-02-24,3,0,3.9
3771,S004,2025-02-24,6,1,12.9
3772,S004,2025-02-24,9,10,29.2
3773,S004,2025-02-24,12,1,13.4
3774,S004,2025-02-24,15,6,20.7
3775,S004,2025-02-24,18,7,33.0
3776,S004,2025-02-24,21,4,21.0
3777,S004,2025-04-19,0,0,5.4
3778,S004,2025-04-19,3,0,3.9
3779,S004,2025-04-19,6,3,16.5
3780,S004,2025-04-19,9,4,24.6
3781,S004,2025-04-19,12,2,14.3
3782,S004,2025-04-19,15,0,24.2
3783,S004,2025-04-19,18,5,39.7
3784,S004,2025-04-19,21,3,17.2
3785,S004,2025-09-25,0,0,11.9
3786,S004,2025-09-25,3,1,11.7
3787,S004,2025-09-25,6,1,12.9
3788,S004,2025-09-25,9,8,26.0
3789,S004,2025-09-25,12,4,17.2
3790,S004,2025-09-25,15,5,15.7
3791,S004,2025-09-25,18,3,26.5
3792,S004,2025-09-25,21,3,20.6
3793,S004,2025-09-13,0,1,14.2
3794,S004,2025-09-13,3,1,3.3
3795,S004,2025-09-13,6,3,16.5
3796,S004,2025-09-13,9,9,26.7
3797,S004,2025-09-13,12,4,21.6
3798,S004,2025-09-13,15,4,21.4
3799,S004,2025-09-13,18,7,27.6
3800,S004,2025-09-13,21,2,21.7
3801,S004,2025-10-05,0,0,3.7
3802,S004,2025-10-05,3,0,12.4
3803,S004,2025-10-05,6,2,13.5
3804,S004,2025-10-05,9,10,25.3
3805,S004,2025-10-05,12,3,7.4
3806,S004,2025-10-05,15,4,25.6
3807,S004,2025-10-05,18,6,29.8
3808,S004,2025-10-05,21,1,21.4
3809,S004,2025-05-11,0,0,11.8
3810,S004,2025-05-11,3,0,4.0
3811,S004,2025-05-11,6,1,12.5
3812,S004,2025-05-11,9,9,30.7
3813,S004,2025-05-11,12,3,18.7
3814,S004,2025-05-11,15,4,29.8
3815,S004,2025-05-11,18,3,29.3
3816,S004,2025-05-11,21,0,20.1
3817,S004,2025-01-27,0,1,10.5
3818,S004,2025-01-27,3,0,8.8
3819,S004,2025-01-27,6,1,15.4
3820,S004,2025-01-27,9,4,22.7
3821,S004,2025-01-27,12,3,20.1
3822,S004,2025-01-27,15,3,24.1
3823,S004,2025-01-27,18,6,28.8
3824,S004,2025-01-27,21,1,17.9
3825,S004,2025-03-02,0,0,7.8
3826,S004,2025-03-02,3,0,5.0
3827,S004,2025-03-02,6,4,11.1
3828,S004,2025-03-02,9,4,35.6
3829,S004,2025-03-02,12,4,9.3
3830,S004,2025-03-02,15,5,20.9
3831,S004,2025-03-02,18,4,35.3
3832,S004,2025-03-02,21,0,16.5
3833,S004,2025-10-21,0,0,4.0
3834,S004,2025-10-21,3,0,3.9
3835,S004,2025-10-21,6,5,17.4
3836,S004,2025-10-21,9,4,19.3
3837,S004,2025-10-21,12,4,15.6
3838,S004,2025-10-21,15,3,18.3
3839,S004,2025-10-21,18,2,29.6
3840,S004,2025-10-21,21,7,11.1
3841,S005,2025-04-25,0,0,8.6
3842,S005,2025-04-25,3,0,7.9
3843,S005,2025-04-25,6,1,14.6
3844,S005,2025-04-25,9,8,22.3
3845,S005,2025-04-25,12,2,21.3
3846,S005,2025-04-25,15,3,22.7
3847,S005,2025-04-25,18,7,29.2
3848,S005,2025-04-25,21,1,24.6
3849,S005,2025-09-16,0,1,4.0
3850,S005,2025-09-16,3,2,6.1
3851,S005,2025-09-16,6,7,13.0
3852,S005,2025-09-16,9,4,27.3
3853,S005,2025-09-16,12,3,21.8
3854,S005,2025-09-16,15,3,28.7
3855,S005,2025-09-16,18,6,30.3
3856,S005,2025-09-16,21,0,16.8
3857,S005,2025-04-11,0,0,0.7
3858,S005,2025-04-11,3,0,10.0
3859,S005,2025-04-11,6,4,9.7
3860,S005,2025-04-11,9,5,28.7
3861,S005,2025-04-11,12,5,17.9
3862,S005,2025-04-11,15,2,16.9
3863,S005,2025-04-11,18,4,30.3
3864,S005,2025-04-11,21,2,17.5
3865,S005,2025-07-15,0,0,17.8
3866,S005,2025-07-15,3,1,9.2
3867,S005,2025-07-15,6,2,15.4
3868,S005,2025-07-15,9,4,22.2
3869,S005,2025-07-15,12,2,17.7
3870,S005,2025-07-15,15,6,15.9
3871,S005,2025-07-15,18,6,33.0
3872,S005,2025-07-15,21,4,15.7
3873,S005,2025-05-16,0,0,6.0
3874,S005,2025-05-16,3,2,0.0
3875,S005,2025-05-16,6,2,13.2
3876,S005,2025-05-16,9,5,26.2
3877,S005,2025-05-16,12,2,18.1
3878,S005,2025-05-16,15,4,15.5
3879,S005,2025-05-16,18,3,31.3
3880,S005,2025-05-16,21,8,21.3
3881,S005,2025-02-20,0,0,4.3
3882,S005,2025-02-20,3,3,12.7
3883,S005,2025-02-20,6,1,6.9
3884,S005,2025-02-20,9,8,28.3
3885,S005,2025-02-20,12,3,12.8
3886,S005,2025-02-20,15,5,14.0
3887,S005,2025-02-20,18,3,24.0
3888,S005,2025-02-20,21,1,16.1
3889,S005,2025-10-28,0,0,9.0
3890,S005,2025-10-28,3,1,3.6
3891,S005,2025-10-28,6,1,13.1
3892,S005,2025-10-28,9,3,25.1
3893,S005,2025-10-28,12,3,15.7
3894,S005,2025-10-28,15,2,19.9
3895,S005,2025-10-28,18,4,30.5
3896,S005,2025-10-28,21,2,15.0
3897,S005,2025-03-21,0,1,8.8
3898,S005,2025-03-21,3,0,1.9
3899,S005,2025-03-21,6,1,15.1
3900,S005,2025-03-21,9,5,29.6
3901,S005,2025-03-21,12,3,19.8
3902,S005,2025-03-21,15,4,30.3
3903,S005,2025-03-21,18,2,31.0
3904,S005,2025-03-21,21,5,11.3
3905,S005,2025-09-29,0,0,7.5
3906,S005,2025-09-29,3,0,10.9
3907,S005,2025-09-29,6,0,17.1
3908,S005,2025-09-29,9,1,31.7
3909,S005,2025-09-29,12,1,26.7
3910,S005,2025-09-29,15,8,19.7
3911,S005,2025-09-29,18,9,28.1
3912,S005,2025-09-29,21,7,25.1
3913,S005,2025-07-22,0,2,10.5
3914,S005,2025-07-22,3,3,2.1
3915,S005,2025-07-22,6,2,15.7
3916,S005,2025-07-22,9,7,28.6
3917,S005,2025-07-22,12,3,15.9
3918,S005,2025-07-22,15,4,18.7
3919,S005,2025-07-22,18,8,33.2
3920,S005,2025-07-22,21,5,15.1
3921,S005,2025-02-09,0,0,0.3
3922,S005,2025-02-09,3,1,9.1
3923,S005,2025-02-09,6,2,18.4
3924,S005,2025-02-09,9,6,26.3
3925,S005,2025-02-09,12,1,21.6
3926,S005,2025-02-09,15,4,27.5
3927,S005,2025-02-09,18,10,29.5
3928,S005,2025-02-09,21,3,20.4
3929,S005,2025-01-10,0,0,4.1
3930,S005,2025-01-10,3,1,8.9
3931,S005,2025-01-10,6,4,19.6
3932,S005,2025-01-10,9,6,25.2
3933,S005,2025-01-10,12,1,15.4
3934,S005,2025-01-10,15,3,21.0
3935,S005,2025-01-10,18,5,32.9
3936,S005,2025-01-10,21,0,14.5
3937,S005,2025-08-02,0,0,10.1
3938,S005,2025-08-02,3,2,10.6
3939,S005,2025-08-02,6,1,13.6
3940,S005,2025-08-02,9,4,28.6
3941,S005,2025-08-02,12,2,13.8
3942,S005,2025-08-02,15,2,19.8
3943,S005,2025-08-02,18,9,33.8
3944,S005,2025-08-02,21,3,7.6
3945,S005,2025-03-24,0,0,4.3
3946,S005,2025-03-24,3,0,8.5
3947,S005,2025-03-24,6,1,7.4
3948,S005,2025-03-24,9,5,23.8
3949,S005,2025-03-24,12,4,25.4
3950,S005,2025-03-24,15,2,20.5
3951,S005,2025-03-24,18,7,30.4
3952,S005,2025-03-24,21,3,14.0
3953,S005,2025-10-10,0,0,12.7
3954,S005,2025-10-10,3,0,10.6
3955,S005,2025-10-10,6,2,18.0
3956,S005,2025-10-10,9,6,28.8
3957,S005,2025-10-10,12,6,9.9
3958,S005,2025-10-10,15,6,26.2
3959,S005,2025-10-10,18,9,29.1
3960,S005,2025-10-10,21,4,22.0
3961,S005,2025-06-09,0,2,8.2
3962,S005,2025-06-09,3,0,5.4
3963,S005,2025-06-09,6,2,8.1
3964,S005,2025-06-09,9,6,23.9
3965,S005,2025-06-09,12,4,25.4
3966,S005,2025-06-09,15,2,22.7
3967,S005,2025-06-09,18,6,34.0
3968,S005,2025-06-09,21,2,23.9
3969,S005,2025-11-28,0,0,9.4
3970,S005,2025-11-28,3,0,11.8
3971,S005,2025-11-28,6,1,17.3
3972,S005,2025-11-28,9,10,27.8
3973,S005,2025-11-28,12,3,19.7
3974,S005,2025-11-28,15,2,17.3
3975,S005,2025-11-28,18,5,27.6
3976,S005,2025-11-28,21,2,18.9
3977,S005,2025-03-15,0,1,1.2
3978,S005,2025-03-15,3,1,8.4
3979,S005,2025-03-15,6,1,17.9
3980,S005,2025-03-15,9,6,31.8
3981,S005,2025-03-15,12,4,17.7
3982,S005,2025-03-15,15,5,13.9
3983,S005,2025-03-15,18,6,28.0
3984,S005,2025-03-15,21,2,16.2
3985,S005,2025-01-30,0,0,14.3
3986,S005,2025-01-30,3,0,7.3
3987,S005,2025-01-30,6,1,8.1
3988,S005,2025-01-30,9,2,27.3
3989,S005,2025-01-30,12,2,14.7
3990,S005,2025-01-30,15,8,19.1
3991,S005,2025-01-30,18,9,27.1
3992,S005,2025-01-30,21,4,14.7
3993,S005,2025-11-08,0,1,3.6
3994,S005,2025-11-08,3,0,10.5
3995,S005,2025-11-08,6,0,18.6
3996,S005,2025-11-08,9,4,30.1
3997,S005,2025-11-08,12,6,13.7
3998,S005,2025-11-08,15,1,22.4
3999,S005,2025-11-08,18,7,30.6
4000,S005,2025-11-08,21,4,24.7
4001,S005,2025-02-19,0,0,12.9
4002,S005,2025-02-19,3,1,0.0
4003,S005,2025-02-19,6,5,12.7
4004,S005,2025-02-19,9,5,28.6
4005,S005,2025-02-19,12,2,21.3
4006,S005,2025-02-19,15,5,25.0
4007,S005,2025-02-19,18,3,24.2
4008,S005,2025-02-19,21,2,23.6
4009,S005,2025-08-21,0,0,13.1
4010,S005,2025-08-21,3,0,7.7
4011,S005,2025-08-21,6,5,13.5
4012,S005,2025-08-21,9,5,21.3
4013,S005,2025-08-21,12,1,22.7
4014,S005,2025-08-21,15,7,16.0
4015,S005,2025-08-21,18,9,27.4
4016,S005,2025-08-21,21,1,14.2
4017,S005,2025-04-24,0,0,7.1
4018,S005,2025-04-24,3,1,4.6
4019,S005,2025-04-24,6,1,19.1
4020,S005,2025-04-24,9,5,29.9
4021,S005,2025-04-24,12,1,19.0
4022,S005,2025-04-24,15,3,15.4
4023,S005,2025-04-24,18,3,30.0
4024,S005,2025-04-24,21,4,20.8
4025,S005,2025-09-28,0,1,4.6
4026,S005,2025-09-28,3,0,8.1
4027,S005,2025-09-28,6,2,16.4
4028,S005,2025-09-28,9,4,31.7
4029,S005,2025-09-28,12,3,14.4
4030,S005,2025-09-28,15,5,20.2
4031,S005,2025-09-28,18,5,34.8
4032,S005,2025-09-28,21,3,16.1
4033,S005,2025-12-13,0,3,4.8
4034,S005,2025-12-13,3,3,10.6
4035,S005,2025-12-13,6,1,17.8
4036,S005,2025-12-13,9,5,21.6
4037,S005,2025-12-13,12,5,18.0
4038,S005,2025-12-13,15,4,19.4
4039,S005,2025-12-13,18,4,34.2
4040,S005,2025-12-13,21,8,15.6
4041,S005,2025-06-06,0,0,6.2
4042,S005,2025-06-06,3,0,4.8
4043,S005,2025-06-06,6,3,21.0
4044,S005,2025-06-06,9,10,27.9
4045,S005,2025-06-06,12,3,17.8
4046,S005,2025-06-06,15,4,21.5
4047,S005,2025-06-06,18,2,27.7
4048,S005,2025-06-06,21,3,23.0
4049,S005,2025-01-01,0,0,9.1
4050,S005,2025-01-01,3,0,0.0
4051,S005,2025-01-01,6,0,13.8
4052,S005,2025-01-01,9,6,19.7
4053,S005,2025-01-01,12,3,16.4
4054,S005,2025-01-01,15,5,19.8
4055,S005,2025-01-01,18,10,27.1
4056,S005,2025-01-01,21,3,10.9
4057,S005,2025-05-30,0,0,1.6
4058,S005,2025-05-30,3,0,10.2
4059,S005,2025-05-30,6,2,19.0
4060,S005,2025-05-30,9,9,25.6
4061,S005,2025-05-30,12,7,23.5
4062,S005,2025-05-30,15,4,18.6
4063,S005,2025-05-30,18,6,27.6
4064,S005,2025-05-30,21,2,18.4
4065,S005,2025-06-18,0,1,2.1
4066,S005,2025-06-18,3,0,4.1
4067,S005,2025-06-18,6,2,12.6
4068,S005,2025-06-18,9,5,29.0
4069,S005,2025-06-18,12,1,15.8
4070,S005,2025-06-18,15,5,20.0
4071,S005,2025-06-18,18,5,33.4
4072,S005,2025-06-18,21,1,14.6
4073,S005,2025-06-17,0,1,11.7
4074,S005,2025-06-17,3,0,8.6
4075,S005,2025-06-17,6,3,16.1
4076,S005,2025-06-17,9,3,27.0
4077,S005,2025-06-17,12,6,20.0
4078,S005,2025-06-17,15,4,17.3
4079,S005,2025-06-17,18,5,30.0
4080,S005,2025-06-17,21,5,11.8
4081,S005,2025-09-02,0,0,8.4
4082,S005,2025-09-02,3,0,14.1
4083,S005,2025-09-02,6,1,11.2
4084,S005,2025-09-02,9,7,19.9
4085,S005,2025-09-02,12,4,18.8
4086,S005,2025-09-02,15,1,18.9
4087,S005,2025-09-02,18,10,30.8
4088,S005,2025-09-02,21,1,10.9
4089,S005,2025-09-14,0,1,9.3
4090,S005,2025-09-14,3,0,16.0
4091,S005,2025-09-14,6,2,16.6
4092,S005,2025-09-14,9,3,28.7
4093,S005,2025-09-14,12,4,17.4
4094,S005,2025-09-14,15,6,19.9
4095,S005,2025-09-14,18,4,41.3
4096,S005,2025-09-14,21,5,21.8
4097,S005,2025-07-29,0,1,11.0
4098,S005,2025-07-29,3,0,6.0
4099,S005,2025-07-29,6,3,16.8
4100,S005,2025-07-29,9,5,27.2
4101,S005,2025-07-29,12,4,21.7
4102,S005,2025-07-29,15,2,22.0
4103,S005,2025-07-29,18,4,31.9
4104,S005,2025-07-29,21,3,18.0
4105,S005,2025-02-26,0,0,7.5
4106,S005,2025-02-26,3,0,9.8
4107,S005,2025-02-26,6,3,10.7
4108,S005,2025-02-26,9,6,27.0
4109,S005,2025-02-26,12,2,21.8
4110,S005,2025-02-26,15,5,15.4
4111,S005,2025-02-26,18,7,29.1
4112,S005,2025-02-26,21,1,17.2
4113,S005,2025-08-04,0,1,12.2
4114,S005,2025-08-04,3,0,7.6
4115,S005,2025-08-04,6,2,7.7
4116,S005,2025-08-04,9,5,27.6
4117,S005,2025-08-04,12,3,17.9
4118,S005,2025-08-04,15,4,15.0
4119,S005,2025-08-04,18,4,35.0
4120,S005,2025-08-04,21,3,13.5
4121,S005,2025-12-21,0,1,13.9
4122,S005,2025-12-21,3,0,2.3
4123,S005,2025-12-21,6,2,8.8
4124,S005,2025-12-21,9,7,29.8
4125,S005,2025-12-21,12,3,10.6
4126,S005,2025-12-21,15,3,21.6
4127,S005,2025-12-21,18,5,33.1
4128,S005,2025-12-21,21,3,21.3
4129,S005,2025-02-07,0,0,7.9
4130,S005,2025-02-07,3,2,10.8
4131,S005,2025-02-07,6,3,23.0
4132,S005,2025-02-07,9,1,32.1
4133,S005,2025-02-07,12,4,13.3
4134,S005,2025-02-07,15,5,12.1
4135,S005,2025-02-07,18,4,37.5
4136,S005,2025-02-07,21,1,15.8
4137,S005,2025-08-16,0,1,2.4
4138,S005,2025-08-16,3,0,5.8
4139,S005,2025-08-16,6,4,17.8
4140,S005,2025-08-16,9,8,25.1
4141,S005,2025-08-16,12,1,12.1
4142,S005,2025-08-16,15,1,20.4
4143,S005,2025-08-16,18,8,33.1
4144,S005,2025-08-16,21,1,15.7
4145,S005,2025-09-03,0,0,5.1
4146,S005,2025-09-03,3,0,9.2
4147,S005,2025-09-03,6,1,16.1
4148,S005,2025-09-03,9,4,29.6
4149,S005,2025-09-03,12,2,18.0
4150,S005,2025-09-03,15,4,23.3
4151,S005,2025-09-03,18,5,27.2
4152,S005,2025-09-03,21,2,13.6
4153,S005,2025-10-29,0,0,10.5
4154,S005,2025-10-29,3,0,10.4
4155,S005,2025-10-29,6,3,14.0
4156,S005,2025-10-29,9,6,22.5
4157,S005,2025-10-29,12,6,22.6
4158,S005,2025-10-29,15,5,17.7
4159,S005,2025-10-29,18,5,28.8
4160,S005,2025-10-29,21,1,18.8
4161,S005,2025-03-09,0,2,6.3
4162,S005,2025-03-09,3,2,4.9
4163,S005,2025-03-09,6,2,13.6
4164,S005,2025-03-09,9,5,27.7
4165,S005,2025-03-09,12,4,10.7
4166,S005,2025-03-09,15,6,15.7
4167,S005,2025-03-09,18,4,28.3
4168,S005,2025-03-09,21,1,16.4
4169,S005,2025-08-01,0,1,4.6
4170,S005,2025-08-01,3,1,5.4
4171,S005,2025-08-01,6,4,22.7
4172,S005,2025-08-01,9,3,25.7
4173,S005,2025-08-01,12,6,13.4
4174,S005,2025-08-01,15,2,19.6
4175,S005,2025-08-01,18,9,30.2
4176,S005,2025-08-01,21,3,22.1
4177,S005,2025-12-06,0,3,6.4
4178,S005,2025-12-06,3,0,8.1
4179,S005,2025-12-06,6,1,16.5
4180,S005,2025-12-06,9,5,21.5
4181,S005,2025-12-06,12,0,18.5
4182,S005,2025-12-06,15,6,20.6
4183,S005,2025-12-06,18,4,39.4
4184,S005,2025-12-06,21,4,28.1
4185,S005,2025-12-08,0,1,0.0
4186,S005,2025-12-08,3,0,2.5
4187,S005,2025-12-08,6,0,10.9
4188,S005,2025-12-08,9,8,27.7
4189,S005,2025-12-08,12,6,15.5
4190,S005,2025-12-08,15,6,29.8
4191,S005,2025-12-08,18,5,26.5
4192,S005,2025-12-08,21,4,19.0
4193,S005,2025-02-22,0,0,12.8
4194,S005,2025-02-22,3,0,2.9
4195,S005,2025-02-22,6,0,13.7
4196,S005,2025-02-22,9,5,24.8
4197,S005,2025-02-22,12,7,18.4
4198,S005,2025-02-22,15,3,21.3
4199,S005,2025-02-22,18,2,20.3
4200,S005,2025-02-22,21,2,11.1
4201,S005,2025-01-21,0,1,6.1
4202,S005,2025-01-21,3,0,6.2
4203,S005,2025-01-21,6,4,18.4
4204,S005,2025-01-21,9,3,29.5
4205,S005,2025-01-21,12,3,21.2
4206,S005,2025-01-21,15,2,22.9
4207,S005,2025-01-21,18,4,29.1
4208,S005,2025-01-21,21,1,19.7
4209,S005,2025-09-21,0,0,1.4
4210,S005,2025-09-21,3,0,5.8
4211,S005,2025-09-21,6,1,8.8
4212,S005,2025-09-21,9,3,31.8
4213,S005,2025-09-21,12,3,14.4
4214,S005,2025-09-21,15,1,20.6
4215,S005,2025-09-21,18,5,29.7
4216,S005,2025-09-21,21,3,20.2
4217,S005,2025-11-19,0,0,0.3
4218,S005,2025-11-19,3,0,3.6
4219,S005,2025-11-19,6,2,20.4
4220,S005,2025-11-19,9,8,36.5
4221,S005,2025-11-19,12,4,13.1
4222,S005,2025-11-19,15,3,26.6
4223,S005,2025-11-19,18,4,22.1
4224,S005,2025-11-19,21,3,14.9
4225,S005,2025-03-11,0,1,5.4
4226,S005,2025-03-11,3,1,2.3
4227,S005,2025-03-11,6,0,14.0
4228,S005,2025-03-11,9,4,29.1
4229,S005,2025-03-11,12,4,18.5
4230,S005,2025-03-11,15,5,20.3
4231,S005,2025-03-11,18,8,21.3
4232,S005,2025-03-11,21,4,16.2
4233,S005,2025-10-11,0,1,10.4
4234,S005,2025-10-11,3,0,10.6
4235,S005,2025-10-11,6,1,13.6
4236,S005,2025-10-11,9,3,24.1
4237,S005,2025-10-11,12,3,17.5
4238,S005,2025-10-11,15,3,18.7
4239,S005,2025-10-11,18,4,36.2
4240,S005,2025-10-11,21,4,12.9
4241,S005,2025-04-29,0,0,18.2
4242,S005,2025-04-29,3,0,3.4
4243,S005,2025-04-29,6,3,12.9
4244,S005,2025-04-29,9,3,31.8
4245,S005,2025-04-29,12,4,8.7
4246,S005,2025-04-29,15,5,16.7
4247,S005,2025-04-29,18,3,32.4
4248,S005,2025-04-29,21,4,23.7
4249,S005,2025-04-20,0,0,13.7
4250,S005,2025-04-20,3,1,4.9
4251,S005,2025-04-20,6,2,13.9
4252,S005,2025-04-20,9,3,31.2
4253,S005,2025-04-20,12,2,14.2
4254,S005,2025-04-20,15,5,30.6
4255,S005,2025-04-20,18,9,25.9
4256,S005,2025-04-20,21,4,20.4
4257,S005,2025-01-19,0,2,5.6
4258,S005,2025-01-19,3,0,6.2
4259,S005,2025-01-19,6,3,13.5
4260,S005,2025-01-19,9,3,22.9
4261,S005,2025-01-19,12,4,20.3
4262,S005,2025-01-19,15,4,18.5
4263,S005,2025-01-19,18,6,30.9
4264,S005,2025-01-19,21,3,20.0
4265,S005,2025-08-20,0,0,8.4
4266,S005,2025-08-20,3,2,2.4
4267,S005,2025-08-20,6,4,12.1
4268,S005,2025-08-20,9,4,21.9
4269,S005,2025-08-20,12,3,17.3
4270,S005,2025-08-20,15,1,13.5
4271,S005,2025-08-20,18,5,38.4
4272,S005,2025-08-20,21,0,21.3
4273,S005,2025-02-03,0,1,8.7
4274,S005,2025-02-03,3,1,9.3
4275,S005,2025-02-03,6,5,22.6
4276,S005,2025-02-03,9,4,26.8
4277,S005,2025-02-03,12,2,18.6
4278,S005,2025-02-03,15,1,16.5
4279,S005,2025-02-03,18,6,30.0
4280,S005,2025-02-03,21,3,16.9
4281,S005,2025-08-31,0,0,5.1
4282,S005,2025-08-31,3,0,7.7
4283,S005,2025-08-31,6,3,12.9
4284,S005,2025-08-31,9,4,25.6
4285,S005,2025-08-31,12,4,10.7
4286,S005,2025-08-31,15,2,19.9
4287,S005,2025-08-31,18,6,29.9
4288,S005,2025-08-31,21,1,15.2
4289,S005,2025-10-13,0,0,10.5
4290,S005,2025-10-13,3,1,9.4
4291,S005,2025-10-13,6,0,16.4
4292,S005,2025-10-13,9,3,33.2
4293,S005,2025-10-13,12,3,17.9
4294,S005,2025-10-13,15,7,19.9
4295,S005,2025-10-13,18,9,36.1
4296,S005,2025-10-13,21,1,18.2
4297,S005,2025-04-06,0,1,9.9
4298,S005,2025-04-06,3,1,9.7
4299,S005,2025-04-06,6,2,18.8
4300,S005,2025-04-06,9,4,28.4
4301,S005,2025-04-06,12,7,18.0
4302,S005,2025-04-06,15,1,17.0
4303,S005,2025-04-06,18,9,25.1
4304,S005,2025-04-06,21,2,18.3
4305,S005,2025-12-12,0,0,8.6
4306,S005,2025-12-12,3,0,0.0
4307,S005,2025-12-12,6,2,14.8
4308,S005,2025-12-12,9,10,29.2
4309,S005,2025-12-12,12,0,18.1
4310,S005,2025-12-12,15,7,13.3
4311,S005,2025-12-12,18,5,28.7
4312,S005,2025-12-12,21,3,22.7
4313,S005,2025-05-04,0,1,9.1
4314,S005,2025-05-04,3,0,0.2
4315,S005,2025-05-04,6,1,11.7
4316,S005,2025-05-04,9,6,27.6
4317,S005,2025-05-04,12,4,22.3
4318,S005,2025-05-04,15,1,21.0
4319,S005,2025-05-04,18,8,26.9
4320,S005,2025-05-04,21,5,12.2
4321,S005,2025-04-02,0,0,5.2
4322,S005,2025-04-02,3,2,14.2
4323,S005,2025-04-02,6,0,10.0
4324,S005,2025-04-02,9,6,27.0
4325,S005,2025-04-02,12,1,21.2
4326,S005,2025-04-02,15,5,19.0
4327,S005,2025-04-02,18,6,27.8
4328,S005,2025-04-02,21,3,16.3
4329,S005,2025-11-07,0,0,8.1
4330,S005,2025-11-07,3,0,11.0
4331,S005,2025-11-07,6,2,13.4
4332,S005,2025-11-07,9,7,21.9
4333,S005,2025-11-07,12,6,12.0
4334,S005,2025-11-07,15,3,20.2
4335,S005,2025-11-07,18,8,27.7
4336,S005,2025-11-07,21,3,14.8
4337,S005,2025-07-07,0,0,12.8
4338,S005,2025-07-07,3,0,12.9
4339,S005,2025-07-07,6,5,9.4
4340,S005,2025-07-07,9,7,25.5
4341,S005,2025-07-07,12,1,23.6
4342,S005,2025-07-07,15,3,12.8
4343,S005,2025-07-07,18,6,31.5
4344,S005,2025-07-07,21,1,14.4
4345,S005,2025-05-26,0,0,6.2
4346,S005,2025-05-26,3,0,17.7
4347,S005,2025-05-26,6,1,14.6
4348,S005,2025-05-26,9,3,26.1
4349,S005,2025-05-26,12,1,17.1
4350,S005,2025-05-26,15,2,14.9
4351,S005,2025-05-26,18,7,23.2
4352,S005,2025-05-26,21,5,16.9
4353,S005,2025-06-28,0,0,5.0
4354,S005,2025-06-28,3,0,4.9
4355,S005,2025-06-28,6,7,18.0
4356,S005,2025-06-28,9,6,22.4
4357,S005,2025-06-28,12,4,13.8
4358,S005,2025-06-28,15,6,21.7
4359,S005,2025-06-28,18,5,28.7
4360,S005,2025-06-28,21,2,22.7
4361,S005,2025-06-08,0,0,8.5
4362,S005,2025-06-08,3,1,1.5
4363,S005,2025-06-08,6,4,21.0
4364,S005,2025-06-08,9,3,28.0
4365,S005,2025-06-08,12,1,14.6
4366,S005,2025-06-08,15,3,18.7
4367,S005,2025-06-08,18,4,32.6
4368,S005,2025-06-08,21,4,15.1
4369,S005,2025-08-25,0,1,9.5
4370,S005,2025-08-25,3,1,10.8
4371,S005,2025-08-25,6,3,9.3
4372,S005,2025-08-25,9,9,24.4
4373,S005,2025-08-25,12,5,27.7
4374,S005,2025-08-25,15,2,19.9
4375,S005,2025-08-25,18,9,27.8
4376,S005,2025-08-25,21,2,18.8
4377,S005,2025-06-30,0,1,14.4
4378,S005,2025-06-30,3,0,12.1
4379,S005,2025-06-30,6,5,14.8
4380,S005,2025-06-30,9,6,22.8
4381,S005,2025-06-30,12,2,18.4
4382,S005,2025-06-30,15,3,25.8
4383,S005,2025-06-30,18,6,32.1
4384,S005,2025-06-30,21,3,13.5
4385,S005,2025-05-02,0,1,3.0
4386,S005,2025-05-02,3,0,4.2
4387,S005,2025-05-02,6,3,13.9
4388,S005,2025-05-02,9,5,29.6
4389,S005,2025-05-02,12,3,15.6
4390,S005,2025-05-02,15,4,17.6
4391,S005,2025-05-02,18,6,30.0
4392,S005,2025-05-02,21,5,14.1
4393,S005,2025-06-07,0,0,7.8
4394,S005,2025-06-07,3,0,8.4
4395,S005,2025-06-07,6,1,16.4
4396,S005,2025-06-07,9,6,31.9
4397,S005,2025-06-07,12,0,19.6
4398,S005,2025-06-07,15,3,21.5
4399,S005,2025-06-07,18,9,33.5
4400,S005,2025-06-07,21,3,12.3
4401,S005,2025-12-16,0,0,6.8
4402,S005,2025-12-16,3,0,5.6
4403,S005,2025-12-16,6,1,20.5
4404,S005,2025-12-16,9,6,26.6
4405,S005,2025-12-16,12,3,21.8
4406,S005,2025-12-16,15,7,20.3
4407,S005,2025-12-16,18,4,31.8
4408,S005,2025-12-16,21,2,18.1
4409,S005,2025-02-21,0,0,12.0
4410,S005,2025-02-21,3,0,6.6
4411,S005,2025-02-21,6,1,13.9
4412,S005,2025-02-21,9,4,26.2
4413,S005,2025-02-21,12,1,19.0
4414,S005,2025-02-21,15,2,19.8
4415,S005,2025-02-21,18,6,30.1
4416,S005,2025-02-21,21,4,19.2
4417,S005,2025-07-16,0,0,7.1
4418,S005,2025-07-16,3,0,12.5
4419,S005,2025-07-16,6,3,12.1
4420,S005,2025-07-16,9,5,23.8
4421,S005,2025-07-16,12,4,14.6
4422,S005,2025-07-16,15,4,17.3
4423,S005,2025-07-16,18,7,33.8
4424,S005,2025-07-16,21,3,22.5
4425,S005,2025-08-06,0,0,11.6
4426,S005,2025-08-06,3,0,14.2
4427,S005,2025-08-06,6,0,24.0
4428,S005,2025-08-06,9,6,27.1
4429,S005,2025-08-06,12,6,20.5
4430,S005,2025-08-06,15,2,18.0
4431,S005,2025-08-06,18,9,35.2
4432,S005,2025-08-06,21,1,20.3
4433,S005,2025-08-29,0,2,12.0
4434,S005,2025-08-29,3,0,8.0
4435,S005,2025-08-29,6,2,18.4
4436,S005,2025-08-29,9,5,31.5
4437,S005,2025-08-29,12,4,18.4
4438,S005,2025-08-29,15,4,22.4
4439,S005,2025-08-29,18,5,26.3
4440,S005,2025-08-29,21,3,20.5
4441,S005,2025-01-06,0,2,11.8
4442,S005,2025-01-06,3,0,4.7
4443,S005,2025-01-06,6,4,12.8
4444,S005,2025-01-06,9,3,27.7
4445,S005,2025-01-06,12,4,19.0
4446,S005,2025-01-06,15,4,15.1
4447,S005,2025-01-06,18,9,26.1
4448,S005,2025-01-06,21,3,23.2
4449,S005,2025-08-15,0,0,6.3
4450,S005,2025-08-15,3,1,6.7
4451,S005,2025-08-15,6,3,18.5
4452,S005,2025-08-15,9,6,21.5
4453,S005,2025-08-15,12,4,16.2
4454,S005,2025-08-15,15,5,13.8
4455,S005,2025-08-15,18,4,29.2
4456,S005,2025-08-15,21,6,14.8
4457,S005,2025-01-23,0,0,9.2
4458,S005,2025-01-23,3,0,2.4
4459,S005,2025-01-23,6,3,14.2
4460,S005,2025-01-23,9,10,20.7
4461,S005,2025-01-23,12,2,17.5
4462,S005,2025-01-23,15,6,21.4
4463,S005,2025-01-23,18,7,28.8
4464,S005,2025-01-23,21,5,15.9
4465,S005,2025-01-17,0,1,21.5
4466,S005,2025-01-17,3,1,9.5
4467,S005,2025-01-17,6,1,14.8
4468,S005,2025-01-17,9,4,31.8
4469,S005,2025-01-17,12,0,14.9
4470,S005,2025-01-17,15,4,27.4
4471,S005,2025-01-17,18,2,32.1
4472,S005,2025-01-17,21,2,23.3
4473,S005,2025-11-25,0,0,7.6
4474,S005,2025-11-25,3,0,2.4
4475,S005,2025-11-25,6,1,18.8
4476,S005,2025-11-25,9,7,25.3
4477,S005,2025-11-25,12,3,8.4
4478,S005,2025-11-25,15,6,22.9
4479,S005,2025-11-25,18,6,30.4
4480,S005,2025-11-25,21,3,15.7
4481,S005,2025-03-16,0,1,6.3
4482,S005,2025-03-16,3,0,5.3
4483,S005,2025-03-16,6,2,10.9
4484,S005,2025-03-16,9,6,30.9
4485,S005,2025-03-16,12,1,20.1
4486,S005,2025-03-16,15,3,21.6
4487,S005,2025-03-16,18,2,31.2
4488,S005,2025-03-16,21,3,19.7
4489,S005,2025-03-14,0,0,6.9
4490,S005,2025-03-14,3,0,4.4
4491,S005,2025-03-14,6,3,19.7
4492,S005,2025-03-14,9,3,27.1
4493,S005,2025-03-14,12,4,16.0
4494,S005,2025-03-14,15,4,15.6
4495,S005,2025-03-14,18,7,35.6
4496,S005,2025-03-14,21,1,28.5
4497,S005,2025-01-03,0,0,7.4
4498,S005,2025-01-03,3,1,2.4
4499,S005,2025-01-03,6,3,12.4
4500,S005,2025-01-03,9,6,25.9
4501,S005,2025-01-03,12,1,14.1
4502,S005,2025-01-03,15,2,15.1
4503,S005,2025-01-03,18,7,25.4
4504,S005,2025-01-03,21,3,17.5
4505,S005,2025-02-05,0,0,5.6
4506,S005,2025-02-05,3,1,1.7
4507,S005,2025-02-05,6,9,11.4
4508,S005,2025-02-05,9,7,31.5
4509,S005,2025-02-05,12,5,13.5
4510,S005,2025-02-05,15,3,21.0
4511,S005,2025-02-05,18,4,30.1
4512,S005,2025-02-05,21,2,23.5
4513,S005,2025-03-06,0,0,5.4
4514,S005,2025-03-06,3,1,6.3
4515,S005,2025-03-06,6,6,15.8
4516,S005,2025-03-06,9,4,30.7
4517,S005,2025-03-06,12,2,16.7
4518,S005,2025-03-06,15,3,22.3
4519,S005,2025-03-06,18,6,37.6
4520,S005,2025-03-06,21,3,16.6
4521,S005,2025-10-17,0,0,9.6
4522,S005,2025-10-17,3,1,9.0
4523,S005,2025-10-17,6,2,16.6
4524,S005,2025-10-17,9,4,30.7
4525,S005,2025-10-17,12,2,20.2
4526,S005,2025-10-17,15,2,10.7
4527,S005,2025-10-17,18,5,28.2
4528,S005,2025-10-17,21,1,11.7
4529,S005,2025-12-27,0,1,11.5
4530,S005,2025-12-27,3,2,13.2
4531,S005,2025-12-27,6,4,19.2
4532,S005,2025-12-27,9,3,23.4
4533,S005,2025-12-27,12,2,13.6
4534,S005,2025-12-27,15,8,22.0
4535,S005,2025-12-27,18,3,35.0
4536,S005,2025-12-27,21,5,11.3
4537,S005,2025-09-22,0,0,0.0
4538,S005,2025-09-22,3,0,0.0
4539,S005,2025-09-22,6,3,16.2
4540,S005,2025-09-22,9,2,24.8
4541,S005,2025-09-22,12,2,15.9
4542,S005,2025-09-22,15,7,15.8
4543,S005,2025-09-22,18,5,25.4
4544,S005,2025-09-22,21,2,15.5
4545,S005,2025-10-03,0,0,7.8
4546,S005,2025-10-03,3,0,1.8
4547,S005,2025-10-03,6,2,12.9
4548,S005,2025-10-03,9,4,31.4
4549,S005,2025-10-03,12,3,12.9
4550,S005,2025-10-03,15,1,17.0
4551,S005,2025-10-03,18,6,28.4
4552,S005,2025-10-03,21,5,21.4
4553,S005,2025-06-22,0,1,14.3
4554,S005,2025-06-22,3,0,2.1
4555,S005,2025-06-22,6,4,13.6
4556,S005,2025-06-22,9,6,32.1
4557,S005,2025-06-22,12,2,20.4
4558,S005,2025-06-22,15,4,26.8
4559,S005,2025-06-22,18,6,27.9
4560,S005,2025-06-22,21,0,22.0
4561,S005,2025-09-13,0,1,7.6
4562,S005,2025-09-13,3,1,7.5
4563,S005,2025-09-13,6,2,12.6
4564,S005,2025-09-13,9,5,25.7
4565,S005,2025-09-13,12,3,20.6
4566,S005,2025-09-13,15,4,22.1
4567,S005,2025-09-13,18,3,27.9
4568,S005,2025-09-13,21,4,16.3
4569,S005,2025-07-19,0,0,6.2
4570,S005,2025-07-19,3,1,7.0
4571,S005,2025-07-19,6,1,11.0
4572,S005,2025-07-19,9,6,25.0
4573,S005,2025-07-19,12,4,19.6
4574,S005,2025-07-19,15,6,11.7
4575,S005,2025-07-19,18,6,27.2
4576,S005,2025-07-19,21,6,23.9
4577,S005,2025-12-22,0,0,7.2
4578,S005,2025-12-22,3,0,4.3
4579,S005,2025-12-22,6,0,16.5
4580,S005,2025-12-22,9,7,32.0
4581,S005,2025-12-22,12,2,5.2
4582,S005,2025-12-22,15,3,17.1
4583,S005,2025-12-22,18,3,26.0
4584,S005,2025-12-22,21,5,10.5
4585,S005,2025-07-08,0,0,13.3
4586,S005,2025-07-08,3,1,0.6
4587,S005,2025-07-08,6,3,18.6
4588,S005,2025-07-08,9,3,27.8
4589,S005,2025-07-08,12,1,11.5
4590,S005,2025-07-08,15,4,16.3
4591,S005,2025-07-08,18,9,27.9
4592,S005,2025-07-08,21,4,21.6
4593,S005,2025-02-10,0,3,6.3
4594,S005,2025-02-10,3,0,9.6
4595,S005,2025-02-10,6,3,15.1
4596,S005,2025-02-10,9,8,32.6
4597,S005,2025-02-10,12,4,15.1
4598,S005,2025-02-10,15,7,12.9
4599,S005,2025-02-10,18,6,34.3
4600,S005,2025-02-10,21,2,11.3
4601,S005,2025-06-04,0,0,6.7
4602,S005,2025-06-04,3,0,6.6
4603,S005,2025-06-04,6,2,19.2
4604,S005,2025-06-04,9,11,28.0
4605,S005,2025-06-04,12,3,19.4
4606,S005,2025-06-04,15,3,25.2
4607,S005,2025-06-04,18,8,27.2
4608,S005,2025-06-04,21,2,18.0
4609,S005,2025-05-11,0,1,4.5
4610,S005,2025-05-11,3,1,8.7
4611,S005,2025-05-11,6,4,16.4
4612,S005,2025-05-11,9,8,32.2
4613,S005,2025-05-11,12,1,17.5
4614,S005,2025-05-11,15,6,14.8
4615,S005,2025-05-11,18,6,37.6
4616,S005,2025-05-11,21,4,16.7
4617,S005,2025-02-11,0,1,5.6
4618,S005,2025-02-11,3,0,4.3
4619,S005,2025-02-11,6,2,16.3
4620,S005,2025-02-11,9,6,24.3
4621,S005,2025-02-11,12,2,16.3
4622,S005,2025-02-11,15,6,22.4
4623,S005,2025-02-11,18,3,29.7
4624,S005,2025-02-11,21,6,22.0
4625,S005,2025-06-01,0,0,11.7
4626,S005,2025-06-01,3,0,13.4
4627,S005,2025-06-01,6,2,9.2
4628,S005,2025-06-01,9,4,32.1
4629,S005,2025-06-01,12,3,14.5
4630,S005,2025-06-01,15,1,20.4
4631,S005,2025-06-01,18,6,34.8
4632,S005,2025-06-01,21,1,13.1
4633,S005,2025-05-10,0,1,2.1
4634,S005,2025-05-10,3,0,7.5
4635,S005,2025-05-10,6,2,12.3
4636,S005,2025-05-10,9,2,26.3
4637,S005,2025-05-10,12,5,10.4
4638,S005,2025-05-10,15,3,24.5
4639,S005,2025-05-10,18,6,36.4
4640,S005,2025-05-10,21,4,17.0
4641,S005,2025-10-19,0,1,6.9
4642,S005,2025-10-19,3,0,8.5
4643,S005,2025-10-19,6,2,14.3
4644,S005,2025-10-19,9,6,30.8
4645,S005,2025-10-19,12,3,19.0
4646,S005,2025-10-19,15,3,21.1
4647,S005,2025-10-19,18,8,33.6
4648,S005,2025-10-19,21,0,14.9
4649,S005,2025-04-08,0,1,2.3
4650,S005,2025-04-08,3,1,11.0
4651,S005,2025-04-08,6,1,14.4
4652,S005,2025-04-08,9,4,23.0
4653,S005,2025-04-08,12,3,16.5
4654,S005,2025-04-08,15,4,25.4
4655,S005,2025-04-08,18,8,29.5
4656,S005,2025-04-08,21,1,22.3
4657,S005,2025-12-29,0,0,8.3
4658,S005,2025-12-29,3,1,0.0
4659,S005,2025-12-29,6,4,18.1
4660,S005,2025-12-29,9,9,34.8
4661,S005,2025-12-29,12,5,17.8
4662,S005,2025-12-29,15,6,23.4
4663,S005,2025-12-29,18,6,28.3
4664,S005,2025-12-29,21,4,16.0
4665,S005,2025-01-24,0,0,6.1
4666,S005,2025-01-24,3,0,3.8
4667,S005,2025-01-24,6,0,19.6
4668,S005,2025-01-24,9,7,32.1
4669,S005,2025-01-24,12,2,13.8
4670,S005,2025-01-24,15,3,15.8
4671,S005,2025-01-24,18,1,21.7
4672,S005,2025-01-24,21,0,20.4
4673,S005,2025-12-07,0,0,9.0
4674,S005,2025-12-07,3,2,8.3
4675,S005,2025-12-07,6,3,2.9
4676,S005,2025-12-07,9,3,30.5
4677,S005,2025-12-07,12,8,9.6
4678,S005,2025-12-07,15,4,22.4
4679,S005,2025-12-07,18,4,36.8
4680,S005,2025-12-07,21,3,24.3
4681,S005,2025-02-28,0,0,10.9
4682,S005,2025-02-28,3,0,4.9
4683,S005,2025-02-28,6,4,16.8
4684,S005,2025-02-28,9,4,25.4
4685,S005,2025-02-28,12,2,21.5
4686,S005,2025-02-28,15,2,20.8
4687,S005,2025-02-28,18,10,23.5
4688,S005,2025-02-28,21,2,11.5
4689,S005,2025-06-13,0,1,8.4
4690,S005,2025-06-13,3,2,5.0
4691,S005,2025-06-13,6,1,12.7
4692,S005,2025-06-13,9,3,35.0
4693,S005,2025-06-13,12,6,9.9
4694,S005,2025-06-13,15,3,22.8
4695,S005,2025-06-13,18,5,31.1
4696,S005,2025-06-13,21,4,19.3
4697,S005,2025-08-05,0,2,3.9
4698,S005,2025-08-05,3,0,8.7
4699,S005,2025-08-05,6,2,20.2
4700,S005,2025-08-05,9,6,28.4
4701,S005,2025-08-05,12,6,11.9
4702,S005,2025-08-05,15,5,19.8
4703,S005,2025-08-05,18,7,33.3
4704,S005,2025-08-05,21,3,17.4
4705,S005,2025-09-24,0,0,5.2
4706,S005,2025-09-24,3,1,12.3
4707,S005,2025-09-24,6,1,11.1
4708,S005,2025-09-24,9,5,27.1
4709,S005,2025-09-24,12,2,14.6
4710,S005,2025-09-24,15,4,25.3
4711,S005,2025-09-24,18,6,31.1
4712,S005,2025-09-24,21,4,8.8
4713,S005,2025-09-10,0,0,5.9
4714,S005,2025-09-10,3,0,11.3
4715,S005,2025-09-10,6,3,14.3
4716,S005,2025-09-10,9,6,25.2
4717,S005,2025-09-10,12,7,18.9
4718,S005,2025-09-10,15,6,18.7
4719,S005,2025-09-10,18,3,35.4
4720,S005,2025-09-10,21,1,23.3
4721,S005,2025-11-23,0,1,5.4
4722,S005,2025-11-23,3,1,0.0
4723,S005,2025-11-23,6,0,13.4
4724,S005,2025-11-23,9,8,26.1
4725,S005,2025-11-23,12,4,18.6
4726,S005,2025-11-23,15,2,16.9
4727,S005,2025-11-23,18,4,27.2
4728,S005,2025-11-23,21,3,12.5
4729,S005,2025-02-15,0,0,9.3
4730,S005,2025-02-15,3,0,4.3
4731,S005,2025-02-15,6,1,10.8
4732,S005,2025-02-15,9,10,29.6
4733,S005,2025-02-15,12,4,19.1
4734,S005,2025-02-15,15,6,17.9
4735,S005,2025-02-15,18,4,27.0
4736,S005,2025-02-15,21,4,13.1
4737,S005,2025-07-30,0,0,9.1
4738,S005,2025-07-30,3,1,14.8
4739,S005,2025-07-30,6,2,15.6
4740,S005,2025-07-30,9,5,28.3
4741,S005,2025-07-30,12,1,11.7
4742,S005,2025-07-30,15,4,19.9
4743,S005,2025-07-30,18,4,28.8
4744,S005,2025-07-30,21,6,11.5
4745,S005,2025-04-03,0,2,2.3
4746,S005,2025-04-03,3,2,6.9
4747,S005,2025-04-03,6,0,17.3
4748,S005,2025-04-03,9,7,29.9
4749,S005,2025-04-03,12,3,19.9
4750,S005,2025-04-03,15,3,16.6
4751,S005,2025-04-03,18,4,25.4
4752,S005,2025-04-03,21,1,13.3
4753,S005,2025-06-12,0,0,2.4
4754,S005,2025-06-12,3,1,5.6
4755,S005,2025-06-12,6,1,11.5
4756,S005,2025-06-12,9,5,30.7
4757,S005,2025-06-12,12,1,11.8
4758,S005,2025-06-12,15,4,26.2
4759,S005,2025-06-12,18,4,31.8
4760,S005,2025-06-12,21,1,27.4
4761,S005,2025-07-28,0,0,8.8
4762,S005,2025-07-28,3,0,14.4
4763,S005,2025-07-28,6,3,15.1
4764,S005,2025-07-28,9,10,27.3
4765,S005,2025-07-28,12,3,23.6
4766,S005,2025-07-28,15,9,12.0
4767,S005,2025-07-28,18,10,24.8
4768,S005,2025-07-28,21,1,10.6
4769,S005,2025-03-30,0,1,8.7
4770,S005,2025-03-30,3,1,4.6
4771,S005,2025-03-30,6,3,18.5
4772,S005,2025-03-30,9,5,31.1
4773,S005,2025-03-30,12,5,12.4
4774,S005,2025-03-30,15,3,20.3
4775,S005,2025-03-30,18,7,33.7
4776,S005,2025-03-30,21,0,14.6
4777,S005,2025-10-09,0,3,12.5
4778,S005,2025-10-09,3,0,10.2
4779,S005,2025-10-09,6,2,18.5
4780,S005,2025-10-09,9,4,21.7
4781,S005,2025-10-09,12,6,11.9
4782,S005,2025-10-09,15,4,17.4
4783,S005,2025-10-09,18,5,28.2
4784,S005,2025-10-09,21,4,23.8
4785,S005,2025-03-03,0,0,8.1
4786,S005,2025-03-03,3,0,11.3
4787,S005,2025-03-03,6,2,15.0
4788,S005,2025-03-03,9,3,30.2
4789,S005,2025-03-03,12,3,20.6
4790,S005,2025-03-03,15,2,20.2
4791,S005,2025-03-03,18,5,28.9
4792,S005,2025-03-03,21,5,16.0
4793,S005,2025-03-20,0,1,5.8
4794,S005,2025-03-20,3,1,16.2
4795,S005,2025-03-20,6,0,12.5
4796,S005,2025-03-20,9,2,30.0
4797,S005,2025-03-20,12,2,13.5
4798,S005,2025-03-20,15,1,14.5
4799,S005,2025-03-20,18,4,29.7
4800,S005,2025-03-20,21,4,18.9
4801,S006,2025-06-12,0,1,5.1
4802,S006,2025-06-12,3,0,3.8
4803,S006,2025-06-12,6,0,15.1
4804,S006,2025-06-12,9,4,27.3
4805,S006,2025-06-12,12,3,15.7
4806,S006,2025-06-12,15,1,17.3
4807,S006,2025-06-12,18,5,32.4
4808,S006,2025-06-12,21,2,20.3
4809,S006,2025-12-08,0,1,9.6
4810,S006,2025-12-08,3,1,10.5
4811,S006,2025-12-08,6,2,18.8
4812,S006,2025-12-08,9,10,25.5
4813,S006,2025-12-08,12,4,18.3
4814,S006,2025-12-08,15,5,12.8
4815,S006,2025-12-08,18,7,31.4
4816,S006,2025-12-08,21,3,12.7
4817,S006,2025-01-30,0,2,8.7
4818,S006,2025-01-30,3,0,13.9
4819,S006,2025-01-30,6,3,11.8
4820,S006,2025-01-30,9,11,33.0
4821,S006,2025-01-30,12,2,21.4
4822,S006,2025-01-30,15,3,20.6
4823,S006,2025-01-30,18,7,29.4
4824,S006,2025-01-30,21,2,8.1
4825,S006,2025-07-30,0,0,11.1
4826,S006,2025-07-30,3,0,11.2
4827,S006,2025-07-30,6,2,12.3
4828,S006,2025-07-30,9,6,31.9
4829,S006,2025-07-30,12,4,21.4
4830,S006,2025-07-30,15,4,19.6
4831,S006,2025-07-30,18,8,26.0
4832,S006,2025-07-30,21,1,16.4
4833,S006,2025-03-18,0,2,13.2
4834,S006,2025-03-18,3,1,11.1
4835,S006,2025-03-18,6,3,15.1
4836,S006,2025-03-18,9,5,27.3
4837,S006,2025-03-18,12,3,17.7
4838,S006,2025-03-18,15,1,14.9
4839,S006,2025-03-18,18,6,29.8
4840,S006,2025-03-18,21,1,16.5
4841,S006,2025-09-02,0,0,7.9
4842,S006,2025-09-02,3,3,4.8
4843,S006,2025-09-02,6,1,9.3
4844,S006,2025-09-02,9,8,25.4
4845,S006,2025-09-02,12,2,16.4
4846,S006,2025-09-02,15,2,19.9
4847,S006,2025-09-02,18,3,31.5
4848,S006,2025-09-02,21,2,16.5
4849,S006,2025-07-22,0,2,8.2
4850,S006,2025-07-22,3,1,15.5
4851,S006,2025-07-22,6,1,23.7
4852,S006,2025-07-22,9,8,19.5
4853,S006,2025-07-22,12,1,18.4
4854,S006,2025-07-22,15,3,26.5
4855,S006,2025-07-22,18,8,25.6
4856,S006,2025-07-22,21,3,18.3
4857,S006,2025-03-31,0,2,2.9
4858,S006,2025-03-31,3,1,6.1
4859,S006,2025-03-31,6,2,10.0
4860,S006,2025-03-31,9,6,24.6
4861,S006,2025-03-31,12,2,17.6
4862,S006,2025-03-31,15,3,13.8
4863,S006,2025-03-31,18,6,23.9
4864,S006,2025-03-31,21,5,13.6
4865,S006,2025-08-05,0,1,8.6
4866,S006,2025-08-05,3,1,8.1
4867,S006,2025-08-05,6,2,14.6
4868,S006,2025-08-05,9,6,32.2
4869,S006,2025-08-05,12,2,25.6
4870,S006,2025-08-05,15,2,19.7
4871,S006,2025-08-05,18,7,35.4
4872,S006,2025-08-05,21,4,22.0
4873,S006,2025-01-19,0,1,8.3
4874,S006,2025-01-19,3,1,2.4
4875,S006,2025-01-19,6,2,17.0
4876,S006,2025-01-19,9,7,25.3
4877,S006,2025-01-19,12,2,16.5
4878,S006,2025-01-19,15,8,18.8
4879,S006,2025-01-19,18,5,36.1
4880,S006,2025-01-19,21,3,23.4
4881,S006,2025-03-17,0,0,11.7
4882,S006,2025-03-17,3,0,5.8
4883,S006,2025-03-17,6,2,30.1
4884,S006,2025-03-17,9,13,22.9
4885,S006,2025-03-17,12,1,19.1
4886,S006,2025-03-17,15,1,20.4
4887,S006,2025-03-17,18,4,24.2
4888,S006,2025-03-17,21,3,14.4
4889,S006,2025-02-27,0,1,6.0
4890,S006,2025-02-27,3,0,5.4
4891,S006,2025-02-27,6,3,10.7
4892,S006,2025-02-27,9,6,26.1
4893,S006,2025-02-27,12,3,20.6
4894,S006,2025-02-27,15,2,22.3
4895,S006,2025-02-27,18,5,30.6
4896,S006,2025-02-27,21,4,21.1
4897,S006,2025-07-19,0,0,11.8
4898,S006,2025-07-19,3,2,3.8
4899,S006,2025-07-19,6,2,13.3
4900,S006,2025-07-19,9,8,19.9
4901,S006,2025-07-19,12,4,16.6
4902,S006,2025-07-19,15,4,24.1
4903,S006,2025-07-19,18,3,24.6
4904,S006,2025-07-19,21,3,17.0
4905,S006,2025-02-07,0,0,6.7
4906,S006,2025-02-07,3,0,0.9
4907,S006,2025-02-07,6,0,5.3
4908,S006,2025-02-07,9,9,32.9
4909,S006,2025-02-07,12,6,14.1
4910,S006,2025-02-07,15,1,9.4
4911,S006,2025-02-07,18,4,33.8
4912,S006,2025-02-07,21,2,18.7
4913,S006,2025-12-30,0,0,8.4
4914,S006,2025-12-30,3,0,11.3
4915,S006,2025-12-30,6,5,15.9
4916,S006,2025-12-30,9,3,16.2
4917,S006,2025-12-30,12,2,25.8
4918,S006,2025-12-30,15,1,16.9
4919,S006,2025-12-30,18,3,28.7
4920,S006,2025-12-30,21,4,18.9
4921,S006,2025-10-27,0,0,6.9
4922,S006,2025-10-27,3,1,9.7
4923,S006,2025-10-27,6,1,11.3
4924,S006,2025-10-27,9,7,32.7
4925,S006,2025-10-27,12,2,13.1
4926,S006,2025-10-27,15,4,15.7
4927,S006,2025-10-27,18,1,23.6
4928,S006,2025-10-27,21,0,19.4
4929,S006,2025-03-08,0,0,6.1
4930,S006,2025-03-08,3,0,0.0
4931,S006,2025-03-08,6,4,13.1
4932,S006,2025-03-08,9,7,22.6
4933,S006,2025-03-08,12,3,17.3
4934,S006,2025-03-08,15,2,25.5
4935,S006,2025-03-08,18,4,29.8
4936,S006,2025-03-08,21,1,17.0
4937,S006,2025-10-06,0,0,0.0
4938,S006,2025-10-06,3,0,4.5
4939,S006,2025-10-06,6,3,9.3
4940,S006,2025-10-06,9,5,36.0
4941,S006,2025-10-06,12,5,24.7
4942,S006,2025-10-06,15,2,18.9
4943,S006,2025-10-06,18,2,26.5
4944,S006,2025-10-06,21,4,17.5
4945,S006,2025-05-20,0,0,8.6
4946,S006,2025-05-20,3,1,8.4
4947,S006,2025-05-20,6,0,16.9
4948,S006,2025-05-20,9,8,27.6
4949,S006,2025-05-20,12,2,25.7
4950,S006,2025-05-20,15,0,19.8
4951,S006,2025-05-20,18,3,30.7
4952,S006,2025-05-20,21,1,12.7
4953,S006,2025-09-10,0,1,10.0
4954,S006,2025-09-10,3,0,2.2
4955,S006,2025-09-10,6,2,14.6
4956,S006,2025-09-10,9,9,35.0
4957,S006,2025-09-10,12,4,16.9
4958,S006,2025-09-10,15,2,16.1
4959,S006,2025-09-10,18,4,32.5
4960,S006,2025-09-10,21,2,15.9
4961,S006,2025-06-24,0,1,4.2
4962,S006,2025-06-24,3,0,2.8
4963,S006,2025-06-24,6,5,16.6
4964,S006,2025-06-24,9,5,26.3
4965,S006,2025-06-24,12,3,14.7
4966,S006,2025-06-24,15,1,15.6
4967,S006,2025-06-24,18,8,35.2
4968,S006,2025-06-24,21,5,14.9
4969,S006,2025-03-03,0,0,10.6
4970,S006,2025-03-03,3,0,7.8
4971,S006,2025-03-03,6,2,17.4
4972,S006,2025-03-03,9,3,32.2
4973,S006,2025-03-03,12,7,22.1
4974,S006,2025-03-03,15,3,22.6
4975,S006,2025-03-03,18,5,26.9
4976,S006,2025-03-03,21,3,18.7
4977,S006,2025-11-04,0,0,7.2
4978,S006,2025-11-04,3,0,7.1
4979,S006,2025-11-04,6,3,10.3
4980,S006,2025-11-04,9,5,21.3
4981,S006,2025-11-04,12,2,17.1
4982,S006,2025-11-04,15,3,19.6
4983,S006,2025-11-04,18,6,29.1
4984,S006,2025-11-04,21,6,9.5
4985,S006,2025-07-18,0,0,7.7
4986,S006,2025-07-18,3,1,8.5
4987,S006,2025-07-18,6,3,12.1
4988,S006,2025-07-18,9,3,27.5
4989,S006,2025-07-18,12,2,14.1
4990,S006,2025-07-18,15,0,20.9
4991,S006,2025-07-18,18,5,32.6
4992,S006,2025-07-18,21,4,22.7
4993,S006,2025-04-13,0,0,8.2
4994,S006,2025-04-13,3,1,9.2
4995,S006,2025-04-13,6,2,13.6
4996,S006,2025-04-13,9,11,21.5
4997,S006,2025-04-13,12,1,14.5
4998,S006,2025-04-13,15,4,17.8
4999,S006,2025-04-13,18,3,31.3
5000,S006,2025-04-13,21,5,21.3
5001,S006,2025-06-17,0,0,6.9
5002,S006,2025-06-17,3,1,9.1
5003,S006,2025-06-17,6,2,20.8
5004,S006,2025-06-17,9,6,28.7
5005,S006,2025-06-17,12,2,19.5
5006,S006,2025-06-17,15,5,20.8
5007,S006,2025-06-17,18,2,31.9
5008,S006,2025-06-17,21,3,21.0
5009,S006,2025-08-04,0,2,3.9
5010,S006,2025-08-04,3,1,11.5
5011,S006,2025-08-04,6,5,8.9
5012,S006,2025-08-04,9,2,24.3
5013,S006,2025-08-04,12,1,21.0
5014,S006,2025-08-04,15,2,21.3
5015,S006,2025-08-04,18,5,35.2
5016,S006,2025-08-04,21,2,16.2
5017,S006,2025-03-15,0,1,4.4
5018,S006,2025-03-15,3,0,7.4
5019,S006,2025-03-15,6,4,16.0
5020,S006,2025-03-15,9,7,22.3
5021,S006,2025-03-15,12,1,14.6
5022,S006,2025-03-15,15,2,15.6
5023,S006,2025-03-15,18,7,36.9
5024,S006,2025-03-15,21,4,21.6
5025,S006,2025-08-08,0,1,18.9
5026,S006,2025-08-08,3,0,7.6
5027,S006,2025-08-08,6,1,12.2
5028,S006,2025-08-08,9,8,26.5
5029,S006,2025-08-08,12,2,20.6
5030,S006,2025-08-08,15,1,20.4
5031,S006,2025-08-08,18,4,39.8
5032,S006,2025-08-08,21,4,20.8
5033,S006,2025-08-17,0,1,10.5
5034,S006,2025-08-17,3,0,8.4
5035,S006,2025-08-17,6,3,15.6
5036,S006,2025-08-17,9,7,25.3
5037,S006,2025-08-17,12,2,13.9
5038,S006,2025-08-17,15,5,20.5
5039,S006,2025-08-17,18,8,31.9
5040,S006,2025-08-17,21,3,15.3
5041,S006,2025-09-25,0,1,7.1
5042,S006,2025-09-25,3,1,2.3
5043,S006,2025-09-25,6,1,17.2
5044,S006,2025-09-25,9,8,32.9
5045,S006,2025-09-25,12,3,18.8
5046,S006,2025-09-25,15,3,18.0
5047,S006,2025-09-25,18,10,27.9
5048,S006,2025-09-25,21,3,11.7
5049,S006,2025-06-02,0,2,12.4
5050,S006,2025-06-02,3,0,5.3
5051,S006,2025-06-02,6,1,12.8
5052,S006,2025-06-02,9,8,26.8
5053,S006,2025-06-02,12,3,17.9
5054,S006,2025-06-02,15,4,12.7
5055,S006,2025-06-02,18,2,27.2
5056,S006,2025-06-02,21,4,12.5
5057,S006,2025-08-25,0,1,8.9
5058,S006,2025-08-25,3,1,10.7
5059,S006,2025-08-25,6,0,15.6
5060,S006,2025-08-25,9,5,24.2
5061,S006,2025-08-25,12,4,20.7
5062,S006,2025-08-25,15,7,23.4
5063,S006,2025-08-25,18,4,27.2
5064,S006,2025-08-25,21,4,16.5
5065,S006,2025-02-13,0,0,9.9
5066,S006,2025-02-13,3,1,4.9
5067,S006,2025-02-13,6,0,15.7
5068,S006,2025-02-13,9,9,26.4
5069,S006,2025-02-13,12,3,15.5
5070,S006,2025-02-13,15,6,23.5
5071,S006,2025-02-13,18,7,37.4
5072,S006,2025-02-13,21,3,14.8
5073,S006,2025-07-17,0,0,6.5
5074,S006,2025-07-17,3,1,10.9
5075,S006,2025-07-17,6,4,15.3
5076,S006,2025-07-17,9,8,23.8
5077,S006,2025-07-17,12,3,15.2
5078,S006,2025-07-17,15,1,20.0
5079,S006,2025-07-17,18,10,34.1
5080,S006,2025-07-17,21,0,16.5
5081,S006,2025-03-01,0,2,0.0
5082,S006,2025-03-01,3,1,13.6
5083,S006,2025-03-01,6,1,16.9
5084,S006,2025-03-01,9,3,18.3
5085,S006,2025-03-01,12,2,12.9
5086,S006,2025-03-01,15,4,25.0
5087,S006,2025-03-01,18,6,31.4
5088,S006,2025-03-01,21,2,12.4
5089,S006,2025-11-11,0,2,6.1
5090,S006,2025-11-11,3,1,0.0
5091,S006,2025-11-11,6,4,11.7
5092,S006,2025-11-11,9,8,30.6
5093,S006,2025-11-11,12,3,13.9
5094,S006,2025-11-11,15,7,28.0
5095,S006,2025-11-11,18,4,33.0
5096,S006,2025-11-11,21,2,17.8
5097,S006,2025-05-28,0,0,10.1
5098,S006,2025-05-28,3,0,3.2
5099,S006,2025-05-28,6,3,15.3
5100,S006,2025-05-28,9,6,25.6
5101,S006,2025-05-28,12,2,17.1
5102,S006,2025-05-28,15,5,20.1
5103,S006,2025-05-28,18,7,33.0
5104,S006,2025-05-28,21,3,18.9
5105,S006,2025-01-12,0,1,7.6
5106,S006,2025-01-12,3,0,14.5
5107,S006,2025-01-12,6,0,13.2
5108,S006,2025-01-12,9,4,29.1
5109,S006,2025-01-12,12,2,15.2
5110,S006,2025-01-12,15,0,23.8
5111,S006,2025-01-12,18,5,29.3
5112,S006,2025-01-12,21,1,16.9
5113,S006,2025-01-26,0,1,9.2
5114,S006,2025-01-26,3,0,13.8
5115,S006,2025-01-26,6,2,13.6
5116,S006,2025-01-26,9,6,24.7
5117,S006,2025-01-26,12,0,21.7
5118,S006,2025-01-26,15,1,24.6
5119,S006,2025-01-26,18,6,24.4
5120,S006,2025-01-26,21,3,12.0
5121,S006,2025-10-07,0,0,5.2
5122,S006,2025-10-07,3,1,4.2
5123,S006,2025-10-07,6,0,18.0
5124,S006,2025-10-07,9,4,30.0
5125,S006,2025-10-07,12,2,12.5
5126,S006,2025-10-07,15,4,22.3
5127,S006,2025-10-07,18,6,30.4
5128,S006,2025-10-07,21,7,16.2
5129,S006,2025-01-07,0,1,9.9
5130,S006,2025-01-07,3,0,15.0
5131,S006,2025-01-07,6,2,24.3
5132,S006,2025-01-07,9,5,22.3
5133,S006,2025-01-07,12,1,16.7
5134,S006,2025-01-07,15,5,20.3
5135,S006,2025-01-07,18,3,30.3
5136,S006,2025-01-07,21,6,22.9
5137,S006,2025-04-23,0,1,7.6
5138,S006,2025-04-23,3,0,6.3
5139,S006,2025-04-23,6,1,12.9
5140,S006,2025-04-23,9,6,24.7
5141,S006,2025-04-23,12,4,15.9
5142,S006,2025-04-23,15,2,24.0
5143,S006,2025-04-23,18,5,38.6
5144,S006,2025-04-23,21,3,24.4
5145,S006,2025-12-07,0,0,8.5
5146,S006,2025-12-07,3,0,10.2
5147,S006,2025-12-07,6,1,16.6
5148,S006,2025-12-07,9,3,28.4
5149,S006,2025-12-07,12,3,15.2
5150,S006,2025-12-07,15,4,21.7
5151,S006,2025-12-07,18,3,27.0
5152,S006,2025-12-07,21,0,13.2
5153,S006,2025-01-16,0,0,11.8
5154,S006,2025-01-16,3,0,4.2
5155,S006,2025-01-16,6,3,22.3
5156,S006,2025-01-16,9,5,23.4
5157,S006,2025-01-16,12,6,22.1
5158,S006,2025-01-16,15,5,23.6
5159,S006,2025-01-16,18,3,23.0
5160,S006,2025-01-16,21,1,13.7
5161,S006,2025-02-18,0,0,14.1
5162,S006,2025-02-18,3,0,6.1
5163,S006,2025-02-18,6,1,10.3
5164,S006,2025-02-18,9,8,23.3
5165,S006,2025-02-18,12,2,16.5
5166,S006,2025-02-18,15,3,20.5
5167,S006,2025-02-18,18,3,32.2
5168,S006,2025-02-18,21,4,13.5
5169,S006,2025-01-24,0,1,2.4
5170,S006,2025-01-24,3,1,8.8
5171,S006,2025-01-24,6,2,18.4
5172,S006,2025-01-24,9,5,21.4
5173,S006,2025-01-24,12,4,16.0
5174,S006,2025-01-24,15,2,23.3
5175,S006,2025-01-24,18,4,27.3
5176,S006,2025-01-24,21,4,13.9
5177,S006,2025-05-18,0,0,14.4
5178,S006,2025-05-18,3,0,8.1
5179,S006,2025-05-18,6,4,19.7
5180,S006,2025-05-18,9,3,31.9
5181,S006,2025-05-18,12,6,9.5
5182,S006,2025-05-18,15,4,18.6
5183,S006,2025-05-18,18,9,32.8
5184,S006,2025-05-18,21,9,7.5
5185,S006,2025-09-08,0,0,5.4
5186,S006,2025-09-08,3,0,2.1
5187,S006,2025-09-08,6,1,20.8
5188,S006,2025-09-08,9,7,30.2
5189,S006,2025-09-08,12,3,17.2
5190,S006,2025-09-08,15,2,27.8
5191,S006,2025-09-08,18,4,21.9
5192,S006,2025-09-08,21,1,12.8
5193,S006,2025-06-19,0,0,13.2
5194,S006,2025-06-19,3,1,4.6
5195,S006,2025-06-19,6,1,15.6
5196,S006,2025-06-19,9,6,26.0
5197,S006,2025-06-19,12,2,15.8
5198,S006,2025-06-19,15,3,18.4
5199,S006,2025-06-19,18,2,27.4
5200,S006,2025-06-19,21,4,16.4
5201,S006,2025-06-18,0,1,5.6
5202,S006,2025-06-18,3,1,9.1
5203,S006,2025-06-18,6,4,18.6
5204,S006,2025-06-18,9,3,30.4
5205,S006,2025-06-18,12,10,17.3
5206,S006,2025-06-18,15,5,18.5
5207,S006,2025-06-18,18,10,28.0
5208,S006,2025-06-18,21,2,8.2
5209,S006,2025-02-03,0,0,8.9
5210,S006,2025-02-03,3,0,5.9
5211,S006,2025-02-03,6,4,15.6
5212,S006,2025-02-03,9,5,32.1
5213,S006,2025-02-03,12,2,14.7
5214,S006,2025-02-03,15,5,13.1
5215,S006,2025-02-03,18,6,32.4
5216,S006,2025-02-03,21,1,11.5
5217,S006,2025-10-10,0,1,11.0
5218,S006,2025-10-10,3,1,4.1
5219,S006,2025-10-10,6,4,14.1
5220,S006,2025-10-10,9,8,30.9
5221,S006,2025-10-10,12,1,13.7
5222,S006,2025-10-10,15,6,14.9
5223,S006,2025-10-10,18,4,32.0
5224,S006,2025-10-10,21,7,25.0
5225,S006,2025-01-11,0,1,3.5
5226,S006,2025-01-11,3,1,6.2
5227,S006,2025-01-11,6,2,13.0
5228,S006,2025-01-11,9,6,23.7
5229,S006,2025-01-11,12,4,15.3
5230,S006,2025-01-11,15,5,19.4
5231,S006,2025-01-11,18,1,21.9
5232,S006,2025-01-11,21,2,15.6
5233,S006,2025-07-14,0,1,2.2
5234,S006,2025-07-14,3,1,12.4
5235,S006,2025-07-14,6,3,17.9
5236,S006,2025-07-14,9,6,38.1
5237,S006,2025-07-14,12,3,15.9
5238,S006,2025-07-14,15,1,25.8
5239,S006,2025-07-14,18,8,30.1
5240,S006,2025-07-14,21,4,6.9
5241,S006,2025-03-12,0,0,6.9
5242,S006,2025-03-12,3,0,11.8
5243,S006,2025-03-12,6,2,17.8
5244,S006,2025-03-12,9,4,35.4
5245,S006,2025-03-12,12,2,14.2
5246,S006,2025-03-12,15,7,17.8
5247,S006,2025-03-12,18,6,30.3
5248,S006,2025-03-12,21,1,13.1
5249,S006,2025-05-23,0,1,15.6
5250,S006,2025-05-23,3,0,0.0
5251,S006,2025-05-23,6,3,5.7
5252,S006,2025-05-23,9,8,24.8
5253,S006,2025-05-23,12,3,20.5
5254,S006,2025-05-23,15,7,13.8
5255,S006,2025-05-23,18,6,32.7
5256,S006,2025-05-23,21,1,14.7
5257,S006,2025-11-16,0,0,6.7
5258,S006,2025-11-16,3,0,5.1
5259,S006,2025-11-16,6,3,14.4
5260,S006,2025-11-16,9,7,23.3
5261,S006,2025-11-16,12,2,15.3
5262,S006,2025-11-16,15,4,21.7
5263,S006,2025-11-16,18,6,32.8
5264,S006,2025-11-16,21,1,15.2
5265,S006,2025-11-01,0,0,4.9
5266,S006,2025-11-01,3,0,0.0
5267,S006,2025-11-01,6,0,11.9
5268,S006,2025-11-01,9,5,29.0
5269,S006,2025-11-01,12,3,18.7
5270,S006,2025-11-01,15,2,26.2
5271,S006,2025-11-01,18,7,31.8
5272,S006,2025-11-01,21,3,25.5
5273,S006,2025-12-03,0,0,8.9
5274,S006,2025-12-03,3,0,14.6
5275,S006,2025-12-03,6,3,9.5
5276,S006,2025-12-03,9,5,30.7
5277,S006,2025-12-03,12,3,15.4
5278,S006,2025-12-03,15,3,27.5
5279,S006,2025-12-03,18,5,29.7
5280,S006,2025-12-03,21,5,14.3
5281,S006,2025-12-31,0,1,6.9
5282,S006,2025-12-31,3,1,1.2
5283,S006,2025-12-31,6,1,24.2
5284,S006,2025-12-31,9,5,26.1
5285,S006,2025-12-31,12,4,20.1
5286,S006,2025-12-31,15,3,14.5
5287,S006,2025-12-31,18,7,30.0
5288,S006,2025-12-31,21,6,15.3
5289,S006,2025-08-16,0,0,7.6
5290,S006,2025-08-16,3,0,3.0
5291,S006,2025-08-16,6,4,12.8
5292,S006,2025-08-16,9,6,31.4
5293,S006,2025-08-16,12,4,19.6
5294,S006,2025-08-16,15,4,17.7
5295,S006,2025-08-16,18,3,31.5
5296,S006,2025-08-16,21,5,9.7
5297,S006,2025-12-27,0,0,11.7
5298,S006,2025-12-27,3,0,13.2
5299,S006,2025-12-27,6,5,24.8
5300,S006,2025-12-27,9,6,24.8
5301,S006,2025-12-27,12,1,13.7
5302,S006,2025-12-27,15,4,18.0
5303,S006,2025-12-27,18,8,33.0
5304,S006,2025-12-27,21,5,24.5
5305,S006,2025-06-28,0,1,0.8
5306,S006,2025-06-28,3,0,13.6
5307,S006,2025-06-28,6,4,14.1
5308,S006,2025-06-28,9,5,27.5
5309,S006,2025-06-28,12,2,22.4
5310,S006,2025-06-28,15,3,16.9
5311,S006,2025-06-28,18,7,28.3
5312,S006,2025-06-28,21,1,16.9
5313,S006,2025-07-06,0,2,4.6
5314,S006,2025-07-06,3,1,12.3
5315,S006,2025-07-06,6,4,14.5
5316,S006,2025-07-06,9,9,27.4
5317,S006,2025-07-06,12,3,25.2
5318,S006,2025-07-06,15,4,14.7
5319,S006,2025-07-06,18,7,30.3
5320,S006,2025-07-06,21,2,18.0
5321,S006,2025-06-16,0,0,9.1
5322,S006,2025-06-16,3,2,7.3
5323,S006,2025-06-16,6,1,14.9
5324,S006,2025-06-16,9,6,24.1
5325,S006,2025-06-16,12,2,16.2
5326,S006,2025-06-16,15,5,22.3
5327,S006,2025-06-16,18,7,31.6
5328,S006,2025-06-16,21,1,22.1
5329,S006,2025-03-07,0,0,4.4
5330,S006,2025-03-07,3,0,7.1
5331,S006,2025-03-07,6,3,4.9
5332,S006,2025-03-07,9,9,29.5
5333,S006,2025-03-07,12,3,15.2
5334,S006,2025-03-07,15,6,16.4
5335,S006,2025-03-07,18,9,24.5
5336,S006,2025-03-07,21,1,12.3
5337,S006,2025-12-12,0,0,5.5
5338,S006,2025-12-12,3,2,4.7
5339,S006,2025-12-12,6,0,16.6
5340,S006,2025-12-12,9,5,26.3
5341,S006,2025-12-12,12,3,19.6
5342,S006,2025-12-12,15,4,24.3
5343,S006,2025-12-12,18,9,30.3
5344,S006,2025-12-12,21,1,19.4
5345,S006,2025-09-14,0,2,9.9
5346,S006,2025-09-14,3,0,8.4
5347,S006,2025-09-14,6,3,19.0
5348,S006,2025-09-14,9,4,19.1
5349,S006,2025-09-14,12,1,16.4
5350,S006,2025-09-14,15,4,22.2
5351,S006,2025-09-14,18,11,28.0
5352,S006,2025-09-14,21,3,17.6
5353,S006,2025-01-02,0,2,7.3
5354,S006,2025-01-02,3,0,15.3
5355,S006,2025-01-02,6,2,11.4
5356,S006,2025-01-02,9,4,30.3
5357,S006,2025-01-02,12,4,13.0
5358,S006,2025-01-02,15,3,20.2
5359,S006,2025-01-02,18,8,34.6
5360,S006,2025-01-02,21,3,25.2
5361,S006,2025-02-05,0,2,0.5
5362,S006,2025-02-05,3,1,0.8
5363,S006,2025-02-05,6,4,15.4
5364,S006,2025-02-05,9,11,24.5
5365,S006,2025-02-05,12,3,24.3
5366,S006,2025-02-05,15,6,12.9
5367,S006,2025-02-05,18,8,27.2
5368,S006,2025-02-05,21,4,17.4
5369,S006,2025-06-10,0,1,9.4
5370,S006,2025-06-10,3,1,7.7
5371,S006,2025-06-10,6,1,17.8
5372,S006,2025-06-10,9,4,27.0
5373,S006,2025-06-10,12,5,19.4
5374,S006,2025-06-10,15,2,23.3
5375,S006,2025-06-10,18,1,20.8
5376,S006,2025-06-10,21,9,17.1
5377,S006,2025-05-29,0,0,5.1
5378,S006,2025-05-29,3,0,18.0
5379,S006,2025-05-29,6,2,11.3
5380,S006,2025-05-29,9,6,31.0
5381,S006,2025-05-29,12,6,23.3
5382,S006,2025-05-29,15,3,22.4
5383,S006,2025-05-29,18,7,23.8
5384,S006,2025-05-29,21,1,22.3
5385,S006,2025-04-05,0,1,7.4
5386,S006,2025-04-05,3,0,9.3
5387,S006,2025-04-05,6,1,20.4
5388,S006,2025-04-05,9,4,27.1
5389,S006,2025-04-05,12,5,24.8
5390,S006,2025-04-05,15,3,19.0
5391,S006,2025-04-05,18,4,32.4
5392,S006,2025-04-05,21,3,16.9
5393,S006,2025-03-22,0,0,13.0
5394,S006,2025-03-22,3,2,11.7
5395,S006,2025-03-22,6,6,17.2
5396,S006,2025-03-22,9,6,26.2
5397,S006,2025-03-22,12,1,19.6
5398,S006,2025-03-22,15,1,15.3
5399,S006,2025-03-22,18,2,26.5
5400,S006,2025-03-22,21,2,19.6
5401,S006,2025-03-09,0,0,7.9
5402,S006,2025-03-09,3,1,10.4
5403,S006,2025-03-09,6,0,11.5
5404,S006,2025-03-09,9,7,25.8
5405,S006,2025-03-09,12,7,20.1
5406,S006,2025-03-09,15,5,16.7
5407,S006,2025-03-09,18,6,24.9
5408,S006,2025-03-09,21,7,17.6
5409,S006,2025-11-17,0,0,6.3
5410,S006,2025-11-17,3,1,12.7
5411,S006,2025-11-17,6,2,11.4
5412,S006,2025-11-17,9,5,30.2
5413,S006,2025-11-17,12,0,21.9
5414,S006,2025-11-17,15,2,17.3
5415,S006,2025-11-17,18,1,29.5
5416,S006,2025-11-17,21,3,12.0
5417,S006,2025-09-12,0,0,7.5
5418,S006,2025-09-12,3,0,14.5
5419,S006,2025-09-12,6,0,8.5
5420,S006,2025-09-12,9,5,31.1
5421,S006,2025-09-12,12,3,16.5
5422,S006,2025-09-12,15,7,20.9
5423,S006,2025-09-12,18,8,30.6
5424,S006,2025-09-12,21,6,19.2
5425,S006,2025-01-10,0,0,4.1
5426,S006,2025-01-10,3,0,7.2
5427,S006,2025-01-10,6,6,7.7
5428,S006,2025-01-10,9,4,25.3
5429,S006,2025-01-10,12,3,17.5
5430,S006,2025-01-10,15,3,22.8
5431,S006,2025-01-10,18,7,35.5
5432,S006,2025-01-10,21,3,16.3
5433,S006,2025-11-08,0,1,8.1
5434,S006,2025-11-08,3,1,9.1
5435,S006,2025-11-08,6,2,16.3
5436,S006,2025-11-08,9,2,29.2
5437,S006,2025-11-08,12,4,13.1
5438,S006,2025-11-08,15,6,22.6
5439,S006,2025-11-08,18,4,22.8
5440,S006,2025-11-08,21,4,19.5
5441,S006,2025-01-13,0,1,5.9
5442,S006,2025-01-13,3,0,6.2
5443,S006,2025-01-13,6,2,15.5
5444,S006,2025-01-13,9,4,30.8
5445,S006,2025-01-13,12,1,19.9
5446,S006,2025-01-13,15,6,18.5
5447,S006,2025-01-13,18,6,33.5
5448,S006,2025-01-13,21,1,15.0
5449,S006,2025-11-21,0,0,5.2
5450,S006,2025-11-21,3,1,10.5
5451,S006,2025-11-21,6,4,15.1
5452,S006,2025-11-21,9,5,25.8
5453,S006,2025-11-21,12,5,7.6
5454,S006,2025-11-21,15,3,28.8
5455,S006,2025-11-21,18,8,25.9
5456,S006,2025-11-21,21,2,19.0
5457,S006,2025-07-31,0,0,13.6
5458,S006,2025-07-31,3,0,7.2
5459,S006,2025-07-31,6,2,18.6
5460,S006,2025-07-31,9,5,30.3
5461,S006,2025-07-31,12,0,16.8
5462,S006,2025-07-31,15,7,23.5
5463,S006,2025-07-31,18,5,29.8
5464,S006,2025-07-31,21,2,18.5
5465,S006,2025-06-15,0,0,10.4
5466,S006,2025-06-15,3,2,7.2
5467,S006,2025-06-15,6,2,19.1
5468,S006,2025-06-15,9,8,23.0
5469,S006,2025-06-15,12,2,10.7
5470,S006,2025-06-15,15,6,21.6
5471,S006,2025-06-15,18,10,29.0
5472,S006,2025-06-15,21,3,16.7
5473,S006,2025-06-22,0,1,8.6
5474,S006,2025-06-22,3,1,12.7
5475,S006,2025-06-22,6,2,16.3
5476,S006,2025-06-22,9,3,27.2
5477,S006,2025-06-22,12,3,21.3
5478,S006,2025-06-22,15,4,14.5
5479,S006,2025-06-22,18,4,33.1
5480,S006,2025-06-22,21,5,19.2
5481,S006,2025-09-28,0,2,0.0
5482,S006,2025-09-28,3,1,5.3
5483,S006,2025-09-28,6,7,15.2
5484,S006,2025-09-28,9,8,26.1
5485,S006,2025-09-28,12,3,16.8
5486,S006,2025-09-28,15,5,29.4
5487,S006,2025-09-28,18,2,30.2
5488,S006,2025-09-28,21,3,18.2
5489,S006,2025-12-24,0,1,5.8
5490,S006,2025-12-24,3,0,8.0
5491,S006,2025-12-24,6,1,16.5
5492,S006,2025-12-24,9,5,30.6
5493,S006,2025-12-24,12,2,19.3
5494,S006,2025-12-24,15,6,21.8
5495,S006,2025-12-24,18,10,32.8
5496,S006,2025-12-24,21,4,11.1
5497,S006,2025-05-31,0,0,10.1
5498,S006,2025-05-31,3,0,6.6
5499,S006,2025-05-31,6,2,8.9
5500,S006,2025-05-31,9,6,34.0
5501,S006,2025-05-31,12,2,11.7
5502,S006,2025-05-31,15,2,20.2
5503,S006,2025-05-31,18,9,31.8
5504,S006,2025-05-31,21,0,16.8
5505,S006,2025-02-19,0,0,8.3
5506,S006,2025-02-19,3,0,8.5
5507,S006,2025-02-19,6,0,20.9
5508,S006,2025-02-19,9,7,32.1
5509,S006,2025-02-19,12,3,21.8
5510,S006,2025-02-19,15,4,25.4
5511,S006,2025-02-19,18,4,24.9
5512,S006,2025-02-19,21,3,20.7
5513,S006,2025-02-23,0,1,3.3
5514,S006,2025-02-23,3,1,8.1
5515,S006,2025-02-23,6,1,14.8
5516,S006,2025-02-23,9,7,29.0
5517,S006,2025-02-23,12,3,9.3
5518,S006,2025-02-23,15,2,25.0
5519,S006,2025-02-23,18,4,37.6
5520,S006,2025-02-23,21,3,18.1
5521,S006,2025-12-05,0,1,18.9
5522,S006,2025-12-05,3,0,2.1
5523,S006,2025-12-05,6,4,15.0
5524,S006,2025-12-05,9,5,30.5
5525,S006,2025-12-05,12,1,17.1
5526,S006,2025-12-05,15,1,16.2
5527,S006,2025-12-05,18,3,30.7
5528,S006,2025-12-05,21,8,14.8
5529,S006,2025-03-20,0,3,4.9
5530,S006,2025-03-20,3,2,8.0
5531,S006,2025-03-20,6,3,10.2
5532,S006,2025-03-20,9,7,26.1
5533,S006,2025-03-20,12,4,17.5
5534,S006,2025-03-20,15,2,22.5
5535,S006,2025-03-20,18,8,40.5
5536,S006,2025-03-20,21,4,15.3
5537,S006,2025-04-12,0,0,0.4
5538,S006,2025-04-12,3,1,13.8
5539,S006,2025-04-12,6,1,12.7
5540,S006,2025-04-12,9,5,27.7
5541,S006,2025-04-12,12,1,21.2
5542,S006,2025-04-12,15,4,13.2
5543,S006,2025-04-12,18,5,30.1
5544,S006,2025-04-12,21,5,10.6
5545,S006,2025-03-25,0,0,12.3
5546,S006,2025-03-25,3,0,12.0
5547,S006,2025-03-25,6,4,9.9
5548,S006,2025-03-25,9,4,35.4
5549,S006,2025-03-25,12,3,16.3
5550,S006,2025-03-25,15,3,27.9
5551,S006,2025-03-25,18,4,26.3
5552,S006,2025-03-25,21,2,14.9
5553,S006,2025-09-18,0,0,11.2
5554,S006,2025-09-18,3,1,6.5
5555,S006,2025-09-18,6,1,21.9
5556,S006,2025-09-18,9,8,27.8
5557,S006,2025-09-18,12,5,15.2
5558,S006,2025-09-18,15,1,23.8
5559,S006,2025-09-18,18,2,24.3
5560,S006,2025-09-18,21,2,19.1
5561,S006,2025-01-04,0,0,4.6
5562,S006,2025-01-04,3,0,4.7
5563,S006,2025-01-04,6,0,7.4
5564,S006,2025-01-04,9,6,30.1
5565,S006,2025-01-04,12,2,14.2
5566,S006,2025-01-04,15,1,20.4
5567,S006,2025-01-04,18,9,29.3
5568,S006,2025-01-04,21,5,23.2
5569,S006,2025-10-14,0,2,6.2
5570,S006,2025-10-14,3,1,5.9
5571,S006,2025-10-14,6,5,10.4
5572,S006,2025-10-14,9,1,27.1
5573,S006,2025-10-14,12,4,20.4
5574,S006,2025-10-14,15,2,17.5
5575,S006,2025-10-14,18,7,33.7
5576,S006,2025-10-14,21,4,19.3
5577,S006,2025-04-07,0,0,8.4
5578,S006,2025-04-07,3,1,7.3
5579,S006,2025-04-07,6,0,18.9
5580,S006,2025-04-07,9,11,26.6
5581,S006,2025-04-07,12,4,14.4
5582,S006,2025-04-07,15,5,19.7
5583,S006,2025-04-07,18,6,28.4
5584,S006,2025-04-07,21,3,23.4
5585,S006,2025-02-04,0,0,4.9
5586,S006,2025-02-04,3,0,8.6
5587,S006,2025-02-04,6,1,11.1
5588,S006,2025-02-04,9,6,18.0
5589,S006,2025-02-04,12,1,17.8
5590,S006,2025-02-04,15,4,14.8
5591,S006,2025-02-04,18,12,30.7
5592,S006,2025-02-04,21,4,17.5
5593,S006,2025-03-27,0,0,6.0
5594,S006,2025-03-27,3,0,5.6
5595,S006,2025-03-27,6,2,16.1
5596,S006,2025-03-27,9,3,25.2
5597,S006,2025-03-27,12,2,9.1
5598,S006,2025-03-27,15,6,19.7
5599,S006,2025-03-27,18,9,26.0
5600,S006,2025-03-27,21,4,13.7
5601,S006,2025-05-26,0,1,2.7
5602,S006,2025-05-26,3,3,12.5
5603,S006,2025-05-26,6,3,12.7
5604,S006,2025-05-26,9,4,22.1
5605,S006,2025-05-26,12,5,22.2
5606,S006,2025-05-26,15,3,16.2
5607,S006,2025-05-26,18,5,24.2
5608,S006,2025-05-26,21,1,22.4
5609,S006,2025-05-05,0,1,4.3
5610,S006,2025-05-05,3,0,7.9
5611,S006,2025-05-05,6,0,9.1
5612,S006,2025-05-05,9,1,26.5
5613,S006,2025-05-05,12,1,14.6
5614,S006,2025-05-05,15,4,19.1
5615,S006,2025-05-05,18,6,25.2
5616,S006,2025-05-05,21,1,16.2
5617,S006,2025-06-26,0,1,12.0
5618,S006,2025-06-26,3,0,11.0
5619,S006,2025-06-26,6,4,18.9
5620,S006,2025-06-26,9,6,20.1
5621,S006,2025-06-26,12,5,17.9
5622,S006,2025-06-26,15,2,21.6
5623,S006,2025-06-26,18,5,26.5
5624,S006,2025-06-26,21,0,15.8
5625,S006,2025-04-20,0,2,1.0
5626,S006,2025-04-20,3,1,10.8
5627,S006,2025-04-20,6,3,8.2
5628,S006,2025-04-20,9,5,25.3
5629,S006,2025-04-20,12,3,25.9
5630,S006,2025-04-20,15,4,14.6
5631,S006,2025-04-20,18,7,30.3
5632,S006,2025-04-20,21,4,20.3
5633,S006,2025-05-24,0,0,12.4
5634,S006,2025-05-24,3,1,8.1
5635,S006,2025-05-24,6,4,16.9
5636,S006,2025-05-24,9,8,28.6
5637,S006,2025-05-24,12,4,22.9
5638,S006,2025-05-24,15,1,17.6
5639,S006,2025-05-24,18,4,32.2
5640,S006,2025-05-24,21,2,19.9
5641,S006,2025-09-01,0,1,10.2
5642,S006,2025-09-01,3,1,8.3
5643,S006,2025-09-01,6,2,15.6
5644,S006,2025-09-01,9,5,24.8
5645,S006,2025-09-01,12,3,12.6
5646,S006,2025-09-01,15,6,18.7
5647,S006,2025-09-01,18,6,30.0
5648,S006,2025-09-01,21,2,12.6
5649,S006,2025-12-21,0,0,12.2
5650,S006,2025-12-21,3,0,4.8
5651,S006,2025-12-21,6,1,17.7
5652,S006,2025-12-21,9,8,27.6
5653,S006,2025-12-21,12,1,22.2
5654,S006,2025-12-21,15,1,23.5
5655,S006,2025-12-21,18,9,34.4
5656,S006,2025-12-21,21,4,15.1
5657,S006,2025-07-03,0,1,6.2
5658,S006,2025-07-03,3,0,5.9
5659,S006,2025-07-03,6,2,18.6
5660,S006,2025-07-03,9,4,22.8
5661,S006,2025-07-03,12,2,14.5
5662,S006,2025-07-03,15,7,23.0
5663,S006,2025-07-03,18,3,27.2
5664,S006,2025-07-03,21,2,17.1
5665,S006,2025-10-09,0,0,11.0
5666,S006,2025-10-09,3,1,7.1
5667,S006,2025-10-09,6,2,10.3
5668,S006,2025-10-09,9,5,29.1
5669,S006,2025-10-09,12,2,21.0
5670,S006,2025-10-09,15,5,15.8
5671,S006,2025-10-09,18,5,32.0
5672,S006,2025-10-09,21,5,16.0
5673,S006,2025-12-04,0,2,4.2
5674,S006,2025-12-04,3,2,20.6
5675,S006,2025-12-04,6,2,15.6
5676,S006,2025-12-04,9,4,29.7
5677,S006,2025-12-04,12,4,18.0
5678,S006,2025-12-04,15,6,20.0
5679,S006,2025-12-04,18,10,32.2
5680,S006,2025-12-04,21,3,13.2
5681,S006,2025-05-30,0,1,8.7
5682,S006,2025-05-30,3,0,9.2
5683,S006,2025-05-30,6,2,10.7
5684,S006,2025-05-30,9,6,21.9
5685,S006,2025-05-30,12,1,16.9
5686,S006,2025-05-30,15,5,14.4
5687,S006,2025-05-30,18,4,29.7
5688,S006,2025-05-30,21,2,15.7
5689,S006,2025-05-27,0,0,8.4
5690,S006,2025-05-27,3,0,7.4
5691,S006,2025-05-27,6,1,10.9
5692,S006,2025-05-27,9,2,29.1
5693,S006,2025-05-27,12,2,13.3
5694,S006,2025-05-27,15,4,26.6
5695,S006,2025-05-27,18,7,25.5
5696,S006,2025-05-27,21,2,17.1
5697,S006,2025-08-13,0,0,6.7
5698,S006,2025-08-13,3,0,4.6
5699,S006,2025-08-13,6,3,11.7
5700,S006,2025-08-13,9,8,34.3
5701,S006,2025-08-13,12,3,20.0
5702,S006,2025-08-13,15,5,18.3
5703,S006,2025-08-13,18,4,31.4
5704,S006,2025-08-13,21,6,9.2
5705,S006,2025-12-16,0,1,7.6
5706,S006,2025-12-16,3,1,7.4
5707,S006,2025-12-16,6,1,12.3
5708,S006,2025-12-16,9,5,22.3
5709,S006,2025-12-16,12,4,19.1
5710,S006,2025-12-16,15,3,29.9
5711,S006,2025-12-16,18,6,23.8
5712,S006,2025-12-16,21,4,14.5
5713,S006,2025-08-07,0,1,11.5
5714,S006,2025-08-07,3,0,5.2
5715,S006,2025-08-07,6,3,13.4
5716,S006,2025-08-07,9,4,33.6
5717,S006,2025-08-07,12,3,10.3
5718,S006,2025-08-07,15,0,29.8
5719,S006,2025-08-07,18,5,27.3
5720,S006,2025-08-07,21,4,8.6
5721,S006,2025-03-23,0,1,12.1
5722,S006,2025-03-23,3,0,5.4
5723,S006,2025-03-23,6,4,22.9
5724,S006,2025-03-23,9,9,23.3
5725,S006,2025-03-23,12,1,15.1
5726,S006,2025-03-23,15,3,19.6
5727,S006,2025-03-23,18,10,26.6
5728,S006,2025-03-23,21,3,17.0
5729,S006,2025-03-19,0,1,10.5
5730,S006,2025-03-19,3,1,9.9
5731,S006,2025-03-19,6,3,14.3
5732,S006,2025-03-19,9,6,38.0
5733,S006,2025-03-19,12,6,20.6
5734,S006,2025-03-19,15,5,22.1
5735,S006,2025-03-19,18,8,30.2
5736,S006,2025-03-19,21,1,17.2
5737,S006,2025-03-24,0,1,1.8
5738,S006,2025-03-24,3,1,4.2
5739,S006,2025-03-24,6,2,20.7
5740,S006,2025-03-24,9,6,33.8
5741,S006,2025-03-24,12,4,25.5
5742,S006,2025-03-24,15,2,17.9
5743,S006,2025-03-24,18,8,32.2
5744,S006,2025-03-24,21,4,12.8
5745,S006,2025-12-26,0,1,8.2
5746,S006,2025-12-26,3,2,7.4
5747,S006,2025-12-26,6,2,15.2
5748,S006,2025-12-26,9,5,22.2
5749,S006,2025-12-26,12,6,17.2
5750,S006,2025-12-26,15,3,16.4
5751,S006,2025-12-26,18,6,31.6
5752,S006,2025-12-26,21,2,23.7
5753,S006,2025-11-23,0,0,1.6
5754,S006,2025-11-23,3,0,9.5
5755,S006,2025-11-23,6,0,17.0
5756,S006,2025-11-23,9,4,25.8
5757,S006,2025-11-23,12,2,17.1
5758,S006,2025-11-23,15,5,14.9
5759,S006,2025-11-23,18,4,33.8
5760,S006,2025-11-23,21,1,21.3
5761,S007,2025-04-14,0,0,8.5
5762,S007,2025-04-14,3,0,7.5
5763,S007,2025-04-14,6,2,12.1
5764,S007,2025-04-14,9,5,29.3
5765,S007,2025-04-14,12,3,18.8
5766,S007,2025-04-14,15,3,18.5
5767,S007,2025-04-14,18,5,28.7
5768,S007,2025-04-14,21,4,23.5
5769,S007,2025-04-07,0,0,10.5
5770,S007,2025-04-07,3,0,12.4
5771,S007,2025-04-07,6,4,13.7
5772,S007,2025-04-07,9,6,29.6
5773,S007,2025-04-07,12,2,21.6
5774,S007,2025-04-07,15,4,16.0
5775,S007,2025-04-07,18,5,30.8
5776,S007,2025-04-07,21,4,20.2
5777,S007,2025-07-06,0,1,12.8
5778,S007,2025-07-06,3,1,10.9
5779,S007,2025-07-06,6,3,14.6
5780,S007,2025-07-06,9,4,24.3
5781,S007,2025-07-06,12,1,23.0
5782,S007,2025-07-06,15,0,17.1
5783,S007,2025-07-06,18,8,23.7
5784,S007,2025-07-06,21,1,16.7
5785,S007,2025-12-12,0,2,14.1
5786,S007,2025-12-12,3,0,3.5
5787,S007,2025-12-12,6,3,17.3
5788,S007,2025-12-12,9,3,29.7
5789,S007,2025-12-12,12,2,17.7
5790,S007,2025-12-12,15,1,14.4
5791,S007,2025-12-12,18,5,28.9
5792,S007,2025-12-12,21,3,9.1
5793,S007,2025-05-04,0,2,6.9
5794,S007,2025-05-04,3,1,7.7
5795,S007,2025-05-04,6,1,15.8
5796,S007,2025-05-04,9,6,28.5
5797,S007,2025-05-04,12,5,14.6
5798,S007,2025-05-04,15,5,19.8
5799,S007,2025-05-04,18,5,29.4
5800,S007,2025-05-04,21,2,28.9
5801,S007,2025-08-20,0,1,11.3
5802,S007,2025-08-20,3,1,6.9
5803,S007,2025-08-20,6,1,20.3
5804,S007,2025-08-20,9,11,21.7
5805,S007,2025-08-20,12,4,17.9
5806,S007,2025-08-20,15,1,24.6
5807,S007,2025-08-20,18,3,26.5
5808,S007,2025-08-20,21,3,19.8
5809,S007,2025-07-18,0,1,4.2
5810,S007,2025-07-18,3,0,12.9
5811,S007,2025-07-18,6,2,10.4
5812,S007,2025-07-18,9,3,24.8
5813,S007,2025-07-18,12,3,19.4
5814,S007,2025-07-18,15,3,15.8
5815,S007,2025-07-18,18,6,33.5
5816,S007,2025-07-18,21,3,22.5
5817,S007,2025-05-06,0,1,3.7
5818,S007,2025-05-06,3,2,6.7
5819,S007,2025-05-06,6,1,8.5
5820,S007,2025-05-06,9,6,28.7
5821,S007,2025-05-06,12,2,17.0
5822,S007,2025-05-06,15,3,23.5
5823,S007,2025-05-06,18,11,30.1
5824,S007,2025-05-06,21,1,14.3
5825,S007,2025-07-30,0,1,11.5
5826,S007,2025-07-30,3,1,0.0
5827,S007,2025-07-30,6,1,15.8
5828,S007,2025-07-30,9,6,24.3
5829,S007,2025-07-30,12,6,17.4
5830,S007,2025-07-30,15,1,20.7
5831,S007,2025-07-30,18,7,31.5
5832,S007,2025-07-30,21,3,21.6
5833,S007,2025-06-29,0,0,16.1
5834,S007,2025-06-29,3,0,11.8
5835,S007,2025-06-29,6,2,18.1
5836,S007,2025-06-29,9,5,32.6
5837,S007,2025-06-29,12,4,13.3
5838,S007,2025-06-29,15,6,15.3
5839,S007,2025-06-29,18,5,27.2
5840,S007,2025-06-29,21,2,17.4
5841,S007,2025-03-17,0,0,7.3
5842,S007,2025-03-17,3,1,9.0
5843,S007,2025-03-17,6,1,17.1
5844,S007,2025-03-17,9,6,23.9
5845,S007,2025-03-17,12,3,7.7
5846,S007,2025-03-17,15,5,18.1
5847,S007,2025-03-17,18,4,27.5
5848,S007,2025-03-17,21,2,12.0
5849,S007,2025-08-26,0,0,10.2
5850,S007,2025-08-26,3,0,5.0
5851,S007,2025-08-26,6,1,19.9
5852,S007,2025-08-26,9,6,25.3
5853,S007,2025-08-26,12,2,15.4
5854,S007,2025-08-26,15,5,15.7
5855,S007,2025-08-26,18,6,33.0
5856,S007,2025-08-26,21,2,15.1
5857,S007,2025-11-15,0,1,2.4
5858,S007,2025-11-15,3,1,4.1
5859,S007,2025-11-15,6,8,11.9
5860,S007,2025-11-15,9,6,23.7
5861,S007,2025-11-15,12,3,13.7
5862,S007,2025-11-15,15,3,28.4
5863,S007,2025-11-15,18,7,33.8
5864,S007,2025-11-15,21,2,13.6
5865,S007,2025-06-16,0,1,9.1
5866,S007,2025-06-16,3,1,7.7
5867,S007,2025-06-16,6,3,15.3
5868,S007,2025-06-16,9,7,29.6
5869,S007,2025-06-16,12,0,20.3
5870,S007,2025-06-16,15,3,18.9
5871,S007,2025-06-16,18,7,24.3
5872,S007,2025-06-16,21,1,19.3
5873,S007,2025-02-23,0,1,10.1
5874,S007,2025-02-23,3,1,7.8
5875,S007,2025-02-23,6,2,21.8
5876,S007,2025-02-23,9,9,26.0
5877,S007,2025-02-23,12,0,15.9
5878,S007,2025-02-23,15,3,21.2
5879,S007,2025-02-23,18,7,26.0
5880,S007,2025-02-23,21,3,14.5
5881,S007,2025-09-12,0,0,4.7
5882,S007,2025-09-12,3,1,11.3
5883,S007,2025-09-12,6,3,10.1
5884,S007,2025-09-12,9,5,28.3
5885,S007,2025-09-12,12,1,14.8
5886,S007,2025-09-12,15,3,20.0
5887,S007,2025-09-12,18,7,31.6
5888,S007,2025-09-12,21,7,16.9
5889,S007,2025-08-14,0,1,4.1
5890,S007,2025-08-14,3,0,9.3
5891,S007,2025-08-14,6,3,19.6
5892,S007,2025-08-14,9,7,24.2
5893,S007,2025-08-14,12,2,19.3
5894,S007,2025-08-14,15,1,15.9
5895,S007,2025-08-14,18,7,30.0
5896,S007,2025-08-14,21,4,20.2
5897,S007,2025-09-09,0,1,13.4
5898,S007,2025-09-09,3,2,6.4
5899,S007,2025-09-09,6,2,17.2
5900,S007,2025-09-09,9,6,29.1
5901,S007,2025-09-09,12,2,18.5
5902,S007,2025-09-09,15,10,15.8
5903,S007,2025-09-09,18,9,31.4
5904,S007,2025-09-09,21,1,21.8
5905,S007,2025-01-08,0,2,12.3
5906,S007,2025-01-08,3,0,8.3
5907,S007,2025-01-08,6,2,16.2
5908,S007,2025-01-08,9,6,33.7
5909,S007,2025-01-08,12,3,19.6
5910,S007,2025-01-08,15,5,21.3
5911,S007,2025-01-08,18,5,30.2
5912,S007,2025-01-08,21,4,17.2
5913,S007,2025-12-26,0,0,0.0
5914,S007,2025-12-26,3,1,7.8
5915,S007,2025-12-26,6,1,15.5
5916,S007,2025-12-26,9,1,20.6
5917,S007,2025-12-26,12,1,15.0
5918,S007,2025-12-26,15,2,19.7
5919,S007,2025-12-26,18,6,32.8
5920,S007,2025-12-26,21,1,19.8
5921,S007,2025-10-01,0,1,8.0
5922,S007,2025-10-01,3,0,8.2
5923,S007,2025-10-01,6,4,10.4
5924,S007,2025-10-01,9,7,27.1
5925,S007,2025-10-01,12,2,14.3
5926,S007,2025-10-01,15,2,27.9
5927,S007,2025-10-01,18,4,21.1
5928,S007,2025-10-01,21,3,7.8
5929,S007,2025-11-07,0,0,7.1
5930,S007,2025-11-07,3,0,4.2
5931,S007,2025-11-07,6,3,14.7
5932,S007,2025-11-07,9,6,29.9
5933,S007,2025-11-07,12,2,15.2
5934,S007,2025-11-07,15,3,26.0
5935,S007,2025-11-07,18,9,28.2
5936,S007,2025-11-07,21,1,14.6
5937,S007,2025-04-19,0,0,7.3
5938,S007,2025-04-19,3,2,11.3
5939,S007,2025-04-19,6,2,27.0
5940,S007,2025-04-19,9,7,31.1
5941,S007,2025-04-19,12,3,22.6
5942,S007,2025-04-19,15,6,20.9
5943,S007,2025-04-19,18,5,30.0
5944,S007,2025-04-19,21,3,22.0
5945,S007,2025-02-03,0,1,3.6
5946,S007,2025-02-03,3,0,0.0
5947,S007,2025-02-03,6,3,14.7
5948,S007,2025-02-03,9,6,23.4
5949,S007,2025-02-03,12,3,14.8
5950,S007,2025-02-03,15,2,25.6
5951,S007,2025-02-03,18,5,35.3
5952,S007,2025-02-03,21,1,23.0
5953,S007,2025-08-02,0,1,5.7
5954,S007,2025-08-02,3,0,8.3
5955,S007,2025-08-02,6,2,14.2
5956,S007,2025-08-02,9,6,29.5
5957,S007,2025-08-02,12,7,17.5
5958,S007,2025-08-02,15,3,19.6
5959,S007,2025-08-02,18,3,31.9
5960,S007,2025-08-02,21,5,14.7
5961,S007,2025-03-31,0,1,9.2
5962,S007,2025-03-31,3,1,9.3
5963,S007,2025-03-31,6,4,10.0
5964,S007,2025-03-31,9,6,26.1
5965,S007,2025-03-31,12,0,17.5
5966,S007,2025-03-31,15,6,20.7
5967,S007,2025-03-31,18,5,35.3
5968,S007,2025-03-31,21,2,21.7
5969,S007,2025-09-23,0,1,5.8
5970,S007,2025-09-23,3,3,9.6
5971,S007,2025-09-23,6,4,17.3
5972,S007,2025-09-23,9,2,29.9
5973,S007,2025-09-23,12,2,19.3
5974,S007,2025-09-23,15,3,20.3
5975,S007,2025-09-23,18,10,32.5
5976,S007,2025-09-23,21,2,14.1
5977,S007,2025-03-15,0,1,4.3
5978,S007,2025-03-15,3,2,8.2
5979,S007,2025-03-15,6,1,12.4
5980,S007,2025-03-15,9,7,25.7
5981,S007,2025-03-15,12,4,17.7
5982,S007,2025-03-15,15,3,15.4
5983,S007,2025-03-15,18,1,27.6
5984,S007,2025-03-15,21,4,20.3
5985,S007,2025-08-10,0,0,10.0
5986,S007,2025-08-10,3,0,10.4
5987,S007,2025-08-10,6,2,16.6
5988,S007,2025-08-10,9,8,18.6
5989,S007,2025-08-10,12,8,20.0
5990,S007,2025-08-10,15,5,27.4
5991,S007,2025-08-10,18,4,31.3
5992,S007,2025-08-10,21,3,16.1
5993,S007,2025-10-31,0,2,6.4
5994,S007,2025-10-31,3,1,7.8
5995,S007,2025-10-31,6,2,12.2
5996,S007,2025-10-31,9,4,28.1
5997,S007,2025-10-31,12,5,20.8
5998,S007,2025-10-31,15,6,19.8
5999,S007,2025-10-31,18,7,30.5
6000,S007,2025-10-31,21,2,18.7
6001,S007,2025-06-10,0,1,6.9
6002,S007,2025-06-10,3,1,6.7
6003,S007,2025-06-10,6,3,16.0
6004,S007,2025-06-10,9,6,36.7
6005,S007,2025-06-10,12,4,19.7
6006,S007,2025-06-10,15,2,18.4
6007,S007,2025-06-10,18,13,32.2
6008,S007,2025-06-10,21,3,16.9
6009,S007,2025-01-17,0,2,6.9
6010,S007,2025-01-17,3,0,14.0
6011,S007,2025-01-17,6,2,21.4
6012,S007,2025-01-17,9,5,27.0
6013,S007,2025-01-17,12,2,15.0
6014,S007,2025-01-17,15,2,21.1
6015,S007,2025-01-17,18,5,23.2
6016,S007,2025-01-17,21,4,17.7
6017,S007,2025-10-03,0,0,8.4
6018,S007,2025-10-03,3,2,8.5
6019,S007,2025-10-03,6,1,13.9
6020,S007,2025-10-03,9,7,31.1
6021,S007,2025-10-03,12,3,15.2
6022,S007,2025-10-03,15,3,16.6
6023,S007,2025-10-03,18,6,32.1
6024,S007,2025-10-03,21,3,16.3
6025,S007,2025-05-26,0,1,10.3
6026,S007,2025-05-26,3,0,13.1
6027,S007,2025-05-26,6,2,16.4
6028,S007,2025-05-26,9,4,22.2
6029,S007,2025-05-26,12,3,21.7
6030,S007,2025-05-26,15,2,17.8
6031,S007,2025-05-26,18,6,29.4
6032,S007,2025-05-26,21,1,17.5
6033,S007,2025-10-19,0,0,11.2
6034,S007,2025-10-19,3,1,4.9
6035,S007,2025-10-19,6,3,12.2
6036,S007,2025-10-19,9,6,26.8
6037,S007,2025-10-19,12,0,11.0
6038,S007,2025-10-19,15,3,22.7
6039,S007,2025-10-19,18,7,27.3
6040,S007,2025-10-19,21,2,15.2
6041,S007,2025-12-21,0,0,4.5
6042,S007,2025-12-21,3,0,3.9
6043,S007,2025-12-21,6,0,14.5
6044,S007,2025-12-21,9,4,25.1
6045,S007,2025-12-21,12,1,18.1
6046,S007,2025-12-21,15,1,17.8
6047,S007,2025-12-21,18,10,33.1
6048,S007,2025-12-21,21,5,19.7
6049,S007,2025-08-19,0,1,10.9
6050,S007,2025-08-19,3,0,8.2
6051,S007,2025-08-19,6,2,6.3
6052,S007,2025-08-19,9,8,25.6
6053,S007,2025-08-19,12,3,24.0
6054,S007,2025-08-19,15,4,23.6
6055,S007,2025-08-19,18,5,25.2
6056,S007,2025-08-19,21,6,13.8
6057,S007,2025-10-26,0,0,11.8
6058,S007,2025-10-26,3,0,9.6
6059,S007,2025-10-26,6,3,14.7
6060,S007,2025-10-26,9,2,29.7
6061,S007,2025-10-26,12,2,22.3
6062,S007,2025-10-26,15,4,23.2
6063,S007,2025-10-26,18,10,29.2
6064,S007,2025-10-26,21,6,24.7
6065,S007,2025-06-11,0,1,12.4
6066,S007,2025-06-11,3,0,1.9
6067,S007,2025-06-11,6,0,14.3
6068,S007,2025-06-11,9,3,27.4
6069,S007,2025-06-11,12,5,15.3
6070,S007,2025-06-11,15,3,22.3
6071,S007,2025-06-11,18,6,23.6
6072,S007,2025-06-11,21,1,15.7
6073,S007,2025-07-15,0,2,7.4
6074,S007,2025-07-15,3,1,4.8
6075,S007,2025-07-15,6,2,17.2
6076,S007,2025-07-15,9,5,22.4
6077,S007,2025-07-15,12,2,15.3
6078,S007,2025-07-15,15,4,19.2
6079,S007,2025-07-15,18,7,29.6
6080,S007,2025-07-15,21,3,23.5
6081,S007,2025-10-18,0,0,7.0
6082,S007,2025-10-18,3,0,0.2
6083,S007,2025-10-18,6,2,14.5
6084,S007,2025-10-18,9,2,20.7
6085,S007,2025-10-18,12,2,19.2
6086,S007,2025-10-18,15,3,18.1
6087,S007,2025-10-18,18,7,20.6
6088,S007,2025-10-18,21,4,15.0
6089,S007,2025-01-03,0,0,9.0
6090,S007,2025-01-03,3,0,4.6
6091,S007,2025-01-03,6,2,18.1
6092,S007,2025-01-03,9,5,19.8
6093,S007,2025-01-03,12,5,12.9
6094,S007,2025-01-03,15,1,15.2
6095,S007,2025-01-03,18,5,27.9
6096,S007,2025-01-03,21,3,19.6
6097,S007,2025-05-31,0,0,9.9
6098,S007,2025-05-31,3,1,8.5
6099,S007,2025-05-31,6,0,18.7
6100,S007,2025-05-31,9,6,30.5
6101,S007,2025-05-31,12,2,16.9
6102,S007,2025-05-31,15,2,21.8
6103,S007,2025-05-31,18,10,24.6
6104,S007,2025-05-31,21,1,14.7
6105,S007,2025-01-16,0,1,9.1
6106,S007,2025-01-16,3,1,1.1
6107,S007,2025-01-16,6,1,18.4
6108,S007,2025-01-16,9,2,31.4
6109,S007,2025-01-16,12,5,20.5
6110,S007,2025-01-16,15,4,18.6
6111,S007,2025-01-16,18,4,30.0
6112,S007,2025-01-16,21,2,16.1
6113,S007,2025-02-28,0,1,6.9
6114,S007,2025-02-28,3,0,4.3
6115,S007,2025-02-28,6,4,11.0
6116,S007,2025-02-28,9,5,27.4
6117,S007,2025-02-28,12,4,21.9
6118,S007,2025-02-28,15,3,17.8
6119,S007,2025-02-28,18,5,28.3
6120,S007,2025-02-28,21,2,20.3
6121,S007,2025-08-03,0,1,3.4
6122,S007,2025-08-03,3,1,3.9
6123,S007,2025-08-03,6,1,18.9
6124,S007,2025-08-03,9,5,24.4
6125,S007,2025-08-03,12,0,10.7
6126,S007,2025-08-03,15,2,21.6
6127,S007,2025-08-03,18,8,35.1
6128,S007,2025-08-03,21,2,22.6
6129,S007,2025-07-02,0,0,6.7
6130,S007,2025-07-02,3,1,13.1
6131,S007,2025-07-02,6,1,20.5
6132,S007,2025-07-02,9,8,23.0
6133,S007,2025-07-02,12,3,22.6
6134,S007,2025-07-02,15,3,19.1
6135,S007,2025-07-02,18,6,27.9
6136,S007,2025-07-02,21,4,15.0
6137,S007,2025-10-07,0,0,5.8
6138,S007,2025-10-07,3,2,7.3
6139,S007,2025-10-07,6,2,15.0
6140,S007,2025-10-07,9,4,29.8
6141,S007,2025-10-07,12,5,11.5
6142,S007,2025-10-07,15,5,13.9
6143,S007,2025-10-07,18,6,32.4
6144,S007,2025-10-07,21,1,18.1
6145,S007,2025-05-10,0,1,3.3
6146,S007,2025-05-10,3,2,11.0
6147,S007,2025-05-10,6,3,15.4
6148,S007,2025-05-10,9,4,17.9
6149,S007,2025-05-10,12,5,18.7
6150,S007,2025-05-10,15,2,16.0
6151,S007,2025-05-10,18,6,29.9
6152,S007,2025-05-10,21,5,20.9
6153,S007,2025-10-04,0,2,1.1
6154,S007,2025-10-04,3,0,4.9
6155,S007,2025-10-04,6,2,16.3
6156,S007,2025-10-04,9,6,25.5
6157,S007,2025-10-04,12,4,12.0
6158,S007,2025-10-04,15,3,20.0
6159,S007,2025-10-04,18,2,27.6
6160,S007,2025-10-04,21,0,18.8
6161,S007,2025-04-23,0,0,7.4
6162,S007,2025-04-23,3,0,14.6
6163,S007,2025-04-23,6,0,16.3
6164,S007,2025-04-23,9,8,24.4
6165,S007,2025-04-23,12,4,17.2
6166,S007,2025-04-23,15,4,22.0
6167,S007,2025-04-23,18,3,31.2
6168,S007,2025-04-23,21,5,14.2
6169,S007,2025-10-24,0,0,10.6
6170,S007,2025-10-24,3,0,4.4
6171,S007,2025-10-24,6,2,17.3
6172,S007,2025-10-24,9,3,28.9
6173,S007,2025-10-24,12,5,22.4
6174,S007,2025-10-24,15,0,15.4
6175,S007,2025-10-24,18,8,25.1
6176,S007,2025-10-24,21,2,15.3
6177,S007,2025-01-31,0,0,9.7
6178,S007,2025-01-31,3,2,13.3
6179,S007,2025-01-31,6,5,18.7
6180,S007,2025-01-31,9,9,29.4
6181,S007,2025-01-31,12,3,16.7
6182,S007,2025-01-31,15,6,8.3
6183,S007,2025-01-31,18,9,35.6
6184,S007,2025-01-31,21,4,10.4
6185,S007,2025-11-24,0,1,0.3
6186,S007,2025-11-24,3,1,3.4
6187,S007,2025-11-24,6,1,20.0
6188,S007,2025-11-24,9,9,24.8
6189,S007,2025-11-24,12,4,19.0
6190,S007,2025-11-24,15,3,17.4
6191,S007,2025-11-24,18,9,24.0
6192,S007,2025-11-24,21,2,9.1
6193,S007,2025-12-06,0,0,8.2
6194,S007,2025-12-06,3,0,6.9
6195,S007,2025-12-06,6,2,9.8
6196,S007,2025-12-06,9,5,28.5
6197,S007,2025-12-06,12,3,18.9
6198,S007,2025-12-06,15,4,18.0
6199,S007,2025-12-06,18,6,24.3
6200,S007,2025-12-06,21,0,20.8
6201,S007,2025-05-02,0,0,13.8
6202,S007,2025-05-02,3,0,9.4
6203,S007,2025-05-02,6,3,13.9
6204,S007,2025-05-02,9,6,36.5
6205,S007,2025-05-02,12,5,19.1
6206,S007,2025-05-02,15,5,16.8
6207,S007,2025-05-02,18,5,26.7
6208,S007,2025-05-02,21,3,16.0
6209,S007,2025-03-14,0,0,9.1
6210,S007,2025-03-14,3,2,10.3
6211,S007,2025-03-14,6,1,21.7
6212,S007,2025-03-14,9,6,31.0
6213,S007,2025-03-14,12,1,19.1
6214,S007,2025-03-14,15,3,26.9
6215,S007,2025-03-14,18,9,31.4
6216,S007,2025-03-14,21,3,19.3
6217,S007,2025-03-18,0,0,8.7
6218,S007,2025-03-18,3,0,7.8
6219,S007,2025-03-18,6,3,14.2
6220,S007,2025-03-18,9,11,28.7
6221,S007,2025-03-18,12,2,23.8
6222,S007,2025-03-18,15,5,17.2
6223,S007,2025-03-18,18,4,23.2
6224,S007,2025-03-18,21,3,20.8
6225,S007,2025-12-02,0,1,7.8
6226,S007,2025-12-02,3,0,2.0
6227,S007,2025-12-02,6,3,11.7
6228,S007,2025-12-02,9,6,26.3
6229,S007,2025-12-02,12,3,22.8
6230,S007,2025-12-02,15,3,17.3
6231,S007,2025-12-02,18,10,28.3
6232,S007,2025-12-02,21,3,16.1
6233,S007,2025-04-28,0,1,7.7
6234,S007,2025-04-28,3,0,3.0
6235,S007,2025-04-28,6,2,17.5
6236,S007,2025-04-28,9,5,29.9
6237,S007,2025-04-28,12,6,17.2
6238,S007,2025-04-28,15,1,22.1
6239,S007,2025-04-28,18,9,36.8
6240,S007,2025-04-28,21,1,10.2
6241,S007,2025-02-01,0,1,8.7
6242,S007,2025-02-01,3,0,0.0
6243,S007,2025-02-01,6,3,11.0
6244,S007,2025-02-01,9,5,33.4
6245,S007,2025-02-01,12,4,20.9
6246,S007,2025-02-01,15,5,17.1
6247,S007,2025-02-01,18,4,29.2
6248,S007,2025-02-01,21,3,20.6
6249,S007,2025-12-03,0,0,3.3
6250,S007,2025-12-03,3,0,4.4
6251,S007,2025-12-03,6,1,16.9
6252,S007,2025-12-03,9,4,33.0
6253,S007,2025-12-03,12,3,17.4
6254,S007,2025-12-03,15,3,22.0
6255,S007,2025-12-03,18,8,35.1
6256,S007,2025-12-03,21,1,14.3
6257,S007,2025-02-27,0,2,9.3
6258,S007,2025-02-27,3,1,4.9
6259,S007,2025-02-27,6,4,13.6
6260,S007,2025-02-27,9,6,29.9
6261,S007,2025-02-27,12,2,12.0
6262,S007,2025-02-27,15,3,20.6
6263,S007,2025-02-27,18,5,36.2
6264,S007,2025-02-27,21,1,17.5
6265,S007,2025-06-01,0,1,8.6
6266,S007,2025-06-01,3,0,9.3
6267,S007,2025-06-01,6,1,12.5
6268,S007,2025-06-01,9,5,36.0
6269,S007,2025-06-01,12,1,18.0
6270,S007,2025-06-01,15,5,23.8
6271,S007,2025-06-01,18,9,31.1
6272,S007,2025-06-01,21,3,18.6
6273,S007,2025-08-25,0,1,10.2
6274,S007,2025-08-25,3,0,11.4
6275,S007,2025-08-25,6,4,8.7
6276,S007,2025-08-25,9,8,33.3
6277,S007,2025-08-25,12,2,17.1
6278,S007,2025-08-25,15,4,13.7
6279,S007,2025-08-25,18,6,26.6
6280,S007,2025-08-25,21,3,22.9
6281,S007,2025-08-09,0,1,15.6
6282,S007,2025-08-09,3,0,9.0
6283,S007,2025-08-09,6,4,21.9
6284,S007,2025-08-09,9,5,38.7
6285,S007,2025-08-09,12,0,12.4
6286,S007,2025-08-09,15,2,23.3
6287,S007,2025-08-09,18,3,32.7
6288,S007,2025-08-09,21,2,18.9
6289,S007,2025-11-20,0,0,9.5
6290,S007,2025-11-20,3,0,8.6
6291,S007,2025-11-20,6,1,12.3
6292,S007,2025-11-20,9,3,24.3
6293,S007,2025-11-20,12,2,17.9
6294,S007,2025-11-20,15,5,14.4
6295,S007,2025-11-20,18,3,23.2
6296,S007,2025-11-20,21,3,11.3
6297,S007,2025-12-19,0,0,10.4
6298,S007,2025-12-19,3,2,9.8
6299,S007,2025-12-19,6,3,9.1
6300,S007,2025-12-19,9,4,24.1
6301,S007,2025-12-19,12,4,20.1
6302,S007,2025-12-19,15,2,11.7
6303,S007,2025-12-19,18,8,35.4
6304,S007,2025-12-19,21,2,16.9
6305,S007,2025-08-13,0,0,3.8
6306,S007,2025-08-13,3,0,1.6
6307,S007,2025-08-13,6,1,15.6
6308,S007,2025-08-13,9,8,24.6
6309,S007,2025-08-13,12,5,20.3
6310,S007,2025-08-13,15,5,24.3
6311,S007,2025-08-13,18,5,35.1
6312,S007,2025-08-13,21,1,19.2
6313,S007,2025-06-23,0,0,10.2
6314,S007,2025-06-23,3,0,5.0
6315,S007,2025-06-23,6,4,14.3
6316,S007,2025-06-23,9,7,26.6
6317,S007,2025-06-23,12,1,16.9
6318,S007,2025-06-23,15,4,20.3
6319,S007,2025-06-23,18,4,28.2
6320,S007,2025-06-23,21,2,12.7
6321,S007,2025-07-03,0,2,11.3
6322,S007,2025-07-03,3,0,0.3
6323,S007,2025-07-03,6,2,16.0
6324,S007,2025-07-03,9,2,32.5
6325,S007,2025-07-03,12,6,11.5
6326,S007,2025-07-03,15,3,19.8
6327,S007,2025-07-03,18,2,28.1
6328,S007,2025-07-03,21,1,17.5
6329,S007,2025-07-01,0,3,8.0
6330,S007,2025-07-01,3,1,11.9
6331,S007,2025-07-01,6,0,14.0
6332,S007,2025-07-01,9,3,25.2
6333,S007,2025-07-01,12,0,19.5
6334,S007,2025-07-01,15,3,19.7
6335,S007,2025-07-01,18,3,36.0
6336,S007,2025-07-01,21,4,17.8
6337,S007,2025-01-15,0,0,11.5
6338,S007,2025-01-15,3,0,14.9
6339,S007,2025-01-15,6,2,17.1
6340,S007,2025-01-15,9,8,23.8
6341,S007,2025-01-15,12,1,21.3
6342,S007,2025-01-15,15,7,21.7
6343,S007,2025-01-15,18,5,27.1
6344,S007,2025-01-15,21,4,17.2
6345,S007,2025-09-25,0,1,5.2
6346,S007,2025-09-25,3,2,6.3
6347,S007,2025-09-25,6,3,13.6
6348,S007,2025-09-25,9,3,28.0
6349,S007,2025-09-25,12,3,11.8
6350,S007,2025-09-25,15,2,17.0
6351,S007,2025-09-25,18,4,35.9
6352,S007,2025-09-25,21,5,19.6
6353,S007,2025-03-09,0,0,2.6
6354,S007,2025-03-09,3,1,4.9
6355,S007,2025-03-09,6,5,11.6
6356,S007,2025-03-09,9,3,24.9
6357,S007,2025-03-09,12,5,18.1
6358,S007,2025-03-09,15,6,17.4
6359,S007,2025-03-09,18,3,28.2
6360,S007,2025-03-09,21,1,17.5
6361,S007,2025-05-19,0,1,10.5
6362,S007,2025-05-19,3,2,4.1
6363,S007,2025-05-19,6,3,22.6
6364,S007,2025-05-19,9,6,24.5
6365,S007,2025-05-19,12,2,17.1
6366,S007,2025-05-19,15,3,18.8
6367,S007,2025-05-19,18,4,31.9
6368,S007,2025-05-19,21,6,18.3
6369,S007,2025-10-10,0,1,10.2
6370,S007,2025-10-10,3,2,4.2
6371,S007,2025-10-10,6,4,12.2
6372,S007,2025-10-10,9,2,24.9
6373,S007,2025-10-10,12,2,18.6
6374,S007,2025-10-10,15,1,19.5
6375,S007,2025-10-10,18,7,27.5
6376,S007,2025-10-10,21,2,19.4
6377,S007,2025-04-26,0,1,4.2
6378,S007,2025-04-26,3,0,5.3
6379,S007,2025-04-26,6,2,17.1
6380,S007,2025-04-26,9,5,20.5
6381,S007,2025-04-26,12,3,14.7
6382,S007,2025-04-26,15,4,14.6
6383,S007,2025-04-26,18,7,31.5
6384,S007,2025-04-26,21,2,15.6
6385,S007,2025-07-09,0,2,3.8
6386,S007,2025-07-09,3,1,10.2
6387,S007,2025-07-09,6,1,20.8
6388,S007,2025-07-09,9,3,28.5
6389,S007,2025-07-09,12,5,21.1
6390,S007,2025-07-09,15,4,20.7
6391,S007,2025-07-09,18,7,28.0
6392,S007,2025-07-09,21,3,14.9
6393,S007,2025-12-24,0,2,7.9
6394,S007,2025-12-24,3,0,7.7
6395,S007,2025-12-24,6,1,14.8
6396,S007,2025-12-24,9,1,25.2
6397,S007,2025-12-24,12,2,19.7
6398,S007,2025-12-24,15,3,21.9
6399,S007,2025-12-24,18,10,29.5
6400,S007,2025-12-24,21,5,20.0
6401,S007,2025-01-01,0,0,9.1
6402,S007,2025-01-01,3,0,2.7
6403,S007,2025-01-01,6,2,7.4
6404,S007,2025-01-01,9,3,30.0
6405,S007,2025-01-01,12,3,17.0
6406,S007,2025-01-01,15,5,22.9
6407,S007,2025-01-01,18,10,33.3
6408,S007,2025-01-01,21,2,14.0
6409,S007,2025-12-01,0,0,7.0
6410,S007,2025-12-01,3,0,3.8
6411,S007,2025-12-01,6,0,15.2
6412,S007,2025-12-01,9,4,27.3
6413,S007,2025-12-01,12,5,14.5
6414,S007,2025-12-01,15,2,19.6
6415,S007,2025-12-01,18,4,35.1
6416,S007,2025-12-01,21,0,15.7
6417,S007,2025-06-17,0,0,9.6
6418,S007,2025-06-17,3,1,8.2
6419,S007,2025-06-17,6,3,6.3
6420,S007,2025-06-17,9,4,24.8
6421,S007,2025-06-17,12,4,25.1
6422,S007,2025-06-17,15,4,14.1
6423,S007,2025-06-17,18,10,28.7
6424,S007,2025-06-17,21,3,14.2
6425,S007,2025-09-04,0,2,8.6
6426,S007,2025-09-04,3,0,6.0
6427,S007,2025-09-04,6,1,13.7
6428,S007,2025-09-04,9,4,24.6
6429,S007,2025-09-04,12,4,13.5
6430,S007,2025-09-04,15,3,19.4
6431,S007,2025-09-04,18,10,30.4
6432,S007,2025-09-04,21,3,25.0
6433,S007,2025-07-20,0,0,5.9
6434,S007,2025-07-20,3,1,14.5
6435,S007,2025-07-20,6,1,24.1
6436,S007,2025-07-20,9,7,35.9
6437,S007,2025-07-20,12,4,17.6
6438,S007,2025-07-20,15,2,19.4
6439,S007,2025-07-20,18,8,36.3
6440,S007,2025-07-20,21,0,19.2
6441,S007,2025-08-01,0,0,4.1
6442,S007,2025-08-01,3,1,6.4
6443,S007,2025-08-01,6,1,19.0
6444,S007,2025-08-01,9,5,27.7
6445,S007,2025-08-01,12,1,15.5
6446,S007,2025-08-01,15,3,19.8
6447,S007,2025-08-01,18,7,30.8
6448,S007,2025-08-01,21,3,19.1
6449,S007,2025-11-27,0,1,6.0
6450,S007,2025-11-27,3,0,9.9
6451,S007,2025-11-27,6,2,9.5
6452,S007,2025-11-27,9,4,25.1
6453,S007,2025-11-27,12,2,19.8
6454,S007,2025-11-27,15,4,25.4
6455,S007,2025-11-27,18,4,29.4
6456,S007,2025-11-27,21,2,14.8
6457,S007,2025-04-29,0,0,0.0
6458,S007,2025-04-29,3,0,6.4
6459,S007,2025-04-29,6,3,16.0
6460,S007,2025-04-29,9,4,29.3
6461,S007,2025-04-29,12,6,17.6
6462,S007,2025-04-29,15,3,14.6
6463,S007,2025-04-29,18,7,26.2
6464,S007,2025-04-29,21,2,14.9
6465,S007,2025-06-14,0,1,9.8
6466,S007,2025-06-14,3,0,1.6
6467,S007,2025-06-14,6,3,13.3
6468,S007,2025-06-14,9,7,27.0
6469,S007,2025-06-14,12,2,27.6
6470,S007,2025-06-14,15,5,18.1
6471,S007,2025-06-14,18,5,36.5
6472,S007,2025-06-14,21,2,19.0
6473,S007,2025-01-02,0,0,9.6
6474,S007,2025-01-02,3,1,5.6
6475,S007,2025-01-02,6,3,18.5
6476,S007,2025-01-02,9,5,27.5
6477,S007,2025-01-02,12,3,8.3
6478,S007,2025-01-02,15,5,26.5
6479,S007,2025-01-02,18,3,32.8
6480,S007,2025-01-02,21,6,20.3
6481,S007,2025-09-27,0,1,7.5
6482,S007,2025-09-27,3,3,11.4
6483,S007,2025-09-27,6,2,13.8
6484,S007,2025-09-27,9,4,29.6
6485,S007,2025-09-27,12,1,19.7
6486,S007,2025-09-27,15,2,24.1
6487,S007,2025-09-27,18,4,24.5
6488,S007,2025-09-27,21,2,17.8
6489,S007,2025-10-29,0,0,8.9
6490,S007,2025-10-29,3,0,12.9
6491,S007,2025-10-29,6,3,14.1
6492,S007,2025-10-29,9,10,27.7
6493,S007,2025-10-29,12,7,9.9
6494,S007,2025-10-29,15,4,16.2
6495,S007,2025-10-29,18,4,31.1
6496,S007,2025-10-29,21,4,18.1
6497,S007,2025-09-16,0,1,3.7
6498,S007,2025-09-16,3,0,15.1
6499,S007,2025-09-16,6,3,13.6
6500,S007,2025-09-16,9,4,26.9
6501,S007,2025-09-16,12,1,19.5
6502,S007,2025-09-16,15,2,22.8
6503,S007,2025-09-16,18,6,33.4
6504,S007,2025-09-16,21,2,16.1
6505,S007,2025-03-25,0,1,10.2
6506,S007,2025-03-25,3,1,12.5
6507,S007,2025-03-25,6,1,17.0
6508,S007,2025-03-25,9,6,20.9
6509,S007,2025-03-25,12,0,13.2
6510,S007,2025-03-25,15,5,25.8
6511,S007,2025-03-25,18,7,29.5
6512,S007,2025-03-25,21,4,25.6
6513,S007,2025-05-13,0,0,3.8
6514,S007,2025-05-13,3,1,9.5
6515,S007,2025-05-13,6,3,18.7
6516,S007,2025-05-13,9,2,29.6
6517,S007,2025-05-13,12,2,15.1
6518,S007,2025-05-13,15,3,15.0
6519,S007,2025-05-13,18,5,29.7
6520,S007,2025-05-13,21,1,20.8
6521,S007,2025-11-23,0,0,2.1
6522,S007,2025-11-23,3,1,9.6
6523,S007,2025-11-23,6,1,13.9
6524,S007,2025-11-23,9,6,27.2
6525,S007,2025-11-23,12,3,14.8
6526,S007,2025-11-23,15,2,21.6
6527,S007,2025-11-23,18,8,25.5
6528,S007,2025-11-23,21,1,17.0
6529,S007,2025-07-29,0,1,5.8
6530,S007,2025-07-29,3,2,6.4
6531,S007,2025-07-29,6,3,17.1
6532,S007,2025-07-29,9,8,30.3
6533,S007,2025-07-29,12,4,13.6
6534,S007,2025-07-29,15,3,17.2
6535,S007,2025-07-29,18,10,30.0
6536,S007,2025-07-29,21,1,18.4
6537,S007,2025-02-08,0,0,0.6
6538,S007,2025-02-08,3,2,4.4
6539,S007,2025-02-08,6,1,14.4
6540,S007,2025-02-08,9,4,25.8
6541,S007,2025-02-08,12,6,19.8
6542,S007,2025-02-08,15,4,18.3
6543,S007,2025-02-08,18,3,31.1
6544,S007,2025-02-08,21,2,21.8
6545,S007,2025-08-05,0,1,12.1
6546,S007,2025-08-05,3,0,3.4
6547,S007,2025-08-05,6,3,22.4
6548,S007,2025-08-05,9,1,26.2
6549,S007,2025-08-05,12,2,20.0
6550,S007,2025-08-05,15,6,17.6
6551,S007,2025-08-05,18,14,23.5
6552,S007,2025-08-05,21,5,17.9
6553,S007,2025-06-25,0,1,3.0
6554,S007,2025-06-25,3,0,10.0
6555,S007,2025-06-25,6,1,14.8
6556,S007,2025-06-25,9,5,33.8
6557,S007,2025-06-25,12,2,9.1
6558,S007,2025-06-25,15,7,16.0
6559,S007,2025-06-25,18,2,28.9
6560,S007,2025-06-25,21,2,15.0
6561,S007,2025-05-03,0,0,9.0
6562,S007,2025-05-03,3,0,10.9
6563,S007,2025-05-03,6,2,11.6
6564,S007,2025-05-03,9,8,28.7
6565,S007,2025-05-03,12,4,20.8
6566,S007,2025-05-03,15,6,21.3
6567,S007,2025-05-03,18,9,32.5
6568,S007,2025-05-03,21,1,18.9
6569,S007,2025-02-19,0,0,10.6
6570,S007,2025-02-19,3,1,7.8
6571,S007,2025-02-19,6,1,10.1
6572,S007,2025-02-19,9,9,23.6
6573,S007,2025-02-19,12,5,12.6
6574,S007,2025-02-19,15,3,16.5
6575,S007,2025-02-19,18,3,27.7
6576,S007,2025-02-19,21,3,17.7
6577,S007,2025-06-02,0,1,11.7
6578,S007,2025-06-02,3,3,11.6
6579,S007,2025-06-02,6,4,16.8
6580,S007,2025-06-02,9,1,20.9
6581,S007,2025-06-02,12,7,13.9
6582,S007,2025-06-02,15,2,19.2
6583,S007,2025-06-02,18,8,29.4
6584,S007,2025-06-02,21,4,17.3
6585,S007,2025-01-26,0,0,7.1
6586,S007,2025-01-26,3,2,6.8
6587,S007,2025-01-26,6,0,12.6
6588,S007,2025-01-26,9,7,28.6
6589,S007,2025-01-26,12,3,21.4
6590,S007,2025-01-26,15,6,18.3
6591,S007,2025-01-26,18,5,31.6
6592,S007,2025-01-26,21,3,20.3
6593,S007,2025-11-02,0,0,13.2
6594,S007,2025-11-02,3,0,9.1
6595,S007,2025-11-02,6,2,20.5
6596,S007,2025-11-02,9,6,24.5
6597,S007,2025-11-02,12,4,25.4
6598,S007,2025-11-02,15,4,23.9
6599,S007,2025-11-02,18,7,27.1
6600,S007,2025-11-02,21,2,15.1
6601,S007,2025-12-15,0,0,16.7
6602,S007,2025-12-15,3,0,11.1
6603,S007,2025-12-15,6,4,13.7
6604,S007,2025-12-15,9,3,25.8
6605,S007,2025-12-15,12,3,14.4
6606,S007,2025-12-15,15,2,26.0
6607,S007,2025-12-15,18,4,29.2
6608,S007,2025-12-15,21,2,12.9
6609,S007,2025-12-09,0,0,10.8
6610,S007,2025-12-09,3,0,5.9
6611,S007,2025-12-09,6,1,12.2
6612,S007,2025-12-09,9,2,26.8
6613,S007,2025-12-09,12,3,22.8
6614,S007,2025-12-09,15,6,13.6
6615,S007,2025-12-09,18,7,25.8
6616,S007,2025-12-09,21,5,21.1
6617,S007,2025-06-15,0,0,2.3
6618,S007,2025-06-15,3,1,7.7
6619,S007,2025-06-15,6,2,8.9
6620,S007,2025-06-15,9,5,29.7
6621,S007,2025-06-15,12,6,18.2
6622,S007,2025-06-15,15,5,21.7
6623,S007,2025-06-15,18,3,31.8
6624,S007,2025-06-15,21,4,12.9
6625,S007,2025-01-19,0,1,5.6
6626,S007,2025-01-19,3,1,13.1
6627,S007,2025-01-19,6,4,18.3
6628,S007,2025-01-19,9,6,36.2
6629,S007,2025-01-19,12,3,19.8
6630,S007,2025-01-19,15,4,17.8
6631,S007,2025-01-19,18,5,32.2
6632,S007,2025-01-19,21,3,15.5
6633,S007,2025-04-16,0,0,4.7
6634,S007,2025-04-16,3,2,10.8
6635,S007,2025-04-16,6,3,11.0
6636,S007,2025-04-16,9,9,31.8
6637,S007,2025-04-16,12,3,16.3
6638,S007,2025-04-16,15,6,19.1
6639,S007,2025-04-16,18,9,25.2
6640,S007,2025-04-16,21,1,10.8
6641,S007,2025-03-11,0,2,7.6
6642,S007,2025-03-11,3,0,7.4
6643,S007,2025-03-11,6,5,20.6
6644,S007,2025-03-11,9,5,29.4
6645,S007,2025-03-11,12,3,16.2
6646,S007,2025-03-11,15,2,7.7
6647,S007,2025-03-11,18,3,29.8
6648,S007,2025-03-11,21,2,10.7
6649,S007,2025-04-13,0,1,4.9
6650,S007,2025-04-13,3,1,6.6
6651,S007,2025-04-13,6,3,16.5
6652,S007,2025-04-13,9,8,28.4
6653,S007,2025-04-13,12,3,20.9
6654,S007,2025-04-13,15,6,21.5
6655,S007,2025-04-13,18,7,26.5
6656,S007,2025-04-13,21,3,12.1
6657,S007,2025-03-12,0,1,7.6
6658,S007,2025-03-12,3,1,3.1
6659,S007,2025-03-12,6,3,19.4
6660,S007,2025-03-12,9,8,25.9
6661,S007,2025-03-12,12,5,24.0
6662,S007,2025-03-12,15,3,19.4
6663,S007,2025-03-12,18,5,34.8
6664,S007,2025-03-12,21,3,7.9
6665,S007,2025-10-06,0,1,12.5
6666,S007,2025-10-06,3,1,7.6
6667,S007,2025-10-06,6,2,14.2
6668,S007,2025-10-06,9,9,21.1
6669,S007,2025-10-06,12,2,17.3
6670,S007,2025-10-06,15,2,19.6
6671,S007,2025-10-06,18,8,30.7
6672,S007,2025-10-06,21,1,13.6
6673,S007,2025-06-03,0,0,14.0
6674,S007,2025-06-03,3,0,9.9
6675,S007,2025-06-03,6,1,17.0
6676,S007,2025-06-03,9,5,23.7
6677,S007,2025-06-03,12,8,17.2
6678,S007,2025-06-03,15,3,22.8
6679,S007,2025-06-03,18,5,23.2
6680,S007,2025-06-03,21,5,17.3
6681,S007,2025-07-14,0,2,7.1
6682,S007,2025-07-14,3,0,7.0
6683,S007,2025-07-14,6,1,13.4
6684,S007,2025-07-14,9,5,23.7
6685,S007,2025-07-14,12,0,15.4
6686,S007,2025-07-14,15,3,19.7
6687,S007,2025-07-14,18,6,27.0
6688,S007,2025-07-14,21,5,22.0
6689,S007,2025-03-02,0,0,0.9
6690,S007,2025-03-02,3,0,11.9
6691,S007,2025-03-02,6,1,2.6
6692,S007,2025-03-02,9,7,28.2
6693,S007,2025-03-02,12,2,21.5
6694,S007,2025-03-02,15,5,13.0
6695,S007,2025-03-02,18,3,30.7
6696,S007,2025-03-02,21,3,18.9
6697,S007,2025-10-22,0,0,10.6
6698,S007,2025-10-22,3,0,16.7
6699,S007,2025-10-22,6,2,15.7
6700,S007,2025-10-22,9,4,27.2
6701,S007,2025-10-22,12,2,19.0
6702,S007,2025-10-22,15,2,19.1
6703,S007,2025-10-22,18,4,28.0
6704,S007,2025-10-22,21,0,15.6
6705,S007,2025-11-08,0,0,14.5
6706,S007,2025-11-08,3,0,12.0
6707,S007,2025-11-08,6,3,22.2
6708,S007,2025-11-08,9,5,23.0
6709,S007,2025-11-08,12,5,17.7
6710,S007,2025-11-08,15,3,21.0
6711,S007,2025-11-08,18,8,26.0
6712,S007,2025-11-08,21,3,15.1
6713,S007,2025-02-04,0,0,5.7
6714,S007,2025-02-04,3,1,4.8
6715,S007,2025-02-04,6,3,13.3
6716,S007,2025-02-04,9,7,29.2
6717,S007,2025-02-04,12,1,19.7
6718,S007,2025-02-04,15,5,17.6
6719,S007,2025-02-04,18,3,24.8
6720,S007,2025-02-04,21,1,17.2
6721,S008,2025-12-14,0,0,8.2
6722,S008,2025-12-14,3,0,0.0
6723,S008,2025-12-14,6,2,11.4
6724,S008,2025-12-14,9,7,29.3
6725,S008,2025-12-14,12,4,17.4
6726,S008,2025-12-14,15,3,15.9
6727,S008,2025-12-14,18,8,30.8
6728,S008,2025-12-14,21,2,18.1
6729,S008,2025-03-06,0,1,5.4
6730,S008,2025-03-06,3,0,5.1
6731,S008,2025-03-06,6,5,15.4
6732,S008,2025-03-06,9,5,33.5
6733,S008,2025-03-06,12,3,21.2
6734,S008,2025-03-06,15,3,17.3
6735,S008,2025-03-06,18,4,27.5
6736,S008,2025-03-06,21,2,13.2
6737,S008,2025-10-15,0,0,8.6
6738,S008,2025-10-15,3,0,6.9
6739,S008,2025-10-15,6,2,21.2
6740,S008,2025-10-15,9,6,26.8
6741,S008,2025-10-15,12,5,18.1
6742,S008,2025-10-15,15,3,20.1
6743,S008,2025-10-15,18,7,25.5
6744,S008,2025-10-15,21,2,19.4
6745,S008,2025-02-27,0,0,15.7
6746,S008,2025-02-27,3,1,0.0
6747,S008,2025-02-27,6,2,20.4
6748,S008,2025-02-27,9,9,22.4
6749,S008,2025-02-27,12,5,11.8
6750,S008,2025-02-27,15,2,20.2
6751,S008,2025-02-27,18,2,27.1
6752,S008,2025-02-27,21,3,20.2
6753,S008,2025-02-04,0,0,4.2
6754,S008,2025-02-04,3,0,12.7
6755,S008,2025-02-04,6,3,17.6
6756,S008,2025-02-04,9,5,31.5
6757,S008,2025-02-04,12,1,25.9
6758,S008,2025-02-04,15,5,14.7
6759,S008,2025-02-04,18,4,27.0
6760,S008,2025-02-04,21,1,26.1
6761,S008,2025-10-18,0,1,6.1
6762,S008,2025-10-18,3,0,12.7
6763,S008,2025-10-18,6,3,16.2
6764,S008,2025-10-18,9,6,31.4
6765,S008,2025-10-18,12,2,13.6
6766,S008,2025-10-18,15,2,21.1
6767,S008,2025-10-18,18,8,34.9
6768,S008,2025-10-18,21,3,22.0
6769,S008,2025-02-14,0,0,9.9
6770,S008,2025-02-14,3,1,9.9
6771,S008,2025-02-14,6,1,19.6
6772,S008,2025-02-14,9,1,29.1
6773,S008,2025-02-14,12,5,20.5
6774,S008,2025-02-14,15,2,28.4
6775,S008,2025-02-14,18,5,39.5
6776,S008,2025-02-14,21,2,19.1
6777,S008,2025-10-23,0,2,3.0
6778,S008,2025-10-23,3,1,10.2
6779,S008,2025-10-23,6,1,13.1
6780,S008,2025-10-23,9,2,30.5
6781,S008,2025-10-23,12,2,15.2
6782,S008,2025-10-23,15,3,21.2
6783,S008,2025-10-23,18,2,31.4
6784,S008,2025-10-23,21,2,22.9
6785,S008,2025-10-02,0,2,15.5
6786,S008,2025-10-02,3,0,8.9
6787,S008,2025-10-02,6,4,19.8
6788,S008,2025-10-02,9,4,22.8
6789,S008,2025-10-02,12,1,13.8
6790,S008,2025-10-02,15,4,14.5
6791,S008,2025-10-02,18,6,22.2
6792,S008,2025-10-02,21,3,16.9
6793,S008,2025-08-07,0,1,10.7
6794,S008,2025-08-07,3,0,8.2
6795,S008,2025-08-07,6,3,9.2
6796,S008,2025-08-07,9,6,31.9
6797,S008,2025-08-07,12,2,12.2
6798,S008,2025-08-07,15,3,21.3
6799,S008,2025-08-07,18,1,23.3
6800,S008,2025-08-07,21,3,22.8
6801,S008,2025-01-12,0,0,8.4
6802,S008,2025-01-12,3,0,6.0
6803,S008,2025-01-12,6,2,11.3
6804,S008,2025-01-12,9,7,23.7
6805,S008,2025-01-12,12,3,19.0
6806,S008,2025-01-12,15,2,17.1
6807,S008,2025-01-12,18,4,26.5
6808,S008,2025-01-12,21,5,22.2
6809,S008,2025-03-16,0,1,9.5
6810,S008,2025-03-16,3,0,8.1
6811,S008,2025-03-16,6,3,11.2
6812,S008,2025-03-16,9,4,21.6
6813,S008,2025-03-16,12,6,20.6
6814,S008,2025-03-16,15,6,17.1
6815,S008,2025-03-16,18,6,28.4
6816,S008,2025-03-16,21,2,15.1
6817,S008,2025-09-03,0,0,8.2
6818,S008,2025-09-03,3,1,14.1
6819,S008,2025-09-03,6,0,14.9
6820,S008,2025-09-03,9,7,23.7
6821,S008,2025-09-03,12,1,18.7
6822,S008,2025-09-03,15,1,24.0
6823,S008,2025-09-03,18,7,39.7
6824,S008,2025-09-03,21,3,18.4
6825,S008,2025-02-26,0,1,11.9
6826,S008,2025-02-26,3,1,10.6
6827,S008,2025-02-26,6,3,12.4
6828,S008,2025-02-26,9,11,33.1
6829,S008,2025-02-26,12,2,17.1
6830,S008,2025-02-26,15,4,21.4
6831,S008,2025-02-26,18,13,26.8
6832,S008,2025-02-26,21,1,15.1
6833,S008,2025-04-20,0,0,5.4
6834,S008,2025-04-20,3,0,9.4
6835,S008,2025-04-20,6,1,16.9
6836,S008,2025-04-20,9,4,27.4
6837,S008,2025-04-20,12,3,20.2
6838,S008,2025-04-20,15,3,11.4
6839,S008,2025-04-20,18,7,33.0
6840,S008,2025-04-20,21,1,19.5
6841,S008,2025-05-29,0,0,6.1
6842,S008,2025-05-29,3,0,7.3
6843,S008,2025-05-29,6,0,13.9
6844,S008,2025-05-29,9,4,27.2
6845,S008,2025-05-29,12,2,12.9
6846,S008,2025-05-29,15,0,17.8
6847,S008,2025-05-29,18,8,27.2
6848,S008,2025-05-29,21,2,12.9
6849,S008,2025-04-14,0,1,3.4
6850,S008,2025-04-14,3,0,3.0
6851,S008,2025-04-14,6,4,19.5
6852,S008,2025-04-14,9,14,25.5
6853,S008,2025-04-14,12,8,13.9
6854,S008,2025-04-14,15,0,19.4
6855,S008,2025-04-14,18,12,22.6
6856,S008,2025-04-14,21,8,13.6
6857,S008,2025-10-22,0,1,11.0
6858,S008,2025-10-22,3,1,4.2
6859,S008,2025-10-22,6,0,14.5
6860,S008,2025-10-22,9,5,20.7
6861,S008,2025-10-22,12,5,16.6
6862,S008,2025-10-22,15,3,18.9
6863,S008,2025-10-22,18,6,33.7
6864,S008,2025-10-22,21,0,16.5
6865,S008,2025-03-08,0,2,11.7
6866,S008,2025-03-08,3,0,10.8
6867,S008,2025-03-08,6,0,16.4
6868,S008,2025-03-08,9,5,27.9
6869,S008,2025-03-08,12,0,19.9
6870,S008,2025-03-08,15,4,19.1
6871,S008,2025-03-08,18,4,27.6
6872,S008,2025-03-08,21,2,19.1
6873,S008,2025-07-29,0,0,8.9
6874,S008,2025-07-29,3,0,2.7
6875,S008,2025-07-29,6,4,17.7
6876,S008,2025-07-29,9,3,37.0
6877,S008,2025-07-29,12,3,14.7
6878,S008,2025-07-29,15,2,25.2
6879,S008,2025-07-29,18,7,32.0
6880,S008,2025-07-29,21,1,15.9
6881,S008,2025-06-18,0,2,1.6
6882,S008,2025-06-18,3,0,5.6
6883,S008,2025-06-18,6,0,15.8
6884,S008,2025-06-18,9,6,25.5
6885,S008,2025-06-18,12,1,14.9
6886,S008,2025-06-18,15,5,28.4
6887,S008,2025-06-18,18,3,35.5
6888,S008,2025-06-18,21,3,16.5
6889,S008,2025-09-23,0,0,2.9
6890,S008,2025-09-23,3,0,8.1
6891,S008,2025-09-23,6,0,14.2
6892,S008,2025-09-23,9,4,29.0
6893,S008,2025-09-23,12,4,21.5
6894,S008,2025-09-23,15,3,18.9
6895,S008,2025-09-23,18,6,30.1
6896,S008,2025-09-23,21,3,18.6
6897,S008,2025-11-24,0,0,6.5
6898,S008,2025-11-24,3,1,7.4
6899,S008,2025-11-24,6,1,15.1
6900,S008,2025-11-24,9,8,27.0
6901,S008,2025-11-24,12,3,10.5
6902,S008,2025-11-24,15,0,28.2
6903,S008,2025-11-24,18,2,29.1
6904,S008,2025-11-24,21,1,20.0
6905,S008,2025-03-30,0,0,9.1
6906,S008,2025-03-30,3,0,6.9
6907,S008,2025-03-30,6,1,16.3
6908,S008,2025-03-30,9,3,24.3
6909,S008,2025-03-30,12,3,19.4
6910,S008,2025-03-30,15,2,14.5
6911,S008,2025-03-30,18,7,30.5
6912,S008,2025-03-30,21,5,18.6
6913,S008,2025-09-04,0,0,13.9
6914,S008,2025-09-04,3,1,11.5
6915,S008,2025-09-04,6,4,11.3
6916,S008,2025-09-04,9,4,35.5
6917,S008,2025-09-04,12,6,14.1
6918,S008,2025-09-04,15,5,16.2
6919,S008,2025-09-04,18,11,26.5
6920,S008,2025-09-04,21,3,11.7
6921,S008,2025-08-09,0,0,12.2
6922,S008,2025-08-09,3,0,7.9
6923,S008,2025-08-09,6,0,16.4
6924,S008,2025-08-09,9,7,28.1
6925,S008,2025-08-09,12,3,9.6
6926,S008,2025-08-09,15,4,19.8
6927,S008,2025-08-09,18,9,30.2
6928,S008,2025-08-09,21,3,14.7
6929,S008,2025-11-01,0,0,8.3
6930,S008,2025-11-01,3,0,8.6
6931,S008,2025-11-01,6,2,23.2
6932,S008,2025-11-01,9,7,33.2
6933,S008,2025-11-01,12,1,23.0
6934,S008,2025-11-01,15,2,25.4
6935,S008,2025-11-01,18,9,26.2
6936,S008,2025-11-01,21,1,19.1
6937,S008,2025-07-21,0,0,0.0
6938,S008,2025-07-21,3,1,8.3
6939,S008,2025-07-21,6,1,12.2
6940,S008,2025-07-21,9,9,27.7
6941,S008,2025-07-21,12,4,13.8
6942,S008,2025-07-21,15,8,19.0
6943,S008,2025-07-21,18,5,33.0
6944,S008,2025-07-21,21,5,10.0
6945,S008,2025-12-10,0,1,1.9
6946,S008,2025-12-10,3,1,6.5
6947,S008,2025-12-10,6,6,18.6
6948,S008,2025-12-10,9,2,24.4
6949,S008,2025-12-10,12,3,20.4
6950,S008,2025-12-10,15,3,20.9
6951,S008,2025-12-10,18,6,27.6
6952,S008,2025-12-10,21,5,15.0
6953,S008,2025-04-13,0,0,8.8
6954,S008,2025-04-13,3,0,6.5
6955,S008,2025-04-13,6,3,17.3
6956,S008,2025-04-13,9,5,29.0
6957,S008,2025-04-13,12,4,14.2
6958,S008,2025-04-13,15,4,23.1
6959,S008,2025-04-13,18,8,30.3
6960,S008,2025-04-13,21,1,16.7
6961,S008,2025-12-03,0,0,15.9
6962,S008,2025-12-03,3,0,4.9
6963,S008,2025-12-03,6,2,17.6
6964,S008,2025-12-03,9,9,33.4
6965,S008,2025-12-03,12,1,12.6
6966,S008,2025-12-03,15,3,17.7
6967,S008,2025-12-03,18,7,29.7
6968,S008,2025-12-03,21,3,23.5
6969,S008,2025-12-04,0,0,8.0
6970,S008,2025-12-04,3,0,2.4
6971,S008,2025-12-04,6,2,9.6
6972,S008,2025-12-04,9,9,26.3
6973,S008,2025-12-04,12,1,17.9
6974,S008,2025-12-04,15,3,15.2
6975,S008,2025-12-04,18,4,26.9
6976,S008,2025-12-04,21,0,20.9
6977,S008,2025-01-21,0,0,8.1
6978,S008,2025-01-21,3,0,10.5
6979,S008,2025-01-21,6,1,13.5
6980,S008,2025-01-21,9,5,25.9
6981,S008,2025-01-21,12,2,16.8
6982,S008,2025-01-21,15,2,22.6
6983,S008,2025-01-21,18,5,40.9
6984,S008,2025-01-21,21,4,15.8
6985,S008,2025-03-09,0,0,3.9
6986,S008,2025-03-09,3,0,10.4
6987,S008,2025-03-09,6,3,8.0
6988,S008,2025-03-09,9,7,29.3
6989,S008,2025-03-09,12,2,21.4
6990,S008,2025-03-09,15,4,21.3
6991,S008,2025-03-09,18,5,33.3
6992,S008,2025-03-09,21,4,18.2
6993,S008,2025-07-01,0,1,9.5
6994,S008,2025-07-01,3,0,3.5
6995,S008,2025-07-01,6,2,15.8
6996,S008,2025-07-01,9,4,21.5
6997,S008,2025-07-01,12,7,14.4
6998,S008,2025-07-01,15,3,26.6
6999,S008,2025-07-01,18,4,31.7
7000,S008,2025-07-01,21,1,16.5
7001,S008,2025-01-06,0,1,2.5
7002,S008,2025-01-06,3,1,10.2
7003,S008,2025-01-06,6,0,13.4
7004,S008,2025-01-06,9,4,30.0
7005,S008,2025-01-06,12,3,20.0
7006,S008,2025-01-06,15,2,19.1
7007,S008,2025-01-06,18,12,28.3
7008,S008,2025-01-06,21,2,16.6
7009,S008,2025-09-08,0,0,4.3
7010,S008,2025-09-08,3,0,6.7
7011,S008,2025-09-08,6,2,15.9
7012,S008,2025-09-08,9,4,27.1
7013,S008,2025-09-08,12,3,19.3
7014,S008,2025-09-08,15,5,19.6
7015,S008,2025-09-08,18,2,32.0
7016,S008,2025-09-08,21,1,17.8
7017,S008,2025-11-19,0,1,3.9
7018,S008,2025-11-19,3,2,11.6
7019,S008,2025-11-19,6,3,16.5
7020,S008,2025-11-19,9,5,24.5
7021,S008,2025-11-19,12,2,8.2
7022,S008,2025-11-19,15,8,22.5
7023,S008,2025-11-19,18,3,21.5
7024,S008,2025-11-19,21,5,16.0
7025,S008,2025-03-31,0,1,7.4
7026,S008,2025-03-31,3,1,8.9
7027,S008,2025-03-31,6,2,16.9
7028,S008,2025-03-31,9,7,28.4
7029,S008,2025-03-31,12,5,24.5
7030,S008,2025-03-31,15,3,21.9
7031,S008,2025-03-31,18,3,30.2
7032,S008,2025-03-31,21,2,18.9
7033,S008,2025-07-19,0,0,7.4
7034,S008,2025-07-19,3,2,7.9
7035,S008,2025-07-19,6,3,14.2
7036,S008,2025-07-19,9,4,24.6
7037,S008,2025-07-19,12,5,24.6
7038,S008,2025-07-19,15,2,26.0
7039,S008,2025-07-19,18,7,29.1
7040,S008,2025-07-19,21,2,19.0
7041,S008,2025-11-27,0,1,13.6
7042,S008,2025-11-27,3,1,15.8
7043,S008,2025-11-27,6,5,6.9
7044,S008,2025-11-27,9,6,21.4
7045,S008,2025-11-27,12,2,20.4
7046,S008,2025-11-27,15,4,21.2
7047,S008,2025-11-27,18,7,25.4
7048,S008,2025-11-27,21,3,18.5
7049,S008,2025-11-21,0,1,8.9
7050,S008,2025-11-21,3,0,11.6
7051,S008,2025-11-21,6,1,28.0
7052,S008,2025-11-21,9,4,24.3
7053,S008,2025-11-21,12,4,13.2
7054,S008,2025-11-21,15,4,12.0
7055,S008,2025-11-21,18,3,24.9
7056,S008,2025-11-21,21,6,20.2
7057,S008,2025-03-11,0,1,6.8
7058,S008,2025-03-11,3,0,1.6
7059,S008,2025-03-11,6,2,11.5
7060,S008,2025-03-11,9,5,30.7
7061,S008,2025-03-11,12,4,13.1
7062,S008,2025-03-11,15,3,15.5
7063,S008,2025-03-11,18,10,33.5
7064,S008,2025-03-11,21,1,27.8
7065,S008,2025-07-10,0,1,14.6
7066,S008,2025-07-10,3,1,9.0
7067,S008,2025-07-10,6,2,18.8
7068,S008,2025-07-10,9,3,31.9
7069,S008,2025-07-10,12,1,24.3
7070,S008,2025-07-10,15,2,22.3
7071,S008,2025-07-10,18,6,26.2
7072,S008,2025-07-10,21,5,5.8
7073,S008,2025-11-13,0,0,0.0
7074,S008,2025-11-13,3,0,2.7
7075,S008,2025-11-13,6,4,10.7
7076,S008,2025-11-13,9,9,25.1
7077,S008,2025-11-13,12,2,20.1
7078,S008,2025-11-13,15,2,25.1
7079,S008,2025-11-13,18,12,23.7
7080,S008,2025-11-13,21,4,20.5
7081,S008,2025-04-19,0,0,8.1
7082,S008,2025-04-19,3,0,3.0
7083,S008,2025-04-19,6,2,6.7
7084,S008,2025-04-19,9,12,27.4
7085,S008,2025-04-19,12,4,20.1
7086,S008,2025-04-19,15,2,27.5
7087,S008,2025-04-19,18,6,36.3
7088,S008,2025-04-19,21,1,17.8
7089,S008,2025-06-08,0,0,14.8
7090,S008,2025-06-08,3,2,8.2
7091,S008,2025-06-08,6,6,22.0
7092,S008,2025-06-08,9,3,25.9
7093,S008,2025-06-08,12,1,14.4
7094,S008,2025-06-08,15,3,18.2
7095,S008,2025-06-08,18,7,30.7
7096,S008,2025-06-08,21,3,15.4
7097,S008,2025-09-19,0,0,0.0
7098,S008,2025-09-19,3,0,7.9
7099,S008,2025-09-19,6,0,24.8
7100,S008,2025-09-19,9,8,31.5
7101,S008,2025-09-19,12,2,10.1
7102,S008,2025-09-19,15,6,25.9
7103,S008,2025-09-19,18,4,27.7
7104,S008,2025-09-19,21,2,20.2
7105,S008,2025-09-28,0,0,4.2
7106,S008,2025-09-28,3,0,11.8
7107,S008,2025-09-28,6,2,14.6
7108,S008,2025-09-28,9,6,20.2
7109,S008,2025-09-28,12,5,19.1
7110,S008,2025-09-28,15,5,16.7
7111,S008,2025-09-28,18,10,28.1
7112,S008,2025-09-28,21,2,18.3
7113,S008,2025-12-05,0,1,6.0
7114,S008,2025-12-05,3,1,6.0
7115,S008,2025-12-05,6,4,16.7
7116,S008,2025-12-05,9,6,28.4
7117,S008,2025-12-05,12,1,22.6
7118,S008,2025-12-05,15,2,16.1
7119,S008,2025-12-05,18,3,25.8
7120,S008,2025-12-05,21,3,23.5
7121,S008,2025-05-03,0,0,9.3
7122,S008,2025-05-03,3,1,10.0
7123,S008,2025-05-03,6,4,19.5
7124,S008,2025-05-03,9,5,27.8
7125,S008,2025-05-03,12,4,15.4
7126,S008,2025-05-03,15,4,18.5
7127,S008,2025-05-03,18,6,27.2
7128,S008,2025-05-03,21,7,16.8
7129,S008,2025-10-24,0,0,4.5
7130,S008,2025-10-24,3,0,5.2
7131,S008,2025-10-24,6,3,2.0
7132,S008,2025-10-24,9,4,33.5
7133,S008,2025-10-24,12,3,11.1
7134,S008,2025-10-24,15,4,21.0
7135,S008,2025-10-24,18,7,28.9
7136,S008,2025-10-24,21,3,10.9
7137,S008,2025-06-07,0,0,6.7
7138,S008,2025-06-07,3,1,8.2
7139,S008,2025-06-07,6,4,18.2
7140,S008,2025-06-07,9,4,35.4
7141,S008,2025-06-07,12,3,21.9
7142,S008,2025-06-07,15,5,15.5
7143,S008,2025-06-07,18,16,28.6
7144,S008,2025-06-07,21,1,11.8
7145,S008,2025-04-03,0,0,10.3
7146,S008,2025-04-03,3,1,5.4
7147,S008,2025-04-03,6,4,11.7
7148,S008,2025-04-03,9,7,33.9
7149,S008,2025-04-03,12,4,18.0
7150,S008,2025-04-03,15,5,23.0
7151,S008,2025-04-03,18,8,27.3
7152,S008,2025-04-03,21,3,18.9
7153,S008,2025-08-29,0,0,5.3
7154,S008,2025-08-29,3,1,11.8
7155,S008,2025-08-29,6,1,9.8
7156,S008,2025-08-29,9,4,26.8
7157,S008,2025-08-29,12,4,16.9
7158,S008,2025-08-29,15,6,27.8
7159,S008,2025-08-29,18,6,39.1
7160,S008,2025-08-29,21,5,13.3
7161,S008,2025-08-19,0,0,9.8
7162,S008,2025-08-19,3,0,0.0
7163,S008,2025-08-19,6,3,12.4
7164,S008,2025-08-19,9,5,20.7
7165,S008,2025-08-19,12,4,22.5
7166,S008,2025-08-19,15,3,22.5
7167,S008,2025-08-19,18,3,33.8
7168,S008,2025-08-19,21,3,9.2
7169,S008,2025-06-20,0,1,7.8
7170,S008,2025-06-20,3,1,0.2
7171,S008,2025-06-20,6,2,17.4
7172,S008,2025-06-20,9,6,28.3
7173,S008,2025-06-20,12,5,24.2
7174,S008,2025-06-20,15,3,24.2
7175,S008,2025-06-20,18,6,31.3
7176,S008,2025-06-20,21,0,23.6
7177,S008,2025-10-29,0,1,13.2
7178,S008,2025-10-29,3,1,6.5
7179,S008,2025-10-29,6,3,15.1
7180,S008,2025-10-29,9,3,29.4
7181,S008,2025-10-29,12,2,17.4
7182,S008,2025-10-29,15,5,32.5
7183,S008,2025-10-29,18,7,34.2
7184,S008,2025-10-29,21,1,12.1
7185,S008,2025-05-30,0,1,3.8
7186,S008,2025-05-30,3,1,9.7
7187,S008,2025-05-30,6,5,13.2
7188,S008,2025-05-30,9,4,28.2
7189,S008,2025-05-30,12,3,23.6
7190,S008,2025-05-30,15,3,17.0
7191,S008,2025-05-30,18,7,28.3
7192,S008,2025-05-30,21,1,13.4
7193,S008,2025-05-21,0,0,2.2
7194,S008,2025-05-21,3,1,4.0
7195,S008,2025-05-21,6,1,12.2
7196,S008,2025-05-21,9,8,22.6
7197,S008,2025-05-21,12,0,18.3
7198,S008,2025-05-21,15,2,22.0
7199,S008,2025-05-21,18,1,30.6
7200,S008,2025-05-21,21,5,16.5
7201,S008,2025-02-25,0,0,6.8
7202,S008,2025-02-25,3,0,6.4
7203,S008,2025-02-25,6,3,12.8
7204,S008,2025-02-25,9,7,22.2
7205,S008,2025-02-25,12,4,18.2
7206,S008,2025-02-25,15,3,13.9
7207,S008,2025-02-25,18,4,33.6
7208,S008,2025-02-25,21,2,17.4
7209,S008,2025-04-26,0,1,4.4
7210,S008,2025-04-26,3,0,8.4
7211,S008,2025-04-26,6,5,13.7
7212,S008,2025-04-26,9,6,26.1
7213,S008,2025-04-26,12,1,15.2
7214,S008,2025-04-26,15,5,17.7
7215,S008,2025-04-26,18,1,26.5
7216,S008,2025-04-26,21,1,12.4
7217,S008,2025-12-19,0,2,7.8
7218,S008,2025-12-19,3,0,12.1
7219,S008,2025-12-19,6,0,8.8
7220,S008,2025-12-19,9,3,24.0
7221,S008,2025-12-19,12,4,15.4
7222,S008,2025-12-19,15,2,23.6
7223,S008,2025-12-19,18,4,32.1
7224,S008,2025-12-19,21,5,14.2
7225,S008,2025-08-26,0,1,1.7
7226,S008,2025-08-26,3,1,7.3
7227,S008,2025-08-26,6,1,16.6
7228,S008,2025-08-26,9,4,29.5
7229,S008,2025-08-26,12,2,12.4
7230,S008,2025-08-26,15,3,17.6
7231,S008,2025-08-26,18,5,28.4
7232,S008,2025-08-26,21,2,15.2
7233,S008,2025-05-09,0,1,5.2
7234,S008,2025-05-09,3,2,11.8
7235,S008,2025-05-09,6,3,19.1
7236,S008,2025-05-09,9,7,29.5
7237,S008,2025-05-09,12,3,18.2
7238,S008,2025-05-09,15,2,23.9
7239,S008,2025-05-09,18,8,29.7
7240,S008,2025-05-09,21,3,17.1
7241,S008,2025-08-12,0,1,5.0
7242,S008,2025-08-12,3,1,15.6
7243,S008,2025-08-12,6,0,17.4
7244,S008,2025-08-12,9,5,35.8
7245,S008,2025-08-12,12,1,20.8
7246,S008,2025-08-12,15,4,17.8
7247,S008,2025-08-12,18,8,25.0
7248,S008,2025-08-12,21,5,13.7
7249,S008,2025-09-10,0,2,13.1
7250,S008,2025-09-10,3,0,5.7
7251,S008,2025-09-10,6,4,8.0
7252,S008,2025-09-10,9,7,26.6
7253,S008,2025-09-10,12,2,22.7
7254,S008,2025-09-10,15,4,16.4
7255,S008,2025-09-10,18,6,28.2
7256,S008,2025-09-10,21,3,21.9
7257,S008,2025-12-23,0,1,14.0
7258,S008,2025-12-23,3,2,5.6
7259,S008,2025-12-23,6,1,23.5
7260,S008,2025-12-23,9,4,27.8
7261,S008,2025-12-23,12,7,19.5
7262,S008,2025-12-23,15,4,27.5
7263,S008,2025-12-23,18,4,36.8
7264,S008,2025-12-23,21,1,15.3
7265,S008,2025-09-05,0,0,6.6
7266,S008,2025-09-05,3,0,0.0
7267,S008,2025-09-05,6,2,14.5
7268,S008,2025-09-05,9,5,29.7
7269,S008,2025-09-05,12,8,14.5
7270,S008,2025-09-05,15,5,18.9
7271,S008,2025-09-05,18,3,32.2
7272,S008,2025-09-05,21,1,16.8
7273,S008,2025-06-29,0,1,10.9
7274,S008,2025-06-29,3,0,0.0
7275,S008,2025-06-29,6,3,17.8
7276,S008,2025-06-29,9,4,18.7
7277,S008,2025-06-29,12,1,20.8
7278,S008,2025-06-29,15,1,24.5
7279,S008,2025-06-29,18,4,27.8
7280,S008,2025-06-29,21,5,23.5
7281,S008,2025-09-17,0,0,17.0
7282,S008,2025-09-17,3,0,6.4
7283,S008,2025-09-17,6,2,22.7
7284,S008,2025-09-17,9,2,23.3
7285,S008,2025-09-17,12,3,13.1
7286,S008,2025-09-17,15,6,22.5
7287,S008,2025-09-17,18,6,28.3
7288,S008,2025-09-17,21,2,13.5
7289,S008,2025-08-11,0,0,11.0
7290,S008,2025-08-11,3,1,7.2
7291,S008,2025-08-11,6,4,17.0
7292,S008,2025-08-11,9,4,24.5
7293,S008,2025-08-11,12,2,14.1
7294,S008,2025-08-11,15,2,19.1
7295,S008,2025-08-11,18,9,25.2
7296,S008,2025-08-11,21,1,22.3
7297,S008,2025-11-04,0,1,12.1
7298,S008,2025-11-04,3,1,4.6
7299,S008,2025-11-04,6,1,14.5
7300,S008,2025-11-04,9,9,25.5
7301,S008,2025-11-04,12,7,15.2
7302,S008,2025-11-04,15,4,16.1
7303,S008,2025-11-04,18,9,35.5
7304,S008,2025-11-04,21,1,11.8
7305,S008,2025-03-01,0,1,5.0
7306,S008,2025-03-01,3,1,0.0
7307,S008,2025-03-01,6,5,16.2
7308,S008,2025-03-01,9,5,25.9
7309,S008,2025-03-01,12,6,15.6
7310,S008,2025-03-01,15,5,17.1
7311,S008,2025-03-01,18,6,27.7
7312,S008,2025-03-01,21,4,17.6
7313,S008,2025-01-01,0,0,8.0
7314,S008,2025-01-01,3,1,3.6
7315,S008,2025-01-01,6,3,10.6
7316,S008,2025-01-01,9,6,30.0
7317,S008,2025-01-01,12,4,18.9
7318,S008,2025-01-01,15,3,20.5
7319,S008,2025-01-01,18,5,22.9
7320,S008,2025-01-01,21,3,14.5
7321,S008,2025-10-10,0,1,9.9
7322,S008,2025-10-10,3,0,5.7
7323,S008,2025-10-10,6,1,16.8
7324,S008,2025-10-10,9,1,23.4
7325,S008,2025-10-10,12,2,15.0
7326,S008,2025-10-10,15,2,26.1
7327,S008,2025-10-10,18,6,31.2
7328,S008,2025-10-10,21,6,12.4
7329,S008,2025-02-21,0,0,10.8
7330,S008,2025-02-21,3,0,12.5
7331,S008,2025-02-21,6,2,14.1
7332,S008,2025-02-21,9,2,26.2
7333,S008,2025-02-21,12,1,21.1
7334,S008,2025-02-21,15,5,25.2
7335,S008,2025-02-21,18,5,27.8
7336,S008,2025-02-21,21,2,25.7
7337,S008,2025-08-27,0,1,6.3
7338,S008,2025-08-27,3,0,4.8
7339,S008,2025-08-27,6,3,13.0
7340,S008,2025-08-27,9,5,31.2
7341,S008,2025-08-27,12,4,16.8
7342,S008,2025-08-27,15,9,23.6
7343,S008,2025-08-27,18,8,22.3
7344,S008,2025-08-27,21,3,24.2
7345,S008,2025-10-06,0,0,4.7
7346,S008,2025-10-06,3,0,1.1
7347,S008,2025-10-06,6,3,17.8
7348,S008,2025-10-06,9,1,27.1
7349,S008,2025-10-06,12,7,15.8
7350,S008,2025-10-06,15,7,22.8
7351,S008,2025-10-06,18,4,31.0
7352,S008,2025-10-06,21,3,21.0
7353,S008,2025-05-17,0,0,3.4
7354,S008,2025-05-17,3,1,17.3
7355,S008,2025-05-17,6,4,10.6
7356,S008,2025-05-17,9,3,33.8
7357,S008,2025-05-17,12,7,7.1
7358,S008,2025-05-17,15,3,25.9
7359,S008,2025-05-17,18,2,21.7
7360,S008,2025-05-17,21,5,25.2
7361,S008,2025-02-22,0,0,4.1
7362,S008,2025-02-22,3,0,7.8
7363,S008,2025-02-22,6,2,15.2
7364,S008,2025-02-22,9,6,27.7
7365,S008,2025-02-22,12,0,16.4
7366,S008,2025-02-22,15,3,15.6
7367,S008,2025-02-22,18,7,30.4
7368,S008,2025-02-22,21,1,16.1
7369,S008,2025-02-10,0,0,0.0
7370,S008,2025-02-10,3,0,13.8
7371,S008,2025-02-10,6,2,18.6
7372,S008,2025-02-10,9,8,32.2
7373,S008,2025-02-10,12,3,12.4
7374,S008,2025-02-10,15,4,18.1
7375,S008,2025-02-10,18,4,36.0
7376,S008,2025-02-10,21,1,15.4
7377,S008,2025-10-13,0,0,14.0
7378,S008,2025-10-13,3,0,2.8
7379,S008,2025-10-13,6,4,15.2
7380,S008,2025-10-13,9,3,30.3
7381,S008,2025-10-13,12,2,10.8
7382,S008,2025-10-13,15,2,26.3
7383,S008,2025-10-13,18,9,27.6
7384,S008,2025-10-13,21,3,22.7
7385,S008,2025-08-17,0,1,8.7
7386,S008,2025-08-17,3,0,8.7
7387,S008,2025-08-17,6,1,12.6
7388,S008,2025-08-17,9,9,29.0
7389,S008,2025-08-17,12,3,13.7
7390,S008,2025-08-17,15,4,24.1
7391,S008,2025-08-17,18,6,31.0
7392,S008,2025-08-17,21,1,19.0
7393,S008,2025-02-02,0,1,1.1
7394,S008,2025-02-02,3,2,2.8
7395,S008,2025-02-02,6,6,15.4
7396,S008,2025-02-02,9,5,29.3
7397,S008,2025-02-02,12,2,13.8
7398,S008,2025-02-02,15,6,23.1
7399,S008,2025-02-02,18,7,35.8
7400,S008,2025-02-02,21,5,19.8
7401,S008,2025-10-07,0,0,1.6
7402,S008,2025-10-07,3,1,4.5
7403,S008,2025-10-07,6,4,16.1
7404,S008,2025-10-07,9,4,31.9
7405,S008,2025-10-07,12,0,13.0
7406,S008,2025-10-07,15,3,20.4
7407,S008,2025-10-07,18,4,33.1
7408,S008,2025-10-07,21,2,14.5
7409,S008,2025-06-05,0,0,11.4
7410,S008,2025-06-05,3,2,4.6
7411,S008,2025-06-05,6,4,14.7
7412,S008,2025-06-05,9,5,28.4
7413,S008,2025-06-05,12,2,21.4
7414,S008,2025-06-05,15,3,16.7
7415,S008,2025-06-05,18,8,37.4
7416,S008,2025-06-05,21,0,20.3
7417,S008,2025-03-12,0,1,13.0
7418,S008,2025-03-12,3,3,7.7
7419,S008,2025-03-12,6,2,14.6
7420,S008,2025-03-12,9,10,30.7
7421,S008,2025-03-12,12,4,21.0
7422,S008,2025-03-12,15,1,24.6
7423,S008,2025-03-12,18,6,25.9
7424,S008,2025-03-12,21,6,19.5
7425,S008,2025-03-05,0,0,2.3
7426,S008,2025-03-05,3,1,3.7
7427,S008,2025-03-05,6,2,15.5
7428,S008,2025-03-05,9,8,28.0
7429,S008,2025-03-05,12,6,10.7
7430,S008,2025-03-05,15,0,20.4
7431,S008,2025-03-05,18,4,37.8
7432,S008,2025-03-05,21,6,17.3
7433,S008,2025-03-26,0,1,2.8
7434,S008,2025-03-26,3,0,5.0
7435,S008,2025-03-26,6,2,7.8
7436,S008,2025-03-26,9,5,27.8
7437,S008,2025-03-26,12,3,11.4
7438,S008,2025-03-26,15,4,17.4
7439,S008,2025-03-26,18,5,26.5
7440,S008,2025-03-26,21,2,21.8
7441,S008,2025-05-16,0,0,7.4
7442,S008,2025-05-16,3,0,5.2
7443,S008,2025-05-16,6,1,12.8
7444,S008,2025-05-16,9,3,24.6
7445,S008,2025-05-16,12,3,15.0
7446,S008,2025-05-16,15,3,19.0
7447,S008,2025-05-16,18,9,29.8
7448,S008,2025-05-16,21,2,25.8
7449,S008,2025-12-06,0,0,9.7
7450,S008,2025-12-06,3,2,2.3
7451,S008,2025-12-06,6,4,16.6
7452,S008,2025-12-06,9,4,24.4
7453,S008,2025-12-06,12,2,6.7
7454,S008,2025-12-06,15,4,20.2
7455,S008,2025-12-06,18,8,33.6
7456,S008,2025-12-06,21,3,11.8
7457,S008,2025-09-25,0,0,3.0
7458,S008,2025-09-25,3,3,3.8
7459,S008,2025-09-25,6,4,15.5
7460,S008,2025-09-25,9,4,27.1
7461,S008,2025-09-25,12,0,17.1
7462,S008,2025-09-25,15,4,15.0
7463,S008,2025-09-25,18,7,34.4
7464,S008,2025-09-25,21,1,14.8
7465,S008,2025-06-15,0,0,8.2
7466,S008,2025-06-15,3,2,15.4
7467,S008,2025-06-15,6,0,14.1
7468,S008,2025-06-15,9,7,25.1
7469,S008,2025-06-15,12,3,20.4
7470,S008,2025-06-15,15,6,24.7
7471,S008,2025-06-15,18,8,33.3
7472,S008,2025-06-15,21,4,14.0
7473,S008,2025-12-08,0,1,11.3
7474,S008,2025-12-08,3,0,5.2
7475,S008,2025-12-08,6,2,20.6
7476,S008,2025-12-08,9,6,32.7
7477,S008,2025-12-08,12,3,18.0
7478,S008,2025-12-08,15,0,21.1
7479,S008,2025-12-08,18,6,31.5
7480,S008,2025-12-08,21,1,23.8
7481,S008,2025-11-09,0,0,2.3
7482,S008,2025-11-09,3,1,13.6
7483,S008,2025-11-09,6,2,16.5
7484,S008,2025-11-09,9,4,21.2
7485,S008,2025-11-09,12,4,14.6
7486,S008,2025-11-09,15,3,21.7
7487,S008,2025-11-09,18,5,29.0
7488,S008,2025-11-09,21,3,23.4
7489,S008,2025-08-28,0,0,11.4
7490,S008,2025-08-28,3,0,3.6
7491,S008,2025-08-28,6,2,16.6
7492,S008,2025-08-28,9,5,28.0
7493,S008,2025-08-28,12,1,9.9
7494,S008,2025-08-28,15,3,22.0
7495,S008,2025-08-28,18,3,23.1
7496,S008,2025-08-28,21,2,16.7
7497,S008,2025-08-14,0,0,4.0
7498,S008,2025-08-14,3,1,7.0
7499,S008,2025-08-14,6,0,8.8
7500,S008,2025-08-14,9,10,32.3
7501,S008,2025-08-14,12,5,13.8
7502,S008,2025-08-14,15,5,20.0
7503,S008,2025-08-14,18,3,30.7
7504,S008,2025-08-14,21,1,18.9
7505,S008,2025-08-16,0,2,7.9
7506,S008,2025-08-16,3,0,8.8
7507,S008,2025-08-16,6,3,12.6
7508,S008,2025-08-16,9,6,29.7
7509,S008,2025-08-16,12,3,14.7
7510,S008,2025-08-16,15,2,14.9
7511,S008,2025-08-16,18,12,32.0
7512,S008,2025-08-16,21,5,20.4
7513,S008,2025-02-05,0,0,6.1
7514,S008,2025-02-05,3,0,14.1
7515,S008,2025-02-05,6,4,16.2
7516,S008,2025-02-05,9,2,31.4
7517,S008,2025-02-05,12,5,6.1
7518,S008,2025-02-05,15,4,25.7
7519,S008,2025-02-05,18,5,31.1
7520,S008,2025-02-05,21,4,19.0
7521,S008,2025-09-30,0,0,7.2
7522,S008,2025-09-30,3,0,3.5
7523,S008,2025-09-30,6,3,23.9
7524,S008,2025-09-30,9,6,27.9
7525,S008,2025-09-30,12,9,16.8
7526,S008,2025-09-30,15,1,18.5
7527,S008,2025-09-30,18,8,33.9
7528,S008,2025-09-30,21,3,16.5
7529,S008,2025-11-28,0,2,12.4
7530,S008,2025-11-28,3,1,4.9
7531,S008,2025-11-28,6,1,14.8
7532,S008,2025-11-28,9,4,30.6
7533,S008,2025-11-28,12,1,19.4
7534,S008,2025-11-28,15,6,21.9
7535,S008,2025-11-28,18,6,27.5
7536,S008,2025-11-28,21,3,17.1
7537,S008,2025-12-26,0,1,9.7
7538,S008,2025-12-26,3,1,5.6
7539,S008,2025-12-26,6,2,14.9
7540,S008,2025-12-26,9,5,27.3
7541,S008,2025-12-26,12,3,24.9
7542,S008,2025-12-26,15,3,19.1
7543,S008,2025-12-26,18,5,38.0
7544,S008,2025-12-26,21,6,18.3
7545,S008,2025-05-24,0,0,8.8
7546,S008,2025-05-24,3,1,12.1
7547,S008,2025-05-24,6,2,18.4
7548,S008,2025-05-24,9,3,19.3
7549,S008,2025-05-24,12,4,20.6
7550,S008,2025-05-24,15,6,23.9
7551,S008,2025-05-24,18,9,27.0
7552,S008,2025-05-24,21,4,14.4
7553,S008,2025-12-12,0,1,11.6
7554,S008,2025-12-12,3,0,4.2
7555,S008,2025-12-12,6,3,14.4
7556,S008,2025-12-12,9,1,28.3
7557,S008,2025-12-12,12,4,19.0
7558,S008,2025-12-12,15,4,18.5
7559,S008,2025-12-12,18,6,24.7
7560,S008,2025-12-12,21,3,19.4
7561,S008,2025-02-01,0,1,7.0
7562,S008,2025-02-01,3,1,10.6
7563,S008,2025-02-01,6,1,18.6
7564,S008,2025-02-01,9,12,28.4
7565,S008,2025-02-01,12,6,14.2
7566,S008,2025-02-01,15,6,23.1
7567,S008,2025-02-01,18,8,31.2
7568,S008,2025-02-01,21,1,24.4
7569,S008,2025-01-20,0,1,9.0
7570,S008,2025-01-20,3,1,7.4
7571,S008,2025-01-20,6,1,20.8
7572,S008,2025-01-20,9,2,26.0
7573,S008,2025-01-20,12,3,18.9
7574,S008,2025-01-20,15,1,21.2
7575,S008,2025-01-20,18,7,32.8
7576,S008,2025-01-20,21,5,17.0
7577,S008,2025-01-13,0,0,13.4
7578,S008,2025-01-13,3,0,10.1
7579,S008,2025-01-13,6,4,20.8
7580,S008,2025-01-13,9,3,24.8
7581,S008,2025-01-13,12,4,20.4
7582,S008,2025-01-13,15,4,23.7
7583,S008,2025-01-13,18,6,27.7
7584,S008,2025-01-13,21,5,12.5
7585,S008,2025-06-24,0,0,13.1
7586,S008,2025-06-24,3,2,10.0
7587,S008,2025-06-24,6,0,9.0
7588,S008,2025-06-24,9,7,30.0
7589,S008,2025-06-24,12,1,16.3
7590,S008,2025-06-24,15,6,17.0
7591,S008,2025-06-24,18,3,32.0
7592,S008,2025-06-24,21,4,23.6
7593,S008,2025-10-03,0,2,7.7
7594,S008,2025-10-03,3,0,5.1
7595,S008,2025-10-03,6,1,13.2
7596,S008,2025-10-03,9,5,27.1
7597,S008,2025-10-03,12,0,17.1
7598,S008,2025-10-03,15,3,25.9
7599,S008,2025-10-03,18,7,30.5
7600,S008,2025-10-03,21,3,24.4
7601,S008,2025-03-24,0,1,11.1
7602,S008,2025-03-24,3,0,7.1
7603,S008,2025-03-24,6,2,15.0
7604,S008,2025-03-24,9,5,27.6
7605,S008,2025-03-24,12,1,16.9
7606,S008,2025-03-24,15,4,29.5
7607,S008,2025-03-24,18,5,28.1
7608,S008,2025-03-24,21,1,16.6
7609,S008,2025-10-30,0,2,11.7
7610,S008,2025-10-30,3,1,2.4
7611,S008,2025-10-30,6,8,12.7
7612,S008,2025-10-30,9,5,25.3
7613,S008,2025-10-30,12,3,16.6
7614,S008,2025-10-30,15,2,20.9
7615,S008,2025-10-30,18,6,29.6
7616,S008,2025-10-30,21,2,24.5
7617,S008,2025-11-06,0,0,9.4
7618,S008,2025-11-06,3,1,2.8
7619,S008,2025-11-06,6,3,18.3
7620,S008,2025-11-06,9,8,28.5
7621,S008,2025-11-06,12,4,14.0
7622,S008,2025-11-06,15,1,20.2
7623,S008,2025-11-06,18,2,24.5
7624,S008,2025-11-06,21,6,13.8
7625,S008,2025-01-10,0,0,9.1
7626,S008,2025-01-10,3,1,2.7
7627,S008,2025-01-10,6,1,18.5
7628,S008,2025-01-10,9,6,32.0
7629,S008,2025-01-10,12,3,17.9
7630,S008,2025-01-10,15,4,16.4
7631,S008,2025-01-10,18,3,32.0
7632,S008,2025-01-10,21,1,13.4
7633,S008,2025-02-09,0,2,2.2
7634,S008,2025-02-09,3,0,3.2
7635,S008,2025-02-09,6,5,13.3
7636,S008,2025-02-09,9,4,27.6
7637,S008,2025-02-09,12,3,8.9
7638,S008,2025-02-09,15,3,18.0
7639,S008,2025-02-09,18,5,34.1
7640,S008,2025-02-09,21,0,13.6
7641,S008,2025-06-02,0,0,8.5
7642,S008,2025-06-02,3,0,15.0
7643,S008,2025-06-02,6,3,18.7
7644,S008,2025-06-02,9,6,22.4
7645,S008,2025-06-02,12,3,13.8
7646,S008,2025-06-02,15,6,14.5
7647,S008,2025-06-02,18,4,33.5
7648,S008,2025-06-02,21,4,18.4
7649,S008,2025-07-30,0,1,6.5
7650,S008,2025-07-30,3,0,6.5
7651,S008,2025-07-30,6,3,20.6
7652,S008,2025-07-30,9,7,27.4
7653,S008,2025-07-30,12,1,20.7
7654,S008,2025-07-30,15,6,19.0
7655,S008,2025-07-30,18,6,33.2
7656,S008,2025-07-30,21,2,19.0
7657,S008,2025-06-10,0,1,2.7
7658,S008,2025-06-10,3,0,5.6
7659,S008,2025-06-10,6,1,21.4
7660,S008,2025-06-10,9,5,30.6
7661,S008,2025-06-10,12,1,17.3
7662,S008,2025-06-10,15,4,16.9
7663,S008,2025-06-10,18,4,29.7
7664,S008,2025-06-10,21,3,12.3
7665,S008,2025-05-04,0,0,4.5
7666,S008,2025-05-04,3,1,8.6
7667,S008,2025-05-04,6,1,19.4
7668,S008,2025-05-04,9,8,32.8
7669,S008,2025-05-04,12,3,10.2
7670,S008,2025-05-04,15,8,23.4
7671,S008,2025-05-04,18,5,36.4
7672,S008,2025-05-04,21,2,20.9
7673,S008,2025-12-21,0,3,14.8
7674,S008,2025-12-21,3,0,4.7
7675,S008,2025-12-21,6,2,20.3
7676,S008,2025-12-21,9,4,27.1
7677,S008,2025-12-21,12,2,15.8
7678,S008,2025-12-21,15,4,15.3
7679,S008,2025-12-21,18,4,34.3
7680,S008,2025-12-21,21,6,15.1
7681,S009,2025-11-01,0,0,9.6
7682,S009,2025-11-01,3,1,11.0
7683,S009,2025-11-01,6,1,15.3
7684,S009,2025-11-01,9,7,32.0
7685,S009,2025-11-01,12,3,24.7
7686,S009,2025-11-01,15,6,20.1
7687,S009,2025-11-01,18,8,32.4
7688,S009,2025-11-01,21,5,17.8
7689,S009,2025-09-26,0,0,4.9
7690,S009,2025-09-26,3,1,11.0
7691,S009,2025-09-26,6,5,17.8
7692,S009,2025-09-26,9,4,24.2
7693,S009,2025-09-26,12,3,16.8
7694,S009,2025-09-26,15,1,19.2
7695,S009,2025-09-26,18,2,28.5
7696,S009,2025-09-26,21,2,19.1
7697,S009,2025-02-03,0,0,5.0
7698,S009,2025-02-03,3,0,9.8
7699,S009,2025-02-03,6,3,15.9
7700,S009,2025-02-03,9,6,34.5
7701,S009,2025-02-03,12,10,13.3
7702,S009,2025-02-03,15,3,18.4
7703,S009,2025-02-03,18,3,31.0
7704,S009,2025-02-03,21,1,15.3
7705,S009,2025-06-14,0,0,6.8
7706,S009,2025-06-14,3,1,7.6
7707,S009,2025-06-14,6,4,14.1
7708,S009,2025-06-14,9,5,26.5
7709,S009,2025-06-14,12,3,16.2
7710,S009,2025-06-14,15,3,24.8
7711,S009,2025-06-14,18,7,36.7
7712,S009,2025-06-14,21,3,18.4
7713,S009,2025-01-15,0,1,12.0
7714,S009,2025-01-15,3,0,7.5
7715,S009,2025-01-15,6,2,16.1
7716,S009,2025-01-15,9,3,30.3
7717,S009,2025-01-15,12,3,18.3
7718,S009,2025-01-15,15,4,18.2
7719,S009,2025-01-15,18,6,36.9
7720,S009,2025-01-15,21,3,18.2
7721,S009,2025-09-29,0,0,10.7
7722,S009,2025-09-29,3,1,2.2
7723,S009,2025-09-29,6,3,13.0
7724,S009,2025-09-29,9,7,24.3
7725,S009,2025-09-29,12,1,15.6
7726,S009,2025-09-29,15,1,19.9
7727,S009,2025-09-29,18,8,39.4
7728,S009,2025-09-29,21,2,23.9
7729,S009,2025-11-15,0,1,9.3
7730,S009,2025-11-15,3,1,4.7
7731,S009,2025-11-15,6,2,13.3
7732,S009,2025-11-15,9,7,24.3
7733,S009,2025-11-15,12,2,16.2
7734,S009,2025-11-15,15,5,21.6
7735,S009,2025-11-15,18,3,28.1
7736,S009,2025-11-15,21,4,16.2
7737,S009,2025-08-10,0,0,10.2
7738,S009,2025-08-10,3,0,5.0
7739,S009,2025-08-10,6,3,13.0
7740,S009,2025-08-10,9,6,33.1
7741,S009,2025-08-10,12,3,18.1
7742,S009,2025-08-10,15,2,20.2
7743,S009,2025-08-10,18,7,30.8
7744,S009,2025-08-10,21,5,16.1
7745,S009,2025-09-10,0,0,9.6
7746,S009,2025-09-10,3,1,6.7
7747,S009,2025-09-10,6,3,17.1
7748,S009,2025-09-10,9,6,26.8
7749,S009,2025-09-10,12,5,17.6
7750,S009,2025-09-10,15,4,22.3
7751,S009,2025-09-10,18,6,32.1
7752,S009,2025-09-10,21,1,18.7
7753,S009,2025-10-10,0,1,4.6
7754,S009,2025-10-10,3,0,1.6
7755,S009,2025-10-10,6,3,14.7
7756,S009,2025-10-10,9,7,34.0
7757,S009,2025-10-10,12,5,14.6
7758,S009,2025-10-10,15,6,17.4
7759,S009,2025-10-10,18,7,31.4
7760,S009,2025-10-10,21,2,23.9
7761,S009,2025-05-09,0,0,4.9
7762,S009,2025-05-09,3,2,10.8
7763,S009,2025-05-09,6,3,21.3
7764,S009,2025-05-09,9,3,31.7
7765,S009,2025-05-09,12,5,20.3
7766,S009,2025-05-09,15,6,25.1
7767,S009,2025-05-09,18,4,33.0
7768,S009,2025-05-09,21,2,17.5
7769,S009,2025-03-30,0,0,12.7
7770,S009,2025-03-30,3,0,2.4
7771,S009,2025-03-30,6,1,17.0
7772,S009,2025-03-30,9,7,30.8
7773,S009,2025-03-30,12,3,13.2
7774,S009,2025-03-30,15,2,19.2
7775,S009,2025-03-30,18,8,35.3
7776,S009,2025-03-30,21,1,17.2
7777,S009,2025-07-22,0,0,5.2
7778,S009,2025-07-22,3,2,9.3
7779,S009,2025-07-22,6,1,15.5
7780,S009,2025-07-22,9,4,28.2
7781,S009,2025-07-22,12,1,15.1
7782,S009,2025-07-22,15,4,14.6
7783,S009,2025-07-22,18,5,28.1
7784,S009,2025-07-22,21,2,21.8
7785,S009,2025-09-08,0,0,9.2
7786,S009,2025-09-08,3,0,5.9
7787,S009,2025-09-08,6,3,10.4
7788,S009,2025-09-08,9,4,23.1
7789,S009,2025-09-08,12,3,16.7
7790,S009,2025-09-08,15,2,19.6
7791,S009,2025-09-08,18,11,27.0
7792,S009,2025-09-08,21,2,20.2
7793,S009,2025-06-19,0,2,5.8
7794,S009,2025-06-19,3,0,4.1
7795,S009,2025-06-19,6,0,17.6
7796,S009,2025-06-19,9,4,31.1
7797,S009,2025-06-19,12,3,14.1
7798,S009,2025-06-19,15,3,19.7
7799,S009,2025-06-19,18,3,31.4
7800,S009,2025-06-19,21,2,14.1
7801,S009,2025-08-12,0,1,4.8
7802,S009,2025-08-12,3,2,0.7
7803,S009,2025-08-12,6,3,15.4
7804,S009,2025-08-12,9,4,28.8
7805,S009,2025-08-12,12,5,20.4
7806,S009,2025-08-12,15,1,21.1
7807,S009,2025-08-12,18,7,33.1
7808,S009,2025-08-12,21,4,10.0
7809,S009,2025-01-06,0,1,20.4
7810,S009,2025-01-06,3,1,0.8
7811,S009,2025-01-06,6,4,7.3
7812,S009,2025-01-06,9,9,24.9
7813,S009,2025-01-06,12,1,19.3
7814,S009,2025-01-06,15,6,17.8
7815,S009,2025-01-06,18,7,34.7
7816,S009,2025-01-06,21,5,17.3
7817,S009,2025-09-15,0,0,6.1
7818,S009,2025-09-15,3,0,2.2
7819,S009,2025-09-15,6,2,20.8
7820,S009,2025-09-15,9,7,22.9
7821,S009,2025-09-15,12,4,16.1
7822,S009,2025-09-15,15,5,22.2
7823,S009,2025-09-15,18,3,29.4
7824,S009,2025-09-15,21,1,17.0
7825,S009,2025-08-15,0,0,6.5
7826,S009,2025-08-15,3,1,6.4
7827,S009,2025-08-15,6,2,5.3
7828,S009,2025-08-15,9,9,26.6
7829,S009,2025-08-15,12,4,12.6
7830,S009,2025-08-15,15,3,13.2
7831,S009,2025-08-15,18,9,32.6
7832,S009,2025-08-15,21,4,22.9
7833,S009,2025-10-04,0,0,8.9
7834,S009,2025-10-04,3,1,5.7
7835,S009,2025-10-04,6,4,13.7
7836,S009,2025-10-04,9,7,30.2
7837,S009,2025-10-04,12,2,24.9
7838,S009,2025-10-04,15,2,19.8
7839,S009,2025-10-04,18,4,30.1
7840,S009,2025-10-04,21,2,14.5
7841,S009,2025-09-04,0,1,11.4
7842,S009,2025-09-04,3,0,1.7
7843,S009,2025-09-04,6,1,17.0
7844,S009,2025-09-04,9,1,25.2
7845,S009,2025-09-04,12,7,23.7
7846,S009,2025-09-04,15,1,14.2
7847,S009,2025-09-04,18,6,28.9
7848,S009,2025-09-04,21,2,19.7
7849,S009,2025-11-05,0,0,8.1
7850,S009,2025-11-05,3,0,1.9
7851,S009,2025-11-05,6,3,11.9
7852,S009,2025-11-05,9,11,29.0
7853,S009,2025-11-05,12,4,16.4
7854,S009,2025-11-05,15,1,18.7
7855,S009,2025-11-05,18,6,27.5
7856,S009,2025-11-05,21,4,24.2
7857,S009,2025-04-25,0,1,3.1
7858,S009,2025-04-25,3,0,13.2
7859,S009,2025-04-25,6,0,20.2
7860,S009,2025-04-25,9,5,31.2
7861,S009,2025-04-25,12,5,15.6
7862,S009,2025-04-25,15,3,18.8
7863,S009,2025-04-25,18,6,29.0
7864,S009,2025-04-25,21,2,18.0
7865,S009,2025-11-13,0,2,4.7
7866,S009,2025-11-13,3,2,10.5
7867,S009,2025-11-13,6,2,18.6
7868,S009,2025-11-13,9,5,21.0
7869,S009,2025-11-13,12,2,18.5
7870,S009,2025-11-13,15,2,18.0
7871,S009,2025-11-13,18,5,29.0
7872,S009,2025-11-13,21,3,14.0
7873,S009,2025-01-14,0,0,12.4
7874,S009,2025-01-14,3,1,10.7
7875,S009,2025-01-14,6,1,14.8
7876,S009,2025-01-14,9,6,35.1
7877,S009,2025-01-14,12,4,17.5
7878,S009,2025-01-14,15,6,26.3
7879,S009,2025-01-14,18,4,25.4
7880,S009,2025-01-14,21,4,9.2
7881,S009,2025-08-30,0,1,9.9
7882,S009,2025-08-30,3,0,7.1
7883,S009,2025-08-30,6,3,17.0
7884,S009,2025-08-30,9,4,28.0
7885,S009,2025-08-30,12,1,18.0
7886,S009,2025-08-30,15,4,23.1
7887,S009,2025-08-30,18,6,30.3
7888,S009,2025-08-30,21,2,14.3
7889,S009,2025-06-17,0,1,13.4
7890,S009,2025-06-17,3,0,7.5
7891,S009,2025-06-17,6,2,12.6
7892,S009,2025-06-17,9,4,25.2
7893,S009,2025-06-17,12,1,16.8
7894,S009,2025-06-17,15,3,20.3
7895,S009,2025-06-17,18,9,39.5
7896,S009,2025-06-17,21,3,15.9
7897,S009,2025-11-22,0,1,13.8
7898,S009,2025-11-22,3,0,15.0
7899,S009,2025-11-22,6,2,13.6
7900,S009,2025-11-22,9,2,27.6
7901,S009,2025-11-22,12,3,17.3
7902,S009,2025-11-22,15,2,17.3
7903,S009,2025-11-22,18,9,38.1
7904,S009,2025-11-22,21,5,15.4
7905,S009,2025-03-28,0,0,6.2
7906,S009,2025-03-28,3,2,10.0
7907,S009,2025-03-28,6,3,5.2
7908,S009,2025-03-28,9,6,30.8
7909,S009,2025-03-28,12,0,18.4
7910,S009,2025-03-28,15,0,16.5
7911,S009,2025-03-28,18,3,25.8
7912,S009,2025-03-28,21,9,18.7
7913,S009,2025-01-27,0,0,13.6
7914,S009,2025-01-27,3,2,11.5
7915,S009,2025-01-27,6,3,13.2
7916,S009,2025-01-27,9,3,26.1
7917,S009,2025-01-27,12,6,20.1
7918,S009,2025-01-27,15,4,22.5
7919,S009,2025-01-27,18,8,35.2
7920,S009,2025-01-27,21,3,22.5
7921,S009,2025-08-25,0,1,11.9
7922,S009,2025-08-25,3,1,12.4
7923,S009,2025-08-25,6,2,20.7
7924,S009,2025-08-25,9,1,25.5
7925,S009,2025-08-25,12,1,18.8
7926,S009,2025-08-25,15,5,14.9
7927,S009,2025-08-25,18,4,28.2
7928,S009,2025-08-25,21,3,23.4
7929,S009,2025-05-03,0,1,7.8
7930,S009,2025-05-03,3,1,8.0
7931,S009,2025-05-03,6,3,17.0
7932,S009,2025-05-03,9,7,26.7
7933,S009,2025-05-03,12,2,14.5
7934,S009,2025-05-03,15,6,23.2
7935,S009,2025-05-03,18,8,27.8
7936,S009,2025-05-03,21,2,14.1
7937,S009,2025-12-29,0,1,10.1
7938,S009,2025-12-29,3,2,7.0
7939,S009,2025-12-29,6,5,8.5
7940,S009,2025-12-29,9,3,24.7
7941,S009,2025-12-29,12,4,22.2
7942,S009,2025-12-29,15,4,20.3
7943,S009,2025-12-29,18,4,25.5
7944,S009,2025-12-29,21,4,18.3
7945,S009,2025-06-08,0,0,0.0
7946,S009,2025-06-08,3,0,4.9
7947,S009,2025-06-08,6,2,17.7
7948,S009,2025-06-08,9,1,20.6
7949,S009,2025-06-08,12,4,20.9
7950,S009,2025-06-08,15,5,19.1
7951,S009,2025-06-08,18,4,33.6
7952,S009,2025-06-08,21,5,19.7
7953,S009,2025-05-17,0,0,13.5
7954,S009,2025-05-17,3,1,2.8
7955,S009,2025-05-17,6,2,15.8
7956,S009,2025-05-17,9,5,25.9
7957,S009,2025-05-17,12,2,22.2
7958,S009,2025-05-17,15,1,18.1
7959,S009,2025-05-17,18,6,29.4
7960,S009,2025-05-17,21,3,20.2
7961,S009,2025-04-14,0,1,8.9
7962,S009,2025-04-14,3,0,9.2
7963,S009,2025-04-14,6,1,18.8
7964,S009,2025-04-14,9,4,26.7
7965,S009,2025-04-14,12,2,17.6
7966,S009,2025-04-14,15,6,20.3
7967,S009,2025-04-14,18,5,29.6
7968,S009,2025-04-14,21,3,16.3
7969,S009,2025-03-17,0,1,11.7
7970,S009,2025-03-17,3,0,3.3
7971,S009,2025-03-17,6,3,14.5
7972,S009,2025-03-17,9,6,17.9
7973,S009,2025-03-17,12,0,13.2
7974,S009,2025-03-17,15,5,19.7
7975,S009,2025-03-17,18,4,32.7
7976,S009,2025-03-17,21,4,21.5
7977,S009,2025-04-04,0,1,8.7
7978,S009,2025-04-04,3,1,15.0
7979,S009,2025-04-04,6,0,21.9
7980,S009,2025-04-04,9,4,29.1
7981,S009,2025-04-04,12,2,17.9
7982,S009,2025-04-04,15,3,17.7
7983,S009,2025-04-04,18,3,33.1
7984,S009,2025-04-04,21,4,18.8
7985,S009,2025-03-04,0,0,14.4
7986,S009,2025-03-04,3,1,10.6
7987,S009,2025-03-04,6,2,13.7
7988,S009,2025-03-04,9,4,25.7
7989,S009,2025-03-04,12,3,20.1
7990,S009,2025-03-04,15,2,20.7
7991,S009,2025-03-04,18,4,30.8
7992,S009,2025-03-04,21,0,21.3
7993,S009,2025-03-03,0,0,9.2
7994,S009,2025-03-03,3,2,6.9
7995,S009,2025-03-03,6,5,9.5
7996,S009,2025-03-03,9,5,23.4
7997,S009,2025-03-03,12,2,19.1
7998,S009,2025-03-03,15,8,13.6
7999,S009,2025-03-03,18,6,32.7
8000,S009,2025-03-03,21,3,16.2
8001,S009,2025-07-10,0,1,15.4
8002,S009,2025-07-10,3,1,7.3
8003,S009,2025-07-10,6,2,20.5
8004,S009,2025-07-10,9,4,28.8
8005,S009,2025-07-10,12,4,20.4
8006,S009,2025-07-10,15,1,25.6
8007,S009,2025-07-10,18,6,28.3
8008,S009,2025-07-10,21,6,18.8
8009,S009,2025-08-07,0,1,0.0
8010,S009,2025-08-07,3,1,3.0
8011,S009,2025-08-07,6,3,17.9
8012,S009,2025-08-07,9,3,28.8
8013,S009,2025-08-07,12,4,17.8
8014,S009,2025-08-07,15,5,12.9
8015,S009,2025-08-07,18,7,27.6
8016,S009,2025-08-07,21,3,17.4
8017,S009,2025-12-09,0,1,7.4
8018,S009,2025-12-09,3,2,2.1
8019,S009,2025-12-09,6,1,22.7
8020,S009,2025-12-09,9,5,31.1
8021,S009,2025-12-09,12,3,18.2
8022,S009,2025-12-09,15,8,22.7
8023,S009,2025-12-09,18,3,29.1
8024,S009,2025-12-09,21,7,23.6
8025,S009,2025-01-09,0,1,10.3
8026,S009,2025-01-09,3,1,13.6
8027,S009,2025-01-09,6,4,6.5
8028,S009,2025-01-09,9,2,23.5
8029,S009,2025-01-09,12,1,20.6
8030,S009,2025-01-09,15,4,18.7
8031,S009,2025-01-09,18,5,32.5
8032,S009,2025-01-09,21,1,30.9
8033,S009,2025-12-14,0,0,6.5
8034,S009,2025-12-14,3,0,13.2
8035,S009,2025-12-14,6,0,15.3
8036,S009,2025-12-14,9,9,23.6
8037,S009,2025-12-14,12,2,7.8
8038,S009,2025-12-14,15,0,20.2
8039,S009,2025-12-14,18,5,27.4
8040,S009,2025-12-14,21,2,19.9
8041,S009,2025-04-05,0,0,8.4
8042,S009,2025-04-05,3,2,5.0
8043,S009,2025-04-05,6,3,14.3
8044,S009,2025-04-05,9,7,31.4
8045,S009,2025-04-05,12,1,16.0
8046,S009,2025-04-05,15,3,14.6
8047,S009,2025-04-05,18,2,36.1
8048,S009,2025-04-05,21,3,12.0
8049,S009,2025-08-02,0,1,3.0
8050,S009,2025-08-02,3,2,8.5
8051,S009,2025-08-02,6,2,14.9
8052,S009,2025-08-02,9,7,24.8
8053,S009,2025-08-02,12,3,17.6
8054,S009,2025-08-02,15,3,20.2
8055,S009,2025-08-02,18,4,31.8
8056,S009,2025-08-02,21,1,22.9
8057,S009,2025-03-16,0,1,0.0
8058,S009,2025-03-16,3,0,5.4
8059,S009,2025-03-16,6,3,22.5
8060,S009,2025-03-16,9,3,23.4
8061,S009,2025-03-16,12,4,17.4
8062,S009,2025-03-16,15,7,13.2
8063,S009,2025-03-16,18,9,30.3
8064,S009,2025-03-16,21,6,15.5
8065,S009,2025-08-04,0,0,3.4
8066,S009,2025-08-04,3,0,10.8
8067,S009,2025-08-04,6,0,12.6
8068,S009,2025-08-04,9,7,31.1
8069,S009,2025-08-04,12,3,19.1
8070,S009,2025-08-04,15,0,22.6
8071,S009,2025-08-04,18,5,25.4
8072,S009,2025-08-04,21,5,27.1
8073,S009,2025-12-16,0,1,7.7
8074,S009,2025-12-16,3,0,10.6
8075,S009,2025-12-16,6,3,16.4
8076,S009,2025-12-16,9,10,21.6
8077,S009,2025-12-16,12,6,16.1
8078,S009,2025-12-16,15,4,18.9
8079,S009,2025-12-16,18,9,27.6
8080,S009,2025-12-16,21,4,16.0
8081,S009,2025-07-14,0,0,12.4
8082,S009,2025-07-14,3,0,5.4
8083,S009,2025-07-14,6,6,19.1
8084,S009,2025-07-14,9,5,24.4
8085,S009,2025-07-14,12,1,17.9
8086,S009,2025-07-14,15,4,20.5
8087,S009,2025-07-14,18,8,29.9
8088,S009,2025-07-14,21,5,13.7
8089,S009,2025-01-26,0,0,10.1
8090,S009,2025-01-26,3,0,0.0
8091,S009,2025-01-26,6,4,15.7
8092,S009,2025-01-26,9,2,27.3
8093,S009,2025-01-26,12,6,21.5
8094,S009,2025-01-26,15,2,24.8
8095,S009,2025-01-26,18,8,26.8
8096,S009,2025-01-26,21,8,18.9
8097,S009,2025-08-03,0,2,2.4
8098,S009,2025-08-03,3,0,2.2
8099,S009,2025-08-03,6,2,18.3
8100,S009,2025-08-03,9,8,26.3
8101,S009,2025-08-03,12,3,13.9
8102,S009,2025-08-03,15,0,21.0
8103,S009,2025-08-03,18,5,33.8
8104,S009,2025-08-03,21,5,18.1
8105,S009,2025-06-29,0,0,11.3
8106,S009,2025-06-29,3,1,5.3
8107,S009,2025-06-29,6,2,10.3
8108,S009,2025-06-29,9,9,22.9
8109,S009,2025-06-29,12,3,18.8
8110,S009,2025-06-29,15,4,19.1
8111,S009,2025-06-29,18,6,26.5
8112,S009,2025-06-29,21,3,16.8
8113,S009,2025-06-04,0,0,5.4
8114,S009,2025-06-04,3,1,9.9
8115,S009,2025-06-04,6,1,18.4
8116,S009,2025-06-04,9,7,27.6
8117,S009,2025-06-04,12,5,18.3
8118,S009,2025-06-04,15,2,23.9
8119,S009,2025-06-04,18,10,24.3
8120,S009,2025-06-04,21,2,20.9
8121,S009,2025-01-17,0,1,12.5
8122,S009,2025-01-17,3,0,5.0
8123,S009,2025-01-17,6,2,18.2
8124,S009,2025-01-17,9,3,22.3
8125,S009,2025-01-17,12,4,21.0
8126,S009,2025-01-17,15,4,20.6
8127,S009,2025-01-17,18,7,32.5
8128,S009,2025-01-17,21,0,16.4
8129,S009,2025-11-19,0,0,4.9
8130,S009,2025-11-19,3,2,1.1
8131,S009,2025-11-19,6,4,12.7
8132,S009,2025-11-19,9,3,31.5
8133,S009,2025-11-19,12,5,19.8
8134,S009,2025-11-19,15,2,25.8
8135,S009,2025-11-19,18,6,36.8
8136,S009,2025-11-19,21,8,11.0
8137,S009,2025-10-18,0,0,11.1
8138,S009,2025-10-18,3,1,15.2
8139,S009,2025-10-18,6,1,22.8
8140,S009,2025-10-18,9,7,16.3
8141,S009,2025-10-18,12,2,18.1
8142,S009,2025-10-18,15,7,9.5
8143,S009,2025-10-18,18,6,27.1
8144,S009,2025-10-18,21,3,12.9
8145,S009,2025-10-05,0,0,7.0
8146,S009,2025-10-05,3,2,7.0
8147,S009,2025-10-05,6,6,10.8
8148,S009,2025-10-05,9,5,32.3
8149,S009,2025-10-05,12,4,15.7
8150,S009,2025-10-05,15,5,18.4
8151,S009,2025-10-05,18,7,34.4
8152,S009,2025-10-05,21,3,13.1
8153,S009,2025-10-08,0,1,1.3
8154,S009,2025-10-08,3,0,10.0
8155,S009,2025-10-08,6,5,16.9
8156,S009,2025-10-08,9,6,28.1
8157,S009,2025-10-08,12,4,16.0
8158,S009,2025-10-08,15,8,17.4
8159,S009,2025-10-08,18,9,31.2
8160,S009,2025-10-08,21,1,15.1
8161,S009,2025-06-28,0,0,11.8
8162,S009,2025-06-28,3,0,0.0
8163,S009,2025-06-28,6,1,10.9
8164,S009,2025-06-28,9,8,26.2
8165,S009,2025-06-28,12,3,16.9
8166,S009,2025-06-28,15,1,11.9
8167,S009,2025-06-28,18,7,27.0
8168,S009,2025-06-28,21,5,12.1
8169,S009,2025-11-10,0,2,7.7
8170,S009,2025-11-10,3,0,4.4
8171,S009,2025-11-10,6,2,15.3
8172,S009,2025-11-10,9,11,29.6
8173,S009,2025-11-10,12,2,16.9
8174,S009,2025-11-10,15,2,18.9
8175,S009,2025-11-10,18,6,28.2
8176,S009,2025-11-10,21,3,14.6
8177,S009,2025-05-02,0,0,5.8
8178,S009,2025-05-02,3,0,0.0
8179,S009,2025-05-02,6,2,10.1
8180,S009,2025-05-02,9,8,28.6
8181,S009,2025-05-02,12,2,11.7
8182,S009,2025-05-02,15,3,21.6
8183,S009,2025-05-02,18,2,32.8
8184,S009,2025-05-02,21,1,25.3
8185,S009,2025-09-05,0,1,5.1
8186,S009,2025-09-05,3,1,6.4
8187,S009,2025-09-05,6,0,15.1
8188,S009,2025-09-05,9,9,23.2
8189,S009,2025-09-05,12,2,22.1
8190,S009,2025-09-05,15,4,13.8
8191,S009,2025-09-05,18,1,30.9
8192,S009,2025-09-05,21,4,17.1
8193,S009,2025-07-15,0,0,0.0
8194,S009,2025-07-15,3,0,10.0
8195,S009,2025-07-15,6,1,9.0
8196,S009,2025-07-15,9,8,31.9
8197,S009,2025-07-15,12,1,20.5
8198,S009,2025-07-15,15,6,12.8
8199,S009,2025-07-15,18,4,30.1
8200,S009,2025-07-15,21,3,16.3
8201,S009,2025-03-21,0,1,14.8
8202,S009,2025-03-21,3,0,6.4
8203,S009,2025-03-21,6,0,15.6
8204,S009,2025-03-21,9,6,26.1
8205,S009,2025-03-21,12,1,19.2
8206,S009,2025-03-21,15,6,27.8
8207,S009,2025-03-21,18,9,27.6
8208,S009,2025-03-21,21,5,20.9
8209,S009,2025-07-26,0,1,10.7
8210,S009,2025-07-26,3,1,6.0
8211,S009,2025-07-26,6,3,21.2
8212,S009,2025-07-26,9,6,32.3
8213,S009,2025-07-26,12,2,10.9
8214,S009,2025-07-26,15,3,17.5
8215,S009,2025-07-26,18,6,24.7
8216,S009,2025-07-26,21,3,13.9
8217,S009,2025-09-09,0,1,11.2
8218,S009,2025-09-09,3,0,2.8
8219,S009,2025-09-09,6,2,17.6
8220,S009,2025-09-09,9,3,32.1
8221,S009,2025-09-09,12,4,16.3
8222,S009,2025-09-09,15,4,19.0
8223,S009,2025-09-09,18,3,28.0
8224,S009,2025-09-09,21,3,17.1
8225,S009,2025-10-17,0,0,6.1
8226,S009,2025-10-17,3,0,12.6
8227,S009,2025-10-17,6,0,14.2
8228,S009,2025-10-17,9,12,27.2
8229,S009,2025-10-17,12,4,17.0
8230,S009,2025-10-17,15,3,24.0
8231,S009,2025-10-17,18,4,30.2
8232,S009,2025-10-17,21,1,19.9
8233,S009,2025-01-24,0,0,7.2
8234,S009,2025-01-24,3,0,5.8
8235,S009,2025-01-24,6,2,11.7
8236,S009,2025-01-24,9,5,29.8
8237,S009,2025-01-24,12,3,20.9
8238,S009,2025-01-24,15,3,20.8
8239,S009,2025-01-24,18,11,26.5
8240,S009,2025-01-24,21,4,14.6
8241,S009,2025-01-07,0,1,12.8
8242,S009,2025-01-07,3,0,11.5
8243,S009,2025-01-07,6,4,15.4
8244,S009,2025-01-07,9,7,33.7
8245,S009,2025-01-07,12,2,17.3
8246,S009,2025-01-07,15,4,19.1
8247,S009,2025-01-07,18,10,29.6
8248,S009,2025-01-07,21,1,18.8
8249,S009,2025-06-16,0,1,4.0
8250,S009,2025-06-16,3,0,10.1
8251,S009,2025-06-16,6,2,20.8
8252,S009,2025-06-16,9,3,20.9
8253,S009,2025-06-16,12,2,16.9
8254,S009,2025-06-16,15,2,19.6
8255,S009,2025-06-16,18,3,24.2
8256,S009,2025-06-16,21,5,19.0
8257,S009,2025-02-07,0,1,6.1
8258,S009,2025-02-07,3,2,6.0
8259,S009,2025-02-07,6,1,13.8
8260,S009,2025-02-07,9,5,26.5
8261,S009,2025-02-07,12,0,20.7
8262,S009,2025-02-07,15,3,22.9
8263,S009,2025-02-07,18,5,34.1
8264,S009,2025-02-07,21,4,20.6
8265,S009,2025-11-12,0,0,12.7
8266,S009,2025-11-12,3,0,5.8
8267,S009,2025-11-12,6,2,14.7
8268,S009,2025-11-12,9,5,26.0
8269,S009,2025-11-12,12,2,6.7
8270,S009,2025-11-12,15,3,22.9
8271,S009,2025-11-12,18,2,24.4
8272,S009,2025-11-12,21,3,18.4
8273,S009,2025-01-20,0,0,10.9
8274,S009,2025-01-20,3,0,5.2
8275,S009,2025-01-20,6,4,18.2
8276,S009,2025-01-20,9,10,27.5
8277,S009,2025-01-20,12,4,15.1
8278,S009,2025-01-20,15,3,16.6
8279,S009,2025-01-20,18,8,27.7
8280,S009,2025-01-20,21,2,14.4
8281,S009,2025-02-15,0,4,11.6
8282,S009,2025-02-15,3,1,3.8
8283,S009,2025-02-15,6,2,10.7
8284,S009,2025-02-15,9,6,28.0
8285,S009,2025-02-15,12,5,17.9
8286,S009,2025-02-15,15,4,16.2
8287,S009,2025-02-15,18,2,33.2
8288,S009,2025-02-15,21,1,12.4
8289,S009,2025-09-24,0,0,9.2
8290,S009,2025-09-24,3,0,7.3
8291,S009,2025-09-24,6,3,19.3
8292,S009,2025-09-24,9,5,31.1
8293,S009,2025-09-24,12,1,21.5
8294,S009,2025-09-24,15,2,18.6
8295,S009,2025-09-24,18,4,33.8
8296,S009,2025-09-24,21,2,16.9
8297,S009,2025-02-17,0,0,10.4
8298,S009,2025-02-17,3,1,4.4
8299,S009,2025-02-17,6,2,18.1
8300,S009,2025-02-17,9,8,32.0
8301,S009,2025-02-17,12,0,21.1
8302,S009,2025-02-17,15,1,23.7
8303,S009,2025-02-17,18,2,30.4
8304,S009,2025-02-17,21,2,13.8
8305,S009,2025-12-01,0,0,3.1
8306,S009,2025-12-01,3,1,4.7
8307,S009,2025-12-01,6,2,9.1
8308,S009,2025-12-01,9,2,37.5
8309,S009,2025-12-01,12,2,14.9
8310,S009,2025-12-01,15,5,15.2
8311,S009,2025-12-01,18,4,38.5
8312,S009,2025-12-01,21,1,19.4
8313,S009,2025-06-24,0,1,12.0
8314,S009,2025-06-24,3,1,6.1
8315,S009,2025-06-24,6,3,20.5
8316,S009,2025-06-24,9,5,22.8
8317,S009,2025-06-24,12,4,17.6
8318,S009,2025-06-24,15,3,26.0
8319,S009,2025-06-24,18,6,27.1
8320,S009,2025-06-24,21,3,16.5
8321,S009,2025-07-21,0,0,11.9
8322,S009,2025-07-21,3,1,4.6
8323,S009,2025-07-21,6,3,16.4
8324,S009,2025-07-21,9,6,24.4
8325,S009,2025-07-21,12,2,18.3
8326,S009,2025-07-21,15,3,17.0
8327,S009,2025-07-21,18,3,35.6
8328,S009,2025-07-21,21,4,20.4
8329,S009,2025-01-31,0,0,13.3
8330,S009,2025-01-31,3,2,9.3
8331,S009,2025-01-31,6,1,15.1
8332,S009,2025-01-31,9,5,27.3
8333,S009,2025-01-31,12,4,23.3
8334,S009,2025-01-31,15,3,14.7
8335,S009,2025-01-31,18,6,32.6
8336,S009,2025-01-31,21,2,20.1
8337,S009,2025-09-12,0,2,11.7
8338,S009,2025-09-12,3,0,11.2
8339,S009,2025-09-12,6,0,13.0
8340,S009,2025-09-12,9,3,26.5
8341,S009,2025-09-12,12,6,20.8
8342,S009,2025-09-12,15,5,11.8
8343,S009,2025-09-12,18,6,27.0
8344,S009,2025-09-12,21,5,16.3
8345,S009,2025-01-01,0,0,9.2
8346,S009,2025-01-01,3,1,10.7
8347,S009,2025-01-01,6,0,13.6
8348,S009,2025-01-01,9,5,29.2
8349,S009,2025-01-01,12,7,13.1
8350,S009,2025-01-01,15,4,21.2
8351,S009,2025-01-01,18,6,24.1
8352,S009,2025-01-01,21,4,17.6
8353,S009,2025-09-11,0,1,10.9
8354,S009,2025-09-11,3,2,9.3
8355,S009,2025-09-11,6,1,18.5
8356,S009,2025-09-11,9,6,29.5
8357,S009,2025-09-11,12,6,18.9
8358,S009,2025-09-11,15,5,15.3
8359,S009,2025-09-11,18,4,32.6
8360,S009,2025-09-11,21,4,22.9
8361,S009,2025-12-08,0,2,8.5
8362,S009,2025-12-08,3,0,7.1
8363,S009,2025-12-08,6,2,16.6
8364,S009,2025-12-08,9,7,26.4
8365,S009,2025-12-08,12,2,22.0
8366,S009,2025-12-08,15,4,23.6
8367,S009,2025-12-08,18,5,24.1
8368,S009,2025-12-08,21,1,24.3
8369,S009,2025-02-06,0,2,16.2
8370,S009,2025-02-06,3,0,10.3
8371,S009,2025-02-06,6,1,10.1
8372,S009,2025-02-06,9,5,30.8
8373,S009,2025-02-06,12,2,23.4
8374,S009,2025-02-06,15,4,21.6
8375,S009,2025-02-06,18,4,35.3
8376,S009,2025-02-06,21,0,17.8
8377,S009,2025-09-01,0,0,11.8
8378,S009,2025-09-01,3,1,3.1
8379,S009,2025-09-01,6,4,17.5
8380,S009,2025-09-01,9,5,18.6
8381,S009,2025-09-01,12,5,16.3
8382,S009,2025-09-01,15,2,19.3
8383,S009,2025-09-01,18,3,24.3
8384,S009,2025-09-01,21,0,18.3
8385,S009,2025-01-04,0,1,7.5
8386,S009,2025-01-04,3,0,4.8
8387,S009,2025-01-04,6,1,22.0
8388,S009,2025-01-04,9,5,21.1
8389,S009,2025-01-04,12,4,20.3
8390,S009,2025-01-04,15,2,17.8
8391,S009,2025-01-04,18,10,28.5
8392,S009,2025-01-04,21,1,23.7
8393,S009,2025-02-05,0,0,4.8
8394,S009,2025-02-05,3,0,8.2
8395,S009,2025-02-05,6,3,12.1
8396,S009,2025-02-05,9,9,23.4
8397,S009,2025-02-05,12,3,18.0
8398,S009,2025-02-05,15,2,13.5
8399,S009,2025-02-05,18,10,27.2
8400,S009,2025-02-05,21,5,15.6
8401,S009,2025-10-11,0,0,0.0
8402,S009,2025-10-11,3,1,4.2
8403,S009,2025-10-11,6,4,10.8
8404,S009,2025-10-11,9,6,29.6
8405,S009,2025-10-11,12,3,18.2
8406,S009,2025-10-11,15,2,21.4
8407,S009,2025-10-11,18,6,28.1
8408,S009,2025-10-11,21,5,14.5
8409,S009,2025-01-03,0,2,5.1
8410,S009,2025-01-03,3,2,11.1
8411,S009,2025-01-03,6,7,17.3
8412,S009,2025-01-03,9,9,19.9
8413,S009,2025-01-03,12,1,18.8
8414,S009,2025-01-03,15,3,18.0
8415,S009,2025-01-03,18,6,21.4
8416,S009,2025-01-03,21,2,22.0
8417,S009,2025-02-14,0,1,9.9
8418,S009,2025-02-14,3,0,12.6
8419,S009,2025-02-14,6,0,21.1
8420,S009,2025-02-14,9,4,30.6
8421,S009,2025-02-14,12,2,18.2
8422,S009,2025-02-14,15,2,23.8
8423,S009,2025-02-14,18,5,28.4
8424,S009,2025-02-14,21,4,20.4
8425,S009,2025-05-23,0,0,3.0
8426,S009,2025-05-23,3,0,6.4
8427,S009,2025-05-23,6,2,13.3
8428,S009,2025-05-23,9,7,24.6
8429,S009,2025-05-23,12,3,17.5
8430,S009,2025-05-23,15,2,19.0
8431,S009,2025-05-23,18,9,27.7
8432,S009,2025-05-23,21,3,11.9
8433,S009,2025-07-28,0,1,9.5
8434,S009,2025-07-28,3,2,6.8
8435,S009,2025-07-28,6,4,11.4
8436,S009,2025-07-28,9,7,27.8
8437,S009,2025-07-28,12,3,22.1
8438,S009,2025-07-28,15,5,22.8
8439,S009,2025-07-28,18,9,29.2
8440,S009,2025-07-28,21,3,15.0
8441,S009,2025-10-31,0,0,8.7
8442,S009,2025-10-31,3,1,9.0
8443,S009,2025-10-31,6,5,17.9
8444,S009,2025-10-31,9,2,28.8
8445,S009,2025-10-31,12,2,16.6
8446,S009,2025-10-31,15,6,18.8
8447,S009,2025-10-31,18,4,26.7
8448,S009,2025-10-31,21,0,12.8
8449,S009,2025-06-11,0,0,12.9
8450,S009,2025-06-11,3,0,3.9
8451,S009,2025-06-11,6,4,15.0
8452,S009,2025-06-11,9,9,31.8
8453,S009,2025-06-11,12,2,16.7
8454,S009,2025-06-11,15,2,17.3
8455,S009,2025-06-11,18,7,27.4
8456,S009,2025-06-11,21,2,16.7
8457,S009,2025-02-16,0,0,5.8
8458,S009,2025-02-16,3,2,11.5
8459,S009,2025-02-16,6,3,14.6
8460,S009,2025-02-16,9,7,24.6
8461,S009,2025-02-16,12,5,14.0
8462,S009,2025-02-16,15,6,19.4
8463,S009,2025-02-16,18,3,31.8
8464,S009,2025-02-16,21,4,14.8
8465,S009,2025-05-30,0,1,0.0
8466,S009,2025-05-30,3,1,6.4
8467,S009,2025-05-30,6,3,14.6
8468,S009,2025-05-30,9,1,26.5
8469,S009,2025-05-30,12,4,14.1
8470,S009,2025-05-30,15,5,22.6
8471,S009,2025-05-30,18,6,28.5
8472,S009,2025-05-30,21,3,12.2
8473,S009,2025-04-08,0,0,9.6
8474,S009,2025-04-08,3,1,6.5
8475,S009,2025-04-08,6,3,15.7
8476,S009,2025-04-08,9,6,21.9
8477,S009,2025-04-08,12,1,25.4
8478,S009,2025-04-08,15,3,22.3
8479,S009,2025-04-08,18,6,24.6
8480,S009,2025-04-08,21,5,22.2
8481,S009,2025-01-10,0,1,10.4
8482,S009,2025-01-10,3,1,2.0
8483,S009,2025-01-10,6,2,17.6
8484,S009,2025-01-10,9,3,30.4
8485,S009,2025-01-10,12,2,16.0
8486,S009,2025-01-10,15,9,16.3
8487,S009,2025-01-10,18,6,23.9
8488,S009,2025-01-10,21,4,15.3
8489,S009,2025-11-04,0,2,0.6
8490,S009,2025-11-04,3,0,9.8
8491,S009,2025-11-04,6,3,10.3
8492,S009,2025-11-04,9,7,16.4
8493,S009,2025-11-04,12,4,23.5
8494,S009,2025-11-04,15,1,20.6
8495,S009,2025-11-04,18,6,35.9
8496,S009,2025-11-04,21,3,17.9
8497,S009,2025-05-24,0,1,12.6
8498,S009,2025-05-24,3,1,7.2
8499,S009,2025-05-24,6,1,21.0
8500,S009,2025-05-24,9,9,24.7
8501,S009,2025-05-24,12,5,17.2
8502,S009,2025-05-24,15,3,22.2
8503,S009,2025-05-24,18,5,29.7
8504,S009,2025-05-24,21,2,18.4
8505,S009,2025-03-12,0,2,6.1
8506,S009,2025-03-12,3,1,5.9
8507,S009,2025-03-12,6,0,20.8
8508,S009,2025-03-12,9,7,20.3
8509,S009,2025-03-12,12,1,16.9
8510,S009,2025-03-12,15,3,20.1
8511,S009,2025-03-12,18,3,21.3
8512,S009,2025-03-12,21,0,17.4
8513,S009,2025-12-27,0,1,3.0
8514,S009,2025-12-27,3,0,8.5
8515,S009,2025-12-27,6,2,22.7
8516,S009,2025-12-27,9,3,18.3
8517,S009,2025-12-27,12,5,15.8
8518,S009,2025-12-27,15,1,22.7
8519,S009,2025-12-27,18,5,23.5
8520,S009,2025-12-27,21,3,17.6
8521,S009,2025-11-06,0,0,8.7
8522,S009,2025-11-06,3,0,9.2
8523,S009,2025-11-06,6,0,20.0
8524,S009,2025-11-06,9,4,39.5
8525,S009,2025-11-06,12,3,19.5
8526,S009,2025-11-06,15,4,19.4
8527,S009,2025-11-06,18,4,38.6
8528,S009,2025-11-06,21,4,25.7
8529,S009,2025-09-30,0,0,3.0
8530,S009,2025-09-30,3,0,7.5
8531,S009,2025-09-30,6,4,16.1
8532,S009,2025-09-30,9,1,25.5
8533,S009,2025-09-30,12,4,18.1
8534,S009,2025-09-30,15,7,25.3
8535,S009,2025-09-30,18,3,26.0
8536,S009,2025-09-30,21,4,18.0
8537,S009,2025-01-25,0,0,7.8
8538,S009,2025-01-25,3,1,1.8
8539,S009,2025-01-25,6,1,15.2
8540,S009,2025-01-25,9,3,23.1
8541,S009,2025-01-25,12,4,19.2
8542,S009,2025-01-25,15,5,23.9
8543,S009,2025-01-25,18,12,28.1
8544,S009,2025-01-25,21,5,14.0
8545,S009,2025-11-30,0,0,7.8
8546,S009,2025-11-30,3,0,7.1
8547,S009,2025-11-30,6,6,13.7
8548,S009,2025-11-30,9,6,27.5
8549,S009,2025-11-30,12,0,17.8
8550,S009,2025-11-30,15,6,20.5
8551,S009,2025-11-30,18,5,34.4
8552,S009,2025-11-30,21,5,17.8
8553,S009,2025-03-19,0,0,16.2
8554,S009,2025-03-19,3,1,6.7
8555,S009,2025-03-19,6,3,13.6
8556,S009,2025-03-19,9,7,23.4
8557,S009,2025-03-19,12,3,21.9
8558,S009,2025-03-19,15,3,24.5
8559,S009,2025-03-19,18,9,30.3
8560,S009,2025-03-19,21,3,19.6
8561,S009,2025-10-09,0,1,9.7
8562,S009,2025-10-09,3,1,6.9
8563,S009,2025-10-09,6,4,16.7
8564,S009,2025-10-09,9,10,32.5
8565,S009,2025-10-09,12,0,18.6
8566,S009,2025-10-09,15,2,22.2
8567,S009,2025-10-09,18,6,30.8
8568,S009,2025-10-09,21,4,22.2
8569,S009,2025-06-27,0,1,7.7
8570,S009,2025-06-27,3,0,12.2
8571,S009,2025-06-27,6,4,18.1
8572,S009,2025-06-27,9,4,30.1
8573,S009,2025-06-27,12,6,15.9
8574,S009,2025-06-27,15,2,18.6
8575,S009,2025-06-27,18,5,35.9
8576,S009,2025-06-27,21,4,29.1
8577,S009,2025-06-01,0,1,10.5
8578,S009,2025-06-01,3,1,11.2
8579,S009,2025-06-01,6,2,15.3
8580,S009,2025-06-01,9,5,24.5
8581,S009,2025-06-01,12,3,15.5
8582,S009,2025-06-01,15,7,18.6
8583,S009,2025-06-01,18,6,33.3
8584,S009,2025-06-01,21,6,15.0
8585,S009,2025-04-15,0,0,9.1
8586,S009,2025-04-15,3,0,2.2
8587,S009,2025-04-15,6,0,17.7
8588,S009,2025-04-15,9,6,27.7
8589,S009,2025-04-15,12,1,19.5
8590,S009,2025-04-15,15,5,17.8
8591,S009,2025-04-15,18,5,23.5
8592,S009,2025-04-15,21,2,18.5
8593,S009,2025-09-03,0,0,9.9
8594,S009,2025-09-03,3,0,2.4
8595,S009,2025-09-03,6,4,13.4
8596,S009,2025-09-03,9,4,29.2
8597,S009,2025-09-03,12,2,14.8
8598,S009,2025-09-03,15,2,26.1
8599,S009,2025-09-03,18,8,22.7
8600,S009,2025-09-03,21,4,15.6
8601,S009,2025-08-14,0,1,11.3
8602,S009,2025-08-14,3,1,7.7
8603,S009,2025-08-14,6,1,16.0
8604,S009,2025-08-14,9,8,24.4
8605,S009,2025-08-14,12,3,17.2
8606,S009,2025-08-14,15,2,21.4
8607,S009,2025-08-14,18,4,35.2
8608,S009,2025-08-14,21,5,11.2
8609,S009,2025-06-15,0,1,6.2
8610,S009,2025-06-15,3,3,3.7
8611,S009,2025-06-15,6,1,15.2
8612,S009,2025-06-15,9,6,19.9
8613,S009,2025-06-15,12,4,28.9
8614,S009,2025-06-15,15,3,17.3
8615,S009,2025-06-15,18,8,26.4
8616,S009,2025-06-15,21,1,7.3
8617,S009,2025-03-01,0,2,3.6
8618,S009,2025-03-01,3,0,13.2
8619,S009,2025-03-01,6,3,9.1
8620,S009,2025-03-01,9,3,30.5
8621,S009,2025-03-01,12,2,12.1
8622,S009,2025-03-01,15,5,20.1
8623,S009,2025-03-01,18,4,36.2
8624,S009,2025-03-01,21,3,15.3
8625,S009,2025-06-06,0,1,9.1
8626,S009,2025-06-06,3,0,3.8
8627,S009,2025-06-06,6,2,15.7
8628,S009,2025-06-06,9,5,25.9
8629,S009,2025-06-06,12,1,18.5
8630,S009,2025-06-06,15,7,20.8
8631,S009,2025-06-06,18,6,34.7
8632,S009,2025-06-06,21,2,14.5
8633,S009,2025-09-16,0,0,10.5
8634,S009,2025-09-16,3,2,0.2
8635,S009,2025-09-16,6,2,17.9
8636,S009,2025-09-16,9,8,22.0
8637,S009,2025-09-16,12,5,19.2
8638,S009,2025-09-16,15,6,19.2
8639,S009,2025-09-16,18,2,32.3
8640,S009,2025-09-16,21,1,20.0
8641,S010,2025-05-22,0,1,0.1
8642,S010,2025-05-22,3,0,6.5
8643,S010,2025-05-22,6,2,16.1
8644,S010,2025-05-22,9,7,27.8
8645,S010,2025-05-22,12,3,16.5
8646,S010,2025-05-22,15,5,18.3
8647,S010,2025-05-22,18,5,29.4
8648,S010,2025-05-22,21,1,19.6
8649,S010,2025-12-19,0,0,5.6
8650,S010,2025-12-19,3,0,19.3
8651,S010,2025-12-19,6,1,13.7
8652,S010,2025-12-19,9,6,23.5
8653,S010,2025-12-19,12,3,25.2
8654,S010,2025-12-19,15,3,23.9
8655,S010,2025-12-19,18,5,26.0
8656,S010,2025-12-19,21,2,20.0
8657,S010,2025-08-01,0,0,6.4
8658,S010,2025-08-01,3,1,7.0
8659,S010,2025-08-01,6,2,14.7
8660,S010,2025-08-01,9,0,30.2
8661,S010,2025-08-01,12,1,10.9
8662,S010,2025-08-01,15,6,18.4
8663,S010,2025-08-01,18,3,23.0
8664,S010,2025-08-01,21,5,9.4
8665,S010,2025-07-29,0,0,7.2
8666,S010,2025-07-29,3,1,7.4
8667,S010,2025-07-29,6,3,13.3
8668,S010,2025-07-29,9,1,20.8
8669,S010,2025-07-29,12,4,16.6
8670,S010,2025-07-29,15,1,13.8
8671,S010,2025-07-29,18,5,30.9
8672,S010,2025-07-29,21,4,15.6
8673,S010,2025-07-28,0,0,7.3
8674,S010,2025-07-28,3,0,8.0
8675,S010,2025-07-28,6,2,14.5
8676,S010,2025-07-28,9,7,24.5
8677,S010,2025-07-28,12,3,15.0
8678,S010,2025-07-28,15,5,18.6
8679,S010,2025-07-28,18,8,38.9
8680,S010,2025-07-28,21,3,16.0
8681,S010,2025-07-14,0,0,15.3
8682,S010,2025-07-14,3,1,4.0
8683,S010,2025-07-14,6,4,13.6
8684,S010,2025-07-14,9,4,30.0
8685,S010,2025-07-14,12,3,16.1
8686,S010,2025-07-14,15,2,26.5
8687,S010,2025-07-14,18,5,33.2
8688,S010,2025-07-14,21,1,16.8
8689,S010,2025-01-27,0,2,11.1
8690,S010,2025-01-27,3,1,7.6
8691,S010,2025-01-27,6,2,12.8
8692,S010,2025-01-27,9,6,19.5
8693,S010,2025-01-27,12,4,16.5
8694,S010,2025-01-27,15,5,20.3
8695,S010,2025-01-27,18,8,26.9
8696,S010,2025-01-27,21,4,21.6
8697,S010,2025-09-09,0,0,1.4
8698,S010,2025-09-09,3,2,5.4
8699,S010,2025-09-09,6,1,3.6
8700,S010,2025-09-09,9,4,26.3
8701,S010,2025-09-09,12,3,19.3
8702,S010,2025-09-09,15,5,20.9
8703,S010,2025-09-09,18,3,33.6
8704,S010,2025-09-09,21,3,17.9
8705,S010,2025-08-11,0,1,9.1
8706,S010,2025-08-11,3,0,0.0
8707,S010,2025-08-11,6,2,15.2
8708,S010,2025-08-11,9,2,28.1
8709,S010,2025-08-11,12,1,12.8
8710,S010,2025-08-11,15,5,20.6
8711,S010,2025-08-11,18,5,28.5
8712,S010,2025-08-11,21,2,19.5
8713,S010,2025-11-06,0,0,13.8
8714,S010,2025-11-06,3,1,8.6
8715,S010,2025-11-06,6,2,16.4
8716,S010,2025-11-06,9,5,29.7
8717,S010,2025-11-06,12,2,25.3
8718,S010,2025-11-06,15,3,19.7
8719,S010,2025-11-06,18,3,27.2
8720,S010,2025-11-06,21,0,15.9
8721,S010,2025-12-02,0,0,6.4
8722,S010,2025-12-02,3,0,8.6
8723,S010,2025-12-02,6,6,14.7
8724,S010,2025-12-02,9,7,29.3
8725,S010,2025-12-02,12,3,17.4
8726,S010,2025-12-02,15,1,27.6
8727,S010,2025-12-02,18,3,30.0
8728,S010,2025-12-02,21,5,19.4
8729,S010,2025-01-14,0,2,5.6
8730,S010,2025-01-14,3,0,0.0
8731,S010,2025-01-14,6,1,15.2
8732,S010,2025-01-14,9,7,21.5
8733,S010,2025-01-14,12,5,20.2
8734,S010,2025-01-14,15,6,17.2
8735,S010,2025-01-14,18,8,31.6
8736,S010,2025-01-14,21,1,12.0
8737,S010,2025-10-07,0,0,1.2
8738,S010,2025-10-07,3,1,11.1
8739,S010,2025-10-07,6,1,11.8
8740,S010,2025-10-07,9,2,22.4
8741,S010,2025-10-07,12,6,18.5
8742,S010,2025-10-07,15,5,22.3
8743,S010,2025-10-07,18,11,31.8
8744,S010,2025-10-07,21,4,20.8
8745,S010,2025-09-11,0,0,8.6
8746,S010,2025-09-11,3,1,2.2
8747,S010,2025-09-11,6,4,16.5
8748,S010,2025-09-11,9,4,28.4
8749,S010,2025-09-11,12,4,22.6
8750,S010,2025-09-11,15,5,17.5
8751,S010,2025-09-11,18,5,25.6
8752,S010,2025-09-11,21,3,17.6
8753,S010,2025-11-04,0,0,6.8
8754,S010,2025-11-04,3,2,9.0
8755,S010,2025-11-04,6,2,15.8
8756,S010,2025-11-04,9,6,29.4
8757,S010,2025-11-04,12,3,17.7
8758,S010,2025-11-04,15,5,22.4
8759,S010,2025-11-04,18,4,26.2
8760,S010,2025-11-04,21,4,16.3
8761,S010,2025-07-31,0,0,3.3
8762,S010,2025-07-31,3,0,11.5
8763,S010,2025-07-31,6,2,19.9
8764,S010,2025-07-31,9,5,20.7
8765,S010,2025-07-31,12,3,13.2
8766,S010,2025-07-31,15,4,13.1
8767,S010,2025-07-31,18,5,28.1
8768,S010,2025-07-31,21,3,22.7
8769,S010,2025-06-03,0,0,3.9
8770,S010,2025-06-03,3,0,7.9
8771,S010,2025-06-03,6,3,11.2
8772,S010,2025-06-03,9,7,30.4
8773,S010,2025-06-03,12,4,26.3
8774,S010,2025-06-03,15,2,25.2
8775,S010,2025-06-03,18,6,26.7
8776,S010,2025-06-03,21,3,18.3
8777,S010,2025-10-23,0,0,10.2
8778,S010,2025-10-23,3,0,6.8
8779,S010,2025-10-23,6,5,18.9
8780,S010,2025-10-23,9,8,23.2
8781,S010,2025-10-23,12,2,15.8
8782,S010,2025-10-23,15,3,15.4
8783,S010,2025-10-23,18,3,35.0
8784,S010,2025-10-23,21,2,23.2
8785,S010,2025-10-17,0,0,5.5
8786,S010,2025-10-17,3,0,4.9
8787,S010,2025-10-17,6,3,22.0
8788,S010,2025-10-17,9,5,23.9
8789,S010,2025-10-17,12,4,17.4
8790,S010,2025-10-17,15,4,20.1
8791,S010,2025-10-17,18,8,28.4
8792,S010,2025-10-17,21,2,18.3
8793,S010,2025-07-19,0,0,7.6
8794,S010,2025-07-19,3,0,9.0
8795,S010,2025-07-19,6,2,17.9
8796,S010,2025-07-19,9,5,26.7
8797,S010,2025-07-19,12,4,19.0
8798,S010,2025-07-19,15,2,21.3
8799,S010,2025-07-19,18,7,27.0
8800,S010,2025-07-19,21,2,17.1
8801,S010,2025-09-20,0,0,4.0
8802,S010,2025-09-20,3,0,8.5
8803,S010,2025-09-20,6,2,7.1
8804,S010,2025-09-20,9,3,28.5
8805,S010,2025-09-20,12,3,16.2
8806,S010,2025-09-20,15,7,24.0
8807,S010,2025-09-20,18,7,25.6
8808,S010,2025-09-20,21,4,15.3
8809,S010,2025-04-13,0,0,5.0
8810,S010,2025-04-13,3,0,8.2
8811,S010,2025-04-13,6,1,18.8
8812,S010,2025-04-13,9,3,19.6
8813,S010,2025-04-13,12,4,11.2
8814,S010,2025-04-13,15,6,23.8
8815,S010,2025-04-13,18,4,29.7
8816,S010,2025-04-13,21,0,11.2
8817,S010,2025-09-07,0,0,5.1
8818,S010,2025-09-07,3,0,12.0
8819,S010,2025-09-07,6,3,12.6
8820,S010,2025-09-07,9,6,21.1
8821,S010,2025-09-07,12,8,9.2
8822,S010,2025-09-07,15,4,24.2
8823,S010,2025-09-07,18,4,34.0
8824,S010,2025-09-07,21,2,12.3
8825,S010,2025-08-28,0,1,10.8
8826,S010,2025-08-28,3,0,8.9
8827,S010,2025-08-28,6,0,12.7
8828,S010,2025-08-28,9,10,26.3
8829,S010,2025-08-28,12,1,18.8
8830,S010,2025-08-28,15,6,18.4
8831,S010,2025-08-28,18,7,28.3
8832,S010,2025-08-28,21,3,15.2
8833,S010,2025-08-30,0,1,5.9
8834,S010,2025-08-30,3,1,4.6
8835,S010,2025-08-30,6,0,14.5
8836,S010,2025-08-30,9,6,20.1
8837,S010,2025-08-30,12,5,21.8
8838,S010,2025-08-30,15,3,11.9
8839,S010,2025-08-30,18,0,29.9
8840,S010,2025-08-30,21,3,18.8
8841,S010,2025-11-13,0,0,4.6
8842,S010,2025-11-13,3,0,10.5
8843,S010,2025-11-13,6,3,14.9
8844,S010,2025-11-13,9,3,33.9
8845,S010,2025-11-13,12,5,13.9
8846,S010,2025-11-13,15,2,12.6
8847,S010,2025-11-13,18,2,28.2
8848,S010,2025-11-13,21,6,8.8
8849,S010,2025-12-26,0,2,3.7
8850,S010,2025-12-26,3,0,5.5
8851,S010,2025-12-26,6,2,18.0
8852,S010,2025-12-26,9,5,23.0
8853,S010,2025-12-26,12,4,9.2
8854,S010,2025-12-26,15,3,20.9
8855,S010,2025-12-26,18,10,29.5
8856,S010,2025-12-26,21,2,17.6
8857,S010,2025-07-20,0,1,7.1
8858,S010,2025-07-20,3,0,3.9
8859,S010,2025-07-20,6,6,20.7
8860,S010,2025-07-20,9,4,20.7
8861,S010,2025-07-20,12,5,18.2
8862,S010,2025-07-20,15,4,23.5
8863,S010,2025-07-20,18,6,31.3
8864,S010,2025-07-20,21,2,12.3
8865,S010,2025-06-27,0,1,6.3
8866,S010,2025-06-27,3,0,9.9
8867,S010,2025-06-27,6,4,19.3
8868,S010,2025-06-27,9,4,24.8
8869,S010,2025-06-27,12,2,13.8
8870,S010,2025-06-27,15,4,19.8
8871,S010,2025-06-27,18,9,28.5
8872,S010,2025-06-27,21,7,10.8
8873,S010,2025-10-19,0,0,3.7
8874,S010,2025-10-19,3,0,10.1
8875,S010,2025-10-19,6,2,10.4
8876,S010,2025-10-19,9,8,24.8
8877,S010,2025-10-19,12,1,20.2
8878,S010,2025-10-19,15,3,20.7
8879,S010,2025-10-19,18,7,38.3
8880,S010,2025-10-19,21,7,20.5
8881,S010,2025-10-10,0,1,8.1
8882,S010,2025-10-10,3,0,4.0
8883,S010,2025-10-10,6,2,11.1
8884,S010,2025-10-10,9,2,21.7
8885,S010,2025-10-10,12,1,20.0
8886,S010,2025-10-10,15,1,15.7
8887,S010,2025-10-10,18,3,32.6
8888,S010,2025-10-10,21,0,15.0
8889,S010,2025-11-01,0,0,1.8
8890,S010,2025-11-01,3,0,5.0
8891,S010,2025-11-01,6,1,12.8
8892,S010,2025-11-01,9,7,30.0
8893,S010,2025-11-01,12,0,19.3
8894,S010,2025-11-01,15,4,25.3
8895,S010,2025-11-01,18,8,33.6
8896,S010,2025-11-01,21,2,19.9
8897,S010,2025-02-07,0,1,6.9
8898,S010,2025-02-07,3,0,8.5
8899,S010,2025-02-07,6,4,15.3
8900,S010,2025-02-07,9,5,33.1
8901,S010,2025-02-07,12,3,18.5
8902,S010,2025-02-07,15,5,22.3
8903,S010,2025-02-07,18,6,32.2
8904,S010,2025-02-07,21,3,19.9
8905,S010,2025-04-28,0,1,1.4
8906,S010,2025-04-28,3,0,10.9
8907,S010,2025-04-28,6,2,14.7
8908,S010,2025-04-28,9,3,31.6
8909,S010,2025-04-28,12,4,16.7
8910,S010,2025-04-28,15,3,18.8
8911,S010,2025-04-28,18,6,28.2
8912,S010,2025-04-28,21,4,18.5
8913,S010,2025-08-24,0,1,0.8
8914,S010,2025-08-24,3,0,8.0
8915,S010,2025-08-24,6,2,19.1
8916,S010,2025-08-24,9,6,27.6
8917,S010,2025-08-24,12,3,12.0
8918,S010,2025-08-24,15,3,11.3
8919,S010,2025-08-24,18,5,30.2
8920,S010,2025-08-24,21,4,16.8
8921,S010,2025-02-12,0,0,12.2
8922,S010,2025-02-12,3,0,4.7
8923,S010,2025-02-12,6,2,8.0
8924,S010,2025-02-12,9,3,35.7
8925,S010,2025-02-12,12,0,16.0
8926,S010,2025-02-12,15,3,19.3
8927,S010,2025-02-12,18,4,22.7
8928,S010,2025-02-12,21,4,19.7
8929,S010,2025-03-28,0,0,4.3
8930,S010,2025-03-28,3,0,11.6
8931,S010,2025-03-28,6,2,16.7
8932,S010,2025-03-28,9,2,34.5
8933,S010,2025-03-28,12,7,22.8
8934,S010,2025-03-28,15,4,17.7
8935,S010,2025-03-28,18,5,34.4
8936,S010,2025-03-28,21,4,16.2
8937,S010,2025-02-19,0,1,6.9
8938,S010,2025-02-19,3,0,9.2
8939,S010,2025-02-19,6,3,24.8
8940,S010,2025-02-19,9,6,30.2
8941,S010,2025-02-19,12,2,22.9
8942,S010,2025-02-19,15,1,16.5
8943,S010,2025-02-19,18,9,33.2
8944,S010,2025-02-19,21,2,17.8
8945,S010,2025-01-21,0,0,4.0
8946,S010,2025-01-21,3,0,5.0
8947,S010,2025-01-21,6,0,17.8
8948,S010,2025-01-21,9,6,25.3
8949,S010,2025-01-21,12,3,15.4
8950,S010,2025-01-21,15,1,21.8
8951,S010,2025-01-21,18,5,27.3
8952,S010,2025-01-21,21,3,8.0
8953,S010,2025-06-14,0,0,13.2
8954,S010,2025-06-14,3,1,3.7
8955,S010,2025-06-14,6,2,11.4
8956,S010,2025-06-14,9,2,27.6
8957,S010,2025-06-14,12,3,17.1
8958,S010,2025-06-14,15,3,16.5
8959,S010,2025-06-14,18,9,31.5
8960,S010,2025-06-14,21,2,20.1
8961,S010,2025-02-01,0,1,4.2
8962,S010,2025-02-01,3,0,5.6
8963,S010,2025-02-01,6,1,16.2
8964,S010,2025-02-01,9,6,23.6
8965,S010,2025-02-01,12,2,17.2
8966,S010,2025-02-01,15,3,17.6
8967,S010,2025-02-01,18,8,29.2
8968,S010,2025-02-01,21,5,18.1
8969,S010,2025-09-24,0,0,7.3
8970,S010,2025-09-24,3,0,5.7
8971,S010,2025-09-24,6,2,14.0
8972,S010,2025-09-24,9,5,24.5
8973,S010,2025-09-24,12,2,13.4
8974,S010,2025-09-24,15,4,21.1
8975,S010,2025-09-24,18,4,33.0
8976,S010,2025-09-24,21,4,16.7
8977,S010,2025-01-13,0,1,12.4
8978,S010,2025-01-13,3,0,0.0
8979,S010,2025-01-13,6,0,15.9
8980,S010,2025-01-13,9,7,31.0
8981,S010,2025-01-13,12,4,19.2
8982,S010,2025-01-13,15,3,16.1
8983,S010,2025-01-13,18,4,33.3
8984,S010,2025-01-13,21,3,16.6
8985,S010,2025-04-03,0,0,7.9
8986,S010,2025-04-03,3,0,9.6
8987,S010,2025-04-03,6,1,15.0
8988,S010,2025-04-03,9,7,30.1
8989,S010,2025-04-03,12,3,16.5
8990,S010,2025-04-03,15,2,23.5
8991,S010,2025-04-03,18,8,34.5
8992,S010,2025-04-03,21,4,14.8
8993,S010,2025-12-09,0,1,7.3
8994,S010,2025-12-09,3,0,11.3
8995,S010,2025-12-09,6,1,18.1
8996,S010,2025-12-09,9,7,32.0
8997,S010,2025-12-09,12,1,23.6
8998,S010,2025-12-09,15,4,19.7
8999,S010,2025-12-09,18,6,27.3
9000,S010,2025-12-09,21,2,17.5
9001,S010,2025-02-08,0,1,10.2
9002,S010,2025-02-08,3,1,3.1
9003,S010,2025-02-08,6,5,12.3
9004,S010,2025-02-08,9,5,25.1
9005,S010,2025-02-08,12,3,15.2
9006,S010,2025-02-08,15,2,17.3
9007,S010,2025-02-08,18,4,27.2
9008,S010,2025-02-08,21,2,15.2
9009,S010,2025-12-29,0,0,7.0
9010,S010,2025-12-29,3,1,6.3
9011,S010,2025-12-29,6,2,20.7
9012,S010,2025-12-29,9,3,36.2
9013,S010,2025-12-29,12,0,23.5
9014,S010,2025-12-29,15,1,18.5
9015,S010,2025-12-29,18,4,28.3
9016,S010,2025-12-29,21,7,16.6
9017,S010,2025-10-02,0,0,7.6
9018,S010,2025-10-02,3,0,4.5
9019,S010,2025-10-02,6,3,10.1
9020,S010,2025-10-02,9,2,28.1
9021,S010,2025-10-02,12,2,19.2
9022,S010,2025-10-02,15,1,22.3
9023,S010,2025-10-02,18,6,34.0
9024,S010,2025-10-02,21,2,21.2
9025,S010,2025-05-18,0,0,5.9
9026,S010,2025-05-18,3,0,10.2
9027,S010,2025-05-18,6,4,11.3
9028,S010,2025-05-18,9,3,24.4
9029,S010,2025-05-18,12,3,18.6
9030,S010,2025-05-18,15,2,14.8
9031,S010,2025-05-18,18,8,32.4
9032,S010,2025-05-18,21,2,11.3
9033,S010,2025-10-15,0,1,7.2
9034,S010,2025-10-15,3,0,14.2
9035,S010,2025-10-15,6,3,8.7
9036,S010,2025-10-15,9,7,26.6
9037,S010,2025-10-15,12,2,19.1
9038,S010,2025-10-15,15,4,16.1
9039,S010,2025-10-15,18,6,27.3
9040,S010,2025-10-15,21,3,21.5
9041,S010,2025-05-31,0,1,9.1
9042,S010,2025-05-31,3,0,11.0
9043,S010,2025-05-31,6,3,19.0
9044,S010,2025-05-31,9,6,18.2
9045,S010,2025-05-31,12,6,13.8
9046,S010,2025-05-31,15,4,24.3
9047,S010,2025-05-31,18,3,30.5
9048,S010,2025-05-31,21,0,16.3
9049,S010,2025-01-01,0,0,5.7
9050,S010,2025-01-01,3,1,7.4
9051,S010,2025-01-01,6,2,14.1
9052,S010,2025-01-01,9,5,32.6
9053,S010,2025-01-01,12,2,17.4
9054,S010,2025-01-01,15,2,18.7
9055,S010,2025-01-01,18,3,24.8
9056,S010,2025-01-01,21,1,15.3
9057,S010,2025-06-02,0,0,0.0
9058,S010,2025-06-02,3,0,0.0
9059,S010,2025-06-02,6,1,11.1
9060,S010,2025-06-02,9,6,29.4
9061,S010,2025-06-02,12,6,11.8
9062,S010,2025-06-02,15,5,22.3
9063,S010,2025-06-02,18,5,21.7
9064,S010,2025-06-02,21,4,18.4
9065,S010,2025-09-25,0,0,6.6
9066,S010,2025-09-25,3,1,7.2
9067,S010,2025-09-25,6,2,20.8
9068,S010,2025-09-25,9,9,28.6
9069,S010,2025-09-25,12,2,21.7
9070,S010,2025-09-25,15,0,22.5
9071,S010,2025-09-25,18,5,37.6
9072,S010,2025-09-25,21,3,17.0
9073,S010,2025-10-14,0,2,7.8
9074,S010,2025-10-14,3,0,11.4
9075,S010,2025-10-14,6,0,9.3
9076,S010,2025-10-14,9,7,28.9
9077,S010,2025-10-14,12,5,15.1
9078,S010,2025-10-14,15,3,19.2
9079,S010,2025-10-14,18,5,27.5
9080,S010,2025-10-14,21,2,17.4
9081,S010,2025-01-17,0,0,6.7
9082,S010,2025-01-17,3,0,3.9
9083,S010,2025-01-17,6,3,14.9
9084,S010,2025-01-17,9,6,25.8
9085,S010,2025-01-17,12,6,13.4
9086,S010,2025-01-17,15,5,19.5
9087,S010,2025-01-17,18,6,28.8
9088,S010,2025-01-17,21,1,22.9
9089,S010,2025-03-03,0,2,7.2
9090,S010,2025-03-03,3,1,10.4
9091,S010,2025-03-03,6,0,15.8
9092,S010,2025-03-03,9,2,24.7
9093,S010,2025-03-03,12,2,14.3
9094,S010,2025-03-03,15,2,21.8
9095,S010,2025-03-03,18,5,26.4
9096,S010,2025-03-03,21,5,16.6
9097,S010,2025-11-18,0,1,4.1
9098,S010,2025-11-18,3,0,6.9
9099,S010,2025-11-18,6,6,13.5
9100,S010,2025-11-18,9,4,29.7
9101,S010,2025-11-18,12,3,14.2
9102,S010,2025-11-18,15,1,25.9
9103,S010,2025-11-18,18,6,34.1
9104,S010,2025-11-18,21,4,14.2
9105,S010,2025-09-28,0,1,9.0
9106,S010,2025-09-28,3,0,0.4
9107,S010,2025-09-28,6,3,22.2
9108,S010,2025-09-28,9,10,23.8
9109,S010,2025-09-28,12,0,16.0
9110,S010,2025-09-28,15,3,19.6
9111,S010,2025-09-28,18,2,27.1
9112,S010,2025-09-28,21,3,15.1
9113,S010,2025-07-23,0,0,4.1
9114,S010,2025-07-23,3,1,4.8
9115,S010,2025-07-23,6,1,20.2
9116,S010,2025-07-23,9,3,36.7
9117,S010,2025-07-23,12,2,15.0
9118,S010,2025-07-23,15,5,21.6
9119,S010,2025-07-23,18,11,31.7
9120,S010,2025-07-23,21,5,19.2
9121,S010,2025-10-03,0,1,2.2
9122,S010,2025-10-03,3,1,5.0
9123,S010,2025-10-03,6,1,9.7
9124,S010,2025-10-03,9,3,23.8
9125,S010,2025-10-03,12,1,12.6
9126,S010,2025-10-03,15,7,26.0
9127,S010,2025-10-03,18,7,31.1
9128,S010,2025-10-03,21,3,21.8
9129,S010,2025-05-23,0,0,5.6
9130,S010,2025-05-23,3,1,0.0
9131,S010,2025-05-23,6,7,20.0
9132,S010,2025-05-23,9,5,23.3
9133,S010,2025-05-23,12,5,14.5
9134,S010,2025-05-23,15,1,29.0
9135,S010,2025-05-23,18,7,30.5
9136,S010,2025-05-23,21,4,16.3
9137,S010,2025-07-03,0,0,4.8
9138,S010,2025-07-03,3,1,8.6
9139,S010,2025-07-03,6,2,19.2
9140,S010,2025-07-03,9,1,24.7
9141,S010,2025-07-03,12,6,16.2
9142,S010,2025-07-03,15,4,18.9
9143,S010,2025-07-03,18,7,31.5
9144,S010,2025-07-03,21,1,9.1
9145,S010,2025-12-15,0,1,8.5
9146,S010,2025-12-15,3,0,7.0
9147,S010,2025-12-15,6,0,18.1
9148,S010,2025-12-15,9,4,25.9
9149,S010,2025-12-15,12,1,24.4
9150,S010,2025-12-15,15,7,20.6
9151,S010,2025-12-15,18,5,31.3
9152,S010,2025-12-15,21,4,20.5
9153,S010,2025-06-07,0,1,5.1
9154,S010,2025-06-07,3,0,7.0
9155,S010,2025-06-07,6,2,15.8
9156,S010,2025-06-07,9,8,28.5
9157,S010,2025-06-07,12,4,16.9
9158,S010,2025-06-07,15,4,18.2
9159,S010,2025-06-07,18,1,21.5
9160,S010,2025-06-07,21,2,20.8
9161,S010,2025-06-18,0,1,11.0
9162,S010,2025-06-18,3,0,13.9
9163,S010,2025-06-18,6,2,22.2
9164,S010,2025-06-18,9,4,25.8
9165,S010,2025-06-18,12,2,10.4
9166,S010,2025-06-18,15,2,23.5
9167,S010,2025-06-18,18,5,30.3
9168,S010,2025-06-18,21,6,21.1
9169,S010,2025-05-13,0,1,2.9
9170,S010,2025-05-13,3,0,3.6
9171,S010,2025-05-13,6,7,17.7
9172,S010,2025-05-13,9,9,26.7
9173,S010,2025-05-13,12,5,13.6
9174,S010,2025-05-13,15,4,22.3
9175,S010,2025-05-13,18,7,35.6
9176,S010,2025-05-13,21,3,19.6
9177,S010,2025-07-07,0,1,16.1
9178,S010,2025-07-07,3,1,8.2
9179,S010,2025-07-07,6,0,16.3
9180,S010,2025-07-07,9,4,24.1
9181,S010,2025-07-07,12,2,31.0
9182,S010,2025-07-07,15,3,14.0
9183,S010,2025-07-07,18,7,30.8
9184,S010,2025-07-07,21,4,24.0
9185,S010,2025-04-18,0,0,5.9
9186,S010,2025-04-18,3,2,6.2
9187,S010,2025-04-18,6,2,16.1
9188,S010,2025-04-18,9,6,27.6
9189,S010,2025-04-18,12,5,18.2
9190,S010,2025-04-18,15,1,22.9
9191,S010,2025-04-18,18,3,26.9
9192,S010,2025-04-18,21,4,22.8
9193,S010,2025-06-19,0,1,10.8
9194,S010,2025-06-19,3,1,7.7
9195,S010,2025-06-19,6,2,17.9
9196,S010,2025-06-19,9,4,24.9
9197,S010,2025-06-19,12,3,11.1
9198,S010,2025-06-19,15,3,17.0
9199,S010,2025-06-19,18,10,30.5
9200,S010,2025-06-19,21,1,16.9
9201,S010,2025-11-14,0,0,8.6
9202,S010,2025-11-14,3,0,5.1
9203,S010,2025-11-14,6,2,15.9
9204,S010,2025-11-14,9,3,30.4
9205,S010,2025-11-14,12,4,22.3
9206,S010,2025-11-14,15,5,12.8
9207,S010,2025-11-14,18,3,34.0
9208,S010,2025-11-14,21,3,26.7
9209,S010,2025-12-18,0,0,3.5
9210,S010,2025-12-18,3,0,13.3
9211,S010,2025-12-18,6,2,13.3
9212,S010,2025-12-18,9,8,27.2
9213,S010,2025-12-18,12,1,12.5
9214,S010,2025-12-18,15,2,23.5
9215,S010,2025-12-18,18,3,24.6
9216,S010,2025-12-18,21,3,11.4
9217,S010,2025-03-04,0,0,3.8
9218,S010,2025-03-04,3,0,2.2
9219,S010,2025-03-04,6,3,15.6
9220,S010,2025-03-04,9,3,26.1
9221,S010,2025-03-04,12,2,19.8
9222,S010,2025-03-04,15,1,26.9
9223,S010,2025-03-04,18,10,28.8
9224,S010,2025-03-04,21,5,13.9
9225,S010,2025-11-20,0,0,11.9
9226,S010,2025-11-20,3,0,7.9
9227,S010,2025-11-20,6,6,6.8
9228,S010,2025-11-20,9,7,31.4
9229,S010,2025-11-20,12,3,20.3
9230,S010,2025-11-20,15,2,20.2
9231,S010,2025-11-20,18,7,29.9
9232,S010,2025-11-20,21,3,15.8
9233,S010,2025-12-14,0,0,7.7
9234,S010,2025-12-14,3,0,9.3
9235,S010,2025-12-14,6,3,12.1
9236,S010,2025-12-14,9,5,24.4
9237,S010,2025-12-14,12,2,16.7
9238,S010,2025-12-14,15,2,26.0
9239,S010,2025-12-14,18,7,28.9
9240,S010,2025-12-14,21,4,18.3
9241,S010,2025-05-10,0,0,4.8
9242,S010,2025-05-10,3,1,6.0
9243,S010,2025-05-10,6,2,23.3
9244,S010,2025-05-10,9,5,31.7
9245,S010,2025-05-10,12,4,27.2
9246,S010,2025-05-10,15,4,23.1
9247,S010,2025-05-10,18,5,37.7
9248,S010,2025-05-10,21,3,19.0
9249,S010,2025-01-30,0,2,6.3
9250,S010,2025-01-30,3,0,7.9
9251,S010,2025-01-30,6,7,16.9
9252,S010,2025-01-30,9,7,30.9
9253,S010,2025-01-30,12,3,14.9
9254,S010,2025-01-30,15,6,22.6
9255,S010,2025-01-30,18,6,34.0
9256,S010,2025-01-30,21,1,12.8
9257,S010,2025-08-04,0,1,6.8
9258,S010,2025-08-04,3,1,0.9
9259,S010,2025-08-04,6,1,17.0
9260,S010,2025-08-04,9,4,28.9
9261,S010,2025-08-04,12,4,19.8
9262,S010,2025-08-04,15,5,22.0
9263,S010,2025-08-04,18,3,30.3
9264,S010,2025-08-04,21,4,18.8
9265,S010,2025-08-10,0,0,10.6
9266,S010,2025-08-10,3,1,4.4
9267,S010,2025-08-10,6,0,17.4
9268,S010,2025-08-10,9,7,24.9
9269,S010,2025-08-10,12,3,29.9
9270,S010,2025-08-10,15,3,18.1
9271,S010,2025-08-10,18,6,32.8
9272,S010,2025-08-10,21,1,17.9
9273,S010,2025-07-16,0,1,9.5
9274,S010,2025-07-16,3,0,6.7
9275,S010,2025-07-16,6,1,15.3
9276,S010,2025-07-16,9,4,31.6
9277,S010,2025-07-16,12,5,21.0
9278,S010,2025-07-16,15,3,16.7
9279,S010,2025-07-16,18,10,27.4
9280,S010,2025-07-16,21,1,13.9
9281,S010,2025-09-03,0,0,12.6
9282,S010,2025-09-03,3,0,10.8
9283,S010,2025-09-03,6,6,18.9
9284,S010,2025-09-03,9,3,20.1
9285,S010,2025-09-03,12,1,16.6
9286,S010,2025-09-03,15,1,26.4
9287,S010,2025-09-03,18,3,32.4
9288,S010,2025-09-03,21,2,18.1
9289,S010,2025-01-25,0,1,6.0
9290,S010,2025-01-25,3,0,6.3
9291,S010,2025-01-25,6,2,15.3
9292,S010,2025-01-25,9,3,27.5
9293,S010,2025-01-25,12,1,14.4
9294,S010,2025-01-25,15,4,18.8
9295,S010,2025-01-25,18,6,33.4
9296,S010,2025-01-25,21,2,26.3
9297,S010,2025-02-15,0,0,12.1
9298,S010,2025-02-15,3,0,17.0
9299,S010,2025-02-15,6,1,22.8
9300,S010,2025-02-15,9,5,29.6
9301,S010,2025-02-15,12,4,12.8
9302,S010,2025-02-15,15,0,19.6
9303,S010,2025-02-15,18,9,29.8
9304,S010,2025-02-15,21,7,15.9
9305,S010,2025-07-17,0,0,17.3
9306,S010,2025-07-17,3,0,1.0
9307,S010,2025-07-17,6,2,18.4
9308,S010,2025-07-17,9,8,27.0
9309,S010,2025-07-17,12,4,19.5
9310,S010,2025-07-17,15,2,25.8
9311,S010,2025-07-17,18,9,25.5
9312,S010,2025-07-17,21,3,17.9
9313,S010,2025-03-11,0,0,8.0
9314,S010,2025-03-11,3,0,4.0
9315,S010,2025-03-11,6,1,10.4
9316,S010,2025-03-11,9,3,30.4
9317,S010,2025-03-11,12,5,13.3
9318,S010,2025-03-11,15,0,18.7
9319,S010,2025-03-11,18,5,33.1
9320,S010,2025-03-11,21,1,16.7
9321,S010,2025-10-25,0,0,9.3
9322,S010,2025-10-25,3,2,2.6
9323,S010,2025-10-25,6,0,15.2
9324,S010,2025-10-25,9,6,21.9
9325,S010,2025-10-25,12,5,22.2
9326,S010,2025-10-25,15,4,14.2
9327,S010,2025-10-25,18,5,27.6
9328,S010,2025-10-25,21,3,24.5
9329,S010,2025-11-11,0,1,8.6
9330,S010,2025-11-11,3,0,5.8
9331,S010,2025-11-11,6,2,15.0
9332,S010,2025-11-11,9,9,28.4
9333,S010,2025-11-11,12,4,11.8
9334,S010,2025-11-11,15,5,11.0
9335,S010,2025-11-11,18,0,32.1
9336,S010,2025-11-11,21,0,17.1
9337,S010,2025-10-24,0,1,5.9
9338,S010,2025-10-24,3,1,10.7
9339,S010,2025-10-24,6,2,16.5
9340,S010,2025-10-24,9,6,20.5
9341,S010,2025-10-24,12,3,14.0
9342,S010,2025-10-24,15,4,18.7
9343,S010,2025-10-24,18,2,28.0
9344,S010,2025-10-24,21,3,19.9
9345,S010,2025-09-22,0,0,16.9
9346,S010,2025-09-22,3,0,9.3
9347,S010,2025-09-22,6,3,15.6
9348,S010,2025-09-22,9,5,25.2
9349,S010,2025-09-22,12,5,14.3
9350,S010,2025-09-22,15,3,22.7
9351,S010,2025-09-22,18,5,30.7
9352,S010,2025-09-22,21,3,26.6
9353,S010,2025-04-20,0,1,4.8
9354,S010,2025-04-20,3,0,9.1
9355,S010,2025-04-20,6,3,21.4
9356,S010,2025-04-20,9,7,24.3
9357,S010,2025-04-20,12,2,18.2
9358,S010,2025-04-20,15,3,15.0
9359,S010,2025-04-20,18,6,35.3
9360,S010,2025-04-20,21,3,17.6
9361,S010,2025-12-25,0,1,10.9
9362,S010,2025-12-25,3,0,11.8
9363,S010,2025-12-25,6,0,10.2
9364,S010,2025-12-25,9,6,28.8
9365,S010,2025-12-25,12,3,12.1
9366,S010,2025-12-25,15,5,21.0
9367,S010,2025-12-25,18,8,34.8
9368,S010,2025-12-25,21,2,16.3
9369,S010,2025-08-18,0,0,11.7
9370,S010,2025-08-18,3,0,5.5
9371,S010,2025-08-18,6,2,16.1
9372,S010,2025-08-18,9,7,31.2
9373,S010,2025-08-18,12,0,20.4
9374,S010,2025-08-18,15,4,15.8
9375,S010,2025-08-18,18,4,26.7
9376,S010,2025-08-18,21,2,19.8
9377,S010,2025-03-01,0,0,2.0
9378,S010,2025-03-01,3,1,12.9
9379,S010,2025-03-01,6,0,13.7
9380,S010,2025-03-01,9,3,23.0
9381,S010,2025-03-01,12,2,20.5
9382,S010,2025-03-01,15,3,19.1
9383,S010,2025-03-01,18,5,30.3
9384,S010,2025-03-01,21,2,18.8
9385,S010,2025-04-24,0,0,7.3
9386,S010,2025-04-24,3,0,5.5
9387,S010,2025-04-24,6,3,20.9
9388,S010,2025-04-24,9,6,29.3
9389,S010,2025-04-24,12,5,16.7
9390,S010,2025-04-24,15,0,16.6
9391,S010,2025-04-24,18,2,31.3
9392,S010,2025-04-24,21,2,24.9
9393,S010,2025-12-24,0,1,5.8
9394,S010,2025-12-24,3,0,12.0
9395,S010,2025-12-24,6,6,16.1
9396,S010,2025-12-24,9,9,25.7
9397,S010,2025-12-24,12,4,17.2
9398,S010,2025-12-24,15,1,24.8
9399,S010,2025-12-24,18,8,30.9
9400,S010,2025-12-24,21,1,18.8
9401,S010,2025-08-25,0,0,0.8
9402,S010,2025-08-25,3,0,2.7
9403,S010,2025-08-25,6,1,10.3
9404,S010,2025-08-25,9,5,21.2
9405,S010,2025-08-25,12,2,12.5
9406,S010,2025-08-25,15,4,21.9
9407,S010,2025-08-25,18,9,30.4
9408,S010,2025-08-25,21,4,14.9
9409,S010,2025-07-18,0,0,10.8
9410,S010,2025-07-18,3,0,11.7
9411,S010,2025-07-18,6,3,17.9
9412,S010,2025-07-18,9,2,20.7
9413,S010,2025-07-18,12,0,14.2
9414,S010,2025-07-18,15,5,18.5
9415,S010,2025-07-18,18,5,28.8
9416,S010,2025-07-18,21,3,15.8
9417,S010,2025-09-17,0,2,8.6
9418,S010,2025-09-17,3,0,6.7
9419,S010,2025-09-17,6,2,8.2
9420,S010,2025-09-17,9,4,24.7
9421,S010,2025-09-17,12,0,16.1
9422,S010,2025-09-17,15,6,20.6
9423,S010,2025-09-17,18,10,29.8
9424,S010,2025-09-17,21,6,9.2
9425,S010,2025-08-23,0,1,7.3
9426,S010,2025-08-23,3,1,9.9
9427,S010,2025-08-23,6,4,18.0
9428,S010,2025-08-23,9,6,32.9
9429,S010,2025-08-23,12,4,24.0
9430,S010,2025-08-23,15,1,21.9
9431,S010,2025-08-23,18,5,32.2
9432,S010,2025-08-23,21,2,19.2
9433,S010,2025-01-08,0,0,12.4
9434,S010,2025-01-08,3,0,5.9
9435,S010,2025-01-08,6,2,12.5
9436,S010,2025-01-08,9,7,30.6
9437,S010,2025-01-08,12,4,16.2
9438,S010,2025-01-08,15,5,15.9
9439,S010,2025-01-08,18,4,37.8
9440,S010,2025-01-08,21,4,22.2
9441,S010,2025-02-06,0,0,12.0
9442,S010,2025-02-06,3,0,1.7
9443,S010,2025-02-06,6,2,17.8
9444,S010,2025-02-06,9,3,28.9
9445,S010,2025-02-06,12,3,16.3
9446,S010,2025-02-06,15,2,23.8
9447,S010,2025-02-06,18,6,30.2
9448,S010,2025-02-06,21,2,20.6
9449,S010,2025-09-14,0,0,7.0
9450,S010,2025-09-14,3,1,5.2
9451,S010,2025-09-14,6,3,16.4
9452,S010,2025-09-14,9,5,24.7
9453,S010,2025-09-14,12,6,21.1
9454,S010,2025-09-14,15,8,21.4
9455,S010,2025-09-14,18,8,30.1
9456,S010,2025-09-14,21,3,16.3
9457,S010,2025-08-02,0,0,2.5
9458,S010,2025-08-02,3,0,1.9
9459,S010,2025-08-02,6,6,10.9
9460,S010,2025-08-02,9,3,25.6
9461,S010,2025-08-02,12,5,18.5
9462,S010,2025-08-02,15,3,22.7
9463,S010,2025-08-02,18,7,30.0
9464,S010,2025-08-02,21,0,11.2
9465,S010,2025-01-20,0,1,0.9
9466,S010,2025-01-20,3,1,13.2
9467,S010,2025-01-20,6,2,6.3
9468,S010,2025-01-20,9,3,22.8
9469,S010,2025-01-20,12,3,17.0
9470,S010,2025-01-20,15,7,14.7
9471,S010,2025-01-20,18,4,24.8
9472,S010,2025-01-20,21,7,18.0
9473,S010,2025-04-07,0,0,15.1
9474,S010,2025-04-07,3,0,6.2
9475,S010,2025-04-07,6,8,11.7
9476,S010,2025-04-07,9,4,23.9
9477,S010,2025-04-07,12,3,17.6
9478,S010,2025-04-07,15,3,23.4
9479,S010,2025-04-07,18,6,29.0
9480,S010,2025-04-07,21,1,13.4
9481,S010,2025-02-17,0,0,8.5
9482,S010,2025-02-17,3,1,7.2
9483,S010,2025-02-17,6,2,15.7
9484,S010,2025-02-17,9,4,30.0
9485,S010,2025-02-17,12,7,15.6
9486,S010,2025-02-17,15,6,21.9
9487,S010,2025-02-17,18,3,29.2
9488,S010,2025-02-17,21,3,21.9
9489,S010,2025-11-15,0,0,14.6
9490,S010,2025-11-15,3,3,6.2
9491,S010,2025-11-15,6,1,19.7
9492,S010,2025-11-15,9,9,27.0
9493,S010,2025-11-15,12,5,21.2
9494,S010,2025-11-15,15,3,17.2
9495,S010,2025-11-15,18,8,28.3
9496,S010,2025-11-15,21,3,20.6
9497,S010,2025-03-08,0,0,7.7
9498,S010,2025-03-08,3,1,9.1
9499,S010,2025-03-08,6,1,16.3
9500,S010,2025-03-08,9,7,31.9
9501,S010,2025-03-08,12,0,17.6
9502,S010,2025-03-08,15,3,24.3
9503,S010,2025-03-08,18,7,26.0
9504,S010,2025-03-08,21,3,18.0
9505,S010,2025-02-27,0,0,5.9
9506,S010,2025-02-27,3,0,10.4
9507,S010,2025-02-27,6,2,16.8
9508,S010,2025-02-27,9,7,25.7
9509,S010,2025-02-27,12,4,12.4
9510,S010,2025-02-27,15,5,19.7
9511,S010,2025-02-27,18,13,27.2
9512,S010,2025-02-27,21,1,17.8
9513,S010,2025-08-21,0,0,11.1
9514,S010,2025-08-21,3,0,3.9
9515,S010,2025-08-21,6,4,10.6
9516,S010,2025-08-21,9,6,27.2
9517,S010,2025-08-21,12,4,17.3
9518,S010,2025-08-21,15,2,19.5
9519,S010,2025-08-21,18,6,28.3
9520,S010,2025-08-21,21,3,16.6
9521,S010,2025-02-09,0,0,12.7
9522,S010,2025-02-09,3,1,4.4
9523,S010,2025-02-09,6,8,14.7
9524,S010,2025-02-09,9,3,30.6
9525,S010,2025-02-09,12,4,19.4
9526,S010,2025-02-09,15,1,22.9
9527,S010,2025-02-09,18,5,35.6
9528,S010,2025-02-09,21,7,17.7
9529,S010,2025-10-30,0,0,15.8
9530,S010,2025-10-30,3,0,5.2
9531,S010,2025-10-30,6,1,13.4
9532,S010,2025-10-30,9,8,28.5
9533,S010,2025-10-30,12,5,16.7
9534,S010,2025-10-30,15,6,18.3
9535,S010,2025-10-30,18,5,30.5
9536,S010,2025-10-30,21,2,17.1
9537,S010,2025-03-12,0,0,7.1
9538,S010,2025-03-12,3,0,11.7
9539,S010,2025-03-12,6,0,18.0
9540,S010,2025-03-12,9,6,28.7
9541,S010,2025-03-12,12,4,13.7
9542,S010,2025-03-12,15,2,29.1
9543,S010,2025-03-12,18,3,24.4
9544,S010,2025-03-12,21,2,20.0
9545,S010,2025-04-04,0,1,6.6
9546,S010,2025-04-04,3,0,9.3
9547,S010,2025-04-04,6,2,17.0
9548,S010,2025-04-04,9,8,31.4
9549,S010,2025-04-04,12,4,16.4
9550,S010,2025-04-04,15,8,19.7
9551,S010,2025-04-04,18,3,26.7
9552,S010,2025-04-04,21,3,20.4
9553,S010,2025-06-28,0,0,11.2
9554,S010,2025-06-28,3,0,7.0
9555,S010,2025-06-28,6,2,13.2
9556,S010,2025-06-28,9,4,32.3
9557,S010,2025-06-28,12,5,21.1
9558,S010,2025-06-28,15,2,18.0
9559,S010,2025-06-28,18,2,33.6
9560,S010,2025-06-28,21,5,27.9
9561,S010,2025-01-11,0,1,9.9
9562,S010,2025-01-11,3,0,3.7
9563,S010,2025-01-11,6,4,17.9
9564,S010,2025-01-11,9,4,31.6
9565,S010,2025-01-11,12,2,21.0
9566,S010,2025-01-11,15,6,23.6
9567,S010,2025-01-11,18,9,29.6
9568,S010,2025-01-11,21,4,14.0
9569,S010,2025-12-07,0,1,2.4
9570,S010,2025-12-07,3,1,13.1
9571,S010,2025-12-07,6,4,22.4
9572,S010,2025-12-07,9,4,26.9
9573,S010,2025-12-07,12,5,11.2
9574,S010,2025-12-07,15,4,27.3
9575,S010,2025-12-07,18,8,32.0
9576,S010,2025-12-07,21,5,12.9
9577,S010,2025-01-23,0,0,0.0
9578,S010,2025-01-23,3,2,9.9
9579,S010,2025-01-23,6,3,13.9
9580,S010,2025-01-23,9,5,29.6
9581,S010,2025-01-23,12,3,11.2
9582,S010,2025-01-23,15,0,20.1
9583,S010,2025-01-23,18,10,23.0
9584,S010,2025-01-23,21,2,21.2
9585,S010,2025-03-05,0,0,6.6
9586,S010,2025-03-05,3,2,15.2
9587,S010,2025-03-05,6,2,18.2
9588,S010,2025-03-05,9,5,27.9
9589,S010,2025-03-05,12,5,23.2
9590,S010,2025-03-05,15,3,22.5
9591,S010,2025-03-05,18,4,26.8
9592,S010,2025-03-05,21,4,17.9
9593,S010,2025-01-24,0,0,4.8
9594,S010,2025-01-24,3,0,11.6
9595,S010,2025-01-24,6,2,15.6
9596,S010,2025-01-24,9,5,25.9
9597,S010,2025-01-24,12,1,19.5
9598,S010,2025-01-24,15,10,19.2
9599,S010,2025-01-24,18,9,27.6
9600,S010,2025-01-24,21,2,16.0
9601,S011,2025-12-10,0,1,12.4
9602,S011,2025-12-10,3,1,4.7
9603,S011,2025-12-10,6,1,18.6
9604,S011,2025-12-10,9,4,24.0
9605,S011,2025-12-10,12,3,19.6
9606,S011,2025-12-10,15,2,26.8
9607,S011,2025-12-10,18,6,30.0
9608,S011,2025-12-10,21,6,23.7
9609,S011,2025-09-11,0,3,10.2
9610,S011,2025-09-11,3,0,9.4
9611,S011,2025-09-11,6,0,17.0
9612,S011,2025-09-11,9,4,23.7
9613,S011,2025-09-11,12,4,24.5
9614,S011,2025-09-11,15,5,25.4
9615,S011,2025-09-11,18,6,29.4
9616,S011,2025-09-11,21,0,12.2
9617,S011,2025-02-14,0,1,12.2
9618,S011,2025-02-14,3,0,4.3
9619,S011,2025-02-14,6,4,16.6
9620,S011,2025-02-14,9,8,23.2
9621,S011,2025-02-14,12,0,11.4
9622,S011,2025-02-14,15,4,22.5
9623,S011,2025-02-14,18,5,29.4
9624,S011,2025-02-14,21,3,20.1
9625,S011,2025-08-12,0,1,6.3
9626,S011,2025-08-12,3,1,8.7
9627,S011,2025-08-12,6,0,11.7
9628,S011,2025-08-12,9,6,22.9
9629,S011,2025-08-12,12,4,17.2
9630,S011,2025-08-12,15,4,17.2
9631,S011,2025-08-12,18,7,29.2
9632,S011,2025-08-12,21,4,15.0
9633,S011,2025-02-16,0,1,0.0
9634,S011,2025-02-16,3,0,5.8
9635,S011,2025-02-16,6,1,24.8
9636,S011,2025-02-16,9,9,34.1
9637,S011,2025-02-16,12,3,15.5
9638,S011,2025-02-16,15,3,14.4
9639,S011,2025-02-16,18,9,31.0
9640,S011,2025-02-16,21,2,18.8
9641,S011,2025-12-21,0,0,2.1
9642,S011,2025-12-21,3,0,8.4
9643,S011,2025-12-21,6,2,13.9
9644,S011,2025-12-21,9,5,28.3
9645,S011,2025-12-21,12,0,24.6
9646,S011,2025-12-21,15,4,20.7
9647,S011,2025-12-21,18,3,27.9
9648,S011,2025-12-21,21,4,18.6
9649,S011,2025-10-20,0,1,12.5
9650,S011,2025-10-20,3,1,0.8
9651,S011,2025-10-20,6,3,7.5
9652,S011,2025-10-20,9,3,25.8
9653,S011,2025-10-20,12,2,16.6
9654,S011,2025-10-20,15,5,17.7
9655,S011,2025-10-20,18,7,33.7
9656,S011,2025-10-20,21,0,22.5
9657,S011,2025-09-26,0,3,12.2
9658,S011,2025-09-26,3,2,10.9
9659,S011,2025-09-26,6,2,14.5
9660,S011,2025-09-26,9,3,35.6
9661,S011,2025-09-26,12,3,23.0
9662,S011,2025-09-26,15,1,15.8
9663,S011,2025-09-26,18,9,31.0
9664,S011,2025-09-26,21,6,23.4
9665,S011,2025-07-31,0,2,0.0
9666,S011,2025-07-31,3,0,0.3
9667,S011,2025-07-31,6,2,18.6
9668,S011,2025-07-31,9,3,31.1
9669,S011,2025-07-31,12,3,19.8
9670,S011,2025-07-31,15,6,20.6
9671,S011,2025-07-31,18,6,35.9
9672,S011,2025-07-31,21,4,15.7
9673,S011,2025-02-01,0,0,4.2
9674,S011,2025-02-01,3,0,4.4
9675,S011,2025-02-01,6,2,20.0
9676,S011,2025-02-01,9,6,32.6
9677,S011,2025-02-01,12,3,21.1
9678,S011,2025-02-01,15,9,17.6
9679,S011,2025-02-01,18,4,33.4
9680,S011,2025-02-01,21,2,19.8
9681,S011,2025-10-04,0,0,6.8
9682,S011,2025-10-04,3,2,5.8
9683,S011,2025-10-04,6,3,12.1
9684,S011,2025-10-04,9,6,26.5
9685,S011,2025-10-04,12,7,17.1
9686,S011,2025-10-04,15,3,16.4
9687,S011,2025-10-04,18,5,29.2
9688,S011,2025-10-04,21,4,11.7
9689,S011,2025-07-15,0,0,13.5
9690,S011,2025-07-15,3,0,7.4
9691,S011,2025-07-15,6,0,12.1
9692,S011,2025-07-15,9,6,32.8
9693,S011,2025-07-15,12,3,11.5
9694,S011,2025-07-15,15,2,24.0
9695,S011,2025-07-15,18,7,31.8
9696,S011,2025-07-15,21,5,15.3
9697,S011,2025-10-17,0,0,15.0
9698,S011,2025-10-17,3,0,8.5
9699,S011,2025-10-17,6,1,17.6
9700,S011,2025-10-17,9,7,32.0
9701,S011,2025-10-17,12,1,19.8
9702,S011,2025-10-17,15,3,21.6
9703,S011,2025-10-17,18,4,30.0
9704,S011,2025-10-17,21,4,20.8
9705,S011,2025-01-07,0,1,11.7
9706,S011,2025-01-07,3,0,8.0
9707,S011,2025-01-07,6,1,8.6
9708,S011,2025-01-07,9,8,21.6
9709,S011,2025-01-07,12,3,16.3
9710,S011,2025-01-07,15,2,21.3
9711,S011,2025-01-07,18,6,27.8
9712,S011,2025-01-07,21,0,16.5
9713,S011,2025-12-27,0,0,6.8
9714,S011,2025-12-27,3,3,12.2
9715,S011,2025-12-27,6,4,10.7
9716,S011,2025-12-27,9,5,30.3
9717,S011,2025-12-27,12,2,16.2
9718,S011,2025-12-27,15,4,19.9
9719,S011,2025-12-27,18,7,36.9
9720,S011,2025-12-27,21,1,13.7
9721,S011,2025-07-23,0,1,16.7
9722,S011,2025-07-23,3,0,4.2
9723,S011,2025-07-23,6,1,10.7
9724,S011,2025-07-23,9,4,27.0
9725,S011,2025-07-23,12,3,11.0
9726,S011,2025-07-23,15,9,23.6
9727,S011,2025-07-23,18,8,22.0
9728,S011,2025-07-23,21,6,18.5
9729,S011,2025-12-25,0,1,1.8
9730,S011,2025-12-25,3,0,10.3
9731,S011,2025-12-25,6,2,18.9
9732,S011,2025-12-25,9,7,30.2
9733,S011,2025-12-25,12,1,12.2
9734,S011,2025-12-25,15,2,19.9
9735,S011,2025-12-25,18,6,29.8
9736,S011,2025-12-25,21,4,10.3
9737,S011,2025-07-18,0,1,15.6
9738,S011,2025-07-18,3,0,12.8
9739,S011,2025-07-18,6,3,9.8
9740,S011,2025-07-18,9,9,29.3
9741,S011,2025-07-18,12,2,11.7
9742,S011,2025-07-18,15,5,20.3
9743,S011,2025-07-18,18,7,29.4
9744,S011,2025-07-18,21,4,18.8
9745,S011,2025-07-17,0,0,6.0
9746,S011,2025-07-17,3,1,7.1
9747,S011,2025-07-17,6,2,12.3
9748,S011,2025-07-17,9,8,27.9
9749,S011,2025-07-17,12,5,24.9
9750,S011,2025-07-17,15,3,17.4
9751,S011,2025-07-17,18,8,27.5
9752,S011,2025-07-17,21,5,17.6
9753,S011,2025-07-06,0,2,8.3
9754,S011,2025-07-06,3,0,5.7
9755,S011,2025-07-06,6,3,16.4
9756,S011,2025-07-06,9,8,28.0
9757,S011,2025-07-06,12,2,13.4
9758,S011,2025-07-06,15,4,21.4
9759,S011,2025-07-06,18,6,27.1
9760,S011,2025-07-06,21,0,13.8
9761,S011,2025-04-01,0,0,3.1
9762,S011,2025-04-01,3,1,12.6
9763,S011,2025-04-01,6,0,13.3
9764,S011,2025-04-01,9,5,25.1
9765,S011,2025-04-01,12,1,12.2
9766,S011,2025-04-01,15,0,14.3
9767,S011,2025-04-01,18,3,24.7
9768,S011,2025-04-01,21,4,19.6
9769,S011,2025-08-07,0,0,10.7
9770,S011,2025-08-07,3,0,6.4
9771,S011,2025-08-07,6,3,12.7
9772,S011,2025-08-07,9,6,29.0
9773,S011,2025-08-07,12,5,22.8
9774,S011,2025-08-07,15,1,16.5
9775,S011,2025-08-07,18,4,28.2
9776,S011,2025-08-07,21,1,14.8
9777,S011,2025-09-27,0,2,11.9
9778,S011,2025-09-27,3,1,5.9
9779,S011,2025-09-27,6,3,22.7
9780,S011,2025-09-27,9,6,30.0
9781,S011,2025-09-27,12,4,18.2
9782,S011,2025-09-27,15,3,16.7
9783,S011,2025-09-27,18,6,26.5
9784,S011,2025-09-27,21,4,16.0
9785,S011,2025-06-27,0,1,7.8
9786,S011,2025-06-27,3,2,1.6
9787,S011,2025-06-27,6,2,14.4
9788,S011,2025-06-27,9,5,32.2
9789,S011,2025-06-27,12,4,15.7
9790,S011,2025-06-27,15,4,20.7
9791,S011,2025-06-27,18,6,29.0
9792,S011,2025-06-27,21,1,21.1
9793,S011,2025-04-20,0,1,12.6
9794,S011,2025-04-20,3,1,8.2
9795,S011,2025-04-20,6,3,16.1
9796,S011,2025-04-20,9,5,30.5
9797,S011,2025-04-20,12,4,22.3
9798,S011,2025-04-20,15,4,25.4
9799,S011,2025-04-20,18,9,34.7
9800,S011,2025-04-20,21,2,16.7
9801,S011,2025-12-13,0,0,8.3
9802,S011,2025-12-13,3,0,7.2
9803,S011,2025-12-13,6,1,22.1
9804,S011,2025-12-13,9,7,21.8
9805,S011,2025-12-13,12,6,20.1
9806,S011,2025-12-13,15,2,24.5
9807,S011,2025-12-13,18,4,22.0
9808,S011,2025-12-13,21,2,16.8
9809,S011,2025-12-07,0,0,8.7
9810,S011,2025-12-07,3,0,0.0
9811,S011,2025-12-07,6,0,21.8
9812,S011,2025-12-07,9,10,25.0
9813,S011,2025-12-07,12,6,20.3
9814,S011,2025-12-07,15,7,19.3
9815,S011,2025-12-07,18,6,37.9
9816,S011,2025-12-07,21,3,14.1
9817,S011,2025-05-29,0,2,15.6
9818,S011,2025-05-29,3,1,7.6
9819,S011,2025-05-29,6,3,19.2
9820,S011,2025-05-29,9,4,32.7
9821,S011,2025-05-29,12,4,19.2
9822,S011,2025-05-29,15,4,18.0
9823,S011,2025-05-29,18,10,29.7
9824,S011,2025-05-29,21,2,16.8
9825,S011,2025-07-02,0,0,7.5
9826,S011,2025-07-02,3,1,13.0
9827,S011,2025-07-02,6,2,15.0
9828,S011,2025-07-02,9,9,26.5
9829,S011,2025-07-02,12,4,15.8
9830,S011,2025-07-02,15,4,16.9
9831,S011,2025-07-02,18,5,33.0
9832,S011,2025-07-02,21,4,19.2
9833,S011,2025-03-16,0,1,14.2
9834,S011,2025-03-16,3,0,5.6
9835,S011,2025-03-16,6,5,16.8
9836,S011,2025-03-16,9,5,32.0
9837,S011,2025-03-16,12,2,15.8
9838,S011,2025-03-16,15,4,21.3
9839,S011,2025-03-16,18,3,35.3
9840,S011,2025-03-16,21,5,21.3
9841,S011,2025-01-06,0,2,5.3
9842,S011,2025-01-06,3,0,14.4
9843,S011,2025-01-06,6,2,12.4
9844,S011,2025-01-06,9,8,21.2
9845,S011,2025-01-06,12,2,19.9
9846,S011,2025-01-06,15,5,25.3
9847,S011,2025-01-06,18,9,29.1
9848,S011,2025-01-06,21,1,12.7
9849,S011,2025-02-28,0,0,0.0
9850,S011,2025-02-28,3,1,6.3
9851,S011,2025-02-28,6,2,13.8
9852,S011,2025-02-28,9,4,22.1
9853,S011,2025-02-28,12,2,21.4
9854,S011,2025-02-28,15,2,23.7
9855,S011,2025-02-28,18,5,28.9
9856,S011,2025-02-28,21,2,19.6
9857,S011,2025-06-04,0,1,7.1
9858,S011,2025-06-04,3,0,9.7
9859,S011,2025-06-04,6,2,14.4
9860,S011,2025-06-04,9,3,29.1
9861,S011,2025-06-04,12,1,13.8
9862,S011,2025-06-04,15,4,21.7
9863,S011,2025-06-04,18,7,28.4
9864,S011,2025-06-04,21,3,18.7
9865,S011,2025-07-22,0,0,9.8
9866,S011,2025-07-22,3,1,4.3
9867,S011,2025-07-22,6,3,16.3
9868,S011,2025-07-22,9,3,27.0
9869,S011,2025-07-22,12,4,17.7
9870,S011,2025-07-22,15,2,17.3
9871,S011,2025-07-22,18,9,32.1
9872,S011,2025-07-22,21,6,14.8
9873,S011,2025-09-15,0,1,13.4
9874,S011,2025-09-15,3,1,2.1
9875,S011,2025-09-15,6,0,16.1
9876,S011,2025-09-15,9,8,20.6
9877,S011,2025-09-15,12,5,12.5
9878,S011,2025-09-15,15,5,23.4
9879,S011,2025-09-15,18,3,31.2
9880,S011,2025-09-15,21,5,10.6
9881,S011,2025-03-30,0,1,6.5
9882,S011,2025-03-30,3,0,3.1
9883,S011,2025-03-30,6,1,16.4
9884,S011,2025-03-30,9,6,24.3
9885,S011,2025-03-30,12,0,10.2
9886,S011,2025-03-30,15,3,17.6
9887,S011,2025-03-30,18,9,18.8
9888,S011,2025-03-30,21,4,12.3
9889,S011,2025-01-28,0,1,7.7
9890,S011,2025-01-28,3,0,0.0
9891,S011,2025-01-28,6,4,12.9
9892,S011,2025-01-28,9,5,25.9
9893,S011,2025-01-28,12,0,17.3
9894,S011,2025-01-28,15,4,11.2
9895,S011,2025-01-28,18,1,30.9
9896,S011,2025-01-28,21,3,23.2
9897,S011,2025-03-13,0,0,9.3
9898,S011,2025-03-13,3,1,12.1
9899,S011,2025-03-13,6,0,14.6
9900,S011,2025-03-13,9,9,29.1
9901,S011,2025-03-13,12,0,20.3
9902,S011,2025-03-13,15,4,18.8
9903,S011,2025-03-13,18,4,31.3
9904,S011,2025-03-13,21,2,18.4
9905,S011,2025-08-23,0,2,12.7
9906,S011,2025-08-23,3,2,7.1
9907,S011,2025-08-23,6,3,19.2
9908,S011,2025-08-23,9,2,22.2
9909,S011,2025-08-23,12,3,19.5
9910,S011,2025-08-23,15,6,18.4
9911,S011,2025-08-23,18,6,29.6
9912,S011,2025-08-23,21,3,21.3
9913,S011,2025-05-08,0,1,9.0
9914,S011,2025-05-08,3,0,8.7
9915,S011,2025-05-08,6,1,17.8
9916,S011,2025-05-08,9,9,23.6
9917,S011,2025-05-08,12,2,10.1
9918,S011,2025-05-08,15,2,19.0
9919,S011,2025-05-08,18,4,21.7
9920,S011,2025-05-08,21,3,21.3
9921,S011,2025-03-09,0,0,11.3
9922,S011,2025-03-09,3,0,1.1
9923,S011,2025-03-09,6,2,19.0
9924,S011,2025-03-09,9,8,35.0
9925,S011,2025-03-09,12,3,20.0
9926,S011,2025-03-09,15,2,19.6
9927,S011,2025-03-09,18,4,28.4
9928,S011,2025-03-09,21,3,14.5
9929,S011,2025-05-02,0,0,6.7
9930,S011,2025-05-02,3,0,9.7
9931,S011,2025-05-02,6,2,24.5
9932,S011,2025-05-02,9,8,29.5
9933,S011,2025-05-02,12,5,18.6
9934,S011,2025-05-02,15,4,31.3
9935,S011,2025-05-02,18,9,27.2
9936,S011,2025-05-02,21,5,21.6
9937,S011,2025-05-06,0,1,5.2
9938,S011,2025-05-06,3,1,6.6
9939,S011,2025-05-06,6,3,17.5
9940,S011,2025-05-06,9,4,23.9
9941,S011,2025-05-06,12,2,16.2
9942,S011,2025-05-06,15,6,29.4
9943,S011,2025-05-06,18,12,26.8
9944,S011,2025-05-06,21,7,16.8
9945,S011,2025-04-11,0,0,11.0
9946,S011,2025-04-11,3,0,11.2
9947,S011,2025-04-11,6,1,15.7
9948,S011,2025-04-11,9,3,28.9
9949,S011,2025-04-11,12,4,14.1
9950,S011,2025-04-11,15,7,19.1
9951,S011,2025-04-11,18,2,37.1
9952,S011,2025-04-11,21,1,16.3
9953,S011,2025-08-19,0,0,0.5
9954,S011,2025-08-19,3,0,9.8
9955,S011,2025-08-19,6,3,11.4
9956,S011,2025-08-19,9,10,24.9
9957,S011,2025-08-19,12,2,18.9
9958,S011,2025-08-19,15,3,17.8
9959,S011,2025-08-19,18,2,28.4
9960,S011,2025-08-19,21,3,18.4
9961,S011,2025-08-25,0,4,9.7
9962,S011,2025-08-25,3,0,11.3
9963,S011,2025-08-25,6,2,15.0
9964,S011,2025-08-25,9,4,31.3
9965,S011,2025-08-25,12,3,15.8
9966,S011,2025-08-25,15,1,9.0
9967,S011,2025-08-25,18,4,36.2
9968,S011,2025-08-25,21,5,11.8
9969,S011,2025-01-05,0,3,0.0
9970,S011,2025-01-05,3,0,12.2
9971,S011,2025-01-05,6,0,20.0
9972,S011,2025-01-05,9,8,34.0
9973,S011,2025-01-05,12,7,16.6
9974,S011,2025-01-05,15,1,19.6
9975,S011,2025-01-05,18,3,33.8
9976,S011,2025-01-05,21,2,18.2
9977,S011,2025-11-10,0,0,4.8
9978,S011,2025-11-10,3,0,5.5
9979,S011,2025-11-10,6,2,15.8
9980,S011,2025-11-10,9,3,28.4
9981,S011,2025-11-10,12,2,18.3
9982,S011,2025-11-10,15,2,15.1
9983,S011,2025-11-10,18,5,28.8
9984,S011,2025-11-10,21,1,15.7
9985,S011,2025-11-12,0,1,11.1
9986,S011,2025-11-12,3,0,6.0
9987,S011,2025-11-12,6,4,15.4
9988,S011,2025-11-12,9,0,31.8
9989,S011,2025-11-12,12,2,18.6
9990,S011,2025-11-12,15,4,21.8
9991,S011,2025-11-12,18,7,32.1
9992,S011,2025-11-12,21,4,17.2
9993,S011,2025-07-14,0,1,8.6
9994,S011,2025-07-14,3,0,16.0
9995,S011,2025-07-14,6,1,14.1
9996,S011,2025-07-14,9,1,30.3
9997,S011,2025-07-14,12,1,17.5
9998,S011,2025-07-14,15,3,21.2
9999,S011,2025-07-14,18,3,25.4
10000,S011,2025-07-14,21,4,21.9
10001,S011,2025-09-05,0,1,8.0
10002,S011,2025-09-05,3,0,8.0
10003,S011,2025-09-05,6,3,19.0
10004,S011,2025-09-05,9,3,24.7
10005,S011,2025-09-05,12,3,20.3
10006,S011,2025-09-05,15,4,20.0
10007,S011,2025-09-05,18,4,32.0
10008,S011,2025-09-05,21,3,18.4
10009,S011,2025-04-15,0,0,2.8
10010,S011,2025-04-15,3,0,9.8
10011,S011,2025-04-15,6,3,10.9
10012,S011,2025-04-15,9,11,26.7
10013,S011,2025-04-15,12,5,15.9
10014,S011,2025-04-15,15,3,24.8
10015,S011,2025-04-15,18,11,27.6
10016,S011,2025-04-15,21,3,11.8
10017,S011,2025-05-01,0,0,8.3
10018,S011,2025-05-01,3,1,2.7
10019,S011,2025-05-01,6,1,14.6
10020,S011,2025-05-01,9,6,32.6
10021,S011,2025-05-01,12,2,17.9
10022,S011,2025-05-01,15,4,28.0
10023,S011,2025-05-01,18,7,31.7
10024,S011,2025-05-01,21,4,16.5
10025,S011,2025-10-25,0,0,5.2
10026,S011,2025-10-25,3,0,6.9
10027,S011,2025-10-25,6,2,20.5
10028,S011,2025-10-25,9,4,31.1
10029,S011,2025-10-25,12,4,16.5
10030,S011,2025-10-25,15,6,19.0
10031,S011,2025-10-25,18,8,28.4
10032,S011,2025-10-25,21,4,11.8
10033,S011,2025-05-12,0,0,0.0
10034,S011,2025-05-12,3,0,5.9
10035,S011,2025-05-12,6,4,16.4
10036,S011,2025-05-12,9,4,20.5
10037,S011,2025-05-12,12,6,18.1
10038,S011,2025-05-12,15,7,18.0
10039,S011,2025-05-12,18,8,35.1
10040,S011,2025-05-12,21,3,14.0
10041,S011,2025-08-09,0,2,8.8
10042,S011,2025-08-09,3,0,9.4
10043,S011,2025-08-09,6,1,18.9
10044,S011,2025-08-09,9,7,21.3
10045,S011,2025-08-09,12,5,15.9
10046,S011,2025-08-09,15,2,20.5
10047,S011,2025-08-09,18,5,38.3
10048,S011,2025-08-09,21,4,15.7
10049,S011,2025-12-16,0,1,2.4
10050,S011,2025-12-16,3,1,2.7
10051,S011,2025-12-16,6,2,12.2
10052,S011,2025-12-16,9,5,25.1
10053,S011,2025-12-16,12,3,17.4
10054,S011,2025-12-16,15,3,23.1
10055,S011,2025-12-16,18,5,31.8
10056,S011,2025-12-16,21,7,9.1
10057,S011,2025-06-08,0,1,14.0
10058,S011,2025-06-08,3,1,11.7
10059,S011,2025-06-08,6,2,17.3
10060,S011,2025-06-08,9,4,25.5
10061,S011,2025-06-08,12,3,23.8
10062,S011,2025-06-08,15,5,30.0
10063,S011,2025-06-08,18,4,28.2
10064,S011,2025-06-08,21,1,14.5
10065,S011,2025-05-16,0,1,8.7
10066,S011,2025-05-16,3,0,10.9
10067,S011,2025-05-16,6,5,12.5
10068,S011,2025-05-16,9,7,26.5
10069,S011,2025-05-16,12,6,19.4
10070,S011,2025-05-16,15,5,18.2
10071,S011,2025-05-16,18,6,40.1
10072,S011,2025-05-16,21,5,14.6
10073,S011,2025-07-16,0,3,3.2
10074,S011,2025-07-16,3,1,5.1
10075,S011,2025-07-16,6,0,12.1
10076,S011,2025-07-16,9,9,22.6
10077,S011,2025-07-16,12,3,21.3
10078,S011,2025-07-16,15,6,16.4
10079,S011,2025-07-16,18,6,24.9
10080,S011,2025-07-16,21,3,20.4
10081,S011,2025-03-26,0,0,9.2
10082,S011,2025-03-26,3,1,8.9
10083,S011,2025-03-26,6,3,21.5
10084,S011,2025-03-26,9,7,31.8
10085,S011,2025-03-26,12,4,14.2
10086,S011,2025-03-26,15,5,19.9
10087,S011,2025-03-26,18,7,30.2
10088,S011,2025-03-26,21,1,21.0
10089,S011,2025-05-03,0,2,11.6
10090,S011,2025-05-03,3,1,9.7
10091,S011,2025-05-03,6,2,18.4
10092,S011,2025-05-03,9,3,34.5
10093,S011,2025-05-03,12,2,19.5
10094,S011,2025-05-03,15,5,19.4
10095,S011,2025-05-03,18,6,32.8
10096,S011,2025-05-03,21,2,17.3
10097,S011,2025-10-24,0,1,1.8
10098,S011,2025-10-24,3,1,12.5
10099,S011,2025-10-24,6,1,16.6
10100,S011,2025-10-24,9,6,27.2
10101,S011,2025-10-24,12,4,14.8
10102,S011,2025-10-24,15,4,15.5
10103,S011,2025-10-24,18,7,27.3
10104,S011,2025-10-24,21,4,15.1
10105,S011,2025-03-15,0,0,9.0
10106,S011,2025-03-15,3,1,4.0
10107,S011,2025-03-15,6,3,13.9
10108,S011,2025-03-15,9,8,25.2
10109,S011,2025-03-15,12,3,10.2
10110,S011,2025-03-15,15,1,19.0
10111,S011,2025-03-15,18,3,31.6
10112,S011,2025-03-15,21,5,19.3
10113,S011,2025-07-27,0,1,13.1
10114,S011,2025-07-27,3,1,16.2
10115,S011,2025-07-27,6,0,6.9
10116,S011,2025-07-27,9,5,26.2
10117,S011,2025-07-27,12,2,16.8
10118,S011,2025-07-27,15,6,15.1
10119,S011,2025-07-27,18,1,30.1
10120,S011,2025-07-27,21,5,16.4
10121,S011,2025-05-09,0,1,2.8
10122,S011,2025-05-09,3,1,5.7
10123,S011,2025-05-09,6,0,16.3
10124,S011,2025-05-09,9,6,30.3
10125,S011,2025-05-09,12,4,17.4
10126,S011,2025-05-09,15,3,18.4
10127,S011,2025-05-09,18,6,35.2
10128,S011,2025-05-09,21,1,15.7
10129,S011,2025-10-06,0,0,0.6
10130,S011,2025-10-06,3,0,12.7
10131,S011,2025-10-06,6,2,20.7
10132,S011,2025-10-06,9,4,25.8
10133,S011,2025-10-06,12,3,16.9
10134,S011,2025-10-06,15,1,14.3
10135,S011,2025-10-06,18,3,23.7
10136,S011,2025-10-06,21,5,9.3
10137,S011,2025-09-12,0,1,3.0
10138,S011,2025-09-12,3,1,6.2
10139,S011,2025-09-12,6,4,26.0
10140,S011,2025-09-12,9,7,25.2
10141,S011,2025-09-12,12,1,11.0
10142,S011,2025-09-12,15,2,23.5
10143,S011,2025-09-12,18,2,25.2
10144,S011,2025-09-12,21,2,15.7
10145,S011,2025-12-31,0,0,7.3
10146,S011,2025-12-31,3,1,4.0
10147,S011,2025-12-31,6,1,16.8
10148,S011,2025-12-31,9,2,24.8
10149,S011,2025-12-31,12,3,18.7
10150,S011,2025-12-31,15,2,18.0
10151,S011,2025-12-31,18,7,24.1
10152,S011,2025-12-31,21,2,17.2
10153,S011,2025-08-10,0,0,0.0
10154,S011,2025-08-10,3,2,14.1
10155,S011,2025-08-10,6,1,15.4
10156,S011,2025-08-10,9,13,23.2
10157,S011,2025-08-10,12,6,12.6
10158,S011,2025-08-10,15,5,16.9
10159,S011,2025-08-10,18,13,27.0
10160,S011,2025-08-10,21,3,18.6
10161,S011,2025-05-20,0,1,11.5
10162,S011,2025-05-20,3,1,10.7
10163,S011,2025-05-20,6,2,17.9
10164,S011,2025-05-20,9,6,31.8
10165,S011,2025-05-20,12,2,13.9
10166,S011,2025-05-20,15,5,22.8
10167,S011,2025-05-20,18,4,38.4
10168,S011,2025-05-20,21,1,10.5
10169,S011,2025-01-23,0,0,11.6
10170,S011,2025-01-23,3,0,7.0
10171,S011,2025-01-23,6,1,15.7
10172,S011,2025-01-23,9,6,27.6
10173,S011,2025-01-23,12,3,16.8
10174,S011,2025-01-23,15,1,18.1
10175,S011,2025-01-23,18,6,25.6
10176,S011,2025-01-23,21,4,18.8
10177,S011,2025-09-02,0,0,5.4
10178,S011,2025-09-02,3,1,13.6
10179,S011,2025-09-02,6,2,15.0
10180,S011,2025-09-02,9,2,30.5
10181,S011,2025-09-02,12,1,18.9
10182,S011,2025-09-02,15,1,19.1
10183,S011,2025-09-02,18,6,30.8
10184,S011,2025-09-02,21,4,18.1
10185,S011,2025-12-15,0,0,2.7
10186,S011,2025-12-15,3,0,4.5
10187,S011,2025-12-15,6,1,10.7
10188,S011,2025-12-15,9,8,26.4
10189,S011,2025-12-15,12,2,19.5
10190,S011,2025-12-15,15,3,17.7
10191,S011,2025-12-15,18,4,26.1
10192,S011,2025-12-15,21,2,14.5
10193,S011,2025-10-12,0,0,2.6
10194,S011,2025-10-12,3,0,8.3
10195,S011,2025-10-12,6,2,19.7
10196,S011,2025-10-12,9,4,21.8
10197,S011,2025-10-12,12,0,24.6
10198,S011,2025-10-12,15,1,17.9
10199,S011,2025-10-12,18,8,28.7
10200,S011,2025-10-12,21,4,18.1
10201,S011,2025-08-28,0,0,9.7
10202,S011,2025-08-28,3,0,9.9
10203,S011,2025-08-28,6,2,10.0
10204,S011,2025-08-28,9,11,35.4
10205,S011,2025-08-28,12,5,16.4
10206,S011,2025-08-28,15,2,24.9
10207,S011,2025-08-28,18,10,31.6
10208,S011,2025-08-28,21,1,13.7
10209,S011,2025-06-09,0,1,6.5
10210,S011,2025-06-09,3,1,6.5
10211,S011,2025-06-09,6,1,14.0
10212,S011,2025-06-09,9,3,27.4
10213,S011,2025-06-09,12,1,12.3
10214,S011,2025-06-09,15,3,18.5
10215,S011,2025-06-09,18,4,29.4
10216,S011,2025-06-09,21,5,18.1
10217,S011,2025-05-10,0,0,5.7
10218,S011,2025-05-10,3,0,3.7
10219,S011,2025-05-10,6,1,14.1
10220,S011,2025-05-10,9,7,24.0
10221,S011,2025-05-10,12,5,14.9
10222,S011,2025-05-10,15,3,19.4
10223,S011,2025-05-10,18,4,28.4
10224,S011,2025-05-10,21,1,12.4
10225,S011,2025-08-22,0,0,1.9
10226,S011,2025-08-22,3,1,3.2
10227,S011,2025-08-22,6,3,17.2
10228,S011,2025-08-22,9,10,26.5
10229,S011,2025-08-22,12,5,11.2
10230,S011,2025-08-22,15,1,18.9
10231,S011,2025-08-22,18,7,28.0
10232,S011,2025-08-22,21,3,19.5
10233,S011,2025-10-15,0,0,8.6
10234,S011,2025-10-15,3,1,8.6
10235,S011,2025-10-15,6,1,16.9
10236,S011,2025-10-15,9,7,24.4
10237,S011,2025-10-15,12,3,15.1
10238,S011,2025-10-15,15,7,24.6
10239,S011,2025-10-15,18,2,26.4
10240,S011,2025-10-15,21,2,23.9
10241,S011,2025-02-09,0,0,6.2
10242,S011,2025-02-09,3,0,2.8
10243,S011,2025-02-09,6,1,13.8
10244,S011,2025-02-09,9,5,29.2
10245,S011,2025-02-09,12,6,26.8
10246,S011,2025-02-09,15,1,16.9
10247,S011,2025-02-09,18,3,33.9
10248,S011,2025-02-09,21,4,20.7
10249,S011,2025-12-24,0,1,7.8
10250,S011,2025-12-24,3,1,4.7
10251,S011,2025-12-24,6,1,13.4
10252,S011,2025-12-24,9,7,23.9
10253,S011,2025-12-24,12,2,22.2
10254,S011,2025-12-24,15,5,20.2
10255,S011,2025-12-24,18,6,27.6
10256,S011,2025-12-24,21,5,25.9
10257,S011,2025-11-08,0,0,9.4
10258,S011,2025-11-08,3,0,4.8
10259,S011,2025-11-08,6,2,18.3
10260,S011,2025-11-08,9,7,27.2
10261,S011,2025-11-08,12,3,14.5
10262,S011,2025-11-08,15,5,19.5
10263,S011,2025-11-08,18,13,32.7
10264,S011,2025-11-08,21,3,15.1
10265,S011,2025-07-04,0,1,6.7
10266,S011,2025-07-04,3,0,4.8
10267,S011,2025-07-04,6,1,18.4
10268,S011,2025-07-04,9,9,27.1
10269,S011,2025-07-04,12,2,16.3
10270,S011,2025-07-04,15,7,16.9
10271,S011,2025-07-04,18,4,31.9
10272,S011,2025-07-04,21,3,21.5
10273,S011,2025-04-08,0,1,3.3
10274,S011,2025-04-08,3,0,6.8
10275,S011,2025-04-08,6,5,12.3
10276,S011,2025-04-08,9,7,24.5
10277,S011,2025-04-08,12,3,14.4
10278,S011,2025-04-08,15,8,19.8
10279,S011,2025-04-08,18,8,36.1
10280,S011,2025-04-08,21,3,22.1
10281,S011,2025-01-10,0,1,0.0
10282,S011,2025-01-10,3,0,7.6
10283,S011,2025-01-10,6,1,8.9
10284,S011,2025-01-10,9,3,26.5
10285,S011,2025-01-10,12,2,22.9
10286,S011,2025-01-10,15,5,13.8
10287,S011,2025-01-10,18,7,28.0
10288,S011,2025-01-10,21,3,17.1
10289,S011,2025-04-04,0,1,6.1
10290,S011,2025-04-04,3,1,2.2
10291,S011,2025-04-04,6,5,11.7
10292,S011,2025-04-04,9,5,21.8
10293,S011,2025-04-04,12,5,10.0
10294,S011,2025-04-04,15,3,10.3
10295,S011,2025-04-04,18,3,32.5
10296,S011,2025-04-04,21,4,17.3
10297,S011,2025-09-19,0,0,3.5
10298,S011,2025-09-19,3,1,11.1
10299,S011,2025-09-19,6,1,14.9
10300,S011,2025-09-19,9,5,33.1
10301,S011,2025-09-19,12,2,17.2
10302,S011,2025-09-19,15,1,18.6
10303,S011,2025-09-19,18,2,28.6
10304,S011,2025-09-19,21,2,21.0
10305,S011,2025-04-23,0,2,8.4
10306,S011,2025-04-23,3,1,8.1
10307,S011,2025-04-23,6,1,19.0
10308,S011,2025-04-23,9,4,22.4
10309,S011,2025-04-23,12,3,19.4
10310,S011,2025-04-23,15,3,25.5
10311,S011,2025-04-23,18,10,28.9
10312,S011,2025-04-23,21,6,14.8
10313,S011,2025-11-07,0,0,1.8
10314,S011,2025-11-07,3,1,0.0
10315,S011,2025-11-07,6,1,15.8
10316,S011,2025-11-07,9,7,21.5
10317,S011,2025-11-07,12,7,17.9
10318,S011,2025-11-07,15,2,22.4
10319,S011,2025-11-07,18,1,27.4
10320,S011,2025-11-07,21,2,20.3
10321,S011,2025-09-13,0,0,4.2
10322,S011,2025-09-13,3,0,8.4
10323,S011,2025-09-13,6,4,28.1
10324,S011,2025-09-13,9,6,26.5
10325,S011,2025-09-13,12,1,16.2
10326,S011,2025-09-13,15,4,11.7
10327,S011,2025-09-13,18,11,25.8
10328,S011,2025-09-13,21,1,13.4
10329,S011,2025-09-10,0,0,7.4
10330,S011,2025-09-10,3,0,11.8
10331,S011,2025-09-10,6,2,19.7
10332,S011,2025-09-10,9,6,26.1
10333,S011,2025-09-10,12,3,21.0
10334,S011,2025-09-10,15,6,17.5
10335,S011,2025-09-10,18,4,32.7
10336,S011,2025-09-10,21,3,17.5
10337,S011,2025-06-03,0,0,8.3
10338,S011,2025-06-03,3,1,7.3
10339,S011,2025-06-03,6,0,17.7
10340,S011,2025-06-03,9,3,29.1
10341,S011,2025-06-03,12,1,15.8
10342,S011,2025-06-03,15,2,22.0
10343,S011,2025-06-03,18,5,30.8
10344,S011,2025-06-03,21,0,18.7
10345,S011,2025-06-01,0,3,3.1
10346,S011,2025-06-01,3,1,4.4
10347,S011,2025-06-01,6,5,15.1
10348,S011,2025-06-01,9,5,31.3
10349,S011,2025-06-01,12,2,15.0
10350,S011,2025-06-01,15,6,14.8
10351,S011,2025-06-01,18,6,29.9
10352,S011,2025-06-01,21,4,19.1
10353,S011,2025-03-20,0,0,5.8
10354,S011,2025-03-20,3,1,4.9
10355,S011,2025-03-20,6,3,20.4
10356,S011,2025-03-20,9,4,19.5
10357,S011,2025-03-20,12,4,19.2
10358,S011,2025-03-20,15,3,19.3
10359,S011,2025-03-20,18,6,31.8
10360,S011,2025-03-20,21,5,21.4
10361,S011,2025-12-12,0,0,10.5
10362,S011,2025-12-12,3,1,6.7
10363,S011,2025-12-12,6,1,16.3
10364,S011,2025-12-12,9,8,26.9
10365,S011,2025-12-12,12,4,15.0
10366,S011,2025-12-12,15,3,21.0
10367,S011,2025-12-12,18,3,28.4
10368,S011,2025-12-12,21,4,12.7
10369,S011,2025-05-31,0,0,3.6
10370,S011,2025-05-31,3,1,4.9
10371,S011,2025-05-31,6,5,14.6
10372,S011,2025-05-31,9,7,31.2
10373,S011,2025-05-31,12,3,21.4
10374,S011,2025-05-31,15,2,20.8
10375,S011,2025-05-31,18,8,25.0
10376,S011,2025-05-31,21,1,19.1
10377,S011,2025-08-26,0,0,11.5
10378,S011,2025-08-26,3,0,5.7
10379,S011,2025-08-26,6,3,12.8
10380,S011,2025-08-26,9,5,28.2
10381,S011,2025-08-26,12,7,13.2
10382,S011,2025-08-26,15,2,23.7
10383,S011,2025-08-26,18,3,25.6
10384,S011,2025-08-26,21,5,25.7
10385,S011,2025-04-09,0,0,15.0
10386,S011,2025-04-09,3,1,6.1
10387,S011,2025-04-09,6,2,17.5
10388,S011,2025-04-09,9,6,33.4
10389,S011,2025-04-09,12,5,12.4
10390,S011,2025-04-09,15,4,25.3
10391,S011,2025-04-09,18,7,27.3
10392,S011,2025-04-09,21,5,14.5
10393,S011,2025-12-05,0,1,9.3
10394,S011,2025-12-05,3,0,9.2
10395,S011,2025-12-05,6,5,18.6
10396,S011,2025-12-05,9,7,33.6
10397,S011,2025-12-05,12,3,22.1
10398,S011,2025-12-05,15,4,20.9
10399,S011,2025-12-05,18,9,33.4
10400,S011,2025-12-05,21,5,17.9
10401,S011,2025-01-11,0,0,2.5
10402,S011,2025-01-11,3,1,4.1
10403,S011,2025-01-11,6,2,12.1
10404,S011,2025-01-11,9,4,28.6
10405,S011,2025-01-11,12,6,15.7
10406,S011,2025-01-11,15,2,21.2
10407,S011,2025-01-11,18,8,24.3
10408,S011,2025-01-11,21,6,17.1
10409,S011,2025-10-14,0,0,7.0
10410,S011,2025-10-14,3,0,1.9
10411,S011,2025-10-14,6,0,11.3
10412,S011,2025-10-14,9,2,28.8
10413,S011,2025-10-14,12,4,18.6
10414,S011,2025-10-14,15,2,19.7
10415,S011,2025-10-14,18,1,28.0
10416,S011,2025-10-14,21,4,13.0
10417,S011,2025-05-13,0,2,7.5
10418,S011,2025-05-13,3,0,2.1
10419,S011,2025-05-13,6,4,15.2
10420,S011,2025-05-13,9,4,28.1
10421,S011,2025-05-13,12,5,12.3
10422,S011,2025-05-13,15,4,19.1
10423,S011,2025-05-13,18,8,29.1
10424,S011,2025-05-13,21,4,17.9
10425,S011,2025-12-18,0,1,11.5
10426,S011,2025-12-18,3,0,0.0
10427,S011,2025-12-18,6,3,13.5
10428,S011,2025-12-18,9,7,23.6
10429,S011,2025-12-18,12,4,14.2
10430,S011,2025-12-18,15,1,18.5
10431,S011,2025-12-18,18,7,28.5
10432,S011,2025-12-18,21,6,16.5
10433,S011,2025-07-20,0,0,5.6
10434,S011,2025-07-20,3,0,4.2
10435,S011,2025-07-20,6,3,19.8
10436,S011,2025-07-20,9,5,34.9
10437,S011,2025-07-20,12,4,21.4
10438,S011,2025-07-20,15,8,17.1
10439,S011,2025-07-20,18,11,26.7
10440,S011,2025-07-20,21,4,23.3
10441,S011,2025-01-13,0,0,9.6
10442,S011,2025-01-13,3,0,4.6
10443,S011,2025-01-13,6,2,17.1
10444,S011,2025-01-13,9,10,28.3
10445,S011,2025-01-13,12,5,19.2
10446,S011,2025-01-13,15,1,18.6
10447,S011,2025-01-13,18,6,24.4
10448,S011,2025-01-13,21,2,17.9
10449,S011,2025-10-18,0,0,7.3
10450,S011,2025-10-18,3,1,3.7
10451,S011,2025-10-18,6,1,13.2
10452,S011,2025-10-18,9,3,29.4
10453,S011,2025-10-18,12,4,22.9
10454,S011,2025-10-18,15,5,19.5
10455,S011,2025-10-18,18,7,32.6
10456,S011,2025-10-18,21,1,21.8
10457,S011,2025-09-22,0,1,4.9
10458,S011,2025-09-22,3,0,6.9
10459,S011,2025-09-22,6,1,17.3
10460,S011,2025-09-22,9,3,20.0
10461,S011,2025-09-22,12,5,14.5
10462,S011,2025-09-22,15,4,16.9
10463,S011,2025-09-22,18,4,23.0
10464,S011,2025-09-22,21,4,16.1
10465,S011,2025-05-28,0,1,3.8
10466,S011,2025-05-28,3,1,4.3
10467,S011,2025-05-28,6,2,12.5
10468,S011,2025-05-28,9,10,29.3
10469,S011,2025-05-28,12,0,18.9
10470,S011,2025-05-28,15,2,26.7
10471,S011,2025-05-28,18,6,27.7
10472,S011,2025-05-28,21,6,14.2
10473,S011,2025-04-30,0,0,9.6
10474,S011,2025-04-30,3,0,8.2
10475,S011,2025-04-30,6,1,17.5
10476,S011,2025-04-30,9,5,18.6
10477,S011,2025-04-30,12,5,27.3
10478,S011,2025-04-30,15,1,17.1
10479,S011,2025-04-30,18,3,25.6
10480,S011,2025-04-30,21,5,14.5
10481,S011,2025-06-20,0,2,5.7
10482,S011,2025-06-20,3,0,19.3
10483,S011,2025-06-20,6,0,15.8
10484,S011,2025-06-20,9,11,27.9
10485,S011,2025-06-20,12,3,18.1
10486,S011,2025-06-20,15,5,14.2
10487,S011,2025-06-20,18,12,23.4
10488,S011,2025-06-20,21,4,21.1
10489,S011,2025-07-03,0,2,1.9
10490,S011,2025-07-03,3,0,9.0
10491,S011,2025-07-03,6,1,25.6
10492,S011,2025-07-03,9,6,25.9
10493,S011,2025-07-03,12,5,19.5
10494,S011,2025-07-03,15,4,26.6
10495,S011,2025-07-03,18,5,29.1
10496,S011,2025-07-03,21,3,17.5
10497,S011,2025-01-22,0,1,9.6
10498,S011,2025-01-22,3,1,1.6
10499,S011,2025-01-22,6,5,13.4
10500,S011,2025-01-22,9,5,26.8
10501,S011,2025-01-22,12,4,18.5
10502,S011,2025-01-22,15,2,25.1
10503,S011,2025-01-22,18,6,28.4
10504,S011,2025-01-22,21,2,20.0
10505,S011,2025-04-25,0,0,10.3
10506,S011,2025-04-25,3,1,12.4
10507,S011,2025-04-25,6,1,17.4
10508,S011,2025-04-25,9,6,33.5
10509,S011,2025-04-25,12,3,15.6
10510,S011,2025-04-25,15,5,27.1
10511,S011,2025-04-25,18,5,32.4
10512,S011,2025-04-25,21,3,20.4
10513,S011,2025-05-18,0,1,8.1
10514,S011,2025-05-18,3,1,6.4
10515,S011,2025-05-18,6,0,15.0
10516,S011,2025-05-18,9,3,27.4
10517,S011,2025-05-18,12,3,20.2
10518,S011,2025-05-18,15,7,17.1
10519,S011,2025-05-18,18,9,35.8
10520,S011,2025-05-18,21,5,16.6
10521,S011,2025-11-09,0,1,10.4
10522,S011,2025-11-09,3,2,12.4
10523,S011,2025-11-09,6,1,8.9
10524,S011,2025-11-09,9,9,23.9
10525,S011,2025-11-09,12,4,21.8
10526,S011,2025-11-09,15,2,20.7
10527,S011,2025-11-09,18,2,29.6
10528,S011,2025-11-09,21,1,9.3
10529,S011,2025-01-09,0,0,11.0
10530,S011,2025-01-09,3,0,11.4
10531,S011,2025-01-09,6,4,20.0
10532,S011,2025-01-09,9,5,30.3
10533,S011,2025-01-09,12,1,17.1
10534,S011,2025-01-09,15,7,21.7
10535,S011,2025-01-09,18,9,29.4
10536,S011,2025-01-09,21,2,11.0
10537,S011,2025-12-14,0,0,11.0
10538,S011,2025-12-14,3,0,1.8
10539,S011,2025-12-14,6,3,12.6
10540,S011,2025-12-14,9,5,22.6
10541,S011,2025-12-14,12,4,12.7
10542,S011,2025-12-14,15,8,30.2
10543,S011,2025-12-14,18,3,36.8
10544,S011,2025-12-14,21,2,15.1
10545,S011,2025-11-11,0,0,11.5
10546,S011,2025-11-11,3,1,4.1
10547,S011,2025-11-11,6,1,16.5
10548,S011,2025-11-11,9,4,28.7
10549,S011,2025-11-11,12,5,16.2
10550,S011,2025-11-11,15,4,24.8
10551,S011,2025-11-11,18,6,25.8
10552,S011,2025-11-11,21,1,17.0
10553,S011,2025-03-06,0,2,15.1
10554,S011,2025-03-06,3,0,9.7
10555,S011,2025-03-06,6,4,15.7
10556,S011,2025-03-06,9,8,24.2
10557,S011,2025-03-06,12,3,15.1
10558,S011,2025-03-06,15,1,18.2
10559,S011,2025-03-06,18,4,37.1
10560,S011,2025-03-06,21,7,19.5
10561,S012,2025-11-10,0,1,14.5
10562,S012,2025-11-10,3,1,6.2
10563,S012,2025-11-10,6,2,10.0
10564,S012,2025-11-10,9,6,25.7
10565,S012,2025-11-10,12,2,14.8
10566,S012,2025-11-10,15,3,22.2
10567,S012,2025-11-10,18,5,29.6
10568,S012,2025-11-10,21,2,23.9
10569,S012,2025-04-23,0,0,14.3
10570,S012,2025-04-23,3,2,9.5
10571,S012,2025-04-23,6,4,23.1
10572,S012,2025-04-23,9,3,25.7
10573,S012,2025-04-23,12,2,20.0
10574,S012,2025-04-23,15,4,20.3
10575,S012,2025-04-23,18,4,35.9
10576,S012,2025-04-23,21,3,19.1
10577,S012,2025-11-21,0,0,9.9
10578,S012,2025-11-21,3,0,5.2
10579,S012,2025-11-21,6,2,13.4
10580,S012,2025-11-21,9,2,25.1
10581,S012,2025-11-21,12,3,15.5
10582,S012,2025-11-21,15,2,22.0
10583,S012,2025-11-21,18,4,31.3
10584,S012,2025-11-21,21,5,18.3
10585,S012,2025-07-25,0,1,10.1
10586,S012,2025-07-25,3,0,7.5
10587,S012,2025-07-25,6,1,18.0
10588,S012,2025-07-25,9,4,35.3
10589,S012,2025-07-25,12,0,14.3
10590,S012,2025-07-25,15,4,15.8
10591,S012,2025-07-25,18,5,30.2
10592,S012,2025-07-25,21,1,19.4
10593,S012,2025-04-18,0,0,7.6
10594,S012,2025-04-18,3,1,8.4
10595,S012,2025-04-18,6,5,18.7
10596,S012,2025-04-18,9,6,29.0
10597,S012,2025-04-18,12,2,21.6
10598,S012,2025-04-18,15,4,17.4
10599,S012,2025-04-18,18,5,23.1
10600,S012,2025-04-18,21,4,20.5
10601,S012,2025-06-01,0,1,7.9
10602,S012,2025-06-01,3,0,0.5
10603,S012,2025-06-01,6,5,12.3
10604,S012,2025-06-01,9,8,21.8
10605,S012,2025-06-01,12,1,15.4
10606,S012,2025-06-01,15,5,21.4
10607,S012,2025-06-01,18,5,35.4
10608,S012,2025-06-01,21,2,17.4
10609,S012,2025-04-10,0,0,4.6
10610,S012,2025-04-10,3,1,15.2
10611,S012,2025-04-10,6,3,18.9
10612,S012,2025-04-10,9,5,25.0
10613,S012,2025-04-10,12,2,13.3
10614,S012,2025-04-10,15,4,20.2
10615,S012,2025-04-10,18,7,26.6
10616,S012,2025-04-10,21,4,17.6
10617,S012,2025-01-22,0,0,5.6
10618,S012,2025-01-22,3,0,9.5
10619,S012,2025-01-22,6,1,11.8
10620,S012,2025-01-22,9,5,27.5
10621,S012,2025-01-22,12,2,15.9
10622,S012,2025-01-22,15,2,21.3
10623,S012,2025-01-22,18,9,37.5
10624,S012,2025-01-22,21,2,16.3
10625,S012,2025-07-12,0,0,6.5
10626,S012,2025-07-12,3,0,6.6
10627,S012,2025-07-12,6,5,13.4
10628,S012,2025-07-12,9,5,23.3
10629,S012,2025-07-12,12,3,14.3
10630,S012,2025-07-12,15,4,19.7
10631,S012,2025-07-12,18,8,35.2
10632,S012,2025-07-12,21,3,13.9
10633,S012,2025-07-04,0,0,12.7
10634,S012,2025-07-04,3,2,8.1
10635,S012,2025-07-04,6,3,14.5
10636,S012,2025-07-04,9,8,31.5
10637,S012,2025-07-04,12,5,17.5
10638,S012,2025-07-04,15,4,31.2
10639,S012,2025-07-04,18,7,30.6
10640,S012,2025-07-04,21,8,23.5
10641,S012,2025-10-29,0,2,7.6
10642,S012,2025-10-29,3,1,11.8
10643,S012,2025-10-29,6,2,24.0
10644,S012,2025-10-29,9,7,25.7
10645,S012,2025-10-29,12,3,16.8
10646,S012,2025-10-29,15,5,17.3
10647,S012,2025-10-29,18,3,26.6
10648,S012,2025-10-29,21,2,15.8
10649,S012,2025-12-01,0,0,12.1
10650,S012,2025-12-01,3,0,6.8
10651,S012,2025-12-01,6,2,9.9
10652,S012,2025-12-01,9,4,23.9
10653,S012,2025-12-01,12,3,16.0
10654,S012,2025-12-01,15,3,14.2
10655,S012,2025-12-01,18,10,25.3
10656,S012,2025-12-01,21,2,20.0
10657,S012,2025-06-03,0,0,10.4
10658,S012,2025-06-03,3,0,9.6
10659,S012,2025-06-03,6,3,22.0
10660,S012,2025-06-03,9,4,34.3
10661,S012,2025-06-03,12,8,13.3
10662,S012,2025-06-03,15,4,23.1
10663,S012,2025-06-03,18,3,33.2
10664,S012,2025-06-03,21,4,16.5
10665,S012,2025-01-15,0,2,5.7
10666,S012,2025-01-15,3,1,2.2
10667,S012,2025-01-15,6,2,7.9
10668,S012,2025-01-15,9,8,28.0
10669,S012,2025-01-15,12,1,18.4
10670,S012,2025-01-15,15,2,15.8
10671,S012,2025-01-15,18,8,32.0
10672,S012,2025-01-15,21,2,21.0
10673,S012,2025-09-21,0,0,9.1
10674,S012,2025-09-21,3,1,7.0
10675,S012,2025-09-21,6,1,13.7
10676,S012,2025-09-21,9,8,23.2
10677,S012,2025-09-21,12,4,8.8
10678,S012,2025-09-21,15,5,20.3
10679,S012,2025-09-21,18,5,33.0
10680,S012,2025-09-21,21,2,19.6
10681,S012,2025-11-20,0,2,4.2
10682,S012,2025-11-20,3,0,6.8
10683,S012,2025-11-20,6,1,15.0
10684,S012,2025-11-20,9,6,29.1
10685,S012,2025-11-20,12,4,20.8
10686,S012,2025-11-20,15,6,15.5
10687,S012,2025-11-20,18,5,30.8
10688,S012,2025-11-20,21,3,16.8
10689,S012,2025-04-15,0,3,6.8
10690,S012,2025-04-15,3,1,9.2
10691,S012,2025-04-15,6,2,16.9
10692,S012,2025-04-15,9,3,28.1
10693,S012,2025-04-15,12,5,12.2
10694,S012,2025-04-15,15,4,20.2
10695,S012,2025-04-15,18,3,39.8
10696,S012,2025-04-15,21,3,18.9
10697,S012,2025-01-13,0,0,11.7
10698,S012,2025-01-13,3,1,4.3
10699,S012,2025-01-13,6,2,16.3
10700,S012,2025-01-13,9,7,25.7
10701,S012,2025-01-13,12,3,13.1
10702,S012,2025-01-13,15,5,24.9
10703,S012,2025-01-13,18,8,32.1
10704,S012,2025-01-13,21,1,23.5
10705,S012,2025-01-27,0,1,8.0
10706,S012,2025-01-27,3,1,3.0
10707,S012,2025-01-27,6,6,11.4
10708,S012,2025-01-27,9,5,27.0
10709,S012,2025-01-27,12,1,18.9
10710,S012,2025-01-27,15,5,19.5
10711,S012,2025-01-27,18,5,34.9
10712,S012,2025-01-27,21,1,13.0
10713,S012,2025-02-04,0,0,5.6
10714,S012,2025-02-04,3,2,7.7
10715,S012,2025-02-04,6,0,13.8
10716,S012,2025-02-04,9,7,29.5
10717,S012,2025-02-04,12,6,18.2
10718,S012,2025-02-04,15,5,18.2
10719,S012,2025-02-04,18,0,29.0
10720,S012,2025-02-04,21,1,19.3
10721,S012,2025-11-16,0,1,1.3
10722,S012,2025-11-16,3,0,11.2
10723,S012,2025-11-16,6,3,19.4
10724,S012,2025-11-16,9,9,32.8
10725,S012,2025-11-16,12,3,20.2
10726,S012,2025-11-16,15,3,17.1
10727,S012,2025-11-16,18,8,32.7
10728,S012,2025-11-16,21,3,21.5
10729,S012,2025-10-04,0,0,8.1
10730,S012,2025-10-04,3,2,4.5
10731,S012,2025-10-04,6,3,16.4
10732,S012,2025-10-04,9,7,24.4
10733,S012,2025-10-04,12,5,21.1
10734,S012,2025-10-04,15,4,19.1
10735,S012,2025-10-04,18,10,25.2
10736,S012,2025-10-04,21,4,13.8
10737,S012,2025-06-12,0,1,5.6
10738,S012,2025-06-12,3,1,8.0
10739,S012,2025-06-12,6,2,5.9
10740,S012,2025-06-12,9,5,28.9
10741,S012,2025-06-12,12,4,14.5
10742,S012,2025-06-12,15,0,23.4
10743,S012,2025-06-12,18,6,32.0
10744,S012,2025-06-12,21,2,19.1
10745,S012,2025-05-19,0,1,2.9
10746,S012,2025-05-19,3,2,6.1
10747,S012,2025-05-19,6,0,16.4
10748,S012,2025-05-19,9,6,24.3
10749,S012,2025-05-19,12,3,13.0
10750,S012,2025-05-19,15,0,13.9
10751,S012,2025-05-19,18,8,31.8
10752,S012,2025-05-19,21,2,12.5
10753,S012,2025-11-17,0,1,6.9
10754,S012,2025-11-17,3,1,3.0
10755,S012,2025-11-17,6,0,8.1
10756,S012,2025-11-17,9,2,34.3
10757,S012,2025-11-17,12,3,18.4
10758,S012,2025-11-17,15,5,17.9
10759,S012,2025-11-17,18,7,34.8
10760,S012,2025-11-17,21,1,22.1
10761,S012,2025-12-05,0,0,13.3
10762,S012,2025-12-05,3,0,6.7
10763,S012,2025-12-05,6,0,15.4
10764,S012,2025-12-05,9,5,34.0
10765,S012,2025-12-05,12,0,18.5
10766,S012,2025-12-05,15,5,22.7
10767,S012,2025-12-05,18,2,32.5
10768,S012,2025-12-05,21,8,19.8
10769,S012,2025-03-11,0,0,6.5
10770,S012,2025-03-11,3,1,7.5
10771,S012,2025-03-11,6,1,15.2
10772,S012,2025-03-11,9,3,25.8
10773,S012,2025-03-11,12,0,16.1
10774,S012,2025-03-11,15,4,23.3
10775,S012,2025-03-11,18,8,31.5
10776,S012,2025-03-11,21,2,16.7
10777,S012,2025-09-06,0,0,5.5
10778,S012,2025-09-06,3,0,7.4
10779,S012,2025-09-06,6,4,15.6
10780,S012,2025-09-06,9,7,31.2
10781,S012,2025-09-06,12,2,14.4
10782,S012,2025-09-06,15,5,21.5
10783,S012,2025-09-06,18,5,30.1
10784,S012,2025-09-06,21,3,17.4
10785,S012,2025-01-28,0,3,10.2
10786,S012,2025-01-28,3,0,7.9
10787,S012,2025-01-28,6,2,9.8
10788,S012,2025-01-28,9,7,19.4
10789,S012,2025-01-28,12,2,14.4
10790,S012,2025-01-28,15,1,21.1
10791,S012,2025-01-28,18,5,31.5
10792,S012,2025-01-28,21,2,25.7
10793,S012,2025-10-06,0,1,10.9
10794,S012,2025-10-06,3,0,9.3
10795,S012,2025-10-06,6,1,15.6
10796,S012,2025-10-06,9,4,19.0
10797,S012,2025-10-06,12,2,13.4
10798,S012,2025-10-06,15,2,23.0
10799,S012,2025-10-06,18,8,28.2
10800,S012,2025-10-06,21,4,16.6
10801,S012,2025-07-28,0,2,9.3
10802,S012,2025-07-28,3,1,8.5
10803,S012,2025-07-28,6,3,19.0
10804,S012,2025-07-28,9,9,30.9
10805,S012,2025-07-28,12,2,22.9
10806,S012,2025-07-28,15,3,24.8
10807,S012,2025-07-28,18,9,26.0
10808,S012,2025-07-28,21,3,10.0
10809,S012,2025-06-09,0,2,8.0
10810,S012,2025-06-09,3,1,0.8
10811,S012,2025-06-09,6,1,15.2
10812,S012,2025-06-09,9,1,35.7
10813,S012,2025-06-09,12,4,17.6
10814,S012,2025-06-09,15,3,25.5
10815,S012,2025-06-09,18,10,26.7
10816,S012,2025-06-09,21,3,17.7
10817,S012,2025-06-22,0,0,16.6
10818,S012,2025-06-22,3,1,7.9
10819,S012,2025-06-22,6,3,17.4
10820,S012,2025-06-22,9,10,22.1
10821,S012,2025-06-22,12,5,23.4
10822,S012,2025-06-22,15,2,18.1
10823,S012,2025-06-22,18,7,34.5
10824,S012,2025-06-22,21,3,18.9
10825,S012,2025-03-22,0,1,6.4
10826,S012,2025-03-22,3,1,7.9
10827,S012,2025-03-22,6,5,17.0
10828,S012,2025-03-22,9,4,24.9
10829,S012,2025-03-22,12,4,18.0
10830,S012,2025-03-22,15,2,25.5
10831,S012,2025-03-22,18,6,28.8
10832,S012,2025-03-22,21,3,23.5
10833,S012,2025-11-06,0,2,10.4
10834,S012,2025-11-06,3,1,6.4
10835,S012,2025-11-06,6,4,21.8
10836,S012,2025-11-06,9,4,23.9
10837,S012,2025-11-06,12,5,21.3
10838,S012,2025-11-06,15,1,18.0
10839,S012,2025-11-06,18,8,31.9
10840,S012,2025-11-06,21,3,19.7
10841,S012,2025-09-20,0,0,0.0
10842,S012,2025-09-20,3,0,5.1
10843,S012,2025-09-20,6,3,19.2
10844,S012,2025-09-20,9,3,31.7
10845,S012,2025-09-20,12,3,11.6
10846,S012,2025-09-20,15,4,22.2
10847,S012,2025-09-20,18,4,28.2
10848,S012,2025-09-20,21,2,15.7
10849,S012,2025-10-10,0,1,12.4
10850,S012,2025-10-10,3,0,11.7
10851,S012,2025-10-10,6,3,20.1
10852,S012,2025-10-10,9,2,26.1
10853,S012,2025-10-10,12,2,18.9
10854,S012,2025-10-10,15,1,16.3
10855,S012,2025-10-10,18,2,29.0
10856,S012,2025-10-10,21,2,10.5
10857,S012,2025-09-27,0,0,3.1
10858,S012,2025-09-27,3,1,7.0
10859,S012,2025-09-27,6,3,16.9
10860,S012,2025-09-27,9,4,25.6
10861,S012,2025-09-27,12,5,19.0
10862,S012,2025-09-27,15,5,17.5
10863,S012,2025-09-27,18,3,33.9
10864,S012,2025-09-27,21,1,18.9
10865,S012,2025-11-03,0,1,15.5
10866,S012,2025-11-03,3,0,6.2
10867,S012,2025-11-03,6,3,17.2
10868,S012,2025-11-03,9,8,27.5
10869,S012,2025-11-03,12,3,9.9
10870,S012,2025-11-03,15,5,27.7
10871,S012,2025-11-03,18,7,28.2
10872,S012,2025-11-03,21,3,17.8
10873,S012,2025-05-04,0,2,10.3
10874,S012,2025-05-04,3,0,14.1
10875,S012,2025-05-04,6,1,16.1
10876,S012,2025-05-04,9,7,34.4
10877,S012,2025-05-04,12,1,17.3
10878,S012,2025-05-04,15,4,23.5
10879,S012,2025-05-04,18,6,27.4
10880,S012,2025-05-04,21,3,22.0
10881,S012,2025-07-19,0,0,5.9
10882,S012,2025-07-19,3,0,10.7
10883,S012,2025-07-19,6,6,16.1
10884,S012,2025-07-19,9,1,27.4
10885,S012,2025-07-19,12,3,9.5
10886,S012,2025-07-19,15,3,16.9
10887,S012,2025-07-19,18,7,31.8
10888,S012,2025-07-19,21,3,18.0
10889,S012,2025-09-30,0,1,5.9
10890,S012,2025-09-30,3,0,7.2
10891,S012,2025-09-30,6,3,14.1
10892,S012,2025-09-30,9,4,30.7
10893,S012,2025-09-30,12,6,17.2
10894,S012,2025-09-30,15,7,18.8
10895,S012,2025-09-30,18,7,32.0
10896,S012,2025-09-30,21,1,21.3
10897,S012,2025-09-22,0,0,0.4
10898,S012,2025-09-22,3,1,8.9
10899,S012,2025-09-22,6,3,11.9
10900,S012,2025-09-22,9,5,24.9
10901,S012,2025-09-22,12,3,15.7
10902,S012,2025-09-22,15,3,21.6
10903,S012,2025-09-22,18,6,38.9
10904,S012,2025-09-22,21,4,20.0
10905,S012,2025-08-10,0,1,6.7
10906,S012,2025-08-10,3,1,7.3
10907,S012,2025-08-10,6,4,16.7
10908,S012,2025-08-10,9,7,19.6
10909,S012,2025-08-10,12,1,17.1
10910,S012,2025-08-10,15,3,19.0
10911,S012,2025-08-10,18,7,34.2
10912,S012,2025-08-10,21,6,17.0
10913,S012,2025-03-31,0,0,8.7
10914,S012,2025-03-31,3,1,6.5
10915,S012,2025-03-31,6,1,16.5
10916,S012,2025-03-31,9,7,27.2
10917,S012,2025-03-31,12,3,18.2
10918,S012,2025-03-31,15,6,21.7
10919,S012,2025-03-31,18,12,31.3
10920,S012,2025-03-31,21,6,20.2
10921,S012,2025-10-21,0,0,7.1
10922,S012,2025-10-21,3,0,9.1
10923,S012,2025-10-21,6,2,18.8
10924,S012,2025-10-21,9,4,24.3
10925,S012,2025-10-21,12,1,18.5
10926,S012,2025-10-21,15,3,21.6
10927,S012,2025-10-21,18,7,31.4
10928,S012,2025-10-21,21,4,14.1
10929,S012,2025-05-06,0,0,3.1
10930,S012,2025-05-06,3,0,6.2
10931,S012,2025-05-06,6,2,12.5
10932,S012,2025-05-06,9,10,27.9
10933,S012,2025-05-06,12,1,21.8
10934,S012,2025-05-06,15,7,20.6
10935,S012,2025-05-06,18,4,31.4
10936,S012,2025-05-06,21,3,19.8
10937,S012,2025-05-31,0,2,4.3
10938,S012,2025-05-31,3,0,2.8
10939,S012,2025-05-31,6,3,13.5
10940,S012,2025-05-31,9,7,24.4
10941,S012,2025-05-31,12,6,15.6
10942,S012,2025-05-31,15,7,27.4
10943,S012,2025-05-31,18,2,31.6
10944,S012,2025-05-31,21,4,24.5
10945,S012,2025-04-04,0,0,9.3
10946,S012,2025-04-04,3,2,12.2
10947,S012,2025-04-04,6,3,17.1
10948,S012,2025-04-04,9,9,21.9
10949,S012,2025-04-04,12,4,13.2
10950,S012,2025-04-04,15,1,21.3
10951,S012,2025-04-04,18,13,25.7
10952,S012,2025-04-04,21,3,16.0
10953,S012,2025-02-03,0,0,1.7
10954,S012,2025-02-03,3,0,3.1
10955,S012,2025-02-03,6,3,11.5
10956,S012,2025-02-03,9,6,24.3
10957,S012,2025-02-03,12,1,14.3
10958,S012,2025-02-03,15,3,14.3
10959,S012,2025-02-03,18,6,33.4
10960,S012,2025-02-03,21,5,17.3
10961,S012,2025-01-08,0,0,7.2
10962,S012,2025-01-08,3,0,2.0
10963,S012,2025-01-08,6,1,16.9
10964,S012,2025-01-08,9,4,24.8
10965,S012,2025-01-08,12,6,10.0
10966,S012,2025-01-08,15,5,19.2
10967,S012,2025-01-08,18,3,34.6
10968,S012,2025-01-08,21,2,16.6
10969,S012,2025-08-15,0,0,14.8
10970,S012,2025-08-15,3,1,7.3
10971,S012,2025-08-15,6,2,13.5
10972,S012,2025-08-15,9,3,32.6
10973,S012,2025-08-15,12,2,18.6
10974,S012,2025-08-15,15,2,22.3
10975,S012,2025-08-15,18,3,30.8
10976,S012,2025-08-15,21,3,22.1
10977,S012,2025-06-24,0,0,9.0
10978,S012,2025-06-24,3,1,2.9
10979,S012,2025-06-24,6,1,10.4
10980,S012,2025-06-24,9,7,35.6
10981,S012,2025-06-24,12,4,15.2
10982,S012,2025-06-24,15,1,26.4
10983,S012,2025-06-24,18,1,30.5
10984,S012,2025-06-24,21,3,12.2
10985,S012,2025-12-07,0,0,7.7
10986,S012,2025-12-07,3,1,12.9
10987,S012,2025-12-07,6,0,15.7
10988,S012,2025-12-07,9,4,28.2
10989,S012,2025-12-07,12,5,12.0
10990,S012,2025-12-07,15,3,17.7
10991,S012,2025-12-07,18,4,35.5
10992,S012,2025-12-07,21,2,21.7
10993,S012,2025-09-25,0,0,5.4
10994,S012,2025-09-25,3,1,5.3
10995,S012,2025-09-25,6,0,13.5
10996,S012,2025-09-25,9,5,21.8
10997,S012,2025-09-25,12,5,15.1
10998,S012,2025-09-25,15,4,22.0
10999,S012,2025-09-25,18,8,32.2
11000,S012,2025-09-25,21,4,20.6
11001,S012,2025-10-22,0,0,10.8
11002,S012,2025-10-22,3,0,4.6
11003,S012,2025-10-22,6,1,8.5
11004,S012,2025-10-22,9,7,24.6
11005,S012,2025-10-22,12,3,15.1
11006,S012,2025-10-22,15,4,11.1
11007,S012,2025-10-22,18,1,33.6
11008,S012,2025-10-22,21,1,18.3
11009,S012,2025-08-03,0,0,9.7
11010,S012,2025-08-03,3,0,11.7
11011,S012,2025-08-03,6,4,15.4
11012,S012,2025-08-03,9,3,30.7
11013,S012,2025-08-03,12,4,15.5
11014,S012,2025-08-03,15,4,16.2
11015,S012,2025-08-03,18,6,28.8
11016,S012,2025-08-03,21,7,20.5
11017,S012,2025-06-04,0,0,10.2
11018,S012,2025-06-04,3,2,10.0
11019,S012,2025-06-04,6,5,14.0
11020,S012,2025-06-04,9,10,23.2
11021,S012,2025-06-04,12,1,21.0
11022,S012,2025-06-04,15,2,20.6
11023,S012,2025-06-04,18,9,24.1
11024,S012,2025-06-04,21,3,22.6
11025,S012,2025-07-31,0,1,7.1
11026,S012,2025-07-31,3,2,9.1
11027,S012,2025-07-31,6,0,9.3
11028,S012,2025-07-31,9,4,30.4
11029,S012,2025-07-31,12,5,11.6
11030,S012,2025-07-31,15,4,29.2
11031,S012,2025-07-31,18,5,33.1
11032,S012,2025-07-31,21,4,6.4
11033,S012,2025-10-27,0,0,6.9
11034,S012,2025-10-27,3,0,3.6
11035,S012,2025-10-27,6,0,21.9
11036,S012,2025-10-27,9,4,40.0
11037,S012,2025-10-27,12,2,19.7
11038,S012,2025-10-27,15,4,17.4
11039,S012,2025-10-27,18,7,24.4
11040,S012,2025-10-27,21,2,20.0
11041,S012,2025-12-26,0,0,8.2
11042,S012,2025-12-26,3,2,7.6
11043,S012,2025-12-26,6,2,11.5
11044,S012,2025-12-26,9,4,23.9
11045,S012,2025-12-26,12,1,14.5
11046,S012,2025-12-26,15,3,17.1
11047,S012,2025-12-26,18,11,29.8
11048,S012,2025-12-26,21,6,19.8
11049,S012,2025-05-21,0,1,3.5
11050,S012,2025-05-21,3,1,4.2
11051,S012,2025-05-21,6,1,15.9
11052,S012,2025-05-21,9,7,24.2
11053,S012,2025-05-21,12,3,15.9
11054,S012,2025-05-21,15,3,23.0
11055,S012,2025-05-21,18,11,31.2
11056,S012,2025-05-21,21,3,11.6
11057,S012,2025-12-31,0,0,4.6
11058,S012,2025-12-31,3,1,3.3
11059,S012,2025-12-31,6,2,9.3
11060,S012,2025-12-31,9,5,31.3
11061,S012,2025-12-31,12,5,23.8
11062,S012,2025-12-31,15,3,19.0
11063,S012,2025-12-31,18,3,36.1
11064,S012,2025-12-31,21,8,14.8
11065,S012,2025-07-07,0,1,2.9
11066,S012,2025-07-07,3,1,15.6
11067,S012,2025-07-07,6,0,20.1
11068,S012,2025-07-07,9,4,21.1
11069,S012,2025-07-07,12,4,23.8
11070,S012,2025-07-07,15,4,20.7
11071,S012,2025-07-07,18,6,33.2
11072,S012,2025-07-07,21,5,17.8
11073,S012,2025-12-22,0,1,13.0
11074,S012,2025-12-22,3,2,2.1
11075,S012,2025-12-22,6,3,18.3
11076,S012,2025-12-22,9,9,29.0
11077,S012,2025-12-22,12,4,15.6
11078,S012,2025-12-22,15,5,17.3
11079,S012,2025-12-22,18,10,29.0
11080,S012,2025-12-22,21,2,24.9
11081,S012,2025-06-17,0,1,13.9
11082,S012,2025-06-17,3,1,5.8
11083,S012,2025-06-17,6,3,17.4
11084,S012,2025-06-17,9,7,27.2
11085,S012,2025-06-17,12,1,16.9
11086,S012,2025-06-17,15,6,15.7
11087,S012,2025-06-17,18,4,27.9
11088,S012,2025-06-17,21,2,13.2
11089,S012,2025-08-18,0,0,12.6
11090,S012,2025-08-18,3,1,9.9
11091,S012,2025-08-18,6,0,9.6
11092,S012,2025-08-18,9,2,22.5
11093,S012,2025-08-18,12,2,18.0
11094,S012,2025-08-18,15,3,25.1
11095,S012,2025-08-18,18,5,35.6
11096,S012,2025-08-18,21,2,15.8
11097,S012,2025-10-25,0,0,7.3
11098,S012,2025-10-25,3,0,2.7
11099,S012,2025-10-25,6,2,9.9
11100,S012,2025-10-25,9,4,28.1
11101,S012,2025-10-25,12,2,14.0
11102,S012,2025-10-25,15,1,20.4
11103,S012,2025-10-25,18,12,32.2
11104,S012,2025-10-25,21,1,20.5
11105,S012,2025-03-13,0,2,13.6
11106,S012,2025-03-13,3,1,6.0
11107,S012,2025-03-13,6,3,13.7
11108,S012,2025-03-13,9,8,18.7
11109,S012,2025-03-13,12,3,14.6
11110,S012,2025-03-13,15,3,23.1
11111,S012,2025-03-13,18,10,28.0
11112,S012,2025-03-13,21,2,23.7
11113,S012,2025-12-18,0,0,9.1
11114,S012,2025-12-18,3,0,9.6
11115,S012,2025-12-18,6,5,11.0
11116,S012,2025-12-18,9,6,24.8
11117,S012,2025-12-18,12,4,10.1
11118,S012,2025-12-18,15,5,22.5
11119,S012,2025-12-18,18,8,31.6
11120,S012,2025-12-18,21,3,19.1
11121,S012,2025-08-21,0,1,10.7
11122,S012,2025-08-21,3,2,4.7
11123,S012,2025-08-21,6,2,9.8
11124,S012,2025-08-21,9,2,29.1
11125,S012,2025-08-21,12,1,17.1
11126,S012,2025-08-21,15,2,15.9
11127,S012,2025-08-21,18,14,23.9
11128,S012,2025-08-21,21,1,26.3
11129,S012,2025-08-17,0,1,14.4
11130,S012,2025-08-17,3,0,0.4
11131,S012,2025-08-17,6,2,22.6
11132,S012,2025-08-17,9,2,17.7
11133,S012,2025-08-17,12,1,17.0
11134,S012,2025-08-17,15,2,20.7
11135,S012,2025-08-17,18,1,33.7
11136,S012,2025-08-17,21,2,16.7
11137,S012,2025-11-23,0,0,5.8
11138,S012,2025-11-23,3,1,17.9
11139,S012,2025-11-23,6,1,14.5
11140,S012,2025-11-23,9,6,18.0
11141,S012,2025-11-23,12,1,12.6
11142,S012,2025-11-23,15,8,26.0
11143,S012,2025-11-23,18,6,27.1
11144,S012,2025-11-23,21,2,22.2
11145,S012,2025-10-18,0,1,9.4
11146,S012,2025-10-18,3,0,6.4
11147,S012,2025-10-18,6,0,14.4
11148,S012,2025-10-18,9,6,27.3
11149,S012,2025-10-18,12,2,20.7
11150,S012,2025-10-18,15,3,23.5
11151,S012,2025-10-18,18,4,27.3
11152,S012,2025-10-18,21,4,17.2
11153,S012,2025-06-11,0,0,6.4
11154,S012,2025-06-11,3,2,9.3
11155,S012,2025-06-11,6,2,8.2
11156,S012,2025-06-11,9,5,25.3
11157,S012,2025-06-11,12,3,13.5
11158,S012,2025-06-11,15,2,17.0
11159,S012,2025-06-11,18,3,34.6
11160,S012,2025-06-11,21,2,21.5
11161,S012,2025-08-28,0,0,7.7
11162,S012,2025-08-28,3,1,0.0
11163,S012,2025-08-28,6,0,25.5
11164,S012,2025-08-28,9,8,31.7
11165,S012,2025-08-28,12,6,10.9
11166,S012,2025-08-28,15,6,20.3
11167,S012,2025-08-28,18,2,26.8
11168,S012,2025-08-28,21,5,18.6
11169,S012,2025-09-02,0,0,14.2
11170,S012,2025-09-02,3,1,8.5
11171,S012,2025-09-02,6,5,12.7
11172,S012,2025-09-02,9,2,34.5
11173,S012,2025-09-02,12,4,13.3
11174,S012,2025-09-02,15,1,24.3
11175,S012,2025-09-02,18,6,27.6
11176,S012,2025-09-02,21,3,17.9
11177,S012,2025-07-18,0,0,2.3
11178,S012,2025-07-18,3,0,14.2
11179,S012,2025-07-18,6,4,13.3
11180,S012,2025-07-18,9,6,30.6
11181,S012,2025-07-18,12,3,6.7
11182,S012,2025-07-18,15,6,21.3
11183,S012,2025-07-18,18,8,33.8
11184,S012,2025-07-18,21,4,11.4
11185,S012,2025-11-07,0,1,15.1
11186,S012,2025-11-07,3,0,0.0
11187,S012,2025-11-07,6,3,8.1
11188,S012,2025-11-07,9,4,23.5
11189,S012,2025-11-07,12,1,11.3
11190,S012,2025-11-07,15,4,20.1
11191,S012,2025-11-07,18,7,30.1
11192,S012,2025-11-07,21,0,21.4
11193,S012,2025-12-10,0,1,9.0
11194,S012,2025-12-10,3,0,6.1
11195,S012,2025-12-10,6,1,11.6
11196,S012,2025-12-10,9,8,27.6
11197,S012,2025-12-10,12,5,17.4
11198,S012,2025-12-10,15,2,20.3
11199,S012,2025-12-10,18,4,31.4
11200,S012,2025-12-10,21,4,28.1
11201,S012,2025-10-30,0,0,5.6
11202,S012,2025-10-30,3,0,6.0
11203,S012,2025-10-30,6,0,17.5
11204,S012,2025-10-30,9,5,30.7
11205,S012,2025-10-30,12,4,14.8
11206,S012,2025-10-30,15,4,24.3
11207,S012,2025-10-30,18,9,20.7
11208,S012,2025-10-30,21,3,19.3
11209,S012,2025-05-09,0,0,9.2
11210,S012,2025-05-09,3,0,4.3
11211,S012,2025-05-09,6,0,8.2
11212,S012,2025-05-09,9,7,19.6
11213,S012,2025-05-09,12,2,22.5
11214,S012,2025-05-09,15,1,23.6
11215,S012,2025-05-09,18,0,30.3
11216,S012,2025-05-09,21,3,21.3
11217,S012,2025-04-16,0,0,1.8
11218,S012,2025-04-16,3,0,4.0
11219,S012,2025-04-16,6,3,12.9
11220,S012,2025-04-16,9,4,25.8
11221,S012,2025-04-16,12,3,14.0
11222,S012,2025-04-16,15,5,27.7
11223,S012,2025-04-16,18,4,35.0
11224,S012,2025-04-16,21,4,16.5
11225,S012,2025-02-17,0,0,10.6
11226,S012,2025-02-17,3,1,6.9
11227,S012,2025-02-17,6,4,16.0
11228,S012,2025-02-17,9,2,31.1
11229,S012,2025-02-17,12,3,16.9
11230,S012,2025-02-17,15,4,23.3
11231,S012,2025-02-17,18,6,33.9
11232,S012,2025-02-17,21,2,15.7
11233,S012,2025-05-17,0,0,0.0
11234,S012,2025-05-17,3,0,10.7
11235,S012,2025-05-17,6,2,16.4
11236,S012,2025-05-17,9,7,22.3
11237,S012,2025-05-17,12,1,13.9
11238,S012,2025-05-17,15,1,18.9
11239,S012,2025-05-17,18,5,31.0
11240,S012,2025-05-17,21,2,18.6
11241,S012,2025-05-12,0,0,10.7
11242,S012,2025-05-12,3,1,10.6
11243,S012,2025-05-12,6,0,15.6
11244,S012,2025-05-12,9,7,26.3
11245,S012,2025-05-12,12,3,16.9
11246,S012,2025-05-12,15,4,25.9
11247,S012,2025-05-12,18,10,27.8
11248,S012,2025-05-12,21,1,17.3
11249,S012,2025-02-27,0,0,6.2
11250,S012,2025-02-27,3,0,6.8
11251,S012,2025-02-27,6,4,18.9
11252,S012,2025-02-27,9,11,29.6
11253,S012,2025-02-27,12,2,14.3
11254,S012,2025-02-27,15,1,19.3
11255,S012,2025-02-27,18,7,34.3
11256,S012,2025-02-27,21,1,15.6
11257,S012,2025-02-14,0,0,10.1
11258,S012,2025-02-14,3,1,10.7
11259,S012,2025-02-14,6,1,19.2
11260,S012,2025-02-14,9,3,30.1
11261,S012,2025-02-14,12,2,16.0
11262,S012,2025-02-14,15,2,21.7
11263,S012,2025-02-14,18,8,24.9
11264,S012,2025-02-14,21,3,16.8
11265,S012,2025-10-16,0,0,7.0
11266,S012,2025-10-16,3,0,3.1
11267,S012,2025-10-16,6,0,14.4
11268,S012,2025-10-16,9,8,29.4
11269,S012,2025-10-16,12,1,19.5
11270,S012,2025-10-16,15,4,20.5
11271,S012,2025-10-16,18,5,33.5
11272,S012,2025-10-16,21,4,12.4
11273,S012,2025-08-31,0,0,14.0
11274,S012,2025-08-31,3,0,7.9
11275,S012,2025-08-31,6,2,19.9
11276,S012,2025-08-31,9,7,23.3
11277,S012,2025-08-31,12,3,14.7
11278,S012,2025-08-31,15,2,21.6
11279,S012,2025-08-31,18,5,31.2
11280,S012,2025-08-31,21,2,14.5
11281,S012,2025-07-11,0,0,12.8
11282,S012,2025-07-11,3,0,8.1
11283,S012,2025-07-11,6,3,15.2
11284,S012,2025-07-11,9,9,30.0
11285,S012,2025-07-11,12,7,18.0
11286,S012,2025-07-11,15,2,27.0
11287,S012,2025-07-11,18,3,34.6
11288,S012,2025-07-11,21,6,19.4
11289,S012,2025-07-20,0,0,6.9
11290,S012,2025-07-20,3,0,3.0
11291,S012,2025-07-20,6,3,17.8
11292,S012,2025-07-20,9,1,28.9
11293,S012,2025-07-20,12,1,12.7
11294,S012,2025-07-20,15,2,23.7
11295,S012,2025-07-20,18,13,28.3
11296,S012,2025-07-20,21,4,13.7
11297,S012,2025-05-10,0,1,8.8
11298,S012,2025-05-10,3,0,10.4
11299,S012,2025-05-10,6,2,12.2
11300,S012,2025-05-10,9,4,26.0
11301,S012,2025-05-10,12,0,16.8
11302,S012,2025-05-10,15,4,15.3
11303,S012,2025-05-10,18,6,20.8
11304,S012,2025-05-10,21,5,22.4
11305,S012,2025-05-20,0,0,0.6
11306,S012,2025-05-20,3,0,3.3
11307,S012,2025-05-20,6,1,6.2
11308,S012,2025-05-20,9,2,30.4
11309,S012,2025-05-20,12,1,20.5
11310,S012,2025-05-20,15,5,20.5
11311,S012,2025-05-20,18,6,24.6
11312,S012,2025-05-20,21,4,17.3
11313,S012,2025-03-17,0,2,12.7
11314,S012,2025-03-17,3,0,6.5
11315,S012,2025-03-17,6,1,9.2
11316,S012,2025-03-17,9,6,35.0
11317,S012,2025-03-17,12,1,21.5
11318,S012,2025-03-17,15,4,21.9
11319,S012,2025-03-17,18,6,31.5
11320,S012,2025-03-17,21,3,19.6
11321,S012,2025-01-06,0,2,17.0
11322,S012,2025-01-06,3,3,4.2
11323,S012,2025-01-06,6,2,12.1
11324,S012,2025-01-06,9,7,30.8
11325,S012,2025-01-06,12,4,23.2
11326,S012,2025-01-06,15,3,14.0
11327,S012,2025-01-06,18,6,27.1
11328,S012,2025-01-06,21,4,12.4
11329,S012,2025-06-06,0,0,12.5
11330,S012,2025-06-06,3,0,9.5
11331,S012,2025-06-06,6,3,12.3
11332,S012,2025-06-06,9,6,22.6
11333,S012,2025-06-06,12,1,16.0
11334,S012,2025-06-06,15,4,25.7
11335,S012,2025-06-06,18,4,28.7
11336,S012,2025-06-06,21,2,20.8
11337,S012,2025-07-26,0,0,7.4
11338,S012,2025-07-26,3,0,10.6
11339,S012,2025-07-26,6,2,22.0
11340,S012,2025-07-26,9,5,24.4
11341,S012,2025-07-26,12,2,19.0
11342,S012,2025-07-26,15,5,23.8
11343,S012,2025-07-26,18,8,33.4
11344,S012,2025-07-26,21,2,14.7
11345,S012,2025-06-18,0,0,7.8
11346,S012,2025-06-18,3,0,7.7
11347,S012,2025-06-18,6,3,8.6
11348,S012,2025-06-18,9,5,22.5
11349,S012,2025-06-18,12,2,20.3
11350,S012,2025-06-18,15,5,20.1
11351,S012,2025-06-18,18,4,28.6
11352,S012,2025-06-18,21,1,16.5
11353,S012,2025-01-09,0,0,11.5
11354,S012,2025-01-09,3,0,6.6
11355,S012,2025-01-09,6,3,15.0
11356,S012,2025-01-09,9,6,22.4
11357,S012,2025-01-09,12,3,16.4
11358,S012,2025-01-09,15,4,18.0
11359,S012,2025-01-09,18,6,25.4
11360,S012,2025-01-09,21,3,18.1
11361,S012,2025-07-08,0,0,12.0
11362,S012,2025-07-08,3,0,14.4
11363,S012,2025-07-08,6,1,18.6
11364,S012,2025-07-08,9,6,28.7
11365,S012,2025-07-08,12,4,18.9
11366,S012,2025-07-08,15,3,23.4
11367,S012,2025-07-08,18,4,27.0
11368,S012,2025-07-08,21,0,22.1
11369,S012,2025-06-27,0,1,12.3
11370,S012,2025-06-27,3,0,8.5
11371,S012,2025-06-27,6,2,12.4
11372,S012,2025-06-27,9,8,26.7
11373,S012,2025-06-27,12,4,13.4
11374,S012,2025-06-27,15,3,19.1
11375,S012,2025-06-27,18,5,33.8
11376,S012,2025-06-27,21,2,24.4
11377,S012,2025-12-08,0,2,14.7
11378,S012,2025-12-08,3,1,12.1
11379,S012,2025-12-08,6,3,16.3
11380,S012,2025-12-08,9,7,29.0
11381,S012,2025-12-08,12,3,17.3
11382,S012,2025-12-08,15,4,19.8
11383,S012,2025-12-08,18,6,25.8
11384,S012,2025-12-08,21,2,19.4
11385,S012,2025-10-19,0,0,10.6
11386,S012,2025-10-19,3,0,9.1
11387,S012,2025-10-19,6,1,14.8
11388,S012,2025-10-19,9,7,28.3
11389,S012,2025-10-19,12,4,4.8
11390,S012,2025-10-19,15,5,20.9
11391,S012,2025-10-19,18,5,33.1
11392,S012,2025-10-19,21,2,16.9
11393,S012,2025-04-28,0,0,4.0
11394,S012,2025-04-28,3,1,0.0
11395,S012,2025-04-28,6,0,18.2
11396,S012,2025-04-28,9,3,32.3
11397,S012,2025-04-28,12,2,24.0
11398,S012,2025-04-28,15,6,23.1
11399,S012,2025-04-28,18,7,29.8
11400,S012,2025-04-28,21,2,15.7
11401,S012,2025-09-04,0,1,14.0
11402,S012,2025-09-04,3,0,3.1
11403,S012,2025-09-04,6,2,15.9
11404,S012,2025-09-04,9,7,24.0
11405,S012,2025-09-04,12,2,14.4
11406,S012,2025-09-04,15,2,25.5
11407,S012,2025-09-04,18,8,29.7
11408,S012,2025-09-04,21,3,21.5
11409,S012,2025-04-09,0,0,5.7
11410,S012,2025-04-09,3,1,4.8
11411,S012,2025-04-09,6,7,14.1
11412,S012,2025-04-09,9,6,31.1
11413,S012,2025-04-09,12,2,20.4
11414,S012,2025-04-09,15,4,16.0
11415,S012,2025-04-09,18,4,26.4
11416,S012,2025-04-09,21,2,26.7
11417,S012,2025-02-26,0,1,12.1
11418,S012,2025-02-26,3,1,6.6
11419,S012,2025-02-26,6,3,22.6
11420,S012,2025-02-26,9,8,31.6
11421,S012,2025-02-26,12,1,22.4
11422,S012,2025-02-26,15,2,16.1
11423,S012,2025-02-26,18,8,26.0
11424,S012,2025-02-26,21,7,15.3
11425,S012,2025-01-31,0,0,9.2
11426,S012,2025-01-31,3,2,15.5
11427,S012,2025-01-31,6,3,12.9
11428,S012,2025-01-31,9,7,36.5
11429,S012,2025-01-31,12,8,12.7
11430,S012,2025-01-31,15,2,23.0
11431,S012,2025-01-31,18,9,30.8
11432,S012,2025-01-31,21,3,11.4
11433,S012,2025-06-28,0,1,5.8
11434,S012,2025-06-28,3,0,6.7
11435,S012,2025-06-28,6,4,14.3
11436,S012,2025-06-28,9,7,23.0
11437,S012,2025-06-28,12,1,16.1
11438,S012,2025-06-28,15,3,21.2
11439,S012,2025-06-28,18,8,27.3
11440,S012,2025-06-28,21,2,20.6
11441,S012,2025-06-16,0,1,12.8
11442,S012,2025-06-16,3,1,5.3
11443,S012,2025-06-16,6,3,22.8
11444,S012,2025-06-16,9,10,22.8
11445,S012,2025-06-16,12,3,19.7
11446,S012,2025-06-16,15,8,18.9
11447,S012,2025-06-16,18,5,32.6
11448,S012,2025-06-16,21,6,5.5
11449,S012,2025-07-13,0,2,16.6
11450,S012,2025-07-13,3,1,6.6
11451,S012,2025-07-13,6,1,12.8
11452,S012,2025-07-13,9,8,25.4
11453,S012,2025-07-13,12,2,22.8
11454,S012,2025-07-13,15,1,26.7
11455,S012,2025-07-13,18,3,25.9
11456,S012,2025-07-13,21,1,15.7
11457,S012,2025-11-19,0,0,6.1
11458,S012,2025-11-19,3,1,13.5
11459,S012,2025-11-19,6,0,16.7
11460,S012,2025-11-19,9,4,27.8
11461,S012,2025-11-19,12,2,18.6
11462,S012,2025-11-19,15,2,21.0
11463,S012,2025-11-19,18,2,33.9
11464,S012,2025-11-19,21,4,13.6
11465,S012,2025-04-17,0,0,15.7
11466,S012,2025-04-17,3,1,4.8
11467,S012,2025-04-17,6,1,21.4
11468,S012,2025-04-17,9,9,24.4
11469,S012,2025-04-17,12,1,18.0
11470,S012,2025-04-17,15,1,20.0
11471,S012,2025-04-17,18,7,27.5
11472,S012,2025-04-17,21,2,21.0
11473,S012,2025-10-08,0,0,13.2
11474,S012,2025-10-08,3,0,6.1
11475,S012,2025-10-08,6,2,22.0
11476,S012,2025-10-08,9,3,29.8
11477,S012,2025-10-08,12,1,13.0
11478,S012,2025-10-08,15,6,25.2
11479,S012,2025-10-08,18,10,27.0
11480,S012,2025-10-08,21,4,13.4
11481,S012,2025-04-22,0,1,5.0
11482,S012,2025-04-22,3,2,12.6
11483,S012,2025-04-22,6,4,15.5
11484,S012,2025-04-22,9,7,22.3
11485,S012,2025-04-22,12,3,18.1
11486,S012,2025-04-22,15,4,21.1
11487,S012,2025-04-22,18,11,26.9
11488,S012,2025-04-22,21,3,19.1
11489,S012,2025-11-26,0,0,6.8
11490,S012,2025-11-26,3,0,8.7
11491,S012,2025-11-26,6,4,14.0
11492,S012,2025-11-26,9,5,31.3
11493,S012,2025-11-26,12,2,10.4
11494,S012,2025-11-26,15,1,11.8
11495,S012,2025-11-26,18,4,28.0
11496,S012,2025-11-26,21,3,12.3
11497,S012,2025-07-21,0,0,6.2
11498,S012,2025-07-21,3,2,5.1
11499,S012,2025-07-21,6,0,7.7
11500,S012,2025-07-21,9,11,26.6
11501,S012,2025-07-21,12,5,18.0
11502,S012,2025-07-21,15,4,29.9
11503,S012,2025-07-21,18,4,30.0
11504,S012,2025-07-21,21,3,17.5
11505,S012,2025-03-03,0,0,5.6
11506,S012,2025-03-03,3,0,4.7
11507,S012,2025-03-03,6,6,18.2
11508,S012,2025-03-03,9,5,20.8
11509,S012,2025-03-03,12,1,15.7
11510,S012,2025-03-03,15,1,19.4
11511,S012,2025-03-03,18,7,33.3
11512,S012,2025-03-03,21,3,19.5
11513,S012,2025-04-14,0,1,9.7
11514,S012,2025-04-14,3,0,8.7
11515,S012,2025-04-14,6,3,21.9
11516,S012,2025-04-14,9,4,28.6
11517,S012,2025-04-14,12,4,19.0
11518,S012,2025-04-14,15,4,22.1
11519,S012,2025-04-14,18,7,34.3
11520,S012,2025-04-14,21,3,15.0
11521,S013,2025-04-16,0,1,6.4
11522,S013,2025-04-16,3,1,8.1
11523,S013,2025-04-16,6,4,15.5
11524,S013,2025-04-16,9,4,30.6
11525,S013,2025-04-16,12,2,20.3
11526,S013,2025-04-16,15,7,21.0
11527,S013,2025-04-16,18,8,33.7
11528,S013,2025-04-16,21,2,18.7
11529,S013,2025-04-28,0,1,10.6
11530,S013,2025-04-28,3,0,2.6
11531,S013,2025-04-28,6,5,11.1
11532,S013,2025-04-28,9,10,30.9
11533,S013,2025-04-28,12,5,13.0
11534,S013,2025-04-28,15,4,18.6
11535,S013,2025-04-28,18,3,35.3
11536,S013,2025-04-28,21,5,14.4
11537,S013,2025-06-28,0,0,13.7
11538,S013,2025-06-28,3,0,10.4
11539,S013,2025-06-28,6,2,18.1
11540,S013,2025-06-28,9,4,30.5
11541,S013,2025-06-28,12,8,16.5
11542,S013,2025-06-28,15,9,21.5
11543,S013,2025-06-28,18,7,28.2
11544,S013,2025-06-28,21,6,19.8
11545,S013,2025-11-17,0,1,10.9
11546,S013,2025-11-17,3,0,4.1
11547,S013,2025-11-17,6,3,19.2
11548,S013,2025-11-17,9,4,24.6
11549,S013,2025-11-17,12,3,16.4
11550,S013,2025-11-17,15,5,15.1
11551,S013,2025-11-17,18,3,28.1
11552,S013,2025-11-17,21,2,9.9
11553,S013,2025-02-10,0,0,10.4
11554,S013,2025-02-10,3,0,6.0
11555,S013,2025-02-10,6,4,13.9
11556,S013,2025-02-10,9,8,29.0
11557,S013,2025-02-10,12,3,26.1
11558,S013,2025-02-10,15,3,23.1
11559,S013,2025-02-10,18,8,36.2
11560,S013,2025-02-10,21,2,17.9
11561,S013,2025-01-08,0,0,6.2
11562,S013,2025-01-08,3,1,9.1
11563,S013,2025-01-08,6,1,13.5
11564,S013,2025-01-08,9,7,34.3
11565,S013,2025-01-08,12,5,10.2
11566,S013,2025-01-08,15,2,19.7
11567,S013,2025-01-08,18,5,27.4
11568,S013,2025-01-08,21,4,20.0
11569,S013,2025-05-13,0,0,15.1
11570,S013,2025-05-13,3,1,3.3
11571,S013,2025-05-13,6,4,18.5
11572,S013,2025-05-13,9,4,27.7
11573,S013,2025-05-13,12,5,17.3
11574,S013,2025-05-13,15,2,22.8
11575,S013,2025-05-13,18,5,31.4
11576,S013,2025-05-13,21,3,17.6
11577,S013,2025-03-27,0,0,2.1
11578,S013,2025-03-27,3,1,8.9
11579,S013,2025-03-27,6,1,15.4
11580,S013,2025-03-27,9,9,25.0
11581,S013,2025-03-27,12,4,15.2
11582,S013,2025-03-27,15,3,18.9
11583,S013,2025-03-27,18,6,28.1
11584,S013,2025-03-27,21,0,7.8
11585,S013,2025-02-05,0,0,9.4
11586,S013,2025-02-05,3,0,4.2
11587,S013,2025-02-05,6,1,20.1
11588,S013,2025-02-05,9,2,24.9
11589,S013,2025-02-05,12,1,15.0
11590,S013,2025-02-05,15,3,22.2
11591,S013,2025-02-05,18,8,28.2
11592,S013,2025-02-05,21,4,9.8
11593,S013,2025-09-13,0,0,3.5
11594,S013,2025-09-13,3,1,5.7
11595,S013,2025-09-13,6,1,6.2
11596,S013,2025-09-13,9,4,27.9
11597,S013,2025-09-13,12,2,11.1
11598,S013,2025-09-13,15,6,18.3
11599,S013,2025-09-13,18,3,34.1
11600,S013,2025-09-13,21,6,14.3
11601,S013,2025-09-12,0,1,5.3
11602,S013,2025-09-12,3,0,1.5
11603,S013,2025-09-12,6,4,17.1
11604,S013,2025-09-12,9,2,27.5
11605,S013,2025-09-12,12,2,13.0
11606,S013,2025-09-12,15,2,15.0
11607,S013,2025-09-12,18,5,29.6
11608,S013,2025-09-12,21,4,19.1
11609,S013,2025-01-22,0,0,12.8
11610,S013,2025-01-22,3,0,13.5
11611,S013,2025-01-22,6,3,7.4
11612,S013,2025-01-22,9,9,21.2
11613,S013,2025-01-22,12,2,16.2
11614,S013,2025-01-22,15,4,17.2
11615,S013,2025-01-22,18,3,33.7
11616,S013,2025-01-22,21,0,26.8
11617,S013,2025-07-27,0,0,0.0
11618,S013,2025-07-27,3,1,3.9
11619,S013,2025-07-27,6,0,14.9
11620,S013,2025-07-27,9,6,36.5
11621,S013,2025-07-27,12,1,18.1
11622,S013,2025-07-27,15,4,21.4
11623,S013,2025-07-27,18,6,38.0
11624,S013,2025-07-27,21,4,27.9
11625,S013,2025-05-19,0,1,3.3
11626,S013,2025-05-19,3,2,4.2
11627,S013,2025-05-19,6,4,17.6
11628,S013,2025-05-19,9,6,29.7
11629,S013,2025-05-19,12,1,30.0
11630,S013,2025-05-19,15,3,9.8
11631,S013,2025-05-19,18,5,33.3
11632,S013,2025-05-19,21,3,18.7
11633,S013,2025-02-08,0,2,9.3
11634,S013,2025-02-08,3,0,2.7
11635,S013,2025-02-08,6,0,14.6
11636,S013,2025-02-08,9,7,29.0
11637,S013,2025-02-08,12,3,12.5
11638,S013,2025-02-08,15,3,13.9
11639,S013,2025-02-08,18,5,25.5
11640,S013,2025-02-08,21,4,16.0
11641,S013,2025-03-02,0,1,0.0
11642,S013,2025-03-02,3,0,1.1
11643,S013,2025-03-02,6,0,12.2
11644,S013,2025-03-02,9,7,31.0
11645,S013,2025-03-02,12,5,17.7
11646,S013,2025-03-02,15,6,14.5
11647,S013,2025-03-02,18,7,26.3
11648,S013,2025-03-02,21,1,21.5
11649,S013,2025-09-03,0,1,3.2
11650,S013,2025-09-03,3,1,12.0
11651,S013,2025-09-03,6,1,9.0
11652,S013,2025-09-03,9,8,29.8
11653,S013,2025-09-03,12,1,18.7
11654,S013,2025-09-03,15,1,23.6
11655,S013,2025-09-03,18,7,34.5
11656,S013,2025-09-03,21,5,14.9
11657,S013,2025-08-13,0,3,5.3
11658,S013,2025-08-13,3,0,7.7
11659,S013,2025-08-13,6,1,11.7
11660,S013,2025-08-13,9,3,33.4
11661,S013,2025-08-13,12,2,17.4
11662,S013,2025-08-13,15,4,24.5
11663,S013,2025-08-13,18,3,26.8
11664,S013,2025-08-13,21,1,22.3
11665,S013,2025-12-03,0,0,4.7
11666,S013,2025-12-03,3,1,9.5
11667,S013,2025-12-03,6,2,11.2
11668,S013,2025-12-03,9,9,29.3
11669,S013,2025-12-03,12,3,16.5
11670,S013,2025-12-03,15,4,26.2
11671,S013,2025-12-03,18,6,39.2
11672,S013,2025-12-03,21,4,19.6
11673,S013,2025-04-13,0,1,7.7
11674,S013,2025-04-13,3,0,14.5
11675,S013,2025-04-13,6,2,8.5
11676,S013,2025-04-13,9,4,29.5
11677,S013,2025-04-13,12,2,9.0
11678,S013,2025-04-13,15,1,25.2
11679,S013,2025-04-13,18,3,35.4
11680,S013,2025-04-13,21,5,20.9
11681,S013,2025-01-16,0,1,7.6
11682,S013,2025-01-16,3,0,4.0
11683,S013,2025-01-16,6,2,17.9
11684,S013,2025-01-16,9,3,20.7
11685,S013,2025-01-16,12,1,18.8
11686,S013,2025-01-16,15,2,17.6
11687,S013,2025-01-16,18,8,27.7
11688,S013,2025-01-16,21,1,16.8
11689,S013,2025-06-09,0,1,6.6
11690,S013,2025-06-09,3,1,6.3
11691,S013,2025-06-09,6,3,5.0
11692,S013,2025-06-09,9,3,23.4
11693,S013,2025-06-09,12,0,21.9
11694,S013,2025-06-09,15,2,16.4
11695,S013,2025-06-09,18,5,36.1
11696,S013,2025-06-09,21,1,14.9
11697,S013,2025-01-12,0,2,9.7
11698,S013,2025-01-12,3,0,4.6
11699,S013,2025-01-12,6,3,9.0
11700,S013,2025-01-12,9,3,25.9
11701,S013,2025-01-12,12,3,15.8
11702,S013,2025-01-12,15,2,21.8
11703,S013,2025-01-12,18,5,28.7
11704,S013,2025-01-12,21,3,19.3
11705,S013,2025-05-27,0,1,0.0
11706,S013,2025-05-27,3,0,6.6
11707,S013,2025-05-27,6,4,19.8
11708,S013,2025-05-27,9,4,26.7
11709,S013,2025-05-27,12,3,20.6
11710,S013,2025-05-27,15,6,19.9
11711,S013,2025-05-27,18,9,31.0
11712,S013,2025-05-27,21,4,24.7
11713,S013,2025-09-16,0,1,3.9
11714,S013,2025-09-16,3,1,11.2
11715,S013,2025-09-16,6,8,5.9
11716,S013,2025-09-16,9,2,24.6
11717,S013,2025-09-16,12,2,17.0
11718,S013,2025-09-16,15,1,20.0
11719,S013,2025-09-16,18,7,22.4
11720,S013,2025-09-16,21,2,18.4
11721,S013,2025-09-22,0,1,9.0
11722,S013,2025-09-22,3,1,8.1
11723,S013,2025-09-22,6,1,9.4
11724,S013,2025-09-22,9,3,23.2
11725,S013,2025-09-22,12,5,19.0
11726,S013,2025-09-22,15,2,16.2
11727,S013,2025-09-22,18,11,19.0
11728,S013,2025-09-22,21,4,18.3
11729,S013,2025-10-11,0,0,12.7
11730,S013,2025-10-11,3,1,11.7
11731,S013,2025-10-11,6,2,18.0
11732,S013,2025-10-11,9,5,29.7
11733,S013,2025-10-11,12,2,14.7
11734,S013,2025-10-11,15,1,16.9
11735,S013,2025-10-11,18,11,30.1
11736,S013,2025-10-11,21,1,22.6
11737,S013,2025-11-28,0,0,0.0
11738,S013,2025-11-28,3,0,11.6
11739,S013,2025-11-28,6,5,12.6
11740,S013,2025-11-28,9,7,31.8
11741,S013,2025-11-28,12,2,11.6
11742,S013,2025-11-28,15,8,21.9
11743,S013,2025-11-28,18,8,21.9
11744,S013,2025-11-28,21,2,17.3
11745,S013,2025-06-21,0,1,13.2
11746,S013,2025-06-21,3,1,1.8
11747,S013,2025-06-21,6,4,7.1
11748,S013,2025-06-21,9,2,33.6
11749,S013,2025-06-21,12,4,16.4
11750,S013,2025-06-21,15,3,18.4
11751,S013,2025-06-21,18,8,28.6
11752,S013,2025-06-21,21,3,16.5
11753,S013,2025-03-23,0,0,13.3
11754,S013,2025-03-23,3,0,5.0
11755,S013,2025-03-23,6,2,9.5
11756,S013,2025-03-23,9,4,31.2
11757,S013,2025-03-23,12,4,20.3
11758,S013,2025-03-23,15,2,21.8
11759,S013,2025-03-23,18,8,33.6
11760,S013,2025-03-23,21,5,18.8
11761,S013,2025-01-28,0,0,11.2
11762,S013,2025-01-28,3,0,10.8
11763,S013,2025-01-28,6,1,16.0
11764,S013,2025-01-28,9,8,27.9
11765,S013,2025-01-28,12,6,15.2
11766,S013,2025-01-28,15,3,21.1
11767,S013,2025-01-28,18,4,30.6
11768,S013,2025-01-28,21,5,15.8
11769,S013,2025-07-19,0,1,6.5
11770,S013,2025-07-19,3,2,6.3
11771,S013,2025-07-19,6,1,10.7
11772,S013,2025-07-19,9,5,19.7
11773,S013,2025-07-19,12,2,22.7
11774,S013,2025-07-19,15,4,20.1
11775,S013,2025-07-19,18,6,32.2
11776,S013,2025-07-19,21,3,22.5
11777,S013,2025-08-20,0,1,3.9
11778,S013,2025-08-20,3,0,8.9
11779,S013,2025-08-20,6,1,9.6
11780,S013,2025-08-20,9,5,18.5
11781,S013,2025-08-20,12,5,15.6
11782,S013,2025-08-20,15,2,20.1
11783,S013,2025-08-20,18,7,28.5
11784,S013,2025-08-20,21,7,17.2
11785,S013,2025-03-16,0,0,4.8
11786,S013,2025-03-16,3,1,6.8
11787,S013,2025-03-16,6,3,16.4
11788,S013,2025-03-16,9,6,24.5
11789,S013,2025-03-16,12,4,17.2
11790,S013,2025-03-16,15,5,23.7
11791,S013,2025-03-16,18,4,33.7
11792,S013,2025-03-16,21,6,20.2
11793,S013,2025-06-13,0,0,9.5
11794,S013,2025-06-13,3,0,5.4
11795,S013,2025-06-13,6,2,13.7
11796,S013,2025-06-13,9,6,31.1
11797,S013,2025-06-13,12,3,16.5
11798,S013,2025-06-13,15,5,17.7
11799,S013,2025-06-13,18,5,30.0
11800,S013,2025-06-13,21,2,20.1
11801,S013,2025-10-14,0,0,10.7
11802,S013,2025-10-14,3,0,3.8
11803,S013,2025-10-14,6,0,20.4
11804,S013,2025-10-14,9,5,32.7
11805,S013,2025-10-14,12,7,18.8
11806,S013,2025-10-14,15,4,20.8
11807,S013,2025-10-14,18,3,25.3
11808,S013,2025-10-14,21,2,17.7
11809,S013,2025-06-11,0,1,14.4
11810,S013,2025-06-11,3,2,10.6
11811,S013,2025-06-11,6,0,15.9
11812,S013,2025-06-11,9,5,28.5
11813,S013,2025-06-11,12,3,14.6
11814,S013,2025-06-11,15,6,20.5
11815,S013,2025-06-11,18,6,32.5
11816,S013,2025-06-11,21,3,16.7
11817,S013,2025-10-13,0,1,7.7
11818,S013,2025-10-13,3,0,12.2
11819,S013,2025-10-13,6,0,13.3
11820,S013,2025-10-13,9,6,29.5
11821,S013,2025-10-13,12,2,21.7
11822,S013,2025-10-13,15,3,18.8
11823,S013,2025-10-13,18,5,30.0
11824,S013,2025-10-13,21,8,18.0
11825,S013,2025-10-18,0,0,10.6
11826,S013,2025-10-18,3,1,5.3
11827,S013,2025-10-18,6,3,10.5
11828,S013,2025-10-18,9,4,27.5
11829,S013,2025-10-18,12,1,23.7
11830,S013,2025-10-18,15,2,21.9
11831,S013,2025-10-18,18,11,32.3
11832,S013,2025-10-18,21,1,15.5
11833,S013,2025-10-26,0,1,5.8
11834,S013,2025-10-26,3,0,8.8
11835,S013,2025-10-26,6,0,7.5
11836,S013,2025-10-26,9,5,23.9
11837,S013,2025-10-26,12,6,23.2
11838,S013,2025-10-26,15,6,16.9
11839,S013,2025-10-26,18,3,32.2
11840,S013,2025-10-26,21,4,12.1
11841,S013,2025-06-12,0,0,4.0
11842,S013,2025-06-12,3,0,13.1
11843,S013,2025-06-12,6,3,17.9
11844,S013,2025-06-12,9,4,26.6
11845,S013,2025-06-12,12,3,15.5
11846,S013,2025-06-12,15,3,29.3
11847,S013,2025-06-12,18,6,25.0
11848,S013,2025-06-12,21,1,10.2
11849,S013,2025-10-17,0,0,11.4
11850,S013,2025-10-17,3,1,6.7
11851,S013,2025-10-17,6,1,16.0
11852,S013,2025-10-17,9,6,26.9
11853,S013,2025-10-17,12,1,16.7
11854,S013,2025-10-17,15,3,22.3
11855,S013,2025-10-17,18,4,27.2
11856,S013,2025-10-17,21,4,19.9
11857,S013,2025-09-15,0,1,10.6
11858,S013,2025-09-15,3,0,11.5
11859,S013,2025-09-15,6,5,11.5
11860,S013,2025-09-15,9,4,26.2
11861,S013,2025-09-15,12,2,11.0
11862,S013,2025-09-15,15,4,15.6
11863,S013,2025-09-15,18,6,34.9
11864,S013,2025-09-15,21,3,17.7
11865,S013,2025-11-11,0,1,10.6
11866,S013,2025-11-11,3,2,17.7
11867,S013,2025-11-11,6,3,19.4
11868,S013,2025-11-11,9,7,30.2
11869,S013,2025-11-11,12,0,12.6
11870,S013,2025-11-11,15,3,24.3
11871,S013,2025-11-11,18,10,39.0
11872,S013,2025-11-11,21,3,20.7
11873,S013,2025-11-22,0,2,2.5
11874,S013,2025-11-22,3,0,8.1
11875,S013,2025-11-22,6,2,15.7
11876,S013,2025-11-22,9,5,32.1
11877,S013,2025-11-22,12,2,14.1
11878,S013,2025-11-22,15,3,16.1
11879,S013,2025-11-22,18,6,29.5
11880,S013,2025-11-22,21,1,10.4
11881,S013,2025-08-04,0,0,11.0
11882,S013,2025-08-04,3,0,6.7
11883,S013,2025-08-04,6,5,11.1
11884,S013,2025-08-04,9,7,27.3
11885,S013,2025-08-04,12,3,17.4
11886,S013,2025-08-04,15,6,13.6
11887,S013,2025-08-04,18,4,32.6
11888,S013,2025-08-04,21,3,21.3
11889,S013,2025-12-27,0,3,11.7
11890,S013,2025-12-27,3,1,0.0
11891,S013,2025-12-27,6,3,13.8
11892,S013,2025-12-27,9,3,22.7
11893,S013,2025-12-27,12,5,19.8
11894,S013,2025-12-27,15,3,21.7
11895,S013,2025-12-27,18,5,31.7
11896,S013,2025-12-27,21,2,17.3
11897,S013,2025-06-24,0,0,7.4
11898,S013,2025-06-24,3,0,1.9
11899,S013,2025-06-24,6,5,12.4
11900,S013,2025-06-24,9,7,36.2
11901,S013,2025-06-24,12,4,13.5
11902,S013,2025-06-24,15,3,26.2
11903,S013,2025-06-24,18,7,30.3
11904,S013,2025-06-24,21,2,14.2
11905,S013,2025-07-16,0,0,6.7
11906,S013,2025-07-16,3,1,7.0
11907,S013,2025-07-16,6,3,20.0
11908,S013,2025-07-16,9,6,30.2
11909,S013,2025-07-16,12,4,17.4
11910,S013,2025-07-16,15,1,19.9
11911,S013,2025-07-16,18,6,21.4
11912,S013,2025-07-16,21,1,20.1
11913,S013,2025-03-10,0,0,7.7
11914,S013,2025-03-10,3,0,10.5
11915,S013,2025-03-10,6,6,6.1
11916,S013,2025-03-10,9,2,33.3
11917,S013,2025-03-10,12,3,11.7
11918,S013,2025-03-10,15,10,27.5
11919,S013,2025-03-10,18,5,31.7
11920,S013,2025-03-10,21,4,14.7
11921,S013,2025-10-29,0,2,6.2
11922,S013,2025-10-29,3,1,2.3
11923,S013,2025-10-29,6,2,12.1
11924,S013,2025-10-29,9,4,27.2
11925,S013,2025-10-29,12,2,20.3
11926,S013,2025-10-29,15,4,24.8
11927,S013,2025-10-29,18,10,26.9
11928,S013,2025-10-29,21,3,18.4
11929,S013,2025-03-14,0,1,7.9
11930,S013,2025-03-14,3,0,6.1
11931,S013,2025-03-14,6,4,19.0
11932,S013,2025-03-14,9,5,25.6
11933,S013,2025-03-14,12,0,15.3
11934,S013,2025-03-14,15,3,17.7
11935,S013,2025-03-14,18,4,28.4
11936,S013,2025-03-14,21,3,17.8
11937,S013,2025-07-28,0,1,17.7
11938,S013,2025-07-28,3,0,3.8
11939,S013,2025-07-28,6,4,6.8
11940,S013,2025-07-28,9,6,31.3
11941,S013,2025-07-28,12,2,20.5
11942,S013,2025-07-28,15,3,18.9
11943,S013,2025-07-28,18,4,30.6
11944,S013,2025-07-28,21,3,21.6
11945,S013,2025-10-28,0,0,9.1
11946,S013,2025-10-28,3,0,5.5
11947,S013,2025-10-28,6,4,13.8
11948,S013,2025-10-28,9,7,24.2
11949,S013,2025-10-28,12,3,18.8
11950,S013,2025-10-28,15,3,18.6
11951,S013,2025-10-28,18,4,30.1
11952,S013,2025-10-28,21,2,20.6
11953,S013,2025-08-19,0,0,5.5
11954,S013,2025-08-19,3,1,10.6
11955,S013,2025-08-19,6,4,16.3
11956,S013,2025-08-19,9,6,27.9
11957,S013,2025-08-19,12,3,12.2
11958,S013,2025-08-19,15,3,20.7
11959,S013,2025-08-19,18,5,29.6
11960,S013,2025-08-19,21,3,12.5
11961,S013,2025-05-14,0,1,10.0
11962,S013,2025-05-14,3,0,9.6
11963,S013,2025-05-14,6,5,9.7
11964,S013,2025-05-14,9,3,30.3
11965,S013,2025-05-14,12,4,15.7
11966,S013,2025-05-14,15,3,27.9
11967,S013,2025-05-14,18,8,31.3
11968,S013,2025-05-14,21,3,12.5
11969,S013,2025-03-05,0,0,7.4
11970,S013,2025-03-05,3,1,14.8
11971,S013,2025-03-05,6,1,14.3
11972,S013,2025-03-05,9,10,20.4
11973,S013,2025-03-05,12,1,17.6
11974,S013,2025-03-05,15,2,25.0
11975,S013,2025-03-05,18,9,40.7
11976,S013,2025-03-05,21,2,12.3
11977,S013,2025-05-03,0,1,3.4
11978,S013,2025-05-03,3,1,0.0
11979,S013,2025-05-03,6,0,12.6
11980,S013,2025-05-03,9,6,38.1
11981,S013,2025-05-03,12,0,16.3
11982,S013,2025-05-03,15,4,20.7
11983,S013,2025-05-03,18,6,26.4
11984,S013,2025-05-03,21,5,21.0
11985,S013,2025-10-22,0,0,4.8
11986,S013,2025-10-22,3,1,4.2
11987,S013,2025-10-22,6,4,20.5
11988,S013,2025-10-22,9,3,35.5
11989,S013,2025-10-22,12,6,21.0
11990,S013,2025-10-22,15,1,13.2
11991,S013,2025-10-22,18,7,31.6
11992,S013,2025-10-22,21,1,16.2
11993,S013,2025-10-10,0,0,9.6
11994,S013,2025-10-10,3,1,8.9
11995,S013,2025-10-10,6,3,13.4
11996,S013,2025-10-10,9,4,32.0
11997,S013,2025-10-10,12,1,13.6
11998,S013,2025-10-10,15,6,22.3
11999,S013,2025-10-10,18,4,27.7
12000,S013,2025-10-10,21,3,13.0
12001,S013,2025-10-09,0,0,17.9
12002,S013,2025-10-09,3,0,8.8
12003,S013,2025-10-09,6,4,13.3
12004,S013,2025-10-09,9,5,27.6
12005,S013,2025-10-09,12,4,20.8
12006,S013,2025-10-09,15,5,21.4
12007,S013,2025-10-09,18,9,24.9
12008,S013,2025-10-09,21,4,22.7
12009,S013,2025-12-08,0,0,10.7
12010,S013,2025-12-08,3,0,10.6
12011,S013,2025-12-08,6,4,11.8
12012,S013,2025-12-08,9,3,23.7
12013,S013,2025-12-08,12,3,16.0
12014,S013,2025-12-08,15,1,24.7
12015,S013,2025-12-08,18,4,26.2
12016,S013,2025-12-08,21,4,12.5
12017,S013,2025-03-24,0,1,9.8
12018,S013,2025-03-24,3,2,9.5
12019,S013,2025-03-24,6,1,9.3
12020,S013,2025-03-24,9,10,29.9
12021,S013,2025-03-24,12,3,18.2
12022,S013,2025-03-24,15,3,20.3
12023,S013,2025-03-24,18,14,27.1
12024,S013,2025-03-24,21,4,17.6
12025,S013,2025-12-22,0,1,8.4
12026,S013,2025-12-22,3,2,1.3
12027,S013,2025-12-22,6,6,18.8
12028,S013,2025-12-22,9,11,23.0
12029,S013,2025-12-22,12,4,9.6
12030,S013,2025-12-22,15,1,16.3
12031,S013,2025-12-22,18,8,24.8
12032,S013,2025-12-22,21,8,19.8
12033,S013,2025-02-20,0,2,3.1
12034,S013,2025-02-20,3,1,8.4
12035,S013,2025-02-20,6,2,20.1
12036,S013,2025-02-20,9,7,26.2
12037,S013,2025-02-20,12,4,11.4
12038,S013,2025-02-20,15,3,18.2
12039,S013,2025-02-20,18,7,32.6
12040,S013,2025-02-20,21,2,23.6
12041,S013,2025-04-12,0,0,9.5
12042,S013,2025-04-12,3,2,3.5
12043,S013,2025-04-12,6,2,18.0
12044,S013,2025-04-12,9,6,29.3
12045,S013,2025-04-12,12,4,12.5
12046,S013,2025-04-12,15,5,22.6
12047,S013,2025-04-12,18,8,30.4
12048,S013,2025-04-12,21,3,14.9
12049,S013,2025-04-09,0,0,8.7
12050,S013,2025-04-09,3,0,11.0
12051,S013,2025-04-09,6,1,11.7
12052,S013,2025-04-09,9,1,27.7
12053,S013,2025-04-09,12,4,25.3
12054,S013,2025-04-09,15,3,15.4
12055,S013,2025-04-09,18,5,25.8
12056,S013,2025-04-09,21,2,16.3
12057,S013,2025-01-14,0,1,2.4
12058,S013,2025-01-14,3,0,2.8
12059,S013,2025-01-14,6,0,17.3
12060,S013,2025-01-14,9,6,26.0
12061,S013,2025-01-14,12,0,16.2
12062,S013,2025-01-14,15,2,25.6
12063,S013,2025-01-14,18,7,34.5
12064,S013,2025-01-14,21,7,23.1
12065,S013,2025-08-18,0,1,5.5
12066,S013,2025-08-18,3,0,6.3
12067,S013,2025-08-18,6,1,15.7
12068,S013,2025-08-18,9,5,26.6
12069,S013,2025-08-18,12,1,12.9
12070,S013,2025-08-18,15,7,16.4
12071,S013,2025-08-18,18,3,28.5
12072,S013,2025-08-18,21,5,11.9
12073,S013,2025-11-09,0,0,9.5
12074,S013,2025-11-09,3,0,7.3
12075,S013,2025-11-09,6,1,11.1
12076,S013,2025-11-09,9,5,20.5
12077,S013,2025-11-09,12,4,24.4
12078,S013,2025-11-09,15,2,17.1
12079,S013,2025-11-09,18,7,28.1
12080,S013,2025-11-09,21,1,21.2
12081,S013,2025-08-25,0,0,3.3
12082,S013,2025-08-25,3,0,6.9
12083,S013,2025-08-25,6,0,9.7
12084,S013,2025-08-25,9,4,23.7
12085,S013,2025-08-25,12,3,19.5
12086,S013,2025-08-25,15,4,16.7
12087,S013,2025-08-25,18,8,32.4
12088,S013,2025-08-25,21,5,17.0
12089,S013,2025-08-03,0,1,6.4
12090,S013,2025-08-03,3,2,8.3
12091,S013,2025-08-03,6,1,9.0
12092,S013,2025-08-03,9,4,28.5
12093,S013,2025-08-03,12,4,17.2
12094,S013,2025-08-03,15,5,21.4
12095,S013,2025-08-03,18,9,20.6
12096,S013,2025-08-03,21,2,19.3
12097,S013,2025-07-12,0,0,9.2
12098,S013,2025-07-12,3,0,8.5
12099,S013,2025-07-12,6,0,13.6
12100,S013,2025-07-12,9,1,29.1
12101,S013,2025-07-12,12,4,13.0
12102,S013,2025-07-12,15,5,15.9
12103,S013,2025-07-12,18,3,31.6
12104,S013,2025-07-12,21,2,17.1
12105,S013,2025-06-03,0,1,0.0
12106,S013,2025-06-03,3,0,11.0
12107,S013,2025-06-03,6,3,18.0
12108,S013,2025-06-03,9,6,25.3
12109,S013,2025-06-03,12,2,22.3
12110,S013,2025-06-03,15,5,19.0
12111,S013,2025-06-03,18,5,27.6
12112,S013,2025-06-03,21,1,17.9
12113,S013,2025-02-09,0,0,8.3
12114,S013,2025-02-09,3,0,4.3
12115,S013,2025-02-09,6,6,13.4
12116,S013,2025-02-09,9,7,30.0
12117,S013,2025-02-09,12,2,19.5
12118,S013,2025-02-09,15,5,16.6
12119,S013,2025-02-09,18,5,32.9
12120,S013,2025-02-09,21,2,25.7
12121,S013,2025-07-21,0,0,12.5
12122,S013,2025-07-21,3,1,6.5
12123,S013,2025-07-21,6,0,14.5
12124,S013,2025-07-21,9,5,32.5
12125,S013,2025-07-21,12,3,28.6
12126,S013,2025-07-21,15,4,19.6
12127,S013,2025-07-21,18,8,31.8
12128,S013,2025-07-21,21,4,17.4
12129,S013,2025-05-12,0,0,12.5
12130,S013,2025-05-12,3,2,8.3
12131,S013,2025-05-12,6,4,14.3
12132,S013,2025-05-12,9,3,21.0
12133,S013,2025-05-12,12,2,18.9
12134,S013,2025-05-12,15,3,12.5
12135,S013,2025-05-12,18,8,20.4
12136,S013,2025-05-12,21,6,20.7
12137,S013,2025-08-30,0,0,6.3
12138,S013,2025-08-30,3,0,10.7
12139,S013,2025-08-30,6,1,13.0
12140,S013,2025-08-30,9,8,29.5
12141,S013,2025-08-30,12,4,17.8
12142,S013,2025-08-30,15,4,17.6
12143,S013,2025-08-30,18,8,29.1
12144,S013,2025-08-30,21,5,15.8
12145,S013,2025-12-29,0,0,8.5
12146,S013,2025-12-29,3,0,10.5
12147,S013,2025-12-29,6,2,15.4
12148,S013,2025-12-29,9,8,31.7
12149,S013,2025-12-29,12,2,18.1
12150,S013,2025-12-29,15,0,28.1
12151,S013,2025-12-29,18,7,27.0
12152,S013,2025-12-29,21,2,19.4
12153,S013,2025-10-23,0,0,9.5
12154,S013,2025-10-23,3,2,10.3
12155,S013,2025-10-23,6,4,15.2
12156,S013,2025-10-23,9,6,27.6
12157,S013,2025-10-23,12,3,15.3
12158,S013,2025-10-23,15,3,20.5
12159,S013,2025-10-23,18,3,33.2
12160,S013,2025-10-23,21,7,14.4
12161,S013,2025-09-23,0,1,11.9
12162,S013,2025-09-23,3,1,7.7
12163,S013,2025-09-23,6,6,7.3
12164,S013,2025-09-23,9,5,23.1
12165,S013,2025-09-23,12,0,24.7
12166,S013,2025-09-23,15,3,15.0
12167,S013,2025-09-23,18,11,33.9
12168,S013,2025-09-23,21,4,19.7
12169,S013,2025-11-03,0,0,10.9
12170,S013,2025-11-03,3,0,3.7
12171,S013,2025-11-03,6,3,8.8
12172,S013,2025-11-03,9,3,22.3
12173,S013,2025-11-03,12,7,20.9
12174,S013,2025-11-03,15,4,19.4
12175,S013,2025-11-03,18,8,27.6
12176,S013,2025-11-03,21,3,13.3
12177,S013,2025-04-29,0,0,11.0
12178,S013,2025-04-29,3,0,14.3
12179,S013,2025-04-29,6,0,13.5
12180,S013,2025-04-29,9,4,27.5
12181,S013,2025-04-29,12,7,13.4
12182,S013,2025-04-29,15,2,21.1
12183,S013,2025-04-29,18,5,32.0
12184,S013,2025-04-29,21,5,19.5
12185,S013,2025-05-10,0,0,7.8
12186,S013,2025-05-10,3,0,7.1
12187,S013,2025-05-10,6,4,16.6
12188,S013,2025-05-10,9,2,26.1
12189,S013,2025-05-10,12,0,15.9
12190,S013,2025-05-10,15,7,26.7
12191,S013,2025-05-10,18,6,22.5
12192,S013,2025-05-10,21,0,19.6
12193,S013,2025-01-06,0,2,10.1
12194,S013,2025-01-06,3,1,7.9
12195,S013,2025-01-06,6,3,14.2
12196,S013,2025-01-06,9,6,26.4
12197,S013,2025-01-06,12,3,18.6
12198,S013,2025-01-06,15,3,27.1
12199,S013,2025-01-06,18,1,32.1
12200,S013,2025-01-06,21,3,17.9
12201,S013,2025-09-25,0,0,16.0
12202,S013,2025-09-25,3,0,17.7
12203,S013,2025-09-25,6,1,13.1
12204,S013,2025-09-25,9,4,26.5
12205,S013,2025-09-25,12,1,16.6
12206,S013,2025-09-25,15,2,11.2
12207,S013,2025-09-25,18,2,29.4
12208,S013,2025-09-25,21,2,18.3
12209,S013,2025-06-10,0,0,2.6
12210,S013,2025-06-10,3,0,7.2
12211,S013,2025-06-10,6,4,12.6
12212,S013,2025-06-10,9,5,28.2
12213,S013,2025-06-10,12,2,14.8
12214,S013,2025-06-10,15,2,17.3
12215,S013,2025-06-10,18,6,32.9
12216,S013,2025-06-10,21,2,18.8
12217,S013,2025-09-04,0,0,5.6
12218,S013,2025-09-04,3,0,7.8
12219,S013,2025-09-04,6,3,14.3
12220,S013,2025-09-04,9,2,31.0
12221,S013,2025-09-04,12,4,20.4
12222,S013,2025-09-04,15,3,17.0
12223,S013,2025-09-04,18,7,32.7
12224,S013,2025-09-04,21,5,22.5
12225,S013,2025-04-05,0,0,7.6
12226,S013,2025-04-05,3,0,9.7
12227,S013,2025-04-05,6,2,16.6
12228,S013,2025-04-05,9,4,31.2
12229,S013,2025-04-05,12,1,14.6
12230,S013,2025-04-05,15,3,15.1
12231,S013,2025-04-05,18,8,22.1
12232,S013,2025-04-05,21,3,19.2
12233,S013,2025-02-15,0,0,6.7
12234,S013,2025-02-15,3,0,13.0
12235,S013,2025-02-15,6,2,11.6
12236,S013,2025-02-15,9,11,29.3
12237,S013,2025-02-15,12,3,11.3
12238,S013,2025-02-15,15,2,22.9
12239,S013,2025-02-15,18,6,26.3
12240,S013,2025-02-15,21,3,12.3
12241,S013,2025-05-16,0,0,10.3
12242,S013,2025-05-16,3,0,11.0
12243,S013,2025-05-16,6,2,15.2
12244,S013,2025-05-16,9,7,29.4
12245,S013,2025-05-16,12,2,31.8
12246,S013,2025-05-16,15,5,18.9
12247,S013,2025-05-16,18,5,31.3
12248,S013,2025-05-16,21,4,15.8
12249,S013,2025-05-05,0,1,10.2
12250,S013,2025-05-05,3,1,3.6
12251,S013,2025-05-05,6,2,14.2
12252,S013,2025-05-05,9,1,24.5
12253,S013,2025-05-05,12,4,13.4
12254,S013,2025-05-05,15,2,25.2
12255,S013,2025-05-05,18,8,30.2
12256,S013,2025-05-05,21,3,18.0
12257,S013,2025-02-18,0,1,0.0
12258,S013,2025-02-18,3,0,7.1
12259,S013,2025-02-18,6,0,14.0
12260,S013,2025-02-18,9,7,26.0
12261,S013,2025-02-18,12,2,16.1
12262,S013,2025-02-18,15,6,16.9
12263,S013,2025-02-18,18,8,29.9
12264,S013,2025-02-18,21,4,16.9
12265,S013,2025-12-04,0,0,6.3
12266,S013,2025-12-04,3,0,6.2
12267,S013,2025-12-04,6,3,12.1
12268,S013,2025-12-04,9,4,28.0
12269,S013,2025-12-04,12,0,16.9
12270,S013,2025-12-04,15,6,12.7
12271,S013,2025-12-04,18,4,29.6
12272,S013,2025-12-04,21,1,23.0
12273,S013,2025-01-05,0,0,3.2
12274,S013,2025-01-05,3,1,11.5
12275,S013,2025-01-05,6,2,12.9
12276,S013,2025-01-05,9,6,29.4
12277,S013,2025-01-05,12,5,23.3
12278,S013,2025-01-05,15,3,26.3
12279,S013,2025-01-05,18,5,31.5
12280,S013,2025-01-05,21,4,23.3
12281,S013,2025-01-23,0,0,10.1
12282,S013,2025-01-23,3,1,8.1
12283,S013,2025-01-23,6,3,18.6
12284,S013,2025-01-23,9,5,28.6
12285,S013,2025-01-23,12,4,17.6
12286,S013,2025-01-23,15,5,18.6
12287,S013,2025-01-23,18,5,29.9
12288,S013,2025-01-23,21,3,19.1
12289,S013,2025-05-22,0,4,8.7
12290,S013,2025-05-22,3,0,6.7
12291,S013,2025-05-22,6,1,13.4
12292,S013,2025-05-22,9,4,29.1
12293,S013,2025-05-22,12,4,17.1
12294,S013,2025-05-22,15,5,22.3
12295,S013,2025-05-22,18,4,25.6
12296,S013,2025-05-22,21,4,22.8
12297,S013,2025-03-06,0,0,5.4
12298,S013,2025-03-06,3,0,6.8
12299,S013,2025-03-06,6,1,11.3
12300,S013,2025-03-06,9,3,24.3
12301,S013,2025-03-06,12,2,22.3
12302,S013,2025-03-06,15,5,21.4
12303,S013,2025-03-06,18,3,24.3
12304,S013,2025-03-06,21,2,18.7
12305,S013,2025-12-15,0,1,0.0
12306,S013,2025-12-15,3,0,5.1
12307,S013,2025-12-15,6,1,20.3
12308,S013,2025-12-15,9,4,31.5
12309,S013,2025-12-15,12,2,18.7
12310,S013,2025-12-15,15,3,16.8
12311,S013,2025-12-15,18,6,30.7
12312,S013,2025-12-15,21,2,23.7
12313,S013,2025-07-05,0,0,6.8
12314,S013,2025-07-05,3,2,11.9
12315,S013,2025-07-05,6,1,20.2
12316,S013,2025-07-05,9,3,32.5
12317,S013,2025-07-05,12,4,9.6
12318,S013,2025-07-05,15,3,19.5
12319,S013,2025-07-05,18,2,25.5
12320,S013,2025-07-05,21,6,17.9
12321,S013,2025-01-20,0,2,2.8
12322,S013,2025-01-20,3,1,3.9
12323,S013,2025-01-20,6,6,12.5
12324,S013,2025-01-20,9,6,38.9
12325,S013,2025-01-20,12,4,16.6
12326,S013,2025-01-20,15,3,23.4
12327,S013,2025-01-20,18,11,29.2
12328,S013,2025-01-20,21,4,23.4
12329,S013,2025-03-07,0,0,13.4
12330,S013,2025-03-07,3,1,5.9
12331,S013,2025-03-07,6,2,17.0
12332,S013,2025-03-07,9,6,27.5
12333,S013,2025-03-07,12,2,14.4
12334,S013,2025-03-07,15,7,20.1
12335,S013,2025-03-07,18,10,30.9
12336,S013,2025-03-07,21,2,14.7
12337,S013,2025-11-27,0,2,4.2
12338,S013,2025-11-27,3,2,11.3
12339,S013,2025-11-27,6,6,10.8
12340,S013,2025-11-27,9,5,27.4
12341,S013,2025-11-27,12,7,12.0
12342,S013,2025-11-27,15,3,19.1
12343,S013,2025-11-27,18,4,34.4
12344,S013,2025-11-27,21,4,16.5
12345,S013,2025-08-26,0,0,9.2
12346,S013,2025-08-26,3,1,4.8
12347,S013,2025-08-26,6,4,17.2
12348,S013,2025-08-26,9,3,25.8
12349,S013,2025-08-26,12,6,10.4
12350,S013,2025-08-26,15,8,16.2
12351,S013,2025-08-26,18,5,29.4
12352,S013,2025-08-26,21,2,20.8
12353,S013,2025-07-10,0,0,10.5
12354,S013,2025-07-10,3,1,9.9
12355,S013,2025-07-10,6,3,0.1
12356,S013,2025-07-10,9,4,36.4
12357,S013,2025-07-10,12,5,17.8
12358,S013,2025-07-10,15,1,21.8
12359,S013,2025-07-10,18,3,29.8
12360,S013,2025-07-10,21,3,14.3
12361,S013,2025-05-26,0,1,12.4
12362,S013,2025-05-26,3,1,7.6
12363,S013,2025-05-26,6,2,5.5
12364,S013,2025-05-26,9,5,31.1
12365,S013,2025-05-26,12,4,25.0
12366,S013,2025-05-26,15,1,14.5
12367,S013,2025-05-26,18,3,29.9
12368,S013,2025-05-26,21,2,19.3
12369,S013,2025-01-01,0,0,11.8
12370,S013,2025-01-01,3,0,9.3
12371,S013,2025-01-01,6,4,15.6
12372,S013,2025-01-01,9,6,31.1
12373,S013,2025-01-01,12,6,27.1
12374,S013,2025-01-01,15,1,17.6
12375,S013,2025-01-01,18,2,32.3
12376,S013,2025-01-01,21,7,17.9
12377,S013,2025-02-21,0,0,12.1
12378,S013,2025-02-21,3,2,10.3
12379,S013,2025-02-21,6,2,19.3
12380,S013,2025-02-21,9,3,30.7
12381,S013,2025-02-21,12,4,13.7
12382,S013,2025-02-21,15,4,16.2
12383,S013,2025-02-21,18,8,28.9
12384,S013,2025-02-21,21,2,22.6
12385,S013,2025-06-15,0,1,7.0
12386,S013,2025-06-15,3,0,9.9
12387,S013,2025-06-15,6,3,12.3
12388,S013,2025-06-15,9,7,23.2
12389,S013,2025-06-15,12,4,13.0
12390,S013,2025-06-15,15,7,21.8
12391,S013,2025-06-15,18,5,26.7
12392,S013,2025-06-15,21,1,14.4
12393,S013,2025-07-29,0,0,2.7
12394,S013,2025-07-29,3,1,4.2
12395,S013,2025-07-29,6,2,16.8
12396,S013,2025-07-29,9,4,23.2
12397,S013,2025-07-29,12,5,12.8
12398,S013,2025-07-29,15,7,18.1
12399,S013,2025-07-29,18,4,27.5
12400,S013,2025-07-29,21,1,18.9
12401,S013,2025-11-26,0,2,4.4
12402,S013,2025-11-26,3,0,0.0
12403,S013,2025-11-26,6,1,17.9
12404,S013,2025-11-26,9,5,30.2
12405,S013,2025-11-26,12,2,23.0
12406,S013,2025-11-26,15,4,25.9
12407,S013,2025-11-26,18,6,29.4
12408,S013,2025-11-26,21,6,19.0
12409,S013,2025-03-13,0,1,7.2
12410,S013,2025-03-13,3,0,5.2
12411,S013,2025-03-13,6,1,15.1
12412,S013,2025-03-13,9,8,36.7
12413,S013,2025-03-13,12,2,19.4
12414,S013,2025-03-13,15,2,15.9
12415,S013,2025-03-13,18,9,31.6
12416,S013,2025-03-13,21,7,18.3
12417,S013,2025-09-27,0,1,1.9
12418,S013,2025-09-27,3,0,12.5
12419,S013,2025-09-27,6,1,14.4
12420,S013,2025-09-27,9,11,20.4
12421,S013,2025-09-27,12,3,16.4
12422,S013,2025-09-27,15,6,19.2
12423,S013,2025-09-27,18,8,24.1
12424,S013,2025-09-27,21,0,19.6
12425,S013,2025-12-28,0,1,8.3
12426,S013,2025-12-28,3,1,12.3
12427,S013,2025-12-28,6,0,14.6
12428,S013,2025-12-28,9,4,30.7
12429,S013,2025-12-28,12,3,17.9
12430,S013,2025-12-28,15,3,16.8
12431,S013,2025-12-28,18,7,27.9
12432,S013,2025-12-28,21,4,24.4
12433,S013,2025-05-24,0,1,6.3
12434,S013,2025-05-24,3,1,2.5
12435,S013,2025-05-24,6,4,19.0
12436,S013,2025-05-24,9,5,25.0
12437,S013,2025-05-24,12,2,12.1
12438,S013,2025-05-24,15,3,21.7
12439,S013,2025-05-24,18,8,23.5
12440,S013,2025-05-24,21,1,15.8
12441,S013,2025-04-11,0,0,4.5
12442,S013,2025-04-11,3,0,4.3
12443,S013,2025-04-11,6,0,8.8
12444,S013,2025-04-11,9,3,26.7
12445,S013,2025-04-11,12,5,20.1
12446,S013,2025-04-11,15,2,23.4
12447,S013,2025-04-11,18,4,22.9
12448,S013,2025-04-11,21,6,10.4
12449,S013,2025-09-07,0,0,0.9
12450,S013,2025-09-07,3,0,3.6
12451,S013,2025-09-07,6,1,16.1
12452,S013,2025-09-07,9,5,30.4
12453,S013,2025-09-07,12,2,14.8
12454,S013,2025-09-07,15,2,20.0
12455,S013,2025-09-07,18,2,28.2
12456,S013,2025-09-07,21,2,17.3
12457,S013,2025-10-25,0,2,9.7
12458,S013,2025-10-25,3,2,10.9
12459,S013,2025-10-25,6,1,22.7
12460,S013,2025-10-25,9,2,29.4
12461,S013,2025-10-25,12,7,16.2
12462,S013,2025-10-25,15,3,24.0
12463,S013,2025-10-25,18,10,26.7
12464,S013,2025-10-25,21,10,10.4
12465,S013,2025-02-26,0,1,11.5
12466,S013,2025-02-26,3,0,13.9
12467,S013,2025-02-26,6,4,11.1
12468,S013,2025-02-26,9,5,22.9
12469,S013,2025-02-26,12,1,18.5
12470,S013,2025-02-26,15,1,23.4
12471,S013,2025-02-26,18,5,34.7
12472,S013,2025-02-26,21,1,21.2
12473,S013,2025-01-09,0,1,10.3
12474,S013,2025-01-09,3,1,2.1
12475,S013,2025-01-09,6,1,22.1
12476,S013,2025-01-09,9,1,27.5
12477,S013,2025-01-09,12,5,18.9
12478,S013,2025-01-09,15,4,20.4
12479,S013,2025-01-09,18,7,33.2
12480,S013,2025-01-09,21,3,16.8
12481,S014,2025-06-01,0,0,6.9
12482,S014,2025-06-01,3,0,5.2
12483,S014,2025-06-01,6,1,11.0
12484,S014,2025-06-01,9,8,25.7
12485,S014,2025-06-01,12,8,17.5
12486,S014,2025-06-01,15,3,24.2
12487,S014,2025-06-01,18,7,25.9
12488,S014,2025-06-01,21,5,20.9
12489,S014,2025-04-16,0,2,3.6
12490,S014,2025-04-16,3,0,4.0
12491,S014,2025-04-16,6,1,22.6
12492,S014,2025-04-16,9,4,26.2
12493,S014,2025-04-16,12,1,14.4
12494,S014,2025-04-16,15,3,18.5
12495,S014,2025-04-16,18,6,34.3
12496,S014,2025-04-16,21,3,15.2
12497,S014,2025-12-24,0,3,5.8
12498,S014,2025-12-24,3,0,6.0
12499,S014,2025-12-24,6,3,18.3
12500,S014,2025-12-24,9,3,26.0
12501,S014,2025-12-24,12,3,14.1
12502,S014,2025-12-24,15,5,23.0
12503,S014,2025-12-24,18,7,28.2
12504,S014,2025-12-24,21,5,14.1
12505,S014,2025-03-07,0,0,6.0
12506,S014,2025-03-07,3,0,7.2
12507,S014,2025-03-07,6,5,12.2
12508,S014,2025-03-07,9,1,26.0
12509,S014,2025-03-07,12,1,23.7
12510,S014,2025-03-07,15,4,19.2
12511,S014,2025-03-07,18,10,34.8
12512,S014,2025-03-07,21,4,16.4
12513,S014,2025-03-02,0,0,4.0
12514,S014,2025-03-02,3,1,3.8
12515,S014,2025-03-02,6,4,17.9
12516,S014,2025-03-02,9,2,26.8
12517,S014,2025-03-02,12,1,12.4
12518,S014,2025-03-02,15,4,21.3
12519,S014,2025-03-02,18,9,25.2
12520,S014,2025-03-02,21,4,14.1
12521,S014,2025-11-29,0,0,5.1
12522,S014,2025-11-29,3,1,10.8
12523,S014,2025-11-29,6,3,13.5
12524,S014,2025-11-29,9,3,32.9
12525,S014,2025-11-29,12,2,23.7
12526,S014,2025-11-29,15,4,11.9
12527,S014,2025-11-29,18,8,35.3
12528,S014,2025-11-29,21,7,10.1
12529,S014,2025-05-10,0,0,7.0
12530,S014,2025-05-10,3,1,12.6
12531,S014,2025-05-10,6,3,12.6
12532,S014,2025-05-10,9,3,28.2
12533,S014,2025-05-10,12,2,10.1
12534,S014,2025-05-10,15,1,19.7
12535,S014,2025-05-10,18,4,30.1
12536,S014,2025-05-10,21,6,10.5
12537,S014,2025-05-12,0,0,12.8
12538,S014,2025-05-12,3,0,9.5
12539,S014,2025-05-12,6,1,14.9
12540,S014,2025-05-12,9,3,27.3
12541,S014,2025-05-12,12,2,13.8
12542,S014,2025-05-12,15,1,22.9
12543,S014,2025-05-12,18,6,27.3
12544,S014,2025-05-12,21,1,21.6
12545,S014,2025-07-22,0,0,14.5
12546,S014,2025-07-22,3,0,8.0
12547,S014,2025-07-22,6,2,8.7
12548,S014,2025-07-22,9,10,30.8
12549,S014,2025-07-22,12,4,20.3
12550,S014,2025-07-22,15,6,21.7
12551,S014,2025-07-22,18,8,35.5
12552,S014,2025-07-22,21,2,20.6
12553,S014,2025-08-06,0,0,11.4
12554,S014,2025-08-06,3,0,10.0
12555,S014,2025-08-06,6,2,17.8
12556,S014,2025-08-06,9,5,28.1
12557,S014,2025-08-06,12,4,18.5
12558,S014,2025-08-06,15,3,15.2
12559,S014,2025-08-06,18,7,28.2
12560,S014,2025-08-06,21,4,21.1
12561,S014,2025-11-25,0,0,5.6
12562,S014,2025-11-25,3,1,6.5
12563,S014,2025-11-25,6,1,10.8
12564,S014,2025-11-25,9,2,20.1
12565,S014,2025-11-25,12,4,17.1
12566,S014,2025-11-25,15,4,19.9
12567,S014,2025-11-25,18,3,25.1
12568,S014,2025-11-25,21,3,19.4
12569,S014,2025-11-07,0,1,5.9
12570,S014,2025-11-07,3,0,4.8
12571,S014,2025-11-07,6,5,9.5
12572,S014,2025-11-07,9,3,25.9
12573,S014,2025-11-07,12,5,17.9
12574,S014,2025-11-07,15,1,15.6
12575,S014,2025-11-07,18,10,33.7
12576,S014,2025-11-07,21,1,18.6
12577,S014,2025-10-01,0,0,13.9
12578,S014,2025-10-01,3,0,0.0
12579,S014,2025-10-01,6,4,16.8
12580,S014,2025-10-01,9,6,23.4
12581,S014,2025-10-01,12,5,17.7
12582,S014,2025-10-01,15,2,13.1
12583,S014,2025-10-01,18,6,35.2
12584,S014,2025-10-01,21,3,20.4
12585,S014,2025-11-06,0,0,7.5
12586,S014,2025-11-06,3,1,4.2
12587,S014,2025-11-06,6,5,21.1
12588,S014,2025-11-06,9,6,26.7
12589,S014,2025-11-06,12,2,23.0
12590,S014,2025-11-06,15,5,22.9
12591,S014,2025-11-06,18,11,24.0
12592,S014,2025-11-06,21,5,20.5
12593,S014,2025-05-08,0,1,10.9
12594,S014,2025-05-08,3,0,7.4
12595,S014,2025-05-08,6,5,14.0
12596,S014,2025-05-08,9,3,20.2
12597,S014,2025-05-08,12,6,8.6
12598,S014,2025-05-08,15,4,25.9
12599,S014,2025-05-08,18,7,35.6
12600,S014,2025-05-08,21,5,24.3
12601,S014,2025-11-15,0,0,11.1
12602,S014,2025-11-15,3,1,5.1
12603,S014,2025-11-15,6,4,15.2
12604,S014,2025-11-15,9,5,25.1
12605,S014,2025-11-15,12,4,19.3
12606,S014,2025-11-15,15,2,18.6
12607,S014,2025-11-15,18,4,36.4
12608,S014,2025-11-15,21,2,15.9
12609,S014,2025-12-03,0,0,12.8
12610,S014,2025-12-03,3,0,5.6
12611,S014,2025-12-03,6,3,16.6
12612,S014,2025-12-03,9,1,31.3
12613,S014,2025-12-03,12,6,23.0
12614,S014,2025-12-03,15,4,20.2
12615,S014,2025-12-03,18,8,32.4
12616,S014,2025-12-03,21,4,19.6
12617,S014,2025-07-03,0,2,0.0
12618,S014,2025-07-03,3,1,4.5
12619,S014,2025-07-03,6,4,15.9
12620,S014,2025-07-03,9,1,23.3
12621,S014,2025-07-03,12,3,16.1
12622,S014,2025-07-03,15,5,15.0
12623,S014,2025-07-03,18,6,34.9
12624,S014,2025-07-03,21,3,20.2
12625,S014,2025-01-03,0,0,11.0
12626,S014,2025-01-03,3,1,3.9
12627,S014,2025-01-03,6,2,16.7
12628,S014,2025-01-03,9,8,25.3
12629,S014,2025-01-03,12,3,16.3
12630,S014,2025-01-03,15,5,24.5
12631,S014,2025-01-03,18,5,31.8
12632,S014,2025-01-03,21,0,15.6
12633,S014,2025-04-10,0,0,9.7
12634,S014,2025-04-10,3,0,11.8
12635,S014,2025-04-10,6,2,14.9
12636,S014,2025-04-10,9,8,29.9
12637,S014,2025-04-10,12,0,9.3
12638,S014,2025-04-10,15,2,28.7
12639,S014,2025-04-10,18,8,32.6
12640,S014,2025-04-10,21,1,12.9
12641,S014,2025-08-03,0,4,7.9
12642,S014,2025-08-03,3,0,9.9
12643,S014,2025-08-03,6,3,15.2
12644,S014,2025-08-03,9,2,27.7
12645,S014,2025-08-03,12,2,17.3
12646,S014,2025-08-03,15,3,21.5
12647,S014,2025-08-03,18,5,34.4
12648,S014,2025-08-03,21,5,22.0
12649,S014,2025-12-30,0,1,2.7
12650,S014,2025-12-30,3,0,12.8
12651,S014,2025-12-30,6,2,20.3
12652,S014,2025-12-30,9,4,29.8
12653,S014,2025-12-30,12,6,14.1
12654,S014,2025-12-30,15,7,19.1
12655,S014,2025-12-30,18,9,29.7
12656,S014,2025-12-30,21,3,11.4
12657,S014,2025-06-21,0,0,9.4
12658,S014,2025-06-21,3,0,7.5
12659,S014,2025-06-21,6,2,20.0
12660,S014,2025-06-21,9,10,29.2
12661,S014,2025-06-21,12,2,20.1
12662,S014,2025-06-21,15,1,19.1
12663,S014,2025-06-21,18,7,26.2
12664,S014,2025-06-21,21,4,15.8
12665,S014,2025-10-21,0,0,10.3
12666,S014,2025-10-21,3,1,6.9
12667,S014,2025-10-21,6,3,12.8
12668,S014,2025-10-21,9,3,28.4
12669,S014,2025-10-21,12,5,16.0
12670,S014,2025-10-21,15,2,16.0
12671,S014,2025-10-21,18,8,30.2
12672,S014,2025-10-21,21,1,18.1
12673,S014,2025-10-09,0,1,6.3
12674,S014,2025-10-09,3,1,10.4
12675,S014,2025-10-09,6,2,14.8
12676,S014,2025-10-09,9,8,29.1
12677,S014,2025-10-09,12,3,20.2
12678,S014,2025-10-09,15,5,21.7
12679,S014,2025-10-09,18,7,32.6
12680,S014,2025-10-09,21,5,22.1
12681,S014,2025-06-18,0,0,7.1
12682,S014,2025-06-18,3,2,10.9
12683,S014,2025-06-18,6,1,12.3
12684,S014,2025-06-18,9,0,28.1
12685,S014,2025-06-18,12,4,22.2
12686,S014,2025-06-18,15,6,26.3
12687,S014,2025-06-18,18,6,31.9
12688,S014,2025-06-18,21,3,12.3
12689,S014,2025-01-31,0,0,10.4
12690,S014,2025-01-31,3,0,8.8
12691,S014,2025-01-31,6,3,13.8
12692,S014,2025-01-31,9,6,27.9
12693,S014,2025-01-31,12,1,21.5
12694,S014,2025-01-31,15,7,23.2
12695,S014,2025-01-31,18,10,21.9
12696,S014,2025-01-31,21,3,18.3
12697,S014,2025-09-11,0,1,13.1
12698,S014,2025-09-11,3,0,8.9
12699,S014,2025-09-11,6,5,8.5
12700,S014,2025-09-11,9,7,27.8
12701,S014,2025-09-11,12,0,21.0
12702,S014,2025-09-11,15,5,22.1
12703,S014,2025-09-11,18,8,32.1
12704,S014,2025-09-11,21,2,10.9
12705,S014,2025-06-14,0,0,1.6
12706,S014,2025-06-14,3,0,5.3
12707,S014,2025-06-14,6,3,12.0
12708,S014,2025-06-14,9,4,28.3
12709,S014,2025-06-14,12,1,13.0
12710,S014,2025-06-14,15,1,19.5
12711,S014,2025-06-14,18,2,31.0
12712,S014,2025-06-14,21,3,13.0
12713,S014,2025-07-05,0,2,8.4
12714,S014,2025-07-05,3,0,8.9
12715,S014,2025-07-05,6,4,13.0
12716,S014,2025-07-05,9,5,26.6
12717,S014,2025-07-05,12,3,21.4
12718,S014,2025-07-05,15,7,22.5
12719,S014,2025-07-05,18,6,32.4
12720,S014,2025-07-05,21,2,16.6
12721,S014,2025-02-06,0,0,9.7
12722,S014,2025-02-06,3,0,0.0
12723,S014,2025-02-06,6,2,14.9
12724,S014,2025-02-06,9,5,24.9
12725,S014,2025-02-06,12,0,13.9
12726,S014,2025-02-06,15,6,14.1
12727,S014,2025-02-06,18,10,28.1
12728,S014,2025-02-06,21,3,14.9
12729,S014,2025-03-03,0,3,4.0
12730,S014,2025-03-03,3,1,4.0
12731,S014,2025-03-03,6,1,12.8
12732,S014,2025-03-03,9,7,26.8
12733,S014,2025-03-03,12,1,12.5
12734,S014,2025-03-03,15,2,25.9
12735,S014,2025-03-03,18,3,32.8
12736,S014,2025-03-03,21,1,14.3
12737,S014,2025-10-03,0,1,8.0
12738,S014,2025-10-03,3,1,5.0
12739,S014,2025-10-03,6,3,15.7
12740,S014,2025-10-03,9,2,21.1
12741,S014,2025-10-03,12,4,24.2
12742,S014,2025-10-03,15,4,13.8
12743,S014,2025-10-03,18,7,31.1
12744,S014,2025-10-03,21,0,19.9
12745,S014,2025-06-27,0,0,13.1
12746,S014,2025-06-27,3,1,10.2
12747,S014,2025-06-27,6,2,16.4
12748,S014,2025-06-27,9,7,25.3
12749,S014,2025-06-27,12,7,15.2
12750,S014,2025-06-27,15,5,16.8
12751,S014,2025-06-27,18,4,37.5
12752,S014,2025-06-27,21,8,12.7
12753,S014,2025-04-21,0,0,4.1
12754,S014,2025-04-21,3,1,7.5
12755,S014,2025-04-21,6,2,14.6
12756,S014,2025-04-21,9,5,26.4
12757,S014,2025-04-21,12,2,14.0
12758,S014,2025-04-21,15,5,21.8
12759,S014,2025-04-21,18,9,31.3
12760,S014,2025-04-21,21,1,13.8
12761,S014,2025-12-26,0,0,5.2
12762,S014,2025-12-26,3,0,7.6
12763,S014,2025-12-26,6,2,15.8
12764,S014,2025-12-26,9,2,29.8
12765,S014,2025-12-26,12,3,8.2
12766,S014,2025-12-26,15,3,18.9
12767,S014,2025-12-26,18,8,27.2
12768,S014,2025-12-26,21,1,15.5
12769,S014,2025-01-12,0,0,12.1
12770,S014,2025-01-12,3,0,7.6
12771,S014,2025-01-12,6,1,8.6
12772,S014,2025-01-12,9,4,27.4
12773,S014,2025-01-12,12,5,15.6
12774,S014,2025-01-12,15,2,25.5
12775,S014,2025-01-12,18,7,27.4
12776,S014,2025-01-12,21,7,20.1
12777,S014,2025-02-26,0,0,5.0
12778,S014,2025-02-26,3,0,17.5
12779,S014,2025-02-26,6,1,15.1
12780,S014,2025-02-26,9,5,26.5
12781,S014,2025-02-26,12,4,21.2
12782,S014,2025-02-26,15,2,15.9
12783,S014,2025-02-26,18,1,29.7
12784,S014,2025-02-26,21,2,23.7
12785,S014,2025-10-18,0,0,15.4
12786,S014,2025-10-18,3,0,3.7
12787,S014,2025-10-18,6,2,13.1
12788,S014,2025-10-18,9,5,31.5
12789,S014,2025-10-18,12,8,17.5
12790,S014,2025-10-18,15,2,18.5
12791,S014,2025-10-18,18,6,38.1
12792,S014,2025-10-18,21,1,24.4
12793,S014,2025-01-10,0,0,9.6
12794,S014,2025-01-10,3,0,11.4
12795,S014,2025-01-10,6,1,17.5
12796,S014,2025-01-10,9,5,29.8
12797,S014,2025-01-10,12,6,20.7
12798,S014,2025-01-10,15,4,15.9
12799,S014,2025-01-10,18,6,27.9
12800,S014,2025-01-10,21,1,18.3
12801,S014,2025-07-06,0,2,7.5
12802,S014,2025-07-06,3,1,14.0
12803,S014,2025-07-06,6,0,10.6
12804,S014,2025-07-06,9,10,26.5
12805,S014,2025-07-06,12,5,11.1
12806,S014,2025-07-06,15,1,23.2
12807,S014,2025-07-06,18,8,33.9
12808,S014,2025-07-06,21,5,18.7
12809,S014,2025-02-05,0,0,10.2
12810,S014,2025-02-05,3,0,4.5
12811,S014,2025-02-05,6,5,13.3
12812,S014,2025-02-05,9,6,32.4
12813,S014,2025-02-05,12,3,22.0
12814,S014,2025-02-05,15,4,22.6
12815,S014,2025-02-05,18,14,30.8
12816,S014,2025-02-05,21,5,16.2
12817,S014,2025-09-22,0,0,15.8
12818,S014,2025-09-22,3,0,2.9
12819,S014,2025-09-22,6,1,20.0
12820,S014,2025-09-22,9,4,24.3
12821,S014,2025-09-22,12,3,17.7
12822,S014,2025-09-22,15,7,18.3
12823,S014,2025-09-22,18,6,26.6
12824,S014,2025-09-22,21,2,17.1
12825,S014,2025-10-08,0,1,8.7
12826,S014,2025-10-08,3,0,4.5
12827,S014,2025-10-08,6,2,17.3
12828,S014,2025-10-08,9,9,23.5
12829,S014,2025-10-08,12,4,11.3
12830,S014,2025-10-08,15,4,17.6
12831,S014,2025-10-08,18,3,28.9
12832,S014,2025-10-08,21,2,20.6
12833,S014,2025-05-17,0,1,5.0
12834,S014,2025-05-17,3,0,8.4
12835,S014,2025-05-17,6,1,13.9
12836,S014,2025-05-17,9,3,25.2
12837,S014,2025-05-17,12,1,17.7
12838,S014,2025-05-17,15,1,20.9
12839,S014,2025-05-17,18,6,30.9
12840,S014,2025-05-17,21,3,8.2
12841,S014,2025-02-21,0,0,0.0
12842,S014,2025-02-21,3,0,15.0
12843,S014,2025-02-21,6,4,19.6
12844,S014,2025-02-21,9,6,23.3
12845,S014,2025-02-21,12,2,21.3
12846,S014,2025-02-21,15,8,20.1
12847,S014,2025-02-21,18,4,33.8
12848,S014,2025-02-21,21,5,20.5
12849,S014,2025-07-11,0,1,4.4
12850,S014,2025-07-11,3,1,0.0
12851,S014,2025-07-11,6,1,15.4
12852,S014,2025-07-11,9,3,28.3
12853,S014,2025-07-11,12,2,16.9
12854,S014,2025-07-11,15,2,28.0
12855,S014,2025-07-11,18,4,21.7
12856,S014,2025-07-11,21,1,21.3
12857,S014,2025-06-24,0,0,12.7
12858,S014,2025-06-24,3,2,9.7
12859,S014,2025-06-24,6,1,8.0
12860,S014,2025-06-24,9,9,28.0
12861,S014,2025-06-24,12,2,19.6
12862,S014,2025-06-24,15,5,18.2
12863,S014,2025-06-24,18,4,36.1
12864,S014,2025-06-24,21,5,13.4
12865,S014,2025-10-10,0,0,0.0
12866,S014,2025-10-10,3,1,4.7
12867,S014,2025-10-10,6,2,16.4
12868,S014,2025-10-10,9,6,18.1
12869,S014,2025-10-10,12,1,11.9
12870,S014,2025-10-10,15,4,22.7
12871,S014,2025-10-10,18,7,28.7
12872,S014,2025-10-10,21,1,21.2
12873,S014,2025-03-11,0,0,0.2
12874,S014,2025-03-11,3,0,5.1
12875,S014,2025-03-11,6,3,14.6
12876,S014,2025-03-11,9,7,26.7
12877,S014,2025-03-11,12,5,15.2
12878,S014,2025-03-11,15,2,24.1
12879,S014,2025-03-11,18,4,31.7
12880,S014,2025-03-11,21,3,18.6
12881,S014,2025-04-01,0,0,7.4
12882,S014,2025-04-01,3,0,13.6
12883,S014,2025-04-01,6,8,13.8
12884,S014,2025-04-01,9,4,27.6
12885,S014,2025-04-01,12,6,18.7
12886,S014,2025-04-01,15,1,21.0
12887,S014,2025-04-01,18,9,36.2
12888,S014,2025-04-01,21,3,20.4
12889,S014,2025-04-08,0,0,3.7
12890,S014,2025-04-08,3,0,0.0
12891,S014,2025-04-08,6,1,15.2
12892,S014,2025-04-08,9,5,29.4
12893,S014,2025-04-08,12,2,17.9
12894,S014,2025-04-08,15,2,20.9
12895,S014,2025-04-08,18,5,27.9
12896,S014,2025-04-08,21,1,20.3
12897,S014,2025-03-31,0,1,0.0
12898,S014,2025-03-31,3,2,8.6
12899,S014,2025-03-31,6,3,12.7
12900,S014,2025-03-31,9,4,26.2
12901,S014,2025-03-31,12,5,22.7
12902,S014,2025-03-31,15,5,18.1
12903,S014,2025-03-31,18,5,29.0
12904,S014,2025-03-31,21,6,9.8
12905,S014,2025-02-23,0,1,3.2
12906,S014,2025-02-23,3,0,7.9
12907,S014,2025-02-23,6,1,18.4
12908,S014,2025-02-23,9,4,19.8
12909,S014,2025-02-23,12,2,21.2
12910,S014,2025-02-23,15,0,22.4
12911,S014,2025-02-23,18,3,31.5
12912,S014,2025-02-23,21,3,9.7
12913,S014,2025-11-24,0,1,0.7
12914,S014,2025-11-24,3,3,14.2
12915,S014,2025-11-24,6,3,9.7
12916,S014,2025-11-24,9,3,27.6
12917,S014,2025-11-24,12,2,16.5
12918,S014,2025-11-24,15,3,12.0
12919,S014,2025-11-24,18,4,35.7
12920,S014,2025-11-24,21,2,19.0
12921,S014,2025-02-16,0,0,11.8
12922,S014,2025-02-16,3,1,11.3
12923,S014,2025-02-16,6,7,13.0
12924,S014,2025-02-16,9,4,34.0
12925,S014,2025-02-16,12,5,14.0
12926,S014,2025-02-16,15,6,16.3
12927,S014,2025-02-16,18,3,23.3
12928,S014,2025-02-16,21,1,14.2
12929,S014,2025-08-02,0,1,5.5
12930,S014,2025-08-02,3,2,9.9
12931,S014,2025-08-02,6,1,16.3
12932,S014,2025-08-02,9,5,27.8
12933,S014,2025-08-02,12,2,20.0
12934,S014,2025-08-02,15,1,15.7
12935,S014,2025-08-02,18,3,16.9
12936,S014,2025-08-02,21,4,20.6
12937,S014,2025-09-14,0,1,6.8
12938,S014,2025-09-14,3,0,12.5
12939,S014,2025-09-14,6,3,13.8
12940,S014,2025-09-14,9,5,21.8
12941,S014,2025-09-14,12,2,19.6
12942,S014,2025-09-14,15,2,13.2
12943,S014,2025-09-14,18,3,33.8
12944,S014,2025-09-14,21,4,16.5
12945,S014,2025-07-18,0,0,8.4
12946,S014,2025-07-18,3,0,8.6
12947,S014,2025-07-18,6,1,19.3
12948,S014,2025-07-18,9,6,32.9
12949,S014,2025-07-18,12,4,13.9
12950,S014,2025-07-18,15,1,29.9
12951,S014,2025-07-18,18,5,30.5
12952,S014,2025-07-18,21,2,17.3
12953,S014,2025-09-15,0,1,3.8
12954,S014,2025-09-15,3,1,8.6
12955,S014,2025-09-15,6,1,14.5
12956,S014,2025-09-15,9,4,32.3
12957,S014,2025-09-15,12,3,17.4
12958,S014,2025-09-15,15,4,16.9
12959,S014,2025-09-15,18,5,29.6
12960,S014,2025-09-15,21,3,21.6
12961,S014,2025-01-22,0,1,6.5
12962,S014,2025-01-22,3,1,9.1
12963,S014,2025-01-22,6,3,7.7
12964,S014,2025-01-22,9,8,27.9
12965,S014,2025-01-22,12,3,13.0
12966,S014,2025-01-22,15,6,16.2
12967,S014,2025-01-22,18,4,33.3
12968,S014,2025-01-22,21,1,11.4
12969,S014,2025-03-21,0,0,12.3
12970,S014,2025-03-21,3,2,4.4
12971,S014,2025-03-21,6,0,20.3
12972,S014,2025-03-21,9,6,30.8
12973,S014,2025-03-21,12,4,20.4
12974,S014,2025-03-21,15,1,22.6
12975,S014,2025-03-21,18,8,23.7
12976,S014,2025-03-21,21,4,20.6
12977,S014,2025-03-04,0,0,3.7
12978,S014,2025-03-04,3,2,8.9
12979,S014,2025-03-04,6,1,7.5
12980,S014,2025-03-04,9,4,30.6
12981,S014,2025-03-04,12,2,17.3
12982,S014,2025-03-04,15,2,22.1
12983,S014,2025-03-04,18,5,25.8
12984,S014,2025-03-04,21,7,16.2
12985,S014,2025-07-16,0,1,14.3
12986,S014,2025-07-16,3,1,8.3
12987,S014,2025-07-16,6,2,19.4
12988,S014,2025-07-16,9,1,22.9
12989,S014,2025-07-16,12,3,14.7
12990,S014,2025-07-16,15,2,16.6
12991,S014,2025-07-16,18,7,25.2
12992,S014,2025-07-16,21,3,13.9
12993,S014,2025-06-06,0,0,4.0
12994,S014,2025-06-06,3,1,4.8
12995,S014,2025-06-06,6,3,9.9
12996,S014,2025-06-06,9,8,24.3
12997,S014,2025-06-06,12,5,13.9
12998,S014,2025-06-06,15,0,17.2
12999,S014,2025-06-06,18,4,31.4
13000,S014,2025-06-06,21,4,22.1
13001,S014,2025-10-24,0,3,4.4
13002,S014,2025-10-24,3,0,7.8
13003,S014,2025-10-24,6,1,12.5
13004,S014,2025-10-24,9,5,26.7
13005,S014,2025-10-24,12,3,18.4
13006,S014,2025-10-24,15,3,22.7
13007,S014,2025-10-24,18,7,27.2
13008,S014,2025-10-24,21,2,18.8
13009,S014,2025-02-04,0,0,9.0
13010,S014,2025-02-04,3,0,8.1
13011,S014,2025-02-04,6,3,10.1
13012,S014,2025-02-04,9,3,24.0
13013,S014,2025-02-04,12,2,20.9
13014,S014,2025-02-04,15,6,22.3
13015,S014,2025-02-04,18,4,31.5
13016,S014,2025-02-04,21,1,17.5
13017,S014,2025-11-13,0,0,0.0
13018,S014,2025-11-13,3,1,14.1
13019,S014,2025-11-13,6,2,14.5
13020,S014,2025-11-13,9,4,29.0
13021,S014,2025-11-13,12,3,18.0
13022,S014,2025-11-13,15,2,25.2
13023,S014,2025-11-13,18,6,29.6
13024,S014,2025-11-13,21,1,7.9
13025,S014,2025-07-04,0,2,5.0
13026,S014,2025-07-04,3,0,3.5
13027,S014,2025-07-04,6,2,15.7
13028,S014,2025-07-04,9,7,37.7
13029,S014,2025-07-04,12,5,20.2
13030,S014,2025-07-04,15,2,20.6
13031,S014,2025-07-04,18,3,26.4
13032,S014,2025-07-04,21,8,20.3
13033,S014,2025-08-04,0,1,8.8
13034,S014,2025-08-04,3,0,12.2
13035,S014,2025-08-04,6,2,9.5
13036,S014,2025-08-04,9,1,29.6
13037,S014,2025-08-04,12,8,16.9
13038,S014,2025-08-04,15,4,19.5
13039,S014,2025-08-04,18,3,26.2
13040,S014,2025-08-04,21,2,21.6
13041,S014,2025-02-02,0,1,14.7
13042,S014,2025-02-02,3,0,6.8
13043,S014,2025-02-02,6,2,13.2
13044,S014,2025-02-02,9,5,28.6
13045,S014,2025-02-02,12,1,17.0
13046,S014,2025-02-02,15,5,20.6
13047,S014,2025-02-02,18,6,27.2
13048,S014,2025-02-02,21,1,18.7
13049,S014,2025-07-20,0,2,9.1
13050,S014,2025-07-20,3,2,0.0
13051,S014,2025-07-20,6,2,8.6
13052,S014,2025-07-20,9,4,28.5
13053,S014,2025-07-20,12,2,21.4
13054,S014,2025-07-20,15,4,23.3
13055,S014,2025-07-20,18,7,32.5
13056,S014,2025-07-20,21,0,11.1
13057,S014,2025-09-25,0,2,7.9
13058,S014,2025-09-25,3,0,6.0
13059,S014,2025-09-25,6,0,10.7
13060,S014,2025-09-25,9,6,25.8
13061,S014,2025-09-25,12,1,11.5
13062,S014,2025-09-25,15,6,13.7
13063,S014,2025-09-25,18,5,32.9
13064,S014,2025-09-25,21,3,10.7
13065,S014,2025-07-09,0,0,7.0
13066,S014,2025-07-09,3,1,6.4
13067,S014,2025-07-09,6,3,14.7
13068,S014,2025-07-09,9,6,24.3
13069,S014,2025-07-09,12,4,22.2
13070,S014,2025-07-09,15,3,25.6
13071,S014,2025-07-09,18,6,37.1
13072,S014,2025-07-09,21,5,12.2
13073,S014,2025-12-05,0,1,4.9
13074,S014,2025-12-05,3,2,2.6
13075,S014,2025-12-05,6,3,25.9
13076,S014,2025-12-05,9,2,29.2
13077,S014,2025-12-05,12,0,12.3
13078,S014,2025-12-05,15,7,15.8
13079,S014,2025-12-05,18,3,31.9
13080,S014,2025-12-05,21,1,13.9
13081,S014,2025-02-18,0,1,7.1
13082,S014,2025-02-18,3,0,4.6
13083,S014,2025-02-18,6,2,12.3
13084,S014,2025-02-18,9,11,30.6
13085,S014,2025-02-18,12,6,18.5
13086,S014,2025-02-18,15,5,17.4
13087,S014,2025-02-18,18,13,31.2
13088,S014,2025-02-18,21,1,19.0
13089,S014,2025-09-12,0,0,6.2
13090,S014,2025-09-12,3,0,7.4
13091,S014,2025-09-12,6,0,15.9
13092,S014,2025-09-12,9,5,25.7
13093,S014,2025-09-12,12,1,10.5
13094,S014,2025-09-12,15,3,29.0
13095,S014,2025-09-12,18,4,36.0
13096,S014,2025-09-12,21,2,14.9
13097,S014,2025-07-02,0,1,0.0
13098,S014,2025-07-02,3,1,7.9
13099,S014,2025-07-02,6,2,12.3
13100,S014,2025-07-02,9,5,29.8
13101,S014,2025-07-02,12,3,13.1
13102,S014,2025-07-02,15,5,25.3
13103,S014,2025-07-02,18,8,36.9
13104,S014,2025-07-02,21,3,14.9
13105,S014,2025-08-18,0,1,1.9
13106,S014,2025-08-18,3,2,4.8
13107,S014,2025-08-18,6,5,17.0
13108,S014,2025-08-18,9,4,28.2
13109,S014,2025-08-18,12,1,21.5
13110,S014,2025-08-18,15,2,16.0
13111,S014,2025-08-18,18,6,27.3
13112,S014,2025-08-18,21,3,26.5
13113,S014,2025-12-09,0,1,4.0
13114,S014,2025-12-09,3,0,6.6
13115,S014,2025-12-09,6,0,18.3
13116,S014,2025-12-09,9,0,23.8
13117,S014,2025-12-09,12,4,21.4
13118,S014,2025-12-09,15,3,17.9
13119,S014,2025-12-09,18,7,27.7
13120,S014,2025-12-09,21,3,22.1
13121,S014,2025-10-12,0,3,7.4
13122,S014,2025-10-12,3,2,5.2
13123,S014,2025-10-12,6,2,10.6
13124,S014,2025-10-12,9,6,29.3
13125,S014,2025-10-12,12,4,10.9
13126,S014,2025-10-12,15,2,15.5
13127,S014,2025-10-12,18,7,30.2
13128,S014,2025-10-12,21,3,17.2
13129,S014,2025-10-26,0,0,8.9
13130,S014,2025-10-26,3,0,11.8
13131,S014,2025-10-26,6,3,16.5
13132,S014,2025-10-26,9,7,15.8
13133,S014,2025-10-26,12,1,16.2
13134,S014,2025-10-26,15,4,22.9
13135,S014,2025-10-26,18,4,30.7
13136,S014,2025-10-26,21,2,13.4
13137,S014,2025-08-16,0,0,1.0
13138,S014,2025-08-16,3,1,6.8
13139,S014,2025-08-16,6,5,9.7
13140,S014,2025-08-16,9,7,36.2
13141,S014,2025-08-16,12,1,16.3
13142,S014,2025-08-16,15,8,15.0
13143,S014,2025-08-16,18,3,31.8
13144,S014,2025-08-16,21,3,16.0
13145,S014,2025-02-08,0,0,10.6
13146,S014,2025-02-08,3,0,12.3
13147,S014,2025-02-08,6,4,8.0
13148,S014,2025-02-08,9,9,22.7
13149,S014,2025-02-08,12,5,10.9
13150,S014,2025-02-08,15,2,19.0
13151,S014,2025-02-08,18,6,30.0
13152,S014,2025-02-08,21,2,22.3
13153,S014,2025-02-25,0,1,7.5
13154,S014,2025-02-25,3,0,5.7
13155,S014,2025-02-25,6,2,13.3
13156,S014,2025-02-25,9,5,29.0
13157,S014,2025-02-25,12,3,20.7
13158,S014,2025-02-25,15,6,23.6
13159,S014,2025-02-25,18,6,29.5
13160,S014,2025-02-25,21,3,17.4
13161,S014,2025-12-16,0,1,8.9
13162,S014,2025-12-16,3,0,0.0
13163,S014,2025-12-16,6,2,11.1
13164,S014,2025-12-16,9,6,23.3
13165,S014,2025-12-16,12,4,18.1
13166,S014,2025-12-16,15,4,26.4
13167,S014,2025-12-16,18,8,25.4
13168,S014,2025-12-16,21,5,22.3
13169,S014,2025-05-29,0,0,13.5
13170,S014,2025-05-29,3,0,12.6
13171,S014,2025-05-29,6,3,20.1
13172,S014,2025-05-29,9,6,31.0
13173,S014,2025-05-29,12,3,13.3
13174,S014,2025-05-29,15,6,19.5
13175,S014,2025-05-29,18,9,27.8
13176,S014,2025-05-29,21,4,19.6
13177,S014,2025-07-30,0,1,8.0
13178,S014,2025-07-30,3,0,6.6
13179,S014,2025-07-30,6,2,17.4
13180,S014,2025-07-30,9,5,25.6
13181,S014,2025-07-30,12,4,20.3
13182,S014,2025-07-30,15,4,17.4
13183,S014,2025-07-30,18,6,24.4
13184,S014,2025-07-30,21,1,20.4
13185,S014,2025-04-11,0,3,3.4
13186,S014,2025-04-11,3,0,4.8
13187,S014,2025-04-11,6,5,12.5
13188,S014,2025-04-11,9,2,22.9
13189,S014,2025-04-11,12,5,20.1
13190,S014,2025-04-11,15,3,14.7
13191,S014,2025-04-11,18,4,31.1
13192,S014,2025-04-11,21,4,23.7
13193,S014,2025-06-02,0,2,11.2
13194,S014,2025-06-02,3,0,7.3
13195,S014,2025-06-02,6,0,13.2
13196,S014,2025-06-02,9,3,27.7
13197,S014,2025-06-02,12,1,16.8
13198,S014,2025-06-02,15,3,22.0
13199,S014,2025-06-02,18,7,32.4
13200,S014,2025-06-02,21,2,20.4
13201,S014,2025-02-28,0,0,1.1
13202,S014,2025-02-28,3,0,4.7
13203,S014,2025-02-28,6,3,20.6
13204,S014,2025-02-28,9,5,29.2
13205,S014,2025-02-28,12,3,16.2
13206,S014,2025-02-28,15,3,22.5
13207,S014,2025-02-28,18,10,34.4
13208,S014,2025-02-28,21,3,19.7
13209,S014,2025-09-10,0,1,3.5
13210,S014,2025-09-10,3,0,3.1
13211,S014,2025-09-10,6,1,13.7
13212,S014,2025-09-10,9,2,29.2
13213,S014,2025-09-10,12,5,21.8
13214,S014,2025-09-10,15,2,18.2
13215,S014,2025-09-10,18,6,35.1
13216,S014,2025-09-10,21,7,9.5
13217,S014,2025-02-03,0,1,10.8
13218,S014,2025-02-03,3,1,2.5
13219,S014,2025-02-03,6,3,15.9
13220,S014,2025-02-03,9,6,24.0
13221,S014,2025-02-03,12,1,20.4
13222,S014,2025-02-03,15,2,22.5
13223,S014,2025-02-03,18,5,26.7
13224,S014,2025-02-03,21,7,15.7
13225,S014,2025-03-22,0,0,12.9
13226,S014,2025-03-22,3,1,5.9
13227,S014,2025-03-22,6,1,20.9
13228,S014,2025-03-22,9,2,28.5
13229,S014,2025-03-22,12,2,20.3
13230,S014,2025-03-22,15,3,18.5
13231,S014,2025-03-22,18,11,31.7
13232,S014,2025-03-22,21,1,13.3
13233,S014,2025-10-20,0,1,7.5
13234,S014,2025-10-20,3,1,1.5
13235,S014,2025-10-20,6,2,15.6
13236,S014,2025-10-20,9,5,28.6
13237,S014,2025-10-20,12,4,14.3
13238,S014,2025-10-20,15,4,20.0
13239,S014,2025-10-20,18,9,27.5
13240,S014,2025-10-20,21,2,20.5
13241,S014,2025-08-22,0,0,3.1
13242,S014,2025-08-22,3,3,10.8
13243,S014,2025-08-22,6,5,13.0
13244,S014,2025-08-22,9,6,28.7
13245,S014,2025-08-22,12,2,20.9
13246,S014,2025-08-22,15,4,19.5
13247,S014,2025-08-22,18,5,33.7
13248,S014,2025-08-22,21,2,17.6
13249,S014,2025-01-07,0,1,13.7
13250,S014,2025-01-07,3,1,6.4
13251,S014,2025-01-07,6,4,14.4
13252,S014,2025-01-07,9,7,21.3
13253,S014,2025-01-07,12,4,10.6
13254,S014,2025-01-07,15,0,19.3
13255,S014,2025-01-07,18,4,32.0
13256,S014,2025-01-07,21,2,18.2
13257,S014,2025-09-09,0,1,8.2
13258,S014,2025-09-09,3,1,14.8
13259,S014,2025-09-09,6,3,14.4
13260,S014,2025-09-09,9,5,21.6
13261,S014,2025-09-09,12,5,11.7
13262,S014,2025-09-09,15,3,26.9
13263,S014,2025-09-09,18,4,32.0
13264,S014,2025-09-09,21,3,18.9
13265,S014,2025-01-15,0,0,0.0
13266,S014,2025-01-15,3,1,2.4
13267,S014,2025-01-15,6,5,12.1
13268,S014,2025-01-15,9,3,28.1
13269,S014,2025-01-15,12,5,15.6
13270,S014,2025-01-15,15,4,25.2
13271,S014,2025-01-15,18,6,32.3
13272,S014,2025-01-15,21,6,20.4
13273,S014,2025-08-05,0,0,14.0
13274,S014,2025-08-05,3,0,14.1
13275,S014,2025-08-05,6,3,14.5
13276,S014,2025-08-05,9,10,26.8
13277,S014,2025-08-05,12,4,15.4
13278,S014,2025-08-05,15,3,14.8
13279,S014,2025-08-05,18,5,26.5
13280,S014,2025-08-05,21,3,19.5
13281,S014,2025-05-04,0,1,4.1
13282,S014,2025-05-04,3,1,11.1
13283,S014,2025-05-04,6,2,4.9
13284,S014,2025-05-04,9,7,27.0
13285,S014,2025-05-04,12,4,28.3
13286,S014,2025-05-04,15,1,18.0
13287,S014,2025-05-04,18,8,32.6
13288,S014,2025-05-04,21,3,21.7
13289,S014,2025-08-14,0,2,0.6
13290,S014,2025-08-14,3,1,11.2
13291,S014,2025-08-14,6,4,16.1
13292,S014,2025-08-14,9,8,31.3
13293,S014,2025-08-14,12,1,18.0
13294,S014,2025-08-14,15,1,23.0
13295,S014,2025-08-14,18,8,31.3
13296,S014,2025-08-14,21,2,21.3
13297,S014,2025-07-24,0,0,1.8
13298,S014,2025-07-24,3,0,7.3
13299,S014,2025-07-24,6,4,16.1
13300,S014,2025-07-24,9,5,25.9
13301,S014,2025-07-24,12,4,17.0
13302,S014,2025-07-24,15,4,19.6
13303,S014,2025-07-24,18,3,31.4
13304,S014,2025-07-24,21,2,17.2
13305,S014,2025-11-16,0,1,4.3
13306,S014,2025-11-16,3,0,5.1
13307,S014,2025-11-16,6,2,7.9
13308,S014,2025-11-16,9,3,26.9
13309,S014,2025-11-16,12,3,22.1
13310,S014,2025-11-16,15,7,23.4
13311,S014,2025-11-16,18,6,28.2
13312,S014,2025-11-16,21,1,15.9
13313,S014,2025-10-04,0,1,5.3
13314,S014,2025-10-04,3,1,8.9
13315,S014,2025-10-04,6,3,6.8
13316,S014,2025-10-04,9,5,31.6
13317,S014,2025-10-04,12,3,16.3
13318,S014,2025-10-04,15,6,15.9
13319,S014,2025-10-04,18,6,26.6
13320,S014,2025-10-04,21,2,16.2
13321,S014,2025-04-19,0,0,9.5
13322,S014,2025-04-19,3,1,7.2
13323,S014,2025-04-19,6,4,11.0
13324,S014,2025-04-19,9,6,32.1
13325,S014,2025-04-19,12,4,11.4
13326,S014,2025-04-19,15,6,16.1
13327,S014,2025-04-19,18,4,32.0
13328,S014,2025-04-19,21,1,20.8
13329,S014,2025-03-16,0,0,9.1
13330,S014,2025-03-16,3,1,10.4
13331,S014,2025-03-16,6,4,21.6
13332,S014,2025-03-16,9,6,23.8
13333,S014,2025-03-16,12,4,12.7
13334,S014,2025-03-16,15,1,15.8
13335,S014,2025-03-16,18,9,25.8
13336,S014,2025-03-16,21,3,17.4
13337,S014,2025-05-30,0,1,4.6
13338,S014,2025-05-30,3,0,12.7
13339,S014,2025-05-30,6,2,21.2
13340,S014,2025-05-30,9,7,29.3
13341,S014,2025-05-30,12,2,23.8
13342,S014,2025-05-30,15,3,18.7
13343,S014,2025-05-30,18,5,25.3
13344,S014,2025-05-30,21,2,21.7
13345,S014,2025-10-28,0,0,11.6
13346,S014,2025-10-28,3,1,9.4
13347,S014,2025-10-28,6,1,7.5
13348,S014,2025-10-28,9,4,26.5
13349,S014,2025-10-28,12,3,21.4
13350,S014,2025-10-28,15,4,17.1
13351,S014,2025-10-28,18,5,30.5
13352,S014,2025-10-28,21,4,13.0
13353,S014,2025-10-07,0,1,4.4
13354,S014,2025-10-07,3,1,12.2
13355,S014,2025-10-07,6,3,15.7
13356,S014,2025-10-07,9,5,24.3
13357,S014,2025-10-07,12,3,17.2
13358,S014,2025-10-07,15,2,19.8
13359,S014,2025-10-07,18,7,27.4
13360,S014,2025-10-07,21,2,15.6
13361,S014,2025-07-23,0,0,9.1
13362,S014,2025-07-23,3,1,5.3
13363,S014,2025-07-23,6,0,14.0
13364,S014,2025-07-23,9,4,25.8
13365,S014,2025-07-23,12,1,15.1
13366,S014,2025-07-23,15,6,23.4
13367,S014,2025-07-23,18,6,36.1
13368,S014,2025-07-23,21,2,18.5
13369,S014,2025-03-06,0,0,5.7
13370,S014,2025-03-06,3,0,12.6
13371,S014,2025-03-06,6,2,6.2
13372,S014,2025-03-06,9,5,25.8
13373,S014,2025-03-06,12,5,15.3
13374,S014,2025-03-06,15,5,17.7
13375,S014,2025-03-06,18,8,31.7
13376,S014,2025-03-06,21,2,18.6
13377,S014,2025-03-30,0,0,6.9
13378,S014,2025-03-30,3,0,7.1
13379,S014,2025-03-30,6,4,15.7
13380,S014,2025-03-30,9,7,27.5
13381,S014,2025-03-30,12,3,10.4
13382,S014,2025-03-30,15,3,20.5
13383,S014,2025-03-30,18,7,32.4
13384,S014,2025-03-30,21,3,17.2
13385,S014,2025-10-15,0,1,10.9
13386,S014,2025-10-15,3,0,11.0
13387,S014,2025-10-15,6,2,16.9
13388,S014,2025-10-15,9,5,28.0
13389,S014,2025-10-15,12,2,15.5
13390,S014,2025-10-15,15,5,16.7
13391,S014,2025-10-15,18,2,27.8
13392,S014,2025-10-15,21,0,17.2
13393,S014,2025-03-23,0,1,9.9
13394,S014,2025-03-23,3,0,6.9
13395,S014,2025-03-23,6,1,18.5
13396,S014,2025-03-23,9,8,21.0
13397,S014,2025-03-23,12,5,22.5
13398,S014,2025-03-23,15,5,16.4
13399,S014,2025-03-23,18,7,26.3
13400,S014,2025-03-23,21,5,22.7
13401,S014,2025-03-15,0,0,10.8
13402,S014,2025-03-15,3,0,5.7
13403,S014,2025-03-15,6,1,17.1
13404,S014,2025-03-15,9,10,25.6
13405,S014,2025-03-15,12,1,15.9
13406,S014,2025-03-15,15,5,18.3
13407,S014,2025-03-15,18,12,29.7
13408,S014,2025-03-15,21,1,15.2
13409,S014,2025-08-23,0,2,12.4
13410,S014,2025-08-23,3,4,0.0
13411,S014,2025-08-23,6,4,17.9
13412,S014,2025-08-23,9,9,30.1
13413,S014,2025-08-23,12,4,13.5
13414,S014,2025-08-23,15,0,25.5
13415,S014,2025-08-23,18,6,37.7
13416,S014,2025-08-23,21,2,16.8
13417,S014,2025-11-02,0,1,6.1
13418,S014,2025-11-02,3,1,10.8
13419,S014,2025-11-02,6,0,15.6
13420,S014,2025-11-02,9,3,26.1
13421,S014,2025-11-02,12,0,10.0
13422,S014,2025-11-02,15,3,23.3
13423,S014,2025-11-02,18,2,30.6
13424,S014,2025-11-02,21,5,27.1
13425,S014,2025-04-20,0,2,8.1
13426,S014,2025-04-20,3,0,11.9
13427,S014,2025-04-20,6,2,11.3
13428,S014,2025-04-20,9,5,27.6
13429,S014,2025-04-20,12,1,19.0
13430,S014,2025-04-20,15,2,22.8
13431,S014,2025-04-20,18,8,28.3
13432,S014,2025-04-20,21,3,22.0
13433,S014,2025-10-23,0,2,6.2
13434,S014,2025-10-23,3,1,2.1
13435,S014,2025-10-23,6,1,14.2
13436,S014,2025-10-23,9,5,32.8
13437,S014,2025-10-23,12,3,16.7
13438,S014,2025-10-23,15,3,24.2
13439,S014,2025-10-23,18,1,28.3
13440,S014,2025-10-23,21,4,10.5
13441,S015,2025-10-05,0,0,7.8
13442,S015,2025-10-05,3,0,6.5
13443,S015,2025-10-05,6,2,17.2
13444,S015,2025-10-05,9,2,30.8
13445,S015,2025-10-05,12,1,14.9
13446,S015,2025-10-05,15,1,27.1
13447,S015,2025-10-05,18,2,27.1
13448,S015,2025-10-05,21,3,17.6
13449,S015,2025-03-11,0,2,10.6
13450,S015,2025-03-11,3,0,3.9
13451,S015,2025-03-11,6,5,14.6
13452,S015,2025-03-11,9,4,25.3
13453,S015,2025-03-11,12,5,22.0
13454,S015,2025-03-11,15,3,14.1
13455,S015,2025-03-11,18,7,24.6
13456,S015,2025-03-11,21,3,13.6
13457,S015,2025-11-29,0,1,9.4
13458,S015,2025-11-29,3,1,6.3
13459,S015,2025-11-29,6,1,16.5
13460,S015,2025-11-29,9,4,27.5
13461,S015,2025-11-29,12,7,23.7
13462,S015,2025-11-29,15,3,10.7
13463,S015,2025-11-29,18,7,28.1
13464,S015,2025-11-29,21,1,17.0
13465,S015,2025-09-24,0,1,6.7
13466,S015,2025-09-24,3,0,8.7
13467,S015,2025-09-24,6,1,12.6
13468,S015,2025-09-24,9,2,26.3
13469,S015,2025-09-24,12,3,18.0
13470,S015,2025-09-24,15,4,30.1
13471,S015,2025-09-24,18,6,25.3
13472,S015,2025-09-24,21,3,22.8
13473,S015,2025-03-01,0,0,3.6
13474,S015,2025-03-01,3,0,6.5
13475,S015,2025-03-01,6,4,21.9
13476,S015,2025-03-01,9,8,34.0
13477,S015,2025-03-01,12,4,14.2
13478,S015,2025-03-01,15,6,22.1
13479,S015,2025-03-01,18,10,31.0
13480,S015,2025-03-01,21,2,16.5
13481,S015,2025-04-25,0,0,7.7
13482,S015,2025-04-25,3,1,6.0
13483,S015,2025-04-25,6,0,9.0
13484,S015,2025-04-25,9,3,28.8
13485,S015,2025-04-25,12,1,20.8
13486,S015,2025-04-25,15,3,14.8
13487,S015,2025-04-25,18,12,35.0
13488,S015,2025-04-25,21,5,16.2
13489,S015,2025-06-20,0,0,11.5
13490,S015,2025-06-20,3,0,1.3
13491,S015,2025-06-20,6,3,16.5
13492,S015,2025-06-20,9,5,31.5
13493,S015,2025-06-20,12,0,23.7
13494,S015,2025-06-20,15,2,21.8
13495,S015,2025-06-20,18,5,24.4
13496,S015,2025-06-20,21,0,24.1
13497,S015,2025-05-27,0,1,2.8
13498,S015,2025-05-27,3,0,19.0
13499,S015,2025-05-27,6,3,16.9
13500,S015,2025-05-27,9,7,32.3
13501,S015,2025-05-27,12,2,11.3
13502,S015,2025-05-27,15,1,20.6
13503,S015,2025-05-27,18,10,30.0
13504,S015,2025-05-27,21,4,12.8
13505,S015,2025-01-30,0,1,9.2
13506,S015,2025-01-30,3,1,8.4
13507,S015,2025-01-30,6,1,17.6
13508,S015,2025-01-30,9,11,26.0
13509,S015,2025-01-30,12,4,13.8
13510,S015,2025-01-30,15,0,20.4
13511,S015,2025-01-30,18,3,32.9
13512,S015,2025-01-30,21,1,9.9
13513,S015,2025-07-18,0,2,9.7
13514,S015,2025-07-18,3,0,3.1
13515,S015,2025-07-18,6,0,10.3
13516,S015,2025-07-18,9,4,31.7
13517,S015,2025-07-18,12,3,17.2
13518,S015,2025-07-18,15,3,16.1
13519,S015,2025-07-18,18,9,26.7
13520,S015,2025-07-18,21,5,22.3
13521,S015,2025-07-04,0,0,7.3
13522,S015,2025-07-04,3,0,8.3
13523,S015,2025-07-04,6,3,12.5
13524,S015,2025-07-04,9,5,31.2
13525,S015,2025-07-04,12,4,22.2
13526,S015,2025-07-04,15,1,20.9
13527,S015,2025-07-04,18,1,26.9
13528,S015,2025-07-04,21,5,17.4
13529,S015,2025-12-26,0,1,13.7
13530,S015,2025-12-26,3,1,3.2
13531,S015,2025-12-26,6,1,16.6
13532,S015,2025-12-26,9,4,26.2
13533,S015,2025-12-26,12,7,14.5
13534,S015,2025-12-26,15,3,12.6
13535,S015,2025-12-26,18,7,27.4
13536,S015,2025-12-26,21,6,14.6
13537,S015,2025-01-08,0,1,6.5
13538,S015,2025-01-08,3,0,3.6
13539,S015,2025-01-08,6,3,12.2
13540,S015,2025-01-08,9,5,40.2
13541,S015,2025-01-08,12,1,17.1
13542,S015,2025-01-08,15,6,18.5
13543,S015,2025-01-08,18,6,25.1
13544,S015,2025-01-08,21,6,18.7
13545,S015,2025-11-14,0,0,10.0
13546,S015,2025-11-14,3,1,15.2
13547,S015,2025-11-14,6,3,13.8
13548,S015,2025-11-14,9,4,27.2
13549,S015,2025-11-14,12,2,19.0
13550,S015,2025-11-14,15,2,20.3
13551,S015,2025-11-14,18,10,21.8
13552,S015,2025-11-14,21,4,11.7
13553,S015,2025-11-01,0,1,6.6
13554,S015,2025-11-01,3,0,8.1
13555,S015,2025-11-01,6,3,13.9
13556,S015,2025-11-01,9,6,29.2
13557,S015,2025-11-01,12,5,14.7
13558,S015,2025-11-01,15,6,18.6
13559,S015,2025-11-01,18,11,29.7
13560,S015,2025-11-01,21,2,19.5
13561,S015,2025-08-26,0,0,4.7
13562,S015,2025-08-26,3,0,10.7
13563,S015,2025-08-26,6,3,15.5
13564,S015,2025-08-26,9,6,28.3
13565,S015,2025-08-26,12,2,18.8
13566,S015,2025-08-26,15,4,26.3
13567,S015,2025-08-26,18,11,31.3
13568,S015,2025-08-26,21,3,19.7
13569,S015,2025-10-28,0,0,12.1
13570,S015,2025-10-28,3,1,11.3
13571,S015,2025-10-28,6,3,18.4
13572,S015,2025-10-28,9,5,30.8
13573,S015,2025-10-28,12,3,23.0
13574,S015,2025-10-28,15,5,15.2
13575,S015,2025-10-28,18,8,33.5
13576,S015,2025-10-28,21,4,20.9
13577,S015,2025-04-23,0,2,6.0
13578,S015,2025-04-23,3,0,9.9
13579,S015,2025-04-23,6,2,17.8
13580,S015,2025-04-23,9,5,18.0
13581,S015,2025-04-23,12,0,19.3
13582,S015,2025-04-23,15,6,20.0
13583,S015,2025-04-23,18,7,25.0
13584,S015,2025-04-23,21,1,20.9
13585,S015,2025-07-21,0,0,4.8
13586,S015,2025-07-21,3,0,13.1
13587,S015,2025-07-21,6,3,9.8
13588,S015,2025-07-21,9,6,33.5
13589,S015,2025-07-21,12,1,22.0
13590,S015,2025-07-21,15,4,19.9
13591,S015,2025-07-21,18,2,34.5
13592,S015,2025-07-21,21,3,4.9
13593,S015,2025-08-28,0,0,0.5
13594,S015,2025-08-28,3,1,5.9
13595,S015,2025-08-28,6,2,13.1
13596,S015,2025-08-28,9,4,31.6
13597,S015,2025-08-28,12,1,18.8
13598,S015,2025-08-28,15,1,23.9
13599,S015,2025-08-28,18,10,30.5
13600,S015,2025-08-28,21,3,12.2
13601,S015,2025-08-31,0,1,2.5
13602,S015,2025-08-31,3,0,9.6
13603,S015,2025-08-31,6,5,7.4
13604,S015,2025-08-31,9,9,27.7
13605,S015,2025-08-31,12,2,15.6
13606,S015,2025-08-31,15,4,23.2
13607,S015,2025-08-31,18,7,32.5
13608,S015,2025-08-31,21,2,17.9
13609,S015,2025-03-25,0,3,9.5
13610,S015,2025-03-25,3,1,1.6
13611,S015,2025-03-25,6,2,11.1
13612,S015,2025-03-25,9,6,26.4
13613,S015,2025-03-25,12,4,10.5
13614,S015,2025-03-25,15,2,18.6
13615,S015,2025-03-25,18,4,33.8
13616,S015,2025-03-25,21,4,18.1
13617,S015,2025-02-24,0,0,7.1
13618,S015,2025-02-24,3,0,9.6
13619,S015,2025-02-24,6,4,18.5
13620,S015,2025-02-24,9,9,24.4
13621,S015,2025-02-24,12,6,18.6
13622,S015,2025-02-24,15,4,22.4
13623,S015,2025-02-24,18,4,25.2
13624,S015,2025-02-24,21,4,14.5
13625,S015,2025-02-04,0,1,11.7
13626,S015,2025-02-04,3,0,5.0
13627,S015,2025-02-04,6,4,11.5
13628,S015,2025-02-04,9,7,28.5
13629,S015,2025-02-04,12,3,17.3
13630,S015,2025-02-04,15,7,18.4
13631,S015,2025-02-04,18,8,22.0
13632,S015,2025-02-04,21,3,21.7
13633,S015,2025-04-21,0,1,1.3
13634,S015,2025-04-21,3,1,5.0
13635,S015,2025-04-21,6,4,8.8
13636,S015,2025-04-21,9,8,32.7
13637,S015,2025-04-21,12,2,14.3
13638,S015,2025-04-21,15,4,21.4
13639,S015,2025-04-21,18,5,30.7
13640,S015,2025-04-21,21,4,17.1
13641,S015,2025-08-04,0,0,4.9
13642,S015,2025-08-04,3,0,6.4
13643,S015,2025-08-04,6,1,13.4
13644,S015,2025-08-04,9,5,22.3
13645,S015,2025-08-04,12,2,15.8
13646,S015,2025-08-04,15,4,24.2
13647,S015,2025-08-04,18,5,26.4
13648,S015,2025-08-04,21,3,13.7
13649,S015,2025-05-08,0,1,11.1
13650,S015,2025-05-08,3,1,10.3
13651,S015,2025-05-08,6,2,19.9
13652,S015,2025-05-08,9,4,22.4
13653,S015,2025-05-08,12,3,25.4
13654,S015,2025-05-08,15,4,13.7
13655,S015,2025-05-08,18,5,27.4
13656,S015,2025-05-08,21,3,12.3
13657,S015,2025-11-28,0,0,18.2
13658,S015,2025-11-28,3,2,7.4
13659,S015,2025-11-28,6,1,14.0
13660,S015,2025-11-28,9,6,33.6
13661,S015,2025-11-28,12,1,13.8
13662,S015,2025-11-28,15,1,25.1
13663,S015,2025-11-28,18,3,24.4
13664,S015,2025-11-28,21,4,20.8
13665,S015,2025-08-01,0,0,16.1
13666,S015,2025-08-01,3,0,11.2
13667,S015,2025-08-01,6,3,15.2
13668,S015,2025-08-01,9,9,31.1
13669,S015,2025-08-01,12,6,20.3
13670,S015,2025-08-01,15,5,27.2
13671,S015,2025-08-01,18,4,23.6
13672,S015,2025-08-01,21,1,18.2
13673,S015,2025-12-01,0,0,7.6
13674,S015,2025-12-01,3,0,9.3
13675,S015,2025-12-01,6,1,12.8
13676,S015,2025-12-01,9,4,28.5
13677,S015,2025-12-01,12,2,16.7
13678,S015,2025-12-01,15,2,19.4
13679,S015,2025-12-01,18,8,31.6
13680,S015,2025-12-01,21,6,15.1
13681,S015,2025-10-03,0,3,10.7
13682,S015,2025-10-03,3,0,7.3
13683,S015,2025-10-03,6,1,17.0
13684,S015,2025-10-03,9,6,28.4
13685,S015,2025-10-03,12,3,14.6
13686,S015,2025-10-03,15,6,20.9
13687,S015,2025-10-03,18,4,29.8
13688,S015,2025-10-03,21,2,18.0
13689,S015,2025-11-09,0,0,6.6
13690,S015,2025-11-09,3,2,2.6
13691,S015,2025-11-09,6,1,14.6
13692,S015,2025-11-09,9,4,21.8
13693,S015,2025-11-09,12,4,15.6
13694,S015,2025-11-09,15,4,17.0
13695,S015,2025-11-09,18,7,38.2
13696,S015,2025-11-09,21,3,21.9
13697,S015,2025-12-09,0,1,8.6
13698,S015,2025-12-09,3,0,3.9
13699,S015,2025-12-09,6,3,12.9
13700,S015,2025-12-09,9,7,22.1
13701,S015,2025-12-09,12,3,18.9
13702,S015,2025-12-09,15,3,11.5
13703,S015,2025-12-09,18,4,28.0
13704,S015,2025-12-09,21,3,21.0
13705,S015,2025-12-07,0,1,3.9
13706,S015,2025-12-07,3,2,5.4
13707,S015,2025-12-07,6,1,18.8
13708,S015,2025-12-07,9,4,39.7
13709,S015,2025-12-07,12,4,22.9
13710,S015,2025-12-07,15,3,25.1
13711,S015,2025-12-07,18,5,26.7
13712,S015,2025-12-07,21,3,11.8
13713,S015,2025-05-23,0,0,10.2
13714,S015,2025-05-23,3,0,6.6
13715,S015,2025-05-23,6,1,21.4
13716,S015,2025-05-23,9,7,25.8
13717,S015,2025-05-23,12,3,12.3
13718,S015,2025-05-23,15,6,19.1
13719,S015,2025-05-23,18,7,24.8
13720,S015,2025-05-23,21,3,12.8
13721,S015,2025-07-27,0,0,14.2
13722,S015,2025-07-27,3,1,6.3
13723,S015,2025-07-27,6,2,16.0
13724,S015,2025-07-27,9,7,27.0
13725,S015,2025-07-27,12,3,15.8
13726,S015,2025-07-27,15,4,24.1
13727,S015,2025-07-27,18,9,28.9
13728,S015,2025-07-27,21,4,16.4
13729,S015,2025-08-13,0,0,10.9
13730,S015,2025-08-13,3,0,9.5
13731,S015,2025-08-13,6,4,18.7
13732,S015,2025-08-13,9,4,32.9
13733,S015,2025-08-13,12,4,20.8
13734,S015,2025-08-13,15,5,25.2
13735,S015,2025-08-13,18,9,19.5
13736,S015,2025-08-13,21,3,16.5
13737,S015,2025-05-06,0,2,12.5
13738,S015,2025-05-06,3,0,2.4
13739,S015,2025-05-06,6,2,11.9
13740,S015,2025-05-06,9,4,25.1
13741,S015,2025-05-06,12,5,18.2
13742,S015,2025-05-06,15,3,22.4
13743,S015,2025-05-06,18,8,31.0
13744,S015,2025-05-06,21,1,18.8
13745,S015,2025-10-01,0,1,5.6
13746,S015,2025-10-01,3,1,9.0
13747,S015,2025-10-01,6,4,13.7
13748,S015,2025-10-01,9,9,29.5
13749,S015,2025-10-01,12,1,19.6
13750,S015,2025-10-01,15,7,22.3
13751,S015,2025-10-01,18,5,29.8
13752,S015,2025-10-01,21,3,13.0
13753,S015,2025-01-22,0,0,7.9
13754,S015,2025-01-22,3,1,2.7
13755,S015,2025-01-22,6,2,14.8
13756,S015,2025-01-22,9,2,25.6
13757,S015,2025-01-22,12,2,23.4
13758,S015,2025-01-22,15,5,22.1
13759,S015,2025-01-22,18,3,28.3
13760,S015,2025-01-22,21,3,17.1
13761,S015,2025-01-05,0,0,8.6
13762,S015,2025-01-05,3,1,7.7
13763,S015,2025-01-05,6,2,13.2
13764,S015,2025-01-05,9,7,30.7
13765,S015,2025-01-05,12,3,19.8
13766,S015,2025-01-05,15,4,18.4
13767,S015,2025-01-05,18,4,32.0
13768,S015,2025-01-05,21,1,19.0
13769,S015,2025-09-20,0,1,9.7
13770,S015,2025-09-20,3,0,10.7
13771,S015,2025-09-20,6,0,16.6
13772,S015,2025-09-20,9,5,28.9
13773,S015,2025-09-20,12,2,16.5
13774,S015,2025-09-20,15,5,19.9
13775,S015,2025-09-20,18,4,29.4
13776,S015,2025-09-20,21,1,15.1
13777,S015,2025-09-13,0,1,9.2
13778,S015,2025-09-13,3,0,13.9
13779,S015,2025-09-13,6,2,6.6
13780,S015,2025-09-13,9,2,26.0
13781,S015,2025-09-13,12,4,16.7
13782,S015,2025-09-13,15,2,22.7
13783,S015,2025-09-13,18,7,29.7
13784,S015,2025-09-13,21,4,22.1
13785,S015,2025-06-26,0,1,6.8
13786,S015,2025-06-26,3,0,8.3
13787,S015,2025-06-26,6,2,21.8
13788,S015,2025-06-26,9,10,27.1
13789,S015,2025-06-26,12,2,15.3
13790,S015,2025-06-26,15,1,23.2
13791,S015,2025-06-26,18,10,27.5
13792,S015,2025-06-26,21,0,19.2
13793,S015,2025-07-06,0,0,5.5
13794,S015,2025-07-06,3,1,10.6
13795,S015,2025-07-06,6,2,20.2
13796,S015,2025-07-06,9,3,30.3
13797,S015,2025-07-06,12,1,17.3
13798,S015,2025-07-06,15,0,22.7
13799,S015,2025-07-06,18,2,24.3
13800,S015,2025-07-06,21,6,16.9
13801,S015,2025-01-27,0,0,6.8
13802,S015,2025-01-27,3,2,14.4
13803,S015,2025-01-27,6,1,19.7
13804,S015,2025-01-27,9,4,22.1
13805,S015,2025-01-27,12,4,15.5
13806,S015,2025-01-27,15,6,18.6
13807,S015,2025-01-27,18,6,26.0
13808,S015,2025-01-27,21,2,12.4
13809,S015,2025-02-10,0,1,0.2
13810,S015,2025-02-10,3,0,6.7
13811,S015,2025-02-10,6,1,19.1
13812,S015,2025-02-10,9,3,24.6
13813,S015,2025-02-10,12,2,19.9
13814,S015,2025-02-10,15,4,21.0
13815,S015,2025-02-10,18,2,32.4
13816,S015,2025-02-10,21,0,23.1
13817,S015,2025-09-22,0,0,11.0
13818,S015,2025-09-22,3,1,2.0
13819,S015,2025-09-22,6,3,7.8
13820,S015,2025-09-22,9,4,32.2
13821,S015,2025-09-22,12,2,13.6
13822,S015,2025-09-22,15,5,22.4
13823,S015,2025-09-22,18,2,39.1
13824,S015,2025-09-22,21,5,15.7
13825,S015,2025-11-06,0,1,4.1
13826,S015,2025-11-06,3,0,1.8
13827,S015,2025-11-06,6,1,12.8
13828,S015,2025-11-06,9,4,20.1
13829,S015,2025-11-06,12,3,8.9
13830,S015,2025-11-06,15,2,12.8
13831,S015,2025-11-06,18,5,32.2
13832,S015,2025-11-06,21,0,18.2
13833,S015,2025-04-03,0,0,9.2
13834,S015,2025-04-03,3,1,7.4
13835,S015,2025-04-03,6,4,14.0
13836,S015,2025-04-03,9,5,25.8
13837,S015,2025-04-03,12,2,16.2
13838,S015,2025-04-03,15,8,25.2
13839,S015,2025-04-03,18,6,19.5
13840,S015,2025-04-03,21,1,11.4
13841,S015,2025-02-11,0,0,5.2
13842,S015,2025-02-11,3,0,7.2
13843,S015,2025-02-11,6,5,11.3
13844,S015,2025-02-11,9,5,32.4
13845,S015,2025-02-11,12,1,11.3
13846,S015,2025-02-11,15,4,19.5
13847,S015,2025-02-11,18,8,34.1
13848,S015,2025-02-11,21,3,13.4
13849,S015,2025-04-13,0,0,2.6
13850,S015,2025-04-13,3,3,12.8
13851,S015,2025-04-13,6,2,22.0
13852,S015,2025-04-13,9,1,31.5
13853,S015,2025-04-13,12,7,21.0
13854,S015,2025-04-13,15,3,21.2
13855,S015,2025-04-13,18,4,27.8
13856,S015,2025-04-13,21,1,13.9
13857,S015,2025-09-28,0,0,11.3
13858,S015,2025-09-28,3,0,8.2
13859,S015,2025-09-28,6,1,15.7
13860,S015,2025-09-28,9,8,31.7
13861,S015,2025-09-28,12,4,13.0
13862,S015,2025-09-28,15,2,18.5
13863,S015,2025-09-28,18,4,27.3
13864,S015,2025-09-28,21,1,21.3
13865,S015,2025-07-09,0,1,6.4
13866,S015,2025-07-09,3,0,5.6
13867,S015,2025-07-09,6,2,14.7
13868,S015,2025-07-09,9,5,27.0
13869,S015,2025-07-09,12,1,22.7
13870,S015,2025-07-09,15,4,18.0
13871,S015,2025-07-09,18,4,27.3
13872,S015,2025-07-09,21,4,13.6
13873,S015,2025-08-12,0,2,10.2
13874,S015,2025-08-12,3,1,11.0
13875,S015,2025-08-12,6,3,16.5
13876,S015,2025-08-12,9,8,27.7
13877,S015,2025-08-12,12,1,16.9
13878,S015,2025-08-12,15,1,22.9
13879,S015,2025-08-12,18,7,32.9
13880,S015,2025-08-12,21,4,17.0
13881,S015,2025-07-14,0,2,8.6
13882,S015,2025-07-14,3,0,3.3
13883,S015,2025-07-14,6,4,19.2
13884,S015,2025-07-14,9,6,29.8
13885,S015,2025-07-14,12,3,17.6
13886,S015,2025-07-14,15,4,21.8
13887,S015,2025-07-14,18,6,27.7
13888,S015,2025-07-14,21,3,16.5
13889,S015,2025-10-20,0,1,3.5
13890,S015,2025-10-20,3,2,4.8
13891,S015,2025-10-20,6,1,9.6
13892,S015,2025-10-20,9,9,22.9
13893,S015,2025-10-20,12,3,13.9
13894,S015,2025-10-20,15,2,19.0
13895,S015,2025-10-20,18,7,31.6
13896,S015,2025-10-20,21,7,21.2
13897,S015,2025-08-15,0,0,4.2
13898,S015,2025-08-15,3,0,4.9
13899,S015,2025-08-15,6,7,12.0
13900,S015,2025-08-15,9,2,30.0
13901,S015,2025-08-15,12,3,26.8
13902,S015,2025-08-15,15,4,19.5
13903,S015,2025-08-15,18,4,30.1
13904,S015,2025-08-15,21,5,11.7
13905,S015,2025-09-25,0,0,7.8
13906,S015,2025-09-25,3,2,10.1
13907,S015,2025-09-25,6,2,14.1
13908,S015,2025-09-25,9,7,23.2
13909,S015,2025-09-25,12,0,21.7
13910,S015,2025-09-25,15,1,25.2
13911,S015,2025-09-25,18,5,27.4
13912,S015,2025-09-25,21,6,14.6
13913,S015,2025-01-11,0,1,4.7
13914,S015,2025-01-11,3,1,9.6
13915,S015,2025-01-11,6,0,15.9
13916,S015,2025-01-11,9,5,24.3
13917,S015,2025-01-11,12,1,18.1
13918,S015,2025-01-11,15,5,19.5
13919,S015,2025-01-11,18,7,29.0
13920,S015,2025-01-11,21,3,15.3
13921,S015,2025-02-12,0,1,5.6
13922,S015,2025-02-12,3,3,0.0
13923,S015,2025-02-12,6,3,5.7
13924,S015,2025-02-12,9,5,20.9
13925,S015,2025-02-12,12,4,13.9
13926,S015,2025-02-12,15,5,15.2
13927,S015,2025-02-12,18,8,30.6
13928,S015,2025-02-12,21,6,15.2
13929,S015,2025-05-31,0,0,15.0
13930,S015,2025-05-31,3,0,8.1
13931,S015,2025-05-31,6,2,15.1
13932,S015,2025-05-31,9,6,28.0
13933,S015,2025-05-31,12,9,9.3
13934,S015,2025-05-31,15,3,26.4
13935,S015,2025-05-31,18,3,29.3
13936,S015,2025-05-31,21,2,12.6
13937,S015,2025-08-10,0,0,2.3
13938,S015,2025-08-10,3,0,4.4
13939,S015,2025-08-10,6,1,16.7
13940,S015,2025-08-10,9,2,29.5
13941,S015,2025-08-10,12,2,29.4
13942,S015,2025-08-10,15,2,10.8
13943,S015,2025-08-10,18,5,30.1
13944,S015,2025-08-10,21,7,18.5
13945,S015,2025-04-20,0,0,13.6
13946,S015,2025-04-20,3,2,10.4
13947,S015,2025-04-20,6,7,9.1
13948,S015,2025-04-20,9,2,16.4
13949,S015,2025-04-20,12,0,17.9
13950,S015,2025-04-20,15,3,23.0
13951,S015,2025-04-20,18,6,29.3
13952,S015,2025-04-20,21,5,20.9
13953,S015,2025-08-14,0,0,16.0
13954,S015,2025-08-14,3,1,7.4
13955,S015,2025-08-14,6,4,11.8
13956,S015,2025-08-14,9,6,26.4
13957,S015,2025-08-14,12,2,18.9
13958,S015,2025-08-14,15,6,23.5
13959,S015,2025-08-14,18,11,26.9
13960,S015,2025-08-14,21,3,12.7
13961,S015,2025-07-30,0,0,2.8
13962,S015,2025-07-30,3,0,15.3
13963,S015,2025-07-30,6,1,12.8
13964,S015,2025-07-30,9,5,29.8
13965,S015,2025-07-30,12,2,15.9
13966,S015,2025-07-30,15,6,27.5
13967,S015,2025-07-30,18,6,28.0
13968,S015,2025-07-30,21,5,20.1
13969,S015,2025-11-26,0,2,9.1
13970,S015,2025-11-26,3,1,12.7
13971,S015,2025-11-26,6,2,21.5
13972,S015,2025-11-26,9,4,29.0
13973,S015,2025-11-26,12,1,13.3
13974,S015,2025-11-26,15,3,21.9
13975,S015,2025-11-26,18,6,30.6
13976,S015,2025-11-26,21,6,19.6
13977,S015,2025-06-01,0,1,7.9
13978,S015,2025-06-01,3,1,10.9
13979,S015,2025-06-01,6,2,16.7
13980,S015,2025-06-01,9,7,26.5
13981,S015,2025-06-01,12,4,22.2
13982,S015,2025-06-01,15,3,14.9
13983,S015,2025-06-01,18,7,28.0
13984,S015,2025-06-01,21,4,13.4
13985,S015,2025-05-29,0,0,7.0
13986,S015,2025-05-29,3,0,9.3
13987,S015,2025-05-29,6,3,8.3
13988,S015,2025-05-29,9,4,27.0
13989,S015,2025-05-29,12,2,11.2
13990,S015,2025-05-29,15,8,21.9
13991,S015,2025-05-29,18,4,32.6
13992,S015,2025-05-29,21,4,10.7
13993,S015,2025-02-09,0,0,6.6
13994,S015,2025-02-09,3,0,5.7
13995,S015,2025-02-09,6,3,16.8
13996,S015,2025-02-09,9,9,34.3
13997,S015,2025-02-09,12,6,19.2
13998,S015,2025-02-09,15,3,21.0
13999,S015,2025-02-09,18,2,29.0
14000,S015,2025-02-09,21,4,11.8
14001,S015,2025-04-29,0,0,5.0
14002,S015,2025-04-29,3,0,6.4
14003,S015,2025-04-29,6,4,17.3
14004,S015,2025-04-29,9,3,25.0
14005,S015,2025-04-29,12,0,25.6
14006,S015,2025-04-29,15,1,18.8
14007,S015,2025-04-29,18,6,29.6
14008,S015,2025-04-29,21,1,14.0
14009,S015,2025-09-09,0,0,3.4
14010,S015,2025-09-09,3,0,9.3
14011,S015,2025-09-09,6,4,20.4
14012,S015,2025-09-09,9,7,28.9
14013,S015,2025-09-09,12,5,19.7
14014,S015,2025-09-09,15,2,18.8
14015,S015,2025-09-09,18,5,31.8
14016,S015,2025-09-09,21,4,18.0
14017,S015,2025-10-27,0,0,10.2
14018,S015,2025-10-27,3,0,3.1
14019,S015,2025-10-27,6,3,20.9
14020,S015,2025-10-27,9,1,31.3
14021,S015,2025-10-27,12,3,22.3
14022,S015,2025-10-27,15,5,26.8
14023,S015,2025-10-27,18,6,33.5
14024,S015,2025-10-27,21,4,13.8
14025,S015,2025-01-17,0,1,6.2
14026,S015,2025-01-17,3,0,0.4
14027,S015,2025-01-17,6,4,21.2
14028,S015,2025-01-17,9,8,33.3
14029,S015,2025-01-17,12,5,15.1
14030,S015,2025-01-17,15,2,20.3
14031,S015,2025-01-17,18,7,33.0
14032,S015,2025-01-17,21,0,15.6
14033,S015,2025-06-07,0,0,10.9
14034,S015,2025-06-07,3,0,12.1
14035,S015,2025-06-07,6,5,16.7
14036,S015,2025-06-07,9,4,22.8
14037,S015,2025-06-07,12,1,20.1
14038,S015,2025-06-07,15,2,15.1
14039,S015,2025-06-07,18,6,29.5
14040,S015,2025-06-07,21,1,16.0
14041,S015,2025-10-02,0,0,2.3
14042,S015,2025-10-02,3,0,6.7
14043,S015,2025-10-02,6,1,17.5
14044,S015,2025-10-02,9,3,28.9
14045,S015,2025-10-02,12,1,17.2
14046,S015,2025-10-02,15,3,24.4
14047,S015,2025-10-02,18,5,29.6
14048,S015,2025-10-02,21,3,18.5
14049,S015,2025-02-13,0,0,8.4
14050,S015,2025-02-13,3,1,8.3
14051,S015,2025-02-13,6,2,17.8
14052,S015,2025-02-13,9,7,30.9
14053,S015,2025-02-13,12,3,29.1
14054,S015,2025-02-13,15,5,19.3
14055,S015,2025-02-13,18,5,25.8
14056,S015,2025-02-13,21,5,23.0
14057,S015,2025-04-04,0,0,9.1
14058,S015,2025-04-04,3,1,5.4
14059,S015,2025-04-04,6,3,16.1
14060,S015,2025-04-04,9,4,28.7
14061,S015,2025-04-04,12,4,8.5
14062,S015,2025-04-04,15,0,16.8
14063,S015,2025-04-04,18,5,30.1
14064,S015,2025-04-04,21,4,13.4
14065,S015,2025-07-20,0,1,7.1
14066,S015,2025-07-20,3,1,17.2
14067,S015,2025-07-20,6,2,15.9
14068,S015,2025-07-20,9,6,23.4
14069,S015,2025-07-20,12,3,14.3
14070,S015,2025-07-20,15,7,19.4
14071,S015,2025-07-20,18,8,36.2
14072,S015,2025-07-20,21,1,13.3
14073,S015,2025-11-17,0,1,5.6
14074,S015,2025-11-17,3,0,2.5
14075,S015,2025-11-17,6,2,8.2
14076,S015,2025-11-17,9,0,32.4
14077,S015,2025-11-17,12,5,20.0
14078,S015,2025-11-17,15,1,21.9
14079,S015,2025-11-17,18,2,28.8
14080,S015,2025-11-17,21,3,11.6
14081,S015,2025-02-26,0,0,13.6
14082,S015,2025-02-26,3,1,2.0
14083,S015,2025-02-26,6,2,16.8
14084,S015,2025-02-26,9,4,26.6
14085,S015,2025-02-26,12,4,13.6
14086,S015,2025-02-26,15,2,19.7
14087,S015,2025-02-26,18,8,33.1
14088,S015,2025-02-26,21,3,13.9
14089,S015,2025-06-06,0,0,6.5
14090,S015,2025-06-06,3,2,6.1
14091,S015,2025-06-06,6,4,14.9
14092,S015,2025-06-06,9,4,25.6
14093,S015,2025-06-06,12,2,19.0
14094,S015,2025-06-06,15,3,16.8
14095,S015,2025-06-06,18,1,25.5
14096,S015,2025-06-06,21,1,16.0
14097,S015,2025-11-24,0,0,11.9
14098,S015,2025-11-24,3,0,10.7
14099,S015,2025-11-24,6,4,15.8
14100,S015,2025-11-24,9,8,13.6
14101,S015,2025-11-24,12,2,20.6
14102,S015,2025-11-24,15,4,11.7
14103,S015,2025-11-24,18,8,26.1
14104,S015,2025-11-24,21,4,15.8
14105,S015,2025-06-02,0,0,8.1
14106,S015,2025-06-02,3,1,7.4
14107,S015,2025-06-02,6,5,11.8
14108,S015,2025-06-02,9,7,27.0
14109,S015,2025-06-02,12,4,21.8
14110,S015,2025-06-02,15,4,26.3
14111,S015,2025-06-02,18,7,34.5
14112,S015,2025-06-02,21,2,18.4
14113,S015,2025-01-24,0,0,8.8
14114,S015,2025-01-24,3,2,10.4
14115,S015,2025-01-24,6,5,9.3
14116,S015,2025-01-24,9,9,27.0
14117,S015,2025-01-24,12,2,17.6
14118,S015,2025-01-24,15,4,31.7
14119,S015,2025-01-24,18,8,19.0
14120,S015,2025-01-24,21,2,13.7
14121,S015,2025-01-18,0,0,7.9
14122,S015,2025-01-18,3,0,6.8
14123,S015,2025-01-18,6,2,16.2
14124,S015,2025-01-18,9,6,29.3
14125,S015,2025-01-18,12,4,20.8
14126,S015,2025-01-18,15,3,22.9
14127,S015,2025-01-18,18,4,27.3
14128,S015,2025-01-18,21,5,17.8
14129,S015,2025-03-07,0,0,3.4
14130,S015,2025-03-07,3,2,8.7
14131,S015,2025-03-07,6,2,9.3
14132,S015,2025-03-07,9,8,23.2
14133,S015,2025-03-07,12,1,18.4
14134,S015,2025-03-07,15,3,28.1
14135,S015,2025-03-07,18,7,32.6
14136,S015,2025-03-07,21,2,13.3
14137,S015,2025-07-29,0,0,6.9
14138,S015,2025-07-29,3,1,12.2
14139,S015,2025-07-29,6,6,13.7
14140,S015,2025-07-29,9,2,25.1
14141,S015,2025-07-29,12,3,22.4
14142,S015,2025-07-29,15,2,17.7
14143,S015,2025-07-29,18,4,31.7
14144,S015,2025-07-29,21,1,15.3
14145,S015,2025-07-01,0,1,5.6
14146,S015,2025-07-01,3,0,6.1
14147,S015,2025-07-01,6,2,15.3
14148,S015,2025-07-01,9,4,27.7
14149,S015,2025-07-01,12,4,19.5
14150,S015,2025-07-01,15,5,24.3
14151,S015,2025-07-01,18,6,26.6
14152,S015,2025-07-01,21,5,24.2
14153,S015,2025-05-22,0,1,8.3
14154,S015,2025-05-22,3,1,14.6
14155,S015,2025-05-22,6,3,8.0
14156,S015,2025-05-22,9,4,30.3
14157,S015,2025-05-22,12,6,14.4
14158,S015,2025-05-22,15,4,11.9
14159,S015,2025-05-22,18,9,29.4
14160,S015,2025-05-22,21,4,16.9
14161,S015,2025-11-11,0,0,6.3
14162,S015,2025-11-11,3,1,8.0
14163,S015,2025-11-11,6,4,8.5
14164,S015,2025-11-11,9,4,25.4
14165,S015,2025-11-11,12,3,19.0
14166,S015,2025-11-11,15,2,21.0
14167,S015,2025-11-11,18,2,38.2
14168,S015,2025-11-11,21,3,19.4
14169,S015,2025-11-07,0,1,9.6
14170,S015,2025-11-07,3,0,4.8
14171,S015,2025-11-07,6,2,19.9
14172,S015,2025-11-07,9,6,21.5
14173,S015,2025-11-07,12,4,25.1
14174,S015,2025-11-07,15,1,15.7
14175,S015,2025-11-07,18,5,28.2
14176,S015,2025-11-07,21,3,13.1
14177,S015,2025-12-20,0,1,14.4
14178,S015,2025-12-20,3,1,7.7
14179,S015,2025-12-20,6,2,10.0
14180,S015,2025-12-20,9,2,32.1
14181,S015,2025-12-20,12,3,22.4
14182,S015,2025-12-20,15,8,18.7
14183,S015,2025-12-20,18,9,27.9
14184,S015,2025-12-20,21,3,21.5
14185,S015,2025-12-27,0,0,13.5
14186,S015,2025-12-27,3,0,10.0
14187,S015,2025-12-27,6,0,14.0
14188,S015,2025-12-27,9,9,25.6
14189,S015,2025-12-27,12,2,21.7
14190,S015,2025-12-27,15,6,20.5
14191,S015,2025-12-27,18,11,39.3
14192,S015,2025-12-27,21,2,18.7
14193,S015,2025-01-06,0,0,0.0
14194,S015,2025-01-06,3,2,10.0
14195,S015,2025-01-06,6,2,25.6
14196,S015,2025-01-06,9,3,24.8
14197,S015,2025-01-06,12,0,18.5
14198,S015,2025-01-06,15,1,19.7
14199,S015,2025-01-06,18,5,23.0
14200,S015,2025-01-06,21,1,10.8
14201,S015,2025-08-02,0,2,2.0
14202,S015,2025-08-02,3,2,11.8
14203,S015,2025-08-02,6,4,7.8
14204,S015,2025-08-02,9,4,27.4
14205,S015,2025-08-02,12,3,13.5
14206,S015,2025-08-02,15,5,13.2
14207,S015,2025-08-02,18,5,34.0
14208,S015,2025-08-02,21,3,18.8
14209,S015,2025-03-18,0,0,5.6
14210,S015,2025-03-18,3,0,8.1
14211,S015,2025-03-18,6,3,23.0
14212,S015,2025-03-18,9,3,28.3
14213,S015,2025-03-18,12,2,15.2
14214,S015,2025-03-18,15,6,15.4
14215,S015,2025-03-18,18,9,21.7
14216,S015,2025-03-18,21,1,23.0
14217,S015,2025-12-04,0,0,10.9
14218,S015,2025-12-04,3,2,0.6
14219,S015,2025-12-04,6,4,20.2
14220,S015,2025-12-04,9,6,29.1
14221,S015,2025-12-04,12,3,18.7
14222,S015,2025-12-04,15,6,19.9
14223,S015,2025-12-04,18,4,37.2
14224,S015,2025-12-04,21,1,19.9
14225,S015,2025-01-23,0,1,3.9
14226,S015,2025-01-23,3,0,2.6
14227,S015,2025-01-23,6,1,14.1
14228,S015,2025-01-23,9,4,32.9
14229,S015,2025-01-23,12,4,17.4
14230,S015,2025-01-23,15,3,21.6
14231,S015,2025-01-23,18,4,31.7
14232,S015,2025-01-23,21,3,9.9
14233,S015,2025-09-29,0,0,7.0
14234,S015,2025-09-29,3,0,6.3
14235,S015,2025-09-29,6,1,15.1
14236,S015,2025-09-29,9,4,28.3
14237,S015,2025-09-29,12,3,12.9
14238,S015,2025-09-29,15,2,18.8
14239,S015,2025-09-29,18,10,33.7
14240,S015,2025-09-29,21,0,18.3
14241,S015,2025-10-06,0,0,0.0
14242,S015,2025-10-06,3,0,6.9
14243,S015,2025-10-06,6,2,17.9
14244,S015,2025-10-06,9,6,26.6
14245,S015,2025-10-06,12,5,18.9
14246,S015,2025-10-06,15,2,19.4
14247,S015,2025-10-06,18,5,36.6
14248,S015,2025-10-06,21,3,17.9
14249,S015,2025-08-08,0,1,8.4
14250,S015,2025-08-08,3,1,5.0
14251,S015,2025-08-08,6,1,17.5
14252,S015,2025-08-08,9,7,35.3
14253,S015,2025-08-08,12,8,14.4
14254,S015,2025-08-08,15,4,19.6
14255,S015,2025-08-08,18,5,37.5
14256,S015,2025-08-08,21,3,19.3
14257,S015,2025-01-31,0,0,11.4
14258,S015,2025-01-31,3,1,6.8
14259,S015,2025-01-31,6,4,16.8
14260,S015,2025-01-31,9,1,26.5
14261,S015,2025-01-31,12,2,12.1
14262,S015,2025-01-31,15,5,17.3
14263,S015,2025-01-31,18,5,27.6
14264,S015,2025-01-31,21,3,21.0
14265,S015,2025-05-17,0,1,12.9
14266,S015,2025-05-17,3,1,7.2
14267,S015,2025-05-17,6,1,23.9
14268,S015,2025-05-17,9,2,25.5
14269,S015,2025-05-17,12,7,15.0
14270,S015,2025-05-17,15,3,20.2
14271,S015,2025-05-17,18,8,30.0
14272,S015,2025-05-17,21,0,17.7
14273,S015,2025-12-21,0,0,6.4
14274,S015,2025-12-21,3,0,6.4
14275,S015,2025-12-21,6,1,11.9
14276,S015,2025-12-21,9,6,19.3
14277,S015,2025-12-21,12,2,21.6
14278,S015,2025-12-21,15,2,17.0
14279,S015,2025-12-21,18,1,28.6
14280,S015,2025-12-21,21,1,20.9
14281,S015,2025-11-02,0,1,4.4
14282,S015,2025-11-02,3,0,9.4
14283,S015,2025-11-02,6,2,16.5
14284,S015,2025-11-02,9,4,23.1
14285,S015,2025-11-02,12,2,23.9
14286,S015,2025-11-02,15,4,18.4
14287,S015,2025-11-02,18,6,30.5
14288,S015,2025-11-02,21,4,20.8
14289,S015,2025-03-14,0,2,0.8
14290,S015,2025-03-14,3,0,11.6
14291,S015,2025-03-14,6,2,16.4
14292,S015,2025-03-14,9,4,28.4
14293,S015,2025-03-14,12,2,15.8
14294,S015,2025-03-14,15,4,19.8
14295,S015,2025-03-14,18,6,30.7
14296,S015,2025-03-14,21,3,19.2
14297,S015,2025-06-14,0,0,4.6
14298,S015,2025-06-14,3,0,9.4
14299,S015,2025-06-14,6,2,13.0
14300,S015,2025-06-14,9,8,33.1
14301,S015,2025-06-14,12,2,19.0
14302,S015,2025-06-14,15,6,17.6
14303,S015,2025-06-14,18,7,31.7
14304,S015,2025-06-14,21,4,19.7
14305,S015,2025-05-11,0,0,10.7
14306,S015,2025-05-11,3,0,7.2
14307,S015,2025-05-11,6,1,16.1
14308,S015,2025-05-11,9,8,27.8
14309,S015,2025-05-11,12,4,18.2
14310,S015,2025-05-11,15,6,23.1
14311,S015,2025-05-11,18,8,31.1
14312,S015,2025-05-11,21,1,13.3
14313,S015,2025-01-21,0,4,11.9
14314,S015,2025-01-21,3,1,2.8
14315,S015,2025-01-21,6,0,12.6
14316,S015,2025-01-21,9,8,25.3
14317,S015,2025-01-21,12,3,16.0
14318,S015,2025-01-21,15,3,14.8
14319,S015,2025-01-21,18,9,24.6
14320,S015,2025-01-21,21,2,15.5
14321,S015,2025-06-25,0,1,7.2
14322,S015,2025-06-25,3,0,12.4
14323,S015,2025-06-25,6,2,18.2
14324,S015,2025-06-25,9,5,27.8
14325,S015,2025-06-25,12,3,11.5
14326,S015,2025-06-25,15,4,19.5
14327,S015,2025-06-25,18,3,31.2
14328,S015,2025-06-25,21,6,14.0
14329,S015,2025-08-23,0,1,5.8
14330,S015,2025-08-23,3,0,3.1
14331,S015,2025-08-23,6,1,17.1
14332,S015,2025-08-23,9,10,33.2
14333,S015,2025-08-23,12,3,18.2
14334,S015,2025-08-23,15,1,15.9
14335,S015,2025-08-23,18,4,34.1
14336,S015,2025-08-23,21,5,16.0
14337,S015,2025-04-16,0,1,7.0
14338,S015,2025-04-16,3,1,13.6
14339,S015,2025-04-16,6,2,13.9
14340,S015,2025-04-16,9,8,23.2
14341,S015,2025-04-16,12,2,19.5
14342,S015,2025-04-16,15,3,22.3
14343,S015,2025-04-16,18,9,33.7
14344,S015,2025-04-16,21,2,22.5
14345,S015,2025-05-13,0,0,7.9
14346,S015,2025-05-13,3,2,16.1
14347,S015,2025-05-13,6,3,19.8
14348,S015,2025-05-13,9,5,27.6
14349,S015,2025-05-13,12,3,13.7
14350,S015,2025-05-13,15,4,24.5
14351,S015,2025-05-13,18,6,25.7
14352,S015,2025-05-13,21,1,2.1
14353,S015,2025-02-06,0,2,0.0
14354,S015,2025-02-06,3,2,1.1
14355,S015,2025-02-06,6,1,18.5
14356,S015,2025-02-06,9,5,23.9
14357,S015,2025-02-06,12,4,19.9
14358,S015,2025-02-06,15,5,19.9
14359,S015,2025-02-06,18,8,26.3
14360,S015,2025-02-06,21,6,17.2
14361,S015,2025-03-09,0,1,0.0
14362,S015,2025-03-09,3,0,4.6
14363,S015,2025-03-09,6,4,15.3
14364,S015,2025-03-09,9,8,26.2
14365,S015,2025-03-09,12,0,14.4
14366,S015,2025-03-09,15,3,15.7
14367,S015,2025-03-09,18,11,26.6
14368,S015,2025-03-09,21,2,20.1
14369,S015,2025-02-18,0,1,6.1
14370,S015,2025-02-18,3,0,10.4
14371,S015,2025-02-18,6,1,21.1
14372,S015,2025-02-18,9,6,22.3
14373,S015,2025-02-18,12,2,13.0
14374,S015,2025-02-18,15,1,18.3
14375,S015,2025-02-18,18,8,24.3
14376,S015,2025-02-18,21,0,19.8
14377,S015,2025-11-27,0,0,8.3
14378,S015,2025-11-27,3,1,10.1
14379,S015,2025-11-27,6,3,15.7
14380,S015,2025-11-27,9,5,19.9
14381,S015,2025-11-27,12,4,15.0
14382,S015,2025-11-27,15,2,19.7
14383,S015,2025-11-27,18,5,38.6
14384,S015,2025-11-27,21,1,25.3
14385,S015,2025-06-05,0,1,9.3
14386,S015,2025-06-05,3,0,5.6
14387,S015,2025-06-05,6,3,17.4
14388,S015,2025-06-05,9,4,27.3
14389,S015,2025-06-05,12,2,20.4
14390,S015,2025-06-05,15,2,17.3
14391,S015,2025-06-05,18,3,31.0
14392,S015,2025-06-05,21,2,22.1
14393,S015,2025-07-16,0,0,4.6
14394,S015,2025-07-16,3,0,2.7
14395,S015,2025-07-16,6,1,12.1
14396,S015,2025-07-16,9,8,30.0
14397,S015,2025-07-16,12,2,17.6
14398,S015,2025-07-16,15,4,23.8
14399,S015,2025-07-16,18,7,35.7
14400,S015,2025-07-16,21,1,18.7
14401,S016,2025-08-08,0,0,15.5
14402,S016,2025-08-08,3,1,12.6
14403,S016,2025-08-08,6,1,12.8
14404,S016,2025-08-08,9,4,27.0
14405,S016,2025-08-08,12,3,18.3
14406,S016,2025-08-08,15,1,24.3
14407,S016,2025-08-08,18,4,23.6
14408,S016,2025-08-08,21,2,19.8
14409,S016,2025-04-23,0,0,1.8
14410,S016,2025-04-23,3,0,1.8
14411,S016,2025-04-23,6,2,11.3
14412,S016,2025-04-23,9,5,25.1
14413,S016,2025-04-23,12,2,11.8
14414,S016,2025-04-23,15,2,19.9
14415,S016,2025-04-23,18,10,32.6
14416,S016,2025-04-23,21,4,18.9
14417,S016,2025-08-30,0,0,1.9
14418,S016,2025-08-30,3,2,9.4
14419,S016,2025-08-30,6,0,16.7
14420,S016,2025-08-30,9,3,29.2
14421,S016,2025-08-30,12,2,16.4
14422,S016,2025-08-30,15,4,13.9
14423,S016,2025-08-30,18,7,33.3
14424,S016,2025-08-30,21,5,9.1
14425,S016,2025-12-05,0,1,8.3
14426,S016,2025-12-05,3,0,6.9
14427,S016,2025-12-05,6,5,5.8
14428,S016,2025-12-05,9,7,26.8
14429,S016,2025-12-05,12,8,15.2
14430,S016,2025-12-05,15,2,18.7
14431,S016,2025-12-05,18,10,28.5
14432,S016,2025-12-05,21,3,15.2
14433,S016,2025-09-18,0,0,8.9
14434,S016,2025-09-18,3,1,10.6
14435,S016,2025-09-18,6,3,9.9
14436,S016,2025-09-18,9,3,31.4
14437,S016,2025-09-18,12,4,15.2
14438,S016,2025-09-18,15,4,18.3
14439,S016,2025-09-18,18,5,22.4
14440,S016,2025-09-18,21,5,14.0
14441,S016,2025-09-19,0,0,10.5
14442,S016,2025-09-19,3,0,9.4
14443,S016,2025-09-19,6,4,13.2
14444,S016,2025-09-19,9,3,26.0
14445,S016,2025-09-19,12,5,14.9
14446,S016,2025-09-19,15,5,21.8
14447,S016,2025-09-19,18,11,26.4
14448,S016,2025-09-19,21,0,17.3
14449,S016,2025-06-19,0,1,6.7
14450,S016,2025-06-19,3,1,2.0
14451,S016,2025-06-19,6,2,19.0
14452,S016,2025-06-19,9,4,25.1
14453,S016,2025-06-19,12,2,20.1
14454,S016,2025-06-19,15,3,16.3
14455,S016,2025-06-19,18,8,29.4
14456,S016,2025-06-19,21,2,22.9
14457,S016,2025-09-23,0,0,6.9
14458,S016,2025-09-23,3,1,4.9
14459,S016,2025-09-23,6,1,11.5
14460,S016,2025-09-23,9,8,30.8
14461,S016,2025-09-23,12,2,11.7
14462,S016,2025-09-23,15,2,14.9
14463,S016,2025-09-23,18,4,29.3
14464,S016,2025-09-23,21,5,17.3
14465,S016,2025-07-12,0,0,3.0
14466,S016,2025-07-12,3,0,9.7
14467,S016,2025-07-12,6,2,18.6
14468,S016,2025-07-12,9,7,32.0
14469,S016,2025-07-12,12,5,15.7
14470,S016,2025-07-12,15,1,17.7
14471,S016,2025-07-12,18,8,30.2
14472,S016,2025-07-12,21,4,20.0
14473,S016,2025-03-26,0,1,5.3
14474,S016,2025-03-26,3,2,1.1
14475,S016,2025-03-26,6,8,11.1
14476,S016,2025-03-26,9,7,27.6
14477,S016,2025-03-26,12,3,17.0
14478,S016,2025-03-26,15,4,16.8
14479,S016,2025-03-26,18,3,27.2
14480,S016,2025-03-26,21,3,11.5
14481,S016,2025-11-13,0,0,8.2
14482,S016,2025-11-13,3,0,5.1
14483,S016,2025-11-13,6,1,14.3
14484,S016,2025-11-13,9,7,29.4
14485,S016,2025-11-13,12,5,15.4
14486,S016,2025-11-13,15,0,17.7
14487,S016,2025-11-13,18,6,35.7
14488,S016,2025-11-13,21,2,20.4
14489,S016,2025-10-27,0,0,6.0
14490,S016,2025-10-27,3,0,15.6
14491,S016,2025-10-27,6,2,18.9
14492,S016,2025-10-27,9,4,26.0
14493,S016,2025-10-27,12,5,20.0
14494,S016,2025-10-27,15,3,18.0
14495,S016,2025-10-27,18,4,29.7
14496,S016,2025-10-27,21,1,5.9
14497,S016,2025-05-23,0,0,10.4
14498,S016,2025-05-23,3,0,4.6
14499,S016,2025-05-23,6,4,11.6
14500,S016,2025-05-23,9,10,27.2
14501,S016,2025-05-23,12,3,13.7
14502,S016,2025-05-23,15,6,18.5
14503,S016,2025-05-23,18,3,28.5
14504,S016,2025-05-23,21,3,19.0
14505,S016,2025-08-12,0,0,9.4
14506,S016,2025-08-12,3,0,5.2
14507,S016,2025-08-12,6,1,13.0
14508,S016,2025-08-12,9,5,26.5
14509,S016,2025-08-12,12,6,15.1
14510,S016,2025-08-12,15,5,23.7
14511,S016,2025-08-12,18,5,25.6
14512,S016,2025-08-12,21,4,20.8
14513,S016,2025-12-10,0,1,9.9
14514,S016,2025-12-10,3,0,4.3
14515,S016,2025-12-10,6,2,19.7
14516,S016,2025-12-10,9,6,25.6
14517,S016,2025-12-10,12,3,11.2
14518,S016,2025-12-10,15,2,20.9
14519,S016,2025-12-10,18,3,34.2
14520,S016,2025-12-10,21,5,16.0
14521,S016,2025-06-21,0,1,8.9
14522,S016,2025-06-21,3,1,7.1
14523,S016,2025-06-21,6,2,7.6
14524,S016,2025-06-21,9,8,29.5
14525,S016,2025-06-21,12,1,13.0
14526,S016,2025-06-21,15,1,13.6
14527,S016,2025-06-21,18,7,27.1
14528,S016,2025-06-21,21,3,23.0
14529,S016,2025-08-10,0,2,8.3
14530,S016,2025-08-10,3,1,9.0
14531,S016,2025-08-10,6,4,17.3
14532,S016,2025-08-10,9,5,22.5
14533,S016,2025-08-10,12,2,17.7
14534,S016,2025-08-10,15,5,17.5
14535,S016,2025-08-10,18,4,29.4
14536,S016,2025-08-10,21,3,12.3
14537,S016,2025-04-19,0,1,12.9
14538,S016,2025-04-19,3,0,0.7
14539,S016,2025-04-19,6,2,18.2
14540,S016,2025-04-19,9,5,27.5
14541,S016,2025-04-19,12,4,18.7
14542,S016,2025-04-19,15,4,13.8
14543,S016,2025-04-19,18,4,28.1
14544,S016,2025-04-19,21,2,17.7
14545,S016,2025-03-04,0,1,9.8
14546,S016,2025-03-04,3,2,12.4
14547,S016,2025-03-04,6,2,14.6
14548,S016,2025-03-04,9,4,28.9
14549,S016,2025-03-04,12,2,18.3
14550,S016,2025-03-04,15,5,16.3
14551,S016,2025-03-04,18,7,29.1
14552,S016,2025-03-04,21,2,7.6
14553,S016,2025-11-19,0,2,4.4
14554,S016,2025-11-19,3,1,11.9
14555,S016,2025-11-19,6,1,12.9
14556,S016,2025-11-19,9,6,23.9
14557,S016,2025-11-19,12,3,18.7
14558,S016,2025-11-19,15,8,26.0
14559,S016,2025-11-19,18,5,30.2
14560,S016,2025-11-19,21,2,16.0
14561,S016,2025-09-30,0,2,8.6
14562,S016,2025-09-30,3,0,9.9
14563,S016,2025-09-30,6,2,13.1
14564,S016,2025-09-30,9,3,25.8
14565,S016,2025-09-30,12,5,18.6
14566,S016,2025-09-30,15,3,20.9
14567,S016,2025-09-30,18,3,31.5
14568,S016,2025-09-30,21,3,14.2
14569,S016,2025-07-28,0,2,1.4
14570,S016,2025-07-28,3,0,14.2
14571,S016,2025-07-28,6,0,15.1
14572,S016,2025-07-28,9,2,25.6
14573,S016,2025-07-28,12,1,11.4
14574,S016,2025-07-28,15,2,15.1
14575,S016,2025-07-28,18,7,28.9
14576,S016,2025-07-28,21,6,14.8
14577,S016,2025-06-06,0,2,8.1
14578,S016,2025-06-06,3,0,6.8
14579,S016,2025-06-06,6,4,6.4
14580,S016,2025-06-06,9,6,23.0
14581,S016,2025-06-06,12,2,19.0
14582,S016,2025-06-06,15,3,27.5
14583,S016,2025-06-06,18,8,30.4
14584,S016,2025-06-06,21,2,11.9
14585,S016,2025-10-17,0,1,7.8
14586,S016,2025-10-17,3,0,5.4
14587,S016,2025-10-17,6,1,16.2
14588,S016,2025-10-17,9,9,25.1
14589,S016,2025-10-17,12,6,19.6
14590,S016,2025-10-17,15,2,24.4
14591,S016,2025-10-17,18,5,35.2
14592,S016,2025-10-17,21,1,16.8
14593,S016,2025-12-17,0,0,10.6
14594,S016,2025-12-17,3,2,10.1
14595,S016,2025-12-17,6,9,11.5
14596,S016,2025-12-17,9,5,26.8
14597,S016,2025-12-17,12,2,14.2
14598,S016,2025-12-17,15,5,16.0
14599,S016,2025-12-17,18,4,31.1
14600,S016,2025-12-17,21,3,22.7
14601,S016,2025-01-28,0,0,9.4
14602,S016,2025-01-28,3,0,6.8
14603,S016,2025-01-28,6,3,15.1
14604,S016,2025-01-28,9,2,24.9
14605,S016,2025-01-28,12,2,24.4
14606,S016,2025-01-28,15,2,18.5
14607,S016,2025-01-28,18,10,32.3
14608,S016,2025-01-28,21,3,13.7
14609,S016,2025-06-20,0,1,6.1
14610,S016,2025-06-20,3,1,6.8
14611,S016,2025-06-20,6,2,17.7
14612,S016,2025-06-20,9,7,24.2
14613,S016,2025-06-20,12,5,20.3
14614,S016,2025-06-20,15,3,22.1
14615,S016,2025-06-20,18,8,24.8
14616,S016,2025-06-20,21,2,13.2
14617,S016,2025-08-23,0,0,5.4
14618,S016,2025-08-23,3,1,7.6
14619,S016,2025-08-23,6,3,17.9
14620,S016,2025-08-23,9,5,26.2
14621,S016,2025-08-23,12,2,13.4
14622,S016,2025-08-23,15,4,18.7
14623,S016,2025-08-23,18,4,23.8
14624,S016,2025-08-23,21,3,13.8
14625,S016,2025-12-04,0,1,1.5
14626,S016,2025-12-04,3,2,5.6
14627,S016,2025-12-04,6,1,11.4
14628,S016,2025-12-04,9,5,22.6
14629,S016,2025-12-04,12,5,13.7
14630,S016,2025-12-04,15,8,24.8
14631,S016,2025-12-04,18,7,32.9
14632,S016,2025-12-04,21,3,13.0
14633,S016,2025-11-27,0,0,0.9
14634,S016,2025-11-27,3,1,6.0
14635,S016,2025-11-27,6,2,13.9
14636,S016,2025-11-27,9,7,25.4
14637,S016,2025-11-27,12,9,15.3
14638,S016,2025-11-27,15,3,20.2
14639,S016,2025-11-27,18,7,24.3
14640,S016,2025-11-27,21,3,10.6
14641,S016,2025-03-10,0,1,12.4
14642,S016,2025-03-10,3,0,7.8
14643,S016,2025-03-10,6,3,16.6
14644,S016,2025-03-10,9,10,33.0
14645,S016,2025-03-10,12,3,15.6
14646,S016,2025-03-10,15,4,10.2
14647,S016,2025-03-10,18,7,35.3
14648,S016,2025-03-10,21,2,23.5
14649,S016,2025-02-18,0,0,8.5
14650,S016,2025-02-18,3,1,0.9
14651,S016,2025-02-18,6,1,11.8
14652,S016,2025-02-18,9,6,32.5
14653,S016,2025-02-18,12,4,16.9
14654,S016,2025-02-18,15,3,23.7
14655,S016,2025-02-18,18,4,33.6
14656,S016,2025-02-18,21,3,21.1
14657,S016,2025-07-19,0,2,3.4
14658,S016,2025-07-19,3,2,5.6
14659,S016,2025-07-19,6,7,22.3
14660,S016,2025-07-19,9,2,23.4
14661,S016,2025-07-19,12,6,18.1
14662,S016,2025-07-19,15,0,23.6
14663,S016,2025-07-19,18,3,35.5
14664,S016,2025-07-19,21,8,16.6
14665,S016,2025-12-02,0,3,0.7
14666,S016,2025-12-02,3,0,11.4
14667,S016,2025-12-02,6,5,18.0
14668,S016,2025-12-02,9,4,29.8
14669,S016,2025-12-02,12,3,13.9
14670,S016,2025-12-02,15,2,23.8
14671,S016,2025-12-02,18,1,31.5
14672,S016,2025-12-02,21,3,18.4
14673,S016,2025-07-31,0,1,14.0
14674,S016,2025-07-31,3,2,7.2
14675,S016,2025-07-31,6,1,17.0
14676,S016,2025-07-31,9,8,29.5
14677,S016,2025-07-31,12,3,15.1
14678,S016,2025-07-31,15,5,27.0
14679,S016,2025-07-31,18,4,27.2
14680,S016,2025-07-31,21,6,20.1
14681,S016,2025-07-09,0,0,2.6
14682,S016,2025-07-09,3,0,14.4
14683,S016,2025-07-09,6,2,14.7
14684,S016,2025-07-09,9,4,26.5
14685,S016,2025-07-09,12,3,24.4
14686,S016,2025-07-09,15,6,23.4
14687,S016,2025-07-09,18,3,28.6
14688,S016,2025-07-09,21,0,11.5
14689,S016,2025-01-04,0,1,1.8
14690,S016,2025-01-04,3,0,3.0
14691,S016,2025-01-04,6,4,11.0
14692,S016,2025-01-04,9,7,24.3
14693,S016,2025-01-04,12,1,23.1
14694,S016,2025-01-04,15,1,21.9
14695,S016,2025-01-04,18,3,28.1
14696,S016,2025-01-04,21,5,17.0
14697,S016,2025-06-04,0,0,10.6
14698,S016,2025-06-04,3,1,3.5
14699,S016,2025-06-04,6,2,20.8
14700,S016,2025-06-04,9,6,27.6
14701,S016,2025-06-04,12,2,19.9
14702,S016,2025-06-04,15,1,27.3
14703,S016,2025-06-04,18,4,27.4
14704,S016,2025-06-04,21,5,15.8
14705,S016,2025-10-22,0,2,0.3
14706,S016,2025-10-22,3,0,9.3
14707,S016,2025-10-22,6,0,17.6
14708,S016,2025-10-22,9,6,32.5
14709,S016,2025-10-22,12,2,15.4
14710,S016,2025-10-22,15,4,20.8
14711,S016,2025-10-22,18,8,34.8
14712,S016,2025-10-22,21,3,18.2
14713,S016,2025-02-21,0,0,10.7
14714,S016,2025-02-21,3,1,14.8
14715,S016,2025-02-21,6,1,12.4
14716,S016,2025-02-21,9,9,31.8
14717,S016,2025-02-21,12,4,11.8
14718,S016,2025-02-21,15,4,12.5
14719,S016,2025-02-21,18,9,26.5
14720,S016,2025-02-21,21,4,22.4
14721,S016,2025-04-21,0,1,15.9
14722,S016,2025-04-21,3,0,12.9
14723,S016,2025-04-21,6,3,15.8
14724,S016,2025-04-21,9,3,26.2
14725,S016,2025-04-21,12,2,19.6
14726,S016,2025-04-21,15,3,23.8
14727,S016,2025-04-21,18,5,31.3
14728,S016,2025-04-21,21,1,14.8
14729,S016,2025-02-05,0,2,0.0
14730,S016,2025-02-05,3,0,12.0
14731,S016,2025-02-05,6,3,11.3
14732,S016,2025-02-05,9,4,27.4
14733,S016,2025-02-05,12,1,17.5
14734,S016,2025-02-05,15,3,26.7
14735,S016,2025-02-05,18,6,33.3
14736,S016,2025-02-05,21,2,10.0
14737,S016,2025-09-15,0,1,6.9
14738,S016,2025-09-15,3,0,7.8
14739,S016,2025-09-15,6,4,13.5
14740,S016,2025-09-15,9,5,26.0
14741,S016,2025-09-15,12,4,16.8
14742,S016,2025-09-15,15,4,22.5
14743,S016,2025-09-15,18,8,29.5
14744,S016,2025-09-15,21,3,12.0
14745,S016,2025-05-31,0,0,5.8
14746,S016,2025-05-31,3,0,9.6
14747,S016,2025-05-31,6,4,18.0
14748,S016,2025-05-31,9,4,30.4
14749,S016,2025-05-31,12,3,24.5
14750,S016,2025-05-31,15,1,16.9
14751,S016,2025-05-31,18,5,38.3
14752,S016,2025-05-31,21,4,15.4
14753,S016,2025-11-12,0,2,5.7
14754,S016,2025-11-12,3,0,2.5
14755,S016,2025-11-12,6,3,11.0
14756,S016,2025-11-12,9,5,25.5
14757,S016,2025-11-12,12,4,20.3
14758,S016,2025-11-12,15,2,22.5
14759,S016,2025-11-12,18,7,27.3
14760,S016,2025-11-12,21,4,19.4
14761,S016,2025-03-25,0,0,8.8
14762,S016,2025-03-25,3,0,4.3
14763,S016,2025-03-25,6,2,12.3
14764,S016,2025-03-25,9,5,34.2
14765,S016,2025-03-25,12,0,19.8
14766,S016,2025-03-25,15,5,21.8
14767,S016,2025-03-25,18,8,29.4
14768,S016,2025-03-25,21,3,17.4
14769,S016,2025-05-20,0,0,1.1
14770,S016,2025-05-20,3,0,6.3
14771,S016,2025-05-20,6,0,12.8
14772,S016,2025-05-20,9,6,33.7
14773,S016,2025-05-20,12,4,20.5
14774,S016,2025-05-20,15,5,21.3
14775,S016,2025-05-20,18,7,24.6
14776,S016,2025-05-20,21,3,23.6
14777,S016,2025-02-10,0,2,7.4
14778,S016,2025-02-10,3,0,9.7
14779,S016,2025-02-10,6,3,12.4
14780,S016,2025-02-10,9,4,29.3
14781,S016,2025-02-10,12,4,14.3
14782,S016,2025-02-10,15,1,17.3
14783,S016,2025-02-10,18,9,33.9
14784,S016,2025-02-10,21,2,19.9
14785,S016,2025-10-12,0,2,4.9
14786,S016,2025-10-12,3,0,2.3
14787,S016,2025-10-12,6,7,16.6
14788,S016,2025-10-12,9,10,27.2
14789,S016,2025-10-12,12,7,21.7
14790,S016,2025-10-12,15,2,16.5
14791,S016,2025-10-12,18,12,29.4
14792,S016,2025-10-12,21,7,16.2
14793,S016,2025-12-19,0,2,7.2
14794,S016,2025-12-19,3,0,4.0
14795,S016,2025-12-19,6,5,17.1
14796,S016,2025-12-19,9,4,28.7
14797,S016,2025-12-19,12,6,18.0
14798,S016,2025-12-19,15,1,21.3
14799,S016,2025-12-19,18,4,22.9
14800,S016,2025-12-19,21,3,9.4
14801,S016,2025-06-03,0,1,14.2
14802,S016,2025-06-03,3,0,12.6
14803,S016,2025-06-03,6,1,16.4
14804,S016,2025-06-03,9,5,32.9
14805,S016,2025-06-03,12,2,20.9
14806,S016,2025-06-03,15,5,22.8
14807,S016,2025-06-03,18,5,31.5
14808,S016,2025-06-03,21,2,24.6
14809,S016,2025-05-03,0,0,5.4
14810,S016,2025-05-03,3,0,14.0
14811,S016,2025-05-03,6,1,23.5
14812,S016,2025-05-03,9,7,28.6
14813,S016,2025-05-03,12,4,22.1
14814,S016,2025-05-03,15,3,17.6
14815,S016,2025-05-03,18,6,28.7
14816,S016,2025-05-03,21,5,17.0
14817,S016,2025-08-07,0,0,6.2
14818,S016,2025-08-07,3,1,9.0
14819,S016,2025-08-07,6,0,9.9
14820,S016,2025-08-07,9,10,32.3
14821,S016,2025-08-07,12,2,20.9
14822,S016,2025-08-07,15,5,12.4
14823,S016,2025-08-07,18,6,29.4
14824,S016,2025-08-07,21,5,18.8
14825,S016,2025-05-13,0,0,9.8
14826,S016,2025-05-13,3,0,10.3
14827,S016,2025-05-13,6,0,10.5
14828,S016,2025-05-13,9,6,21.2
14829,S016,2025-05-13,12,9,19.1
14830,S016,2025-05-13,15,6,21.9
14831,S016,2025-05-13,18,7,24.8
14832,S016,2025-05-13,21,2,15.3
14833,S016,2025-06-16,0,1,11.5
14834,S016,2025-06-16,3,0,8.0
14835,S016,2025-06-16,6,0,19.1
14836,S016,2025-06-16,9,5,24.0
14837,S016,2025-06-16,12,0,18.2
14838,S016,2025-06-16,15,4,23.9
14839,S016,2025-06-16,18,8,24.6
14840,S016,2025-06-16,21,4,20.9
14841,S016,2025-06-05,0,1,4.9
14842,S016,2025-06-05,3,0,10.5
14843,S016,2025-06-05,6,3,15.7
14844,S016,2025-06-05,9,5,30.0
14845,S016,2025-06-05,12,4,15.6
14846,S016,2025-06-05,15,5,23.9
14847,S016,2025-06-05,18,6,29.3
14848,S016,2025-06-05,21,1,17.8
14849,S016,2025-07-03,0,1,10.7
14850,S016,2025-07-03,3,1,0.0
14851,S016,2025-07-03,6,1,12.3
14852,S016,2025-07-03,9,5,30.8
14853,S016,2025-07-03,12,1,26.2
14854,S016,2025-07-03,15,1,16.7
14855,S016,2025-07-03,18,10,27.7
14856,S016,2025-07-03,21,0,15.1
14857,S016,2025-11-15,0,0,3.3
14858,S016,2025-11-15,3,0,9.0
14859,S016,2025-11-15,6,6,17.7
14860,S016,2025-11-15,9,3,30.0
14861,S016,2025-11-15,12,3,20.0
14862,S016,2025-11-15,15,2,20.3
14863,S016,2025-11-15,18,5,27.1
14864,S016,2025-11-15,21,2,21.6
14865,S016,2025-07-04,0,0,9.2
14866,S016,2025-07-04,3,0,12.9
14867,S016,2025-07-04,6,4,13.3
14868,S016,2025-07-04,9,6,26.1
14869,S016,2025-07-04,12,3,25.0
14870,S016,2025-07-04,15,2,19.9
14871,S016,2025-07-04,18,9,30.1
14872,S016,2025-07-04,21,1,16.2
14873,S016,2025-04-17,0,0,9.8
14874,S016,2025-04-17,3,1,4.2
14875,S016,2025-04-17,6,3,16.9
14876,S016,2025-04-17,9,5,26.1
14877,S016,2025-04-17,12,3,23.0
14878,S016,2025-04-17,15,3,17.9
14879,S016,2025-04-17,18,6,33.3
14880,S016,2025-04-17,21,4,20.7
14881,S016,2025-02-26,0,0,8.4
14882,S016,2025-02-26,3,1,13.8
14883,S016,2025-02-26,6,3,10.3
14884,S016,2025-02-26,9,4,30.8
14885,S016,2025-02-26,12,5,15.9
14886,S016,2025-02-26,15,2,22.8
14887,S016,2025-02-26,18,3,29.9
14888,S016,2025-02-26,21,2,15.7
14889,S016,2025-04-13,0,1,5.4
14890,S016,2025-04-13,3,1,7.3
14891,S016,2025-04-13,6,3,13.1
14892,S016,2025-04-13,9,7,31.8
14893,S016,2025-04-13,12,5,27.0
14894,S016,2025-04-13,15,3,20.1
14895,S016,2025-04-13,18,6,34.1
14896,S016,2025-04-13,21,4,22.2
14897,S016,2025-02-23,0,0,6.5
14898,S016,2025-02-23,3,1,10.7
14899,S016,2025-02-23,6,2,13.2
14900,S016,2025-02-23,9,6,23.8
14901,S016,2025-02-23,12,1,12.4
14902,S016,2025-02-23,15,3,23.4
14903,S016,2025-02-23,18,7,34.2
14904,S016,2025-02-23,21,5,13.9
14905,S016,2025-07-02,0,0,3.2
14906,S016,2025-07-02,3,0,8.5
14907,S016,2025-07-02,6,1,19.8
14908,S016,2025-07-02,9,7,29.6
14909,S016,2025-07-02,12,6,27.1
14910,S016,2025-07-02,15,5,21.2
14911,S016,2025-07-02,18,5,38.1
14912,S016,2025-07-02,21,2,16.6
14913,S016,2025-12-07,0,1,3.4
14914,S016,2025-12-07,3,1,6.9
14915,S016,2025-12-07,6,1,19.4
14916,S016,2025-12-07,9,8,24.2
14917,S016,2025-12-07,12,2,16.3
14918,S016,2025-12-07,15,4,22.9
14919,S016,2025-12-07,18,7,29.2
14920,S016,2025-12-07,21,3,16.0
14921,S016,2025-07-18,0,0,6.3
14922,S016,2025-07-18,3,2,10.8
14923,S016,2025-07-18,6,3,17.2
14924,S016,2025-07-18,9,8,26.1
14925,S016,2025-07-18,12,4,20.5
14926,S016,2025-07-18,15,4,16.0
14927,S016,2025-07-18,18,7,31.0
14928,S016,2025-07-18,21,2,14.8
14929,S016,2025-11-05,0,0,10.9
14930,S016,2025-11-05,3,0,9.4
14931,S016,2025-11-05,6,2,14.9
14932,S016,2025-11-05,9,5,23.1
14933,S016,2025-11-05,12,4,10.8
14934,S016,2025-11-05,15,4,21.8
14935,S016,2025-11-05,18,8,24.9
14936,S016,2025-11-05,21,0,9.8
14937,S016,2025-02-22,0,0,6.1
14938,S016,2025-02-22,3,2,3.8
14939,S016,2025-02-22,6,1,12.3
14940,S016,2025-02-22,9,6,26.4
14941,S016,2025-02-22,12,2,22.8
14942,S016,2025-02-22,15,2,24.3
14943,S016,2025-02-22,18,11,30.1
14944,S016,2025-02-22,21,4,18.9
14945,S016,2025-09-20,0,0,13.2
14946,S016,2025-09-20,3,0,10.2
14947,S016,2025-09-20,6,2,13.6
14948,S016,2025-09-20,9,5,28.8
14949,S016,2025-09-20,12,1,16.4
14950,S016,2025-09-20,15,5,21.1
14951,S016,2025-09-20,18,6,30.0
14952,S016,2025-09-20,21,3,16.4
14953,S016,2025-03-11,0,1,8.2
14954,S016,2025-03-11,3,0,11.3
14955,S016,2025-03-11,6,2,12.6
14956,S016,2025-03-11,9,3,32.0
14957,S016,2025-03-11,12,2,13.0
14958,S016,2025-03-11,15,0,20.6
14959,S016,2025-03-11,18,8,28.5
14960,S016,2025-03-11,21,5,23.9
14961,S016,2025-09-01,0,0,7.3
14962,S016,2025-09-01,3,0,13.9
14963,S016,2025-09-01,6,4,13.6
14964,S016,2025-09-01,9,8,30.0
14965,S016,2025-09-01,12,4,12.9
14966,S016,2025-09-01,15,1,22.7
14967,S016,2025-09-01,18,4,32.3
14968,S016,2025-09-01,21,0,5.9
14969,S016,2025-01-08,0,0,9.7
14970,S016,2025-01-08,3,1,13.1
14971,S016,2025-01-08,6,2,26.5
14972,S016,2025-01-08,9,8,35.1
14973,S016,2025-01-08,12,4,19.7
14974,S016,2025-01-08,15,3,16.4
14975,S016,2025-01-08,18,3,30.3
14976,S016,2025-01-08,21,5,12.1
14977,S016,2025-04-30,0,0,8.3
14978,S016,2025-04-30,3,0,9.2
14979,S016,2025-04-30,6,0,18.0
14980,S016,2025-04-30,9,5,32.6
14981,S016,2025-04-30,12,4,10.3
14982,S016,2025-04-30,15,6,16.3
14983,S016,2025-04-30,18,9,32.4
14984,S016,2025-04-30,21,4,12.2
14985,S016,2025-11-18,0,0,8.8
14986,S016,2025-11-18,3,0,3.3
14987,S016,2025-11-18,6,5,22.1
14988,S016,2025-11-18,9,7,28.3
14989,S016,2025-11-18,12,1,18.7
14990,S016,2025-11-18,15,5,18.4
14991,S016,2025-11-18,18,5,24.2
14992,S016,2025-11-18,21,5,16.2
14993,S016,2025-02-13,0,0,11.6
14994,S016,2025-02-13,3,0,8.4
14995,S016,2025-02-13,6,3,12.9
14996,S016,2025-02-13,9,6,29.6
14997,S016,2025-02-13,12,3,14.2
14998,S016,2025-02-13,15,3,20.3
14999,S016,2025-02-13,18,18,32.7
15000,S016,2025-02-13,21,4,17.1
15001,S016,2025-03-18,0,3,5.0
15002,S016,2025-03-18,3,1,11.8
15003,S016,2025-03-18,6,1,11.8
15004,S016,2025-03-18,9,4,27.7
15005,S016,2025-03-18,12,3,18.6
15006,S016,2025-03-18,15,6,18.1
15007,S016,2025-03-18,18,5,26.7
15008,S016,2025-03-18,21,1,20.1
15009,S016,2025-04-12,0,0,5.2
15010,S016,2025-04-12,3,0,10.8
15011,S016,2025-04-12,6,1,14.8
15012,S016,2025-04-12,9,7,33.5
15013,S016,2025-04-12,12,3,27.7
15014,S016,2025-04-12,15,4,18.2
15015,S016,2025-04-12,18,7,26.6
15016,S016,2025-04-12,21,2,14.4
15017,S016,2025-12-16,0,1,3.5
15018,S016,2025-12-16,3,2,11.8
15019,S016,2025-12-16,6,1,11.7
15020,S016,2025-12-16,9,7,20.0
15021,S016,2025-12-16,12,3,14.3
15022,S016,2025-12-16,15,1,17.0
15023,S016,2025-12-16,18,8,35.4
15024,S016,2025-12-16,21,1,14.4
15025,S016,2025-03-15,0,0,6.4
15026,S016,2025-03-15,3,0,4.8
15027,S016,2025-03-15,6,5,14.8
15028,S016,2025-03-15,9,8,30.0
15029,S016,2025-03-15,12,1,19.7
15030,S016,2025-03-15,15,3,17.8
15031,S016,2025-03-15,18,5,30.9
15032,S016,2025-03-15,21,1,22.0
15033,S016,2025-08-09,0,1,6.9
15034,S016,2025-08-09,3,1,13.1
15035,S016,2025-08-09,6,4,11.6
15036,S016,2025-08-09,9,7,33.2
15037,S016,2025-08-09,12,3,18.3
15038,S016,2025-08-09,15,1,17.6
15039,S016,2025-08-09,18,8,30.2
15040,S016,2025-08-09,21,7,14.5
15041,S016,2025-09-08,0,2,9.8
15042,S016,2025-09-08,3,0,9.8
15043,S016,2025-09-08,6,3,24.7
15044,S016,2025-09-08,9,7,21.4
15045,S016,2025-09-08,12,2,21.4
15046,S016,2025-09-08,15,2,22.8
15047,S016,2025-09-08,18,3,25.9
15048,S016,2025-09-08,21,2,22.2
15049,S016,2025-02-16,0,2,1.3
15050,S016,2025-02-16,3,1,11.5
15051,S016,2025-02-16,6,7,17.7
15052,S016,2025-02-16,9,4,29.5
15053,S016,2025-02-16,12,3,16.6
15054,S016,2025-02-16,15,6,22.6
15055,S016,2025-02-16,18,10,22.5
15056,S016,2025-02-16,21,2,14.2
15057,S016,2025-06-01,0,2,10.3
15058,S016,2025-06-01,3,0,6.3
15059,S016,2025-06-01,6,0,16.3
15060,S016,2025-06-01,9,6,29.9
15061,S016,2025-06-01,12,4,15.5
15062,S016,2025-06-01,15,1,19.4
15063,S016,2025-06-01,18,6,35.1
15064,S016,2025-06-01,21,4,16.1
15065,S016,2025-12-01,0,0,2.5
15066,S016,2025-12-01,3,0,7.8
15067,S016,2025-12-01,6,3,18.4
15068,S016,2025-12-01,9,9,26.5
15069,S016,2025-12-01,12,4,22.0
15070,S016,2025-12-01,15,1,21.6
15071,S016,2025-12-01,18,9,28.8
15072,S016,2025-12-01,21,6,17.0
15073,S016,2025-11-02,0,1,7.3
15074,S016,2025-11-02,3,1,4.0
15075,S016,2025-11-02,6,1,13.7
15076,S016,2025-11-02,9,7,32.9
15077,S016,2025-11-02,12,4,8.1
15078,S016,2025-11-02,15,5,21.9
15079,S016,2025-11-02,18,6,31.0
15080,S016,2025-11-02,21,0,19.5
15081,S016,2025-01-27,0,0,10.0
15082,S016,2025-01-27,3,0,6.6
15083,S016,2025-01-27,6,3,19.8
15084,S016,2025-01-27,9,0,24.3
15085,S016,2025-01-27,12,6,17.8
15086,S016,2025-01-27,15,1,12.4
15087,S016,2025-01-27,18,7,29.5
15088,S016,2025-01-27,21,4,22.4
15089,S016,2025-10-02,0,1,12.5
15090,S016,2025-10-02,3,0,9.1
15091,S016,2025-10-02,6,2,13.3
15092,S016,2025-10-02,9,5,23.1
15093,S016,2025-10-02,12,7,20.7
15094,S016,2025-10-02,15,2,18.4
15095,S016,2025-10-02,18,5,23.3
15096,S016,2025-10-02,21,7,20.0
15097,S016,2025-06-10,0,1,9.1
15098,S016,2025-06-10,3,0,12.6
15099,S016,2025-06-10,6,2,16.6
15100,S016,2025-06-10,9,6,29.6
15101,S016,2025-06-10,12,2,13.5
15102,S016,2025-06-10,15,4,18.9
15103,S016,2025-06-10,18,5,30.1
15104,S016,2025-06-10,21,5,17.1
15105,S016,2025-02-19,0,0,1.2
15106,S016,2025-02-19,3,0,6.5
15107,S016,2025-02-19,6,2,17.1
15108,S016,2025-02-19,9,3,32.5
15109,S016,2025-02-19,12,3,19.5
15110,S016,2025-02-19,15,3,10.2
15111,S016,2025-02-19,18,9,21.7
15112,S016,2025-02-19,21,4,12.9
15113,S016,2025-11-08,0,2,10.6
15114,S016,2025-11-08,3,0,13.0
15115,S016,2025-11-08,6,2,18.0
15116,S016,2025-11-08,9,9,18.3
15117,S016,2025-11-08,12,2,17.5
15118,S016,2025-11-08,15,1,15.8
15119,S016,2025-11-08,18,6,34.2
15120,S016,2025-11-08,21,3,23.7
15121,S016,2025-07-14,0,3,4.4
15122,S016,2025-07-14,3,0,7.3
15123,S016,2025-07-14,6,2,19.4
15124,S016,2025-07-14,9,8,23.7
15125,S016,2025-07-14,12,2,15.8
15126,S016,2025-07-14,15,5,28.2
15127,S016,2025-07-14,18,4,31.9
15128,S016,2025-07-14,21,4,14.3
15129,S016,2025-10-18,0,0,4.0
15130,S016,2025-10-18,3,0,10.3
15131,S016,2025-10-18,6,3,12.5
15132,S016,2025-10-18,9,7,27.3
15133,S016,2025-10-18,12,3,16.5
15134,S016,2025-10-18,15,6,22.8
15135,S016,2025-10-18,18,6,29.7
15136,S016,2025-10-18,21,2,13.1
15137,S016,2025-09-17,0,1,5.3
15138,S016,2025-09-17,3,1,4.3
15139,S016,2025-09-17,6,2,14.9
15140,S016,2025-09-17,9,4,25.8
15141,S016,2025-09-17,12,2,21.1
15142,S016,2025-09-17,15,3,21.6
15143,S016,2025-09-17,18,5,36.2
15144,S016,2025-09-17,21,5,12.7
15145,S016,2025-04-22,0,3,6.3
15146,S016,2025-04-22,3,0,3.4
15147,S016,2025-04-22,6,2,14.0
15148,S016,2025-04-22,9,12,26.2
15149,S016,2025-04-22,12,4,19.4
15150,S016,2025-04-22,15,2,20.5
15151,S016,2025-04-22,18,6,38.3
15152,S016,2025-04-22,21,2,18.2
15153,S016,2025-04-20,0,0,4.1
15154,S016,2025-04-20,3,0,5.4
15155,S016,2025-04-20,6,1,11.3
15156,S016,2025-04-20,9,4,29.4
15157,S016,2025-04-20,12,4,20.2
15158,S016,2025-04-20,15,4,24.4
15159,S016,2025-04-20,18,7,27.6
15160,S016,2025-04-20,21,4,20.1
15161,S016,2025-04-03,0,1,4.9
15162,S016,2025-04-03,3,0,12.5
15163,S016,2025-04-03,6,4,16.3
15164,S016,2025-04-03,9,3,24.2
15165,S016,2025-04-03,12,5,13.2
15166,S016,2025-04-03,15,2,28.3
15167,S016,2025-04-03,18,9,27.5
15168,S016,2025-04-03,21,1,23.0
15169,S016,2025-01-07,0,0,8.1
15170,S016,2025-01-07,3,0,3.9
15171,S016,2025-01-07,6,3,12.6
15172,S016,2025-01-07,9,7,27.6
15173,S016,2025-01-07,12,0,17.0
15174,S016,2025-01-07,15,4,19.3
15175,S016,2025-01-07,18,5,30.6
15176,S016,2025-01-07,21,0,22.8
15177,S016,2025-11-04,0,3,4.0
15178,S016,2025-11-04,3,0,15.1
15179,S016,2025-11-04,6,2,24.5
15180,S016,2025-11-04,9,2,33.1
15181,S016,2025-11-04,12,7,19.7
15182,S016,2025-11-04,15,2,24.0
15183,S016,2025-11-04,18,9,28.1
15184,S016,2025-11-04,21,2,15.9
15185,S016,2025-02-20,0,0,6.3
15186,S016,2025-02-20,3,1,9.9
15187,S016,2025-02-20,6,4,10.7
15188,S016,2025-02-20,9,6,29.1
15189,S016,2025-02-20,12,5,21.1
15190,S016,2025-02-20,15,4,23.3
15191,S016,2025-02-20,18,6,27.6
15192,S016,2025-02-20,21,5,15.2
15193,S016,2025-04-27,0,1,12.1
15194,S016,2025-04-27,3,0,6.6
15195,S016,2025-04-27,6,3,15.0
15196,S016,2025-04-27,9,3,25.2
15197,S016,2025-04-27,12,5,15.4
15198,S016,2025-04-27,15,7,20.6
15199,S016,2025-04-27,18,6,35.2
15200,S016,2025-04-27,21,2,13.8
15201,S016,2025-08-17,0,0,8.5
15202,S016,2025-08-17,3,0,5.7
15203,S016,2025-08-17,6,5,12.7
15204,S016,2025-08-17,9,7,23.3
15205,S016,2025-08-17,12,3,16.6
15206,S016,2025-08-17,15,4,20.5
15207,S016,2025-08-17,18,7,31.2
15208,S016,2025-08-17,21,2,20.4
15209,S016,2025-12-11,0,1,11.3
15210,S016,2025-12-11,3,1,13.9
15211,S016,2025-12-11,6,1,19.4
15212,S016,2025-12-11,9,5,32.9
15213,S016,2025-12-11,12,8,17.7
15214,S016,2025-12-11,15,3,18.7
15215,S016,2025-12-11,18,8,38.6
15216,S016,2025-12-11,21,2,21.5
15217,S016,2025-07-10,0,1,8.3
15218,S016,2025-07-10,3,1,4.1
15219,S016,2025-07-10,6,0,11.0
15220,S016,2025-07-10,9,8,28.3
15221,S016,2025-07-10,12,5,21.3
15222,S016,2025-07-10,15,1,18.5
15223,S016,2025-07-10,18,5,29.0
15224,S016,2025-07-10,21,2,19.5
15225,S016,2025-07-20,0,1,10.8
15226,S016,2025-07-20,3,0,8.1
15227,S016,2025-07-20,6,6,20.8
15228,S016,2025-07-20,9,2,27.9
15229,S016,2025-07-20,12,4,19.5
15230,S016,2025-07-20,15,2,24.6
15231,S016,2025-07-20,18,5,28.9
15232,S016,2025-07-20,21,4,18.3
15233,S016,2025-12-06,0,0,10.3
15234,S016,2025-12-06,3,1,11.0
15235,S016,2025-12-06,6,2,19.1
15236,S016,2025-12-06,9,6,21.0
15237,S016,2025-12-06,12,2,16.4
15238,S016,2025-12-06,15,4,19.7
15239,S016,2025-12-06,18,3,29.6
15240,S016,2025-12-06,21,2,13.8
15241,S016,2025-01-22,0,0,0.0
15242,S016,2025-01-22,3,0,8.5
15243,S016,2025-01-22,6,2,15.7
15244,S016,2025-01-22,9,7,30.7
15245,S016,2025-01-22,12,3,20.0
15246,S016,2025-01-22,15,2,15.7
15247,S016,2025-01-22,18,3,28.7
15248,S016,2025-01-22,21,1,20.1
15249,S016,2025-06-23,0,0,0.0
15250,S016,2025-06-23,3,0,6.9
15251,S016,2025-06-23,6,3,17.0
15252,S016,2025-06-23,9,4,23.5
15253,S016,2025-06-23,12,4,19.6
15254,S016,2025-06-23,15,12,21.4
15255,S016,2025-06-23,18,9,31.0
15256,S016,2025-06-23,21,2,9.6
15257,S016,2025-11-09,0,0,8.6
15258,S016,2025-11-09,3,1,5.3
15259,S016,2025-11-09,6,2,17.5
15260,S016,2025-11-09,9,9,24.0
15261,S016,2025-11-09,12,3,12.1
15262,S016,2025-11-09,15,1,20.0
15263,S016,2025-11-09,18,4,28.9
15264,S016,2025-11-09,21,4,14.7
15265,S016,2025-04-04,0,2,0.0
15266,S016,2025-04-04,3,1,7.8
15267,S016,2025-04-04,6,4,18.9
15268,S016,2025-04-04,9,6,30.2
15269,S016,2025-04-04,12,4,10.1
15270,S016,2025-04-04,15,3,17.1
15271,S016,2025-04-04,18,6,31.1
15272,S016,2025-04-04,21,3,13.5
15273,S016,2025-09-25,0,0,5.0
15274,S016,2025-09-25,3,0,9.0
15275,S016,2025-09-25,6,2,14.2
15276,S016,2025-09-25,9,5,27.2
15277,S016,2025-09-25,12,1,16.4
15278,S016,2025-09-25,15,1,29.1
15279,S016,2025-09-25,18,9,30.6
15280,S016,2025-09-25,21,1,16.2
15281,S016,2025-03-21,0,0,7.7
15282,S016,2025-03-21,3,1,13.1
15283,S016,2025-03-21,6,2,20.8
15284,S016,2025-03-21,9,6,24.9
15285,S016,2025-03-21,12,5,15.1
15286,S016,2025-03-21,15,2,15.7
15287,S016,2025-03-21,18,4,30.9
15288,S016,2025-03-21,21,3,18.1
15289,S016,2025-11-17,0,1,6.4
15290,S016,2025-11-17,3,2,9.9
15291,S016,2025-11-17,6,2,12.3
15292,S016,2025-11-17,9,5,21.5
15293,S016,2025-11-17,12,6,21.3
15294,S016,2025-11-17,15,3,17.9
15295,S016,2025-11-17,18,5,30.7
15296,S016,2025-11-17,21,3,14.3
15297,S016,2025-05-21,0,1,4.2
15298,S016,2025-05-21,3,3,15.0
15299,S016,2025-05-21,6,1,14.8
15300,S016,2025-05-21,9,4,21.9
15301,S016,2025-05-21,12,4,21.0
15302,S016,2025-05-21,15,5,20.6
15303,S016,2025-05-21,18,7,29.3
15304,S016,2025-05-21,21,4,9.1
15305,S016,2025-01-13,0,0,5.5
15306,S016,2025-01-13,3,1,13.7
15307,S016,2025-01-13,6,3,20.0
15308,S016,2025-01-13,9,4,28.1
15309,S016,2025-01-13,12,2,19.1
15310,S016,2025-01-13,15,4,15.1
15311,S016,2025-01-13,18,9,25.2
15312,S016,2025-01-13,21,2,21.1
15313,S016,2025-06-08,0,0,9.3
15314,S016,2025-06-08,3,0,10.7
15315,S016,2025-06-08,6,2,14.4
15316,S016,2025-06-08,9,2,23.2
15317,S016,2025-06-08,12,3,8.9
15318,S016,2025-06-08,15,5,27.9
15319,S016,2025-06-08,18,8,30.0
15320,S016,2025-06-08,21,2,20.8
15321,S016,2025-11-07,0,2,5.3
15322,S016,2025-11-07,3,0,4.5
15323,S016,2025-11-07,6,2,16.5
15324,S016,2025-11-07,9,5,14.5
15325,S016,2025-11-07,12,2,17.2
15326,S016,2025-11-07,15,5,13.6
15327,S016,2025-11-07,18,2,29.7
15328,S016,2025-11-07,21,4,13.7
15329,S016,2025-09-14,0,1,9.1
15330,S016,2025-09-14,3,1,8.9
15331,S016,2025-09-14,6,0,17.5
15332,S016,2025-09-14,9,5,25.9
15333,S016,2025-09-14,12,4,16.5
15334,S016,2025-09-14,15,7,18.4
15335,S016,2025-09-14,18,2,29.3
15336,S016,2025-09-14,21,0,21.6
15337,S016,2025-08-19,0,2,9.6
15338,S016,2025-08-19,3,1,10.3
15339,S016,2025-08-19,6,5,9.4
15340,S016,2025-08-19,9,7,34.7
15341,S016,2025-08-19,12,3,13.4
15342,S016,2025-08-19,15,5,18.7
15343,S016,2025-08-19,18,4,26.4
15344,S016,2025-08-19,21,5,18.9
15345,S016,2025-12-15,0,0,12.9
15346,S016,2025-12-15,3,0,1.9
15347,S016,2025-12-15,6,1,17.4
15348,S016,2025-12-15,9,8,22.1
15349,S016,2025-12-15,12,7,12.6
15350,S016,2025-12-15,15,5,25.7
15351,S016,2025-12-15,18,6,28.6
15352,S016,2025-12-15,21,6,12.9
15353,S016,2025-05-04,0,0,3.2
15354,S016,2025-05-04,3,1,5.5
15355,S016,2025-05-04,6,2,12.3
15356,S016,2025-05-04,9,2,24.0
15357,S016,2025-05-04,12,2,16.3
15358,S016,2025-05-04,15,6,24.3
15359,S016,2025-05-04,18,5,32.7
15360,S016,2025-05-04,21,0,20.8
15361,S017,2025-09-01,0,0,0.0
15362,S017,2025-09-01,3,0,11.2
15363,S017,2025-09-01,6,3,15.6
15364,S017,2025-09-01,9,4,30.5
15365,S017,2025-09-01,12,0,14.6
15366,S017,2025-09-01,15,5,20.7
15367,S017,2025-09-01,18,5,30.4
15368,S017,2025-09-01,21,1,20.2
15369,S017,2025-08-16,0,0,6.9
15370,S017,2025-08-16,3,1,1.9
15371,S017,2025-08-16,6,3,9.4
15372,S017,2025-08-16,9,6,27.3
15373,S017,2025-08-16,12,5,12.4
15374,S017,2025-08-16,15,4,23.5
15375,S017,2025-08-16,18,6,26.8
15376,S017,2025-08-16,21,1,20.9
15377,S017,2025-04-18,0,0,17.6
15378,S017,2025-04-18,3,1,8.7
15379,S017,2025-04-18,6,2,11.4
15380,S017,2025-04-18,9,5,26.2
15381,S017,2025-04-18,12,3,13.4
15382,S017,2025-04-18,15,1,20.0
15383,S017,2025-04-18,18,5,31.8
15384,S017,2025-04-18,21,3,18.9
15385,S017,2025-07-24,0,0,8.0
15386,S017,2025-07-24,3,0,11.2
15387,S017,2025-07-24,6,2,19.0
15388,S017,2025-07-24,9,3,28.2
15389,S017,2025-07-24,12,3,16.5
15390,S017,2025-07-24,15,5,25.8
15391,S017,2025-07-24,18,5,29.2
15392,S017,2025-07-24,21,5,24.3
15393,S017,2025-02-12,0,0,4.4
15394,S017,2025-02-12,3,0,0.0
15395,S017,2025-02-12,6,1,17.0
15396,S017,2025-02-12,9,5,25.4
15397,S017,2025-02-12,12,4,15.7
15398,S017,2025-02-12,15,1,21.8
15399,S017,2025-02-12,18,2,27.2
15400,S017,2025-02-12,21,2,14.0
15401,S017,2025-08-03,0,1,13.4
15402,S017,2025-08-03,3,1,9.1
15403,S017,2025-08-03,6,3,14.4
15404,S017,2025-08-03,9,9,27.2
15405,S017,2025-08-03,12,6,21.0
15406,S017,2025-08-03,15,4,27.3
15407,S017,2025-08-03,18,4,26.0
15408,S017,2025-08-03,21,2,18.4
15409,S017,2025-03-17,0,1,5.5
15410,S017,2025-03-17,3,0,6.1
15411,S017,2025-03-17,6,2,9.3
15412,S017,2025-03-17,9,8,28.6
15413,S017,2025-03-17,12,3,22.7
15414,S017,2025-03-17,15,7,22.5
15415,S017,2025-03-17,18,6,29.5
15416,S017,2025-03-17,21,2,18.1
15417,S017,2025-11-19,0,0,7.0
15418,S017,2025-11-19,3,1,8.8
15419,S017,2025-11-19,6,2,16.9
15420,S017,2025-11-19,9,6,25.0
15421,S017,2025-11-19,12,2,14.7
15422,S017,2025-11-19,15,2,17.2
15423,S017,2025-11-19,18,10,33.2
15424,S017,2025-11-19,21,2,18.7
15425,S017,2025-12-07,0,1,15.9
15426,S017,2025-12-07,3,0,6.8
15427,S017,2025-12-07,6,1,12.3
15428,S017,2025-12-07,9,9,31.7
15429,S017,2025-12-07,12,2,15.2
15430,S017,2025-12-07,15,5,25.6
15431,S017,2025-12-07,18,8,26.0
15432,S017,2025-12-07,21,2,13.8
15433,S017,2025-02-25,0,0,1.2
15434,S017,2025-02-25,3,0,14.0
15435,S017,2025-02-25,6,1,16.6
15436,S017,2025-02-25,9,6,25.2
15437,S017,2025-02-25,12,7,12.6
15438,S017,2025-02-25,15,3,26.0
15439,S017,2025-02-25,18,13,33.8
15440,S017,2025-02-25,21,2,17.6
15441,S017,2025-03-30,0,0,10.7
15442,S017,2025-03-30,3,0,5.5
15443,S017,2025-03-30,6,3,17.3
15444,S017,2025-03-30,9,6,29.8
15445,S017,2025-03-30,12,3,18.8
15446,S017,2025-03-30,15,8,20.7
15447,S017,2025-03-30,18,4,35.4
15448,S017,2025-03-30,21,4,23.5
15449,S017,2025-09-23,0,2,9.5
15450,S017,2025-09-23,3,0,9.0
15451,S017,2025-09-23,6,4,13.3
15452,S017,2025-09-23,9,4,30.1
15453,S017,2025-09-23,12,4,14.2
15454,S017,2025-09-23,15,2,21.9
15455,S017,2025-09-23,18,5,31.2
15456,S017,2025-09-23,21,3,17.2
15457,S017,2025-12-19,0,1,16.4
15458,S017,2025-12-19,3,2,8.2
15459,S017,2025-12-19,6,0,16.0
15460,S017,2025-12-19,9,6,31.7
15461,S017,2025-12-19,12,2,15.1
15462,S017,2025-12-19,15,6,22.8
15463,S017,2025-12-19,18,6,30.3
15464,S017,2025-12-19,21,3,19.0
15465,S017,2025-12-26,0,0,13.0
15466,S017,2025-12-26,3,0,5.1
15467,S017,2025-12-26,6,3,21.7
15468,S017,2025-12-26,9,7,28.8
15469,S017,2025-12-26,12,1,13.4
15470,S017,2025-12-26,15,5,14.8
15471,S017,2025-12-26,18,4,30.2
15472,S017,2025-12-26,21,2,14.2
15473,S017,2025-11-08,0,1,3.2
15474,S017,2025-11-08,3,1,6.3
15475,S017,2025-11-08,6,3,16.4
15476,S017,2025-11-08,9,3,25.5
15477,S017,2025-11-08,12,9,18.3
15478,S017,2025-11-08,15,4,18.0
15479,S017,2025-11-08,18,9,41.2
15480,S017,2025-11-08,21,3,15.4
15481,S017,2025-04-04,0,1,8.4
15482,S017,2025-04-04,3,0,10.1
15483,S017,2025-04-04,6,3,13.8
15484,S017,2025-04-04,9,6,28.7
15485,S017,2025-04-04,12,1,19.0
15486,S017,2025-04-04,15,5,19.8
15487,S017,2025-04-04,18,3,32.3
15488,S017,2025-04-04,21,8,17.2
15489,S017,2025-08-19,0,0,8.9
15490,S017,2025-08-19,3,0,7.1
15491,S017,2025-08-19,6,0,26.1
15492,S017,2025-08-19,9,6,21.7
15493,S017,2025-08-19,12,2,15.8
15494,S017,2025-08-19,15,0,19.9
15495,S017,2025-08-19,18,9,29.6
15496,S017,2025-08-19,21,1,14.3
15497,S017,2025-04-14,0,0,5.0
15498,S017,2025-04-14,3,0,7.2
15499,S017,2025-04-14,6,4,17.5
15500,S017,2025-04-14,9,1,30.5
15501,S017,2025-04-14,12,1,15.9
15502,S017,2025-04-14,15,3,19.6
15503,S017,2025-04-14,18,3,31.2
15504,S017,2025-04-14,21,2,10.8
15505,S017,2025-06-25,0,0,4.6
15506,S017,2025-06-25,3,1,13.8
15507,S017,2025-06-25,6,1,10.5
15508,S017,2025-06-25,9,6,25.4
15509,S017,2025-06-25,12,1,21.5
15510,S017,2025-06-25,15,6,28.5
15511,S017,2025-06-25,18,3,27.5
15512,S017,2025-06-25,21,2,15.7
15513,S017,2025-12-17,0,3,7.8
15514,S017,2025-12-17,3,0,12.7
15515,S017,2025-12-17,6,5,9.1
15516,S017,2025-12-17,9,1,29.4
15517,S017,2025-12-17,12,3,13.0
15518,S017,2025-12-17,15,5,19.3
15519,S017,2025-12-17,18,7,21.0
15520,S017,2025-12-17,21,2,18.9
15521,S017,2025-06-27,0,0,7.8
15522,S017,2025-06-27,3,1,8.9
15523,S017,2025-06-27,6,2,16.2
15524,S017,2025-06-27,9,4,26.0
15525,S017,2025-06-27,12,1,12.9
15526,S017,2025-06-27,15,4,12.5
15527,S017,2025-06-27,18,8,31.9
15528,S017,2025-06-27,21,6,13.3
15529,S017,2025-07-11,0,0,6.0
15530,S017,2025-07-11,3,0,0.4
15531,S017,2025-07-11,6,5,19.2
15532,S017,2025-07-11,9,7,30.5
15533,S017,2025-07-11,12,3,18.7
15534,S017,2025-07-11,15,4,16.3
15535,S017,2025-07-11,18,7,27.1
15536,S017,2025-07-11,21,4,12.8
15537,S017,2025-03-25,0,2,9.2
15538,S017,2025-03-25,3,1,9.6
15539,S017,2025-03-25,6,1,16.5
15540,S017,2025-03-25,9,6,27.6
15541,S017,2025-03-25,12,3,12.6
15542,S017,2025-03-25,15,5,24.5
15543,S017,2025-03-25,18,4,35.2
15544,S017,2025-03-25,21,1,21.7
15545,S017,2025-03-05,0,1,12.9
15546,S017,2025-03-05,3,0,0.0
15547,S017,2025-03-05,6,5,21.3
15548,S017,2025-03-05,9,5,28.2
15549,S017,2025-03-05,12,4,11.9
15550,S017,2025-03-05,15,6,21.1
15551,S017,2025-03-05,18,4,25.8
15552,S017,2025-03-05,21,4,19.6
15553,S017,2025-08-21,0,2,5.5
15554,S017,2025-08-21,3,0,9.9
15555,S017,2025-08-21,6,3,13.6
15556,S017,2025-08-21,9,6,25.2
15557,S017,2025-08-21,12,2,23.0
15558,S017,2025-08-21,15,1,29.8
15559,S017,2025-08-21,18,5,28.8
15560,S017,2025-08-21,21,2,12.4
15561,S017,2025-04-05,0,0,8.0
15562,S017,2025-04-05,3,0,11.8
15563,S017,2025-04-05,6,2,7.8
15564,S017,2025-04-05,9,5,29.9
15565,S017,2025-04-05,12,4,15.7
15566,S017,2025-04-05,15,4,22.2
15567,S017,2025-04-05,18,4,28.5
15568,S017,2025-04-05,21,2,19.9
15569,S017,2025-11-13,0,1,9.5
15570,S017,2025-11-13,3,1,8.9
15571,S017,2025-11-13,6,1,15.4
15572,S017,2025-11-13,9,4,19.9
15573,S017,2025-11-13,12,4,15.1
15574,S017,2025-11-13,15,2,18.1
15575,S017,2025-11-13,18,10,27.4
15576,S017,2025-11-13,21,4,17.6
15577,S017,2025-04-15,0,0,1.7
15578,S017,2025-04-15,3,0,1.1
15579,S017,2025-04-15,6,3,13.7
15580,S017,2025-04-15,9,2,21.1
15581,S017,2025-04-15,12,2,15.2
15582,S017,2025-04-15,15,3,19.4
15583,S017,2025-04-15,18,6,27.0
15584,S017,2025-04-15,21,8,14.8
15585,S017,2025-10-22,0,0,2.2
15586,S017,2025-10-22,3,1,10.5
15587,S017,2025-10-22,6,3,15.0
15588,S017,2025-10-22,9,3,19.1
15589,S017,2025-10-22,12,1,17.7
15590,S017,2025-10-22,15,4,21.0
15591,S017,2025-10-22,18,6,26.8
15592,S017,2025-10-22,21,1,20.1
15593,S017,2025-10-01,0,0,6.5
15594,S017,2025-10-01,3,0,5.8
15595,S017,2025-10-01,6,3,18.8
15596,S017,2025-10-01,9,7,20.1
15597,S017,2025-10-01,12,2,16.8
15598,S017,2025-10-01,15,3,15.2
15599,S017,2025-10-01,18,2,27.1
15600,S017,2025-10-01,21,2,18.0
15601,S017,2025-07-23,0,0,7.6
15602,S017,2025-07-23,3,0,2.7
15603,S017,2025-07-23,6,1,9.1
15604,S017,2025-07-23,9,5,22.2
15605,S017,2025-07-23,12,4,10.5
15606,S017,2025-07-23,15,1,27.4
15607,S017,2025-07-23,18,5,34.5
15608,S017,2025-07-23,21,4,19.1
15609,S017,2025-06-21,0,1,11.9
15610,S017,2025-06-21,3,2,6.8
15611,S017,2025-06-21,6,1,16.5
15612,S017,2025-06-21,9,7,31.2
15613,S017,2025-06-21,12,3,20.7
15614,S017,2025-06-21,15,2,19.0
15615,S017,2025-06-21,18,5,34.8
15616,S017,2025-06-21,21,3,21.5
15617,S017,2025-05-07,0,1,1.1
15618,S017,2025-05-07,3,0,5.2
15619,S017,2025-05-07,6,2,12.9
15620,S017,2025-05-07,9,6,28.1
15621,S017,2025-05-07,12,5,15.0
15622,S017,2025-05-07,15,3,17.2
15623,S017,2025-05-07,18,6,25.1
15624,S017,2025-05-07,21,6,16.0
15625,S017,2025-05-26,0,0,9.4
15626,S017,2025-05-26,3,4,4.3
15627,S017,2025-05-26,6,0,14.7
15628,S017,2025-05-26,9,4,27.8
15629,S017,2025-05-26,12,2,18.4
15630,S017,2025-05-26,15,2,17.0
15631,S017,2025-05-26,18,7,28.6
15632,S017,2025-05-26,21,3,11.7
15633,S017,2025-02-04,0,2,12.3
15634,S017,2025-02-04,3,0,9.4
15635,S017,2025-02-04,6,2,15.7
15636,S017,2025-02-04,9,9,24.7
15637,S017,2025-02-04,12,1,20.9
15638,S017,2025-02-04,15,2,22.9
15639,S017,2025-02-04,18,2,27.4
15640,S017,2025-02-04,21,7,18.6
15641,S017,2025-04-25,0,1,10.0
15642,S017,2025-04-25,3,2,6.7
15643,S017,2025-04-25,6,4,10.2
15644,S017,2025-04-25,9,6,28.0
15645,S017,2025-04-25,12,6,13.3
15646,S017,2025-04-25,15,3,18.0
15647,S017,2025-04-25,18,4,30.6
15648,S017,2025-04-25,21,3,5.4
15649,S017,2025-06-13,0,2,5.1
15650,S017,2025-06-13,3,0,16.6
15651,S017,2025-06-13,6,3,16.8
15652,S017,2025-06-13,9,10,26.3
15653,S017,2025-06-13,12,3,17.6
15654,S017,2025-06-13,15,5,16.2
15655,S017,2025-06-13,18,9,30.3
15656,S017,2025-06-13,21,2,15.5
15657,S017,2025-02-28,0,0,8.4
15658,S017,2025-02-28,3,2,9.5
15659,S017,2025-02-28,6,1,10.5
15660,S017,2025-02-28,9,7,23.3
15661,S017,2025-02-28,12,4,17.9
15662,S017,2025-02-28,15,6,21.0
15663,S017,2025-02-28,18,3,30.1
15664,S017,2025-02-28,21,7,20.1
15665,S017,2025-01-05,0,1,2.2
15666,S017,2025-01-05,3,2,8.2
15667,S017,2025-01-05,6,0,17.6
15668,S017,2025-01-05,9,5,31.5
15669,S017,2025-01-05,12,6,11.8
15670,S017,2025-01-05,15,3,18.8
15671,S017,2025-01-05,18,7,31.9
15672,S017,2025-01-05,21,3,9.6
15673,S017,2025-11-18,0,1,10.7
15674,S017,2025-11-18,3,2,4.2
15675,S017,2025-11-18,6,1,15.0
15676,S017,2025-11-18,9,3,31.6
15677,S017,2025-11-18,12,1,20.0
15678,S017,2025-11-18,15,1,21.9
15679,S017,2025-11-18,18,8,30.0
15680,S017,2025-11-18,21,5,15.8
15681,S017,2025-05-25,0,0,14.1
15682,S017,2025-05-25,3,0,6.0
15683,S017,2025-05-25,6,0,12.5
15684,S017,2025-05-25,9,5,35.8
15685,S017,2025-05-25,12,1,30.0
15686,S017,2025-05-25,15,3,21.9
15687,S017,2025-05-25,18,10,31.6
15688,S017,2025-05-25,21,2,17.5
15689,S017,2025-02-21,0,1,10.9
15690,S017,2025-02-21,3,1,14.5
15691,S017,2025-02-21,6,4,14.7
15692,S017,2025-02-21,9,4,19.4
15693,S017,2025-02-21,12,3,30.1
15694,S017,2025-02-21,15,7,21.6
15695,S017,2025-02-21,18,6,32.2
15696,S017,2025-02-21,21,5,18.0
15697,S017,2025-03-07,0,0,8.6
15698,S017,2025-03-07,3,0,7.2
15699,S017,2025-03-07,6,4,18.6
15700,S017,2025-03-07,9,5,27.9
15701,S017,2025-03-07,12,3,27.6
15702,S017,2025-03-07,15,5,21.4
15703,S017,2025-03-07,18,4,38.4
15704,S017,2025-03-07,21,4,11.7
15705,S017,2025-11-17,0,3,6.7
15706,S017,2025-11-17,3,1,13.8
15707,S017,2025-11-17,6,4,13.9
15708,S017,2025-11-17,9,5,27.8
15709,S017,2025-11-17,12,1,16.1
15710,S017,2025-11-17,15,5,18.1
15711,S017,2025-11-17,18,5,32.7
15712,S017,2025-11-17,21,2,17.1
15713,S017,2025-10-21,0,0,7.9
15714,S017,2025-10-21,3,0,8.0
15715,S017,2025-10-21,6,0,19.6
15716,S017,2025-10-21,9,7,31.2
15717,S017,2025-10-21,12,5,20.1
15718,S017,2025-10-21,15,3,21.0
15719,S017,2025-10-21,18,7,31.8
15720,S017,2025-10-21,21,2,21.9
15721,S017,2025-01-15,0,1,2.4
15722,S017,2025-01-15,3,0,3.5
15723,S017,2025-01-15,6,1,11.9
15724,S017,2025-01-15,9,7,28.1
15725,S017,2025-01-15,12,2,17.8
15726,S017,2025-01-15,15,1,21.8
15727,S017,2025-01-15,18,6,26.0
15728,S017,2025-01-15,21,3,14.2
15729,S017,2025-08-05,0,0,11.5
15730,S017,2025-08-05,3,1,9.2
15731,S017,2025-08-05,6,2,7.2
15732,S017,2025-08-05,9,2,32.1
15733,S017,2025-08-05,12,2,21.1
15734,S017,2025-08-05,15,0,21.5
15735,S017,2025-08-05,18,10,31.1
15736,S017,2025-08-05,21,1,14.0
15737,S017,2025-11-02,0,0,5.4
15738,S017,2025-11-02,3,1,8.8
15739,S017,2025-11-02,6,5,20.7
15740,S017,2025-11-02,9,4,33.9
15741,S017,2025-11-02,12,1,18.2
15742,S017,2025-11-02,15,6,22.6
15743,S017,2025-11-02,18,6,38.2
15744,S017,2025-11-02,21,7,18.9
15745,S017,2025-06-16,0,0,3.8
15746,S017,2025-06-16,3,0,4.5
15747,S017,2025-06-16,6,3,18.5
15748,S017,2025-06-16,9,7,31.2
15749,S017,2025-06-16,12,2,16.4
15750,S017,2025-06-16,15,2,16.5
15751,S017,2025-06-16,18,4,30.0
15752,S017,2025-06-16,21,1,17.1
15753,S017,2025-12-01,0,0,9.0
15754,S017,2025-12-01,3,2,9.1
15755,S017,2025-12-01,6,2,18.9
15756,S017,2025-12-01,9,6,26.9
15757,S017,2025-12-01,12,2,16.9
15758,S017,2025-12-01,15,4,20.6
15759,S017,2025-12-01,18,6,29.0
15760,S017,2025-12-01,21,4,24.3
15761,S017,2025-08-30,0,0,11.3
15762,S017,2025-08-30,3,1,10.3
15763,S017,2025-08-30,6,1,15.4
15764,S017,2025-08-30,9,6,33.4
15765,S017,2025-08-30,12,2,22.2
15766,S017,2025-08-30,15,4,18.3
15767,S017,2025-08-30,18,6,34.2
15768,S017,2025-08-30,21,2,18.7
15769,S017,2025-04-11,0,0,0.6
15770,S017,2025-04-11,3,0,6.7
15771,S017,2025-04-11,6,3,19.4
15772,S017,2025-04-11,9,7,31.6
15773,S017,2025-04-11,12,1,16.6
15774,S017,2025-04-11,15,4,14.9
15775,S017,2025-04-11,18,8,34.2
15776,S017,2025-04-11,21,4,12.2
15777,S017,2025-08-17,0,0,4.2
15778,S017,2025-08-17,3,1,0.5
15779,S017,2025-08-17,6,4,17.7
15780,S017,2025-08-17,9,5,29.6
15781,S017,2025-08-17,12,4,21.5
15782,S017,2025-08-17,15,6,23.6
15783,S017,2025-08-17,18,8,35.9
15784,S017,2025-08-17,21,2,17.2
15785,S017,2025-10-19,0,1,9.2
15786,S017,2025-10-19,3,2,8.0
15787,S017,2025-10-19,6,4,19.3
15788,S017,2025-10-19,9,7,26.7
15789,S017,2025-10-19,12,2,15.4
15790,S017,2025-10-19,15,5,17.4
15791,S017,2025-10-19,18,2,25.8
15792,S017,2025-10-19,21,5,13.6
15793,S017,2025-05-19,0,0,0.3
15794,S017,2025-05-19,3,0,11.9
15795,S017,2025-05-19,6,3,15.5
15796,S017,2025-05-19,9,5,28.7
15797,S017,2025-05-19,12,2,20.0
15798,S017,2025-05-19,15,2,20.4
15799,S017,2025-05-19,18,4,33.3
15800,S017,2025-05-19,21,1,20.9
15801,S017,2025-12-13,0,1,3.8
15802,S017,2025-12-13,3,0,8.4
15803,S017,2025-12-13,6,2,15.0
15804,S017,2025-12-13,9,2,29.3
15805,S017,2025-12-13,12,2,11.8
15806,S017,2025-12-13,15,4,21.8
15807,S017,2025-12-13,18,4,27.6
15808,S017,2025-12-13,21,6,18.8
15809,S017,2025-10-25,0,3,4.7
15810,S017,2025-10-25,3,0,1.2
15811,S017,2025-10-25,6,2,14.6
15812,S017,2025-10-25,9,6,17.2
15813,S017,2025-10-25,12,1,17.4
15814,S017,2025-10-25,15,5,19.0
15815,S017,2025-10-25,18,7,32.8
15816,S017,2025-10-25,21,1,17.7
15817,S017,2025-04-28,0,0,13.4
15818,S017,2025-04-28,3,0,5.3
15819,S017,2025-04-28,6,2,17.0
15820,S017,2025-04-28,9,5,33.8
15821,S017,2025-04-28,12,2,21.7
15822,S017,2025-04-28,15,2,15.4
15823,S017,2025-04-28,18,11,31.5
15824,S017,2025-04-28,21,5,13.9
15825,S017,2025-01-17,0,0,12.3
15826,S017,2025-01-17,3,1,11.8
15827,S017,2025-01-17,6,3,8.6
15828,S017,2025-01-17,9,1,28.9
15829,S017,2025-01-17,12,4,21.8
15830,S017,2025-01-17,15,5,12.9
15831,S017,2025-01-17,18,10,31.2
15832,S017,2025-01-17,21,2,21.7
15833,S017,2025-12-28,0,0,7.1
15834,S017,2025-12-28,3,1,4.3
15835,S017,2025-12-28,6,3,13.5
15836,S017,2025-12-28,9,3,26.0
15837,S017,2025-12-28,12,6,20.5
15838,S017,2025-12-28,15,4,16.7
15839,S017,2025-12-28,18,4,25.6
15840,S017,2025-12-28,21,1,18.4
15841,S017,2025-06-24,0,0,5.3
15842,S017,2025-06-24,3,0,9.2
15843,S017,2025-06-24,6,2,20.6
15844,S017,2025-06-24,9,10,27.9
15845,S017,2025-06-24,12,2,14.8
15846,S017,2025-06-24,15,5,16.3
15847,S017,2025-06-24,18,6,27.7
15848,S017,2025-06-24,21,2,22.2
15849,S017,2025-10-02,0,0,8.8
15850,S017,2025-10-02,3,1,7.1
15851,S017,2025-10-02,6,2,20.5
15852,S017,2025-10-02,9,4,23.0
15853,S017,2025-10-02,12,3,16.4
15854,S017,2025-10-02,15,3,14.6
15855,S017,2025-10-02,18,10,32.1
15856,S017,2025-10-02,21,2,17.4
15857,S017,2025-07-21,0,1,12.4
15858,S017,2025-07-21,3,0,8.5
15859,S017,2025-07-21,6,1,10.9
15860,S017,2025-07-21,9,6,26.2
15861,S017,2025-07-21,12,2,13.7
15862,S017,2025-07-21,15,6,18.2
15863,S017,2025-07-21,18,7,23.1
15864,S017,2025-07-21,21,1,27.2
15865,S017,2025-11-28,0,0,9.9
15866,S017,2025-11-28,3,1,6.1
15867,S017,2025-11-28,6,4,26.3
15868,S017,2025-11-28,9,7,24.3
15869,S017,2025-11-28,12,1,20.9
15870,S017,2025-11-28,15,4,16.6
15871,S017,2025-11-28,18,6,27.9
15872,S017,2025-11-28,21,1,14.3
15873,S017,2025-02-27,0,0,0.0
15874,S017,2025-02-27,3,1,1.5
15875,S017,2025-02-27,6,1,15.1
15876,S017,2025-02-27,9,6,28.5
15877,S017,2025-02-27,12,1,23.4
15878,S017,2025-02-27,15,5,22.8
15879,S017,2025-02-27,18,6,32.3
15880,S017,2025-02-27,21,4,9.4
15881,S017,2025-08-20,0,0,5.5
15882,S017,2025-08-20,3,0,9.4
15883,S017,2025-08-20,6,2,16.0
15884,S017,2025-08-20,9,5,26.2
15885,S017,2025-08-20,12,4,20.2
15886,S017,2025-08-20,15,1,27.5
15887,S017,2025-08-20,18,4,27.5
15888,S017,2025-08-20,21,1,25.9
15889,S017,2025-01-02,0,0,14.3
15890,S017,2025-01-02,3,1,8.7
15891,S017,2025-01-02,6,3,11.0
15892,S017,2025-01-02,9,2,27.5
15893,S017,2025-01-02,12,6,20.8
15894,S017,2025-01-02,15,4,21.3
15895,S017,2025-01-02,18,10,29.7
15896,S017,2025-01-02,21,1,23.0
15897,S017,2025-07-08,0,1,6.5
15898,S017,2025-07-08,3,1,6.0
15899,S017,2025-07-08,6,4,13.2
15900,S017,2025-07-08,9,7,22.8
15901,S017,2025-07-08,12,3,16.3
15902,S017,2025-07-08,15,2,18.1
15903,S017,2025-07-08,18,11,22.1
15904,S017,2025-07-08,21,2,21.3
15905,S017,2025-03-28,0,1,14.1
15906,S017,2025-03-28,3,2,10.2
15907,S017,2025-03-28,6,3,13.1
15908,S017,2025-03-28,9,6,28.7
15909,S017,2025-03-28,12,2,17.1
15910,S017,2025-03-28,15,5,24.7
15911,S017,2025-03-28,18,8,24.7
15912,S017,2025-03-28,21,1,10.1
15913,S017,2025-05-11,0,1,10.0
15914,S017,2025-05-11,3,0,7.9
15915,S017,2025-05-11,6,5,11.0
15916,S017,2025-05-11,9,4,38.3
15917,S017,2025-05-11,12,5,18.1
15918,S017,2025-05-11,15,5,26.1
15919,S017,2025-05-11,18,2,25.9
15920,S017,2025-05-11,21,2,22.3
15921,S017,2025-05-24,0,0,12.0
15922,S017,2025-05-24,3,2,5.0
15923,S017,2025-05-24,6,1,10.6
15924,S017,2025-05-24,9,5,30.7
15925,S017,2025-05-24,12,2,17.4
15926,S017,2025-05-24,15,4,20.4
15927,S017,2025-05-24,18,5,31.9
15928,S017,2025-05-24,21,1,16.6
15929,S017,2025-02-22,0,0,13.7
15930,S017,2025-02-22,3,0,10.2
15931,S017,2025-02-22,6,0,14.1
15932,S017,2025-02-22,9,3,22.1
15933,S017,2025-02-22,12,6,15.4
15934,S017,2025-02-22,15,4,27.6
15935,S017,2025-02-22,18,8,27.1
15936,S017,2025-02-22,21,3,17.1
15937,S017,2025-04-10,0,4,6.9
15938,S017,2025-04-10,3,0,11.9
15939,S017,2025-04-10,6,6,17.1
15940,S017,2025-04-10,9,6,15.1
15941,S017,2025-04-10,12,5,19.2
15942,S017,2025-04-10,15,3,26.7
15943,S017,2025-04-10,18,3,34.0
15944,S017,2025-04-10,21,5,14.9
15945,S017,2025-04-27,0,3,10.1
15946,S017,2025-04-27,3,2,10.4
15947,S017,2025-04-27,6,3,14.3
15948,S017,2025-04-27,9,4,29.6
15949,S017,2025-04-27,12,1,11.9
15950,S017,2025-04-27,15,1,22.2
15951,S017,2025-04-27,18,12,30.0
15952,S017,2025-04-27,21,3,14.7
15953,S017,2025-12-31,0,0,7.2
15954,S017,2025-12-31,3,0,4.3
15955,S017,2025-12-31,6,0,14.7
15956,S017,2025-12-31,9,6,32.3
15957,S017,2025-12-31,12,6,13.6
15958,S017,2025-12-31,15,4,17.9
15959,S017,2025-12-31,18,7,24.4
15960,S017,2025-12-31,21,4,15.7
15961,S017,2025-02-18,0,0,10.5
15962,S017,2025-02-18,3,1,5.6
15963,S017,2025-02-18,6,4,14.6
15964,S017,2025-02-18,9,6,26.4
15965,S017,2025-02-18,12,3,20.5
15966,S017,2025-02-18,15,4,21.2
15967,S017,2025-02-18,18,5,32.6
15968,S017,2025-02-18,21,2,17.2
15969,S017,2025-01-31,0,1,4.1
15970,S017,2025-01-31,3,0,0.0
15971,S017,2025-01-31,6,3,15.8
15972,S017,2025-01-31,9,7,27.7
15973,S017,2025-01-31,12,3,15.8
15974,S017,2025-01-31,15,2,14.0
15975,S017,2025-01-31,18,4,22.9
15976,S017,2025-01-31,21,1,16.8
15977,S017,2025-11-29,0,1,5.7
15978,S017,2025-11-29,3,0,6.1
15979,S017,2025-11-29,6,2,14.2
15980,S017,2025-11-29,9,7,23.0
15981,S017,2025-11-29,12,4,24.6
15982,S017,2025-11-29,15,5,18.2
15983,S017,2025-11-29,18,6,32.1
15984,S017,2025-11-29,21,6,22.1
15985,S017,2025-02-02,0,1,10.2
15986,S017,2025-02-02,3,0,0.0
15987,S017,2025-02-02,6,0,15.0
15988,S017,2025-02-02,9,2,36.3
15989,S017,2025-02-02,12,0,13.2
15990,S017,2025-02-02,15,6,15.5
15991,S017,2025-02-02,18,5,37.8
15992,S017,2025-02-02,21,2,10.5
15993,S017,2025-12-29,0,0,12.2
15994,S017,2025-12-29,3,1,7.9
15995,S017,2025-12-29,6,3,22.2
15996,S017,2025-12-29,9,6,23.8
15997,S017,2025-12-29,12,2,20.0
15998,S017,2025-12-29,15,5,15.2
15999,S017,2025-12-29,18,5,35.2
16000,S017,2025-12-29,21,2,23.9
16001,S017,2025-11-01,0,0,5.9
16002,S017,2025-11-01,3,2,6.0
16003,S017,2025-11-01,6,1,18.0
16004,S017,2025-11-01,9,8,32.9
16005,S017,2025-11-01,12,3,26.3
16006,S017,2025-11-01,15,4,22.2
16007,S017,2025-11-01,18,11,24.9
16008,S017,2025-11-01,21,8,16.6
16009,S017,2025-01-04,0,0,14.2
16010,S017,2025-01-04,3,0,0.5
16011,S017,2025-01-04,6,3,13.9
16012,S017,2025-01-04,9,5,28.3
16013,S017,2025-01-04,12,4,14.7
16014,S017,2025-01-04,15,3,20.4
16015,S017,2025-01-04,18,3,30.7
16016,S017,2025-01-04,21,6,12.0
16017,S017,2025-02-24,0,0,9.1
16018,S017,2025-02-24,3,0,8.3
16019,S017,2025-02-24,6,1,14.5
16020,S017,2025-02-24,9,4,33.2
16021,S017,2025-02-24,12,1,20.6
16022,S017,2025-02-24,15,3,24.0
16023,S017,2025-02-24,18,3,22.0
16024,S017,2025-02-24,21,2,16.6
16025,S017,2025-06-12,0,0,9.8
16026,S017,2025-06-12,3,0,5.2
16027,S017,2025-06-12,6,3,21.2
16028,S017,2025-06-12,9,5,28.6
16029,S017,2025-06-12,12,1,14.5
16030,S017,2025-06-12,15,4,13.5
16031,S017,2025-06-12,18,7,20.8
16032,S017,2025-06-12,21,3,13.2
16033,S017,2025-07-01,0,0,3.1
16034,S017,2025-07-01,3,0,7.3
16035,S017,2025-07-01,6,4,14.0
16036,S017,2025-07-01,9,8,27.4
16037,S017,2025-07-01,12,3,13.2
16038,S017,2025-07-01,15,3,11.0
16039,S017,2025-07-01,18,8,31.0
16040,S017,2025-07-01,21,0,20.1
16041,S017,2025-12-04,0,1,15.8
16042,S017,2025-12-04,3,1,3.1
16043,S017,2025-12-04,6,2,10.9
16044,S017,2025-12-04,9,2,26.6
16045,S017,2025-12-04,12,4,13.0
16046,S017,2025-12-04,15,1,20.1
16047,S017,2025-12-04,18,8,36.1
16048,S017,2025-12-04,21,2,16.2
16049,S017,2025-09-19,0,0,6.3
16050,S017,2025-09-19,3,1,3.2
16051,S017,2025-09-19,6,1,17.1
16052,S017,2025-09-19,9,5,25.5
16053,S017,2025-09-19,12,4,19.2
16054,S017,2025-09-19,15,3,15.6
16055,S017,2025-09-19,18,5,26.9
16056,S017,2025-09-19,21,2,21.0
16057,S017,2025-04-09,0,0,1.8
16058,S017,2025-04-09,3,0,11.9
16059,S017,2025-04-09,6,0,13.9
16060,S017,2025-04-09,9,5,27.3
16061,S017,2025-04-09,12,4,12.5
16062,S017,2025-04-09,15,4,20.6
16063,S017,2025-04-09,18,3,19.7
16064,S017,2025-04-09,21,4,22.3
16065,S017,2025-06-29,0,0,6.9
16066,S017,2025-06-29,3,1,5.7
16067,S017,2025-06-29,6,3,11.0
16068,S017,2025-06-29,9,3,26.3
16069,S017,2025-06-29,12,2,7.8
16070,S017,2025-06-29,15,2,16.3
16071,S017,2025-06-29,18,5,34.4
16072,S017,2025-06-29,21,4,15.4
16073,S017,2025-01-12,0,0,6.3
16074,S017,2025-01-12,3,2,0.0
16075,S017,2025-01-12,6,1,14.5
16076,S017,2025-01-12,9,4,32.4
16077,S017,2025-01-12,12,2,16.5
16078,S017,2025-01-12,15,3,22.0
16079,S017,2025-01-12,18,4,27.7
16080,S017,2025-01-12,21,2,18.8
16081,S017,2025-04-21,0,1,4.7
16082,S017,2025-04-21,3,0,11.0
16083,S017,2025-04-21,6,1,7.0
16084,S017,2025-04-21,9,7,25.1
16085,S017,2025-04-21,12,1,14.3
16086,S017,2025-04-21,15,6,20.8
16087,S017,2025-04-21,18,9,32.3
16088,S017,2025-04-21,21,1,17.4
16089,S017,2025-02-07,0,0,6.0
16090,S017,2025-02-07,3,0,8.1
16091,S017,2025-02-07,6,0,16.1
16092,S017,2025-02-07,9,3,22.4
16093,S017,2025-02-07,12,2,25.5
16094,S017,2025-02-07,15,4,17.2
16095,S017,2025-02-07,18,7,30.7
16096,S017,2025-02-07,21,2,11.2
16097,S017,2025-03-21,0,0,6.2
16098,S017,2025-03-21,3,3,3.5
16099,S017,2025-03-21,6,2,17.1
16100,S017,2025-03-21,9,3,30.3
16101,S017,2025-03-21,12,5,12.9
16102,S017,2025-03-21,15,3,23.7
16103,S017,2025-03-21,18,6,28.4
16104,S017,2025-03-21,21,1,22.8
16105,S017,2025-03-23,0,0,8.1
16106,S017,2025-03-23,3,1,14.4
16107,S017,2025-03-23,6,1,13.0
16108,S017,2025-03-23,9,6,29.2
16109,S017,2025-03-23,12,1,20.0
16110,S017,2025-03-23,15,5,18.9
16111,S017,2025-03-23,18,5,23.6
16112,S017,2025-03-23,21,3,14.3
16113,S017,2025-09-02,0,0,20.0
16114,S017,2025-09-02,3,1,7.8
16115,S017,2025-09-02,6,2,12.4
16116,S017,2025-09-02,9,7,25.7
16117,S017,2025-09-02,12,1,23.1
16118,S017,2025-09-02,15,9,8.1
16119,S017,2025-09-02,18,6,31.7
16120,S017,2025-09-02,21,4,20.6
16121,S017,2025-10-12,0,0,2.2
16122,S017,2025-10-12,3,0,6.2
16123,S017,2025-10-12,6,7,13.0
16124,S017,2025-10-12,9,2,27.1
16125,S017,2025-10-12,12,2,24.0
16126,S017,2025-10-12,15,4,19.8
16127,S017,2025-10-12,18,7,35.3
16128,S017,2025-10-12,21,3,12.4
16129,S017,2025-07-12,0,0,6.6
16130,S017,2025-07-12,3,1,10.1
16131,S017,2025-07-12,6,4,12.6
16132,S017,2025-07-12,9,8,28.4
16133,S017,2025-07-12,12,3,18.1
16134,S017,2025-07-12,15,3,18.5
16135,S017,2025-07-12,18,8,36.8
16136,S017,2025-07-12,21,3,16.8
16137,S017,2025-09-05,0,1,11.9
16138,S017,2025-09-05,3,0,2.3
16139,S017,2025-09-05,6,3,19.0
16140,S017,2025-09-05,9,6,25.1
16141,S017,2025-09-05,12,1,22.0
16142,S017,2025-09-05,15,4,20.8
16143,S017,2025-09-05,18,8,29.7
16144,S017,2025-09-05,21,3,17.8
16145,S017,2025-06-30,0,2,0.1
16146,S017,2025-06-30,3,0,14.4
16147,S017,2025-06-30,6,0,17.7
16148,S017,2025-06-30,9,8,26.2
16149,S017,2025-06-30,12,3,15.8
16150,S017,2025-06-30,15,4,21.1
16151,S017,2025-06-30,18,9,30.1
16152,S017,2025-06-30,21,2,13.5
16153,S017,2025-04-02,0,0,8.6
16154,S017,2025-04-02,3,1,10.7
16155,S017,2025-04-02,6,1,10.3
16156,S017,2025-04-02,9,6,26.0
16157,S017,2025-04-02,12,3,11.0
16158,S017,2025-04-02,15,5,16.6
16159,S017,2025-04-02,18,5,31.7
16160,S017,2025-04-02,21,4,17.8
16161,S017,2025-10-20,0,0,5.1
16162,S017,2025-10-20,3,0,10.0
16163,S017,2025-10-20,6,5,24.3
16164,S017,2025-10-20,9,5,25.3
16165,S017,2025-10-20,12,5,14.7
16166,S017,2025-10-20,15,4,14.5
16167,S017,2025-10-20,18,2,22.4
16168,S017,2025-10-20,21,1,19.9
16169,S017,2025-11-11,0,0,1.7
16170,S017,2025-11-11,3,1,11.6
16171,S017,2025-11-11,6,5,14.9
16172,S017,2025-11-11,9,3,24.2
16173,S017,2025-11-11,12,4,21.1
16174,S017,2025-11-11,15,6,24.2
16175,S017,2025-11-11,18,5,34.9
16176,S017,2025-11-11,21,2,12.5
16177,S017,2025-06-01,0,0,5.3
16178,S017,2025-06-01,3,0,7.9
16179,S017,2025-06-01,6,2,17.7
16180,S017,2025-06-01,9,4,20.6
16181,S017,2025-06-01,12,5,17.2
16182,S017,2025-06-01,15,5,18.0
16183,S017,2025-06-01,18,6,24.9
16184,S017,2025-06-01,21,2,16.2
16185,S017,2025-11-20,0,1,8.6
16186,S017,2025-11-20,3,1,5.0
16187,S017,2025-11-20,6,3,15.9
16188,S017,2025-11-20,9,1,26.2
16189,S017,2025-11-20,12,5,17.2
16190,S017,2025-11-20,15,5,23.7
16191,S017,2025-11-20,18,5,29.1
16192,S017,2025-11-20,21,5,13.1
16193,S017,2025-07-10,0,0,8.6
16194,S017,2025-07-10,3,1,10.2
16195,S017,2025-07-10,6,0,11.7
16196,S017,2025-07-10,9,5,20.1
16197,S017,2025-07-10,12,4,15.7
16198,S017,2025-07-10,15,0,17.9
16199,S017,2025-07-10,18,5,27.5
16200,S017,2025-07-10,21,2,24.0
16201,S017,2025-07-17,0,1,11.1
16202,S017,2025-07-17,3,1,9.4
16203,S017,2025-07-17,6,5,15.0
16204,S017,2025-07-17,9,4,29.7
16205,S017,2025-07-17,12,1,22.5
16206,S017,2025-07-17,15,0,20.1
16207,S017,2025-07-17,18,4,35.3
16208,S017,2025-07-17,21,3,18.5
16209,S017,2025-04-19,0,0,5.7
16210,S017,2025-04-19,3,1,9.4
16211,S017,2025-04-19,6,3,10.4
16212,S017,2025-04-19,9,3,29.7
16213,S017,2025-04-19,12,5,19.8
16214,S017,2025-04-19,15,2,15.6
16215,S017,2025-04-19,18,5,28.0
16216,S017,2025-04-19,21,3,18.9
16217,S017,2025-11-30,0,0,5.3
16218,S017,2025-11-30,3,0,8.9
16219,S017,2025-11-30,6,1,15.0
16220,S017,2025-11-30,9,3,27.6
16221,S017,2025-11-30,12,5,20.6
16222,S017,2025-11-30,15,3,20.4
16223,S017,2025-11-30,18,8,28.0
16224,S017,2025-11-30,21,4,17.0
16225,S017,2025-08-12,0,0,3.6
16226,S017,2025-08-12,3,0,7.5
16227,S017,2025-08-12,6,5,19.5
16228,S017,2025-08-12,9,1,29.5
16229,S017,2025-08-12,12,2,18.6
16230,S017,2025-08-12,15,4,20.6
16231,S017,2025-08-12,18,3,29.1
16232,S017,2025-08-12,21,3,13.9
16233,S017,2025-03-09,0,4,5.0
16234,S017,2025-03-09,3,2,3.1
16235,S017,2025-03-09,6,4,13.5
16236,S017,2025-03-09,9,4,28.5
16237,S017,2025-03-09,12,2,13.8
16238,S017,2025-03-09,15,4,22.7
16239,S017,2025-03-09,18,3,29.2
16240,S017,2025-03-09,21,7,13.3
16241,S017,2025-06-05,0,2,4.3
16242,S017,2025-06-05,3,1,10.6
16243,S017,2025-06-05,6,2,15.2
16244,S017,2025-06-05,9,2,29.3
16245,S017,2025-06-05,12,1,21.6
16246,S017,2025-06-05,15,3,18.0
16247,S017,2025-06-05,18,7,28.8
16248,S017,2025-06-05,21,1,16.1
16249,S017,2025-08-18,0,0,9.3
16250,S017,2025-08-18,3,0,0.8
16251,S017,2025-08-18,6,4,14.4
16252,S017,2025-08-18,9,8,28.4
16253,S017,2025-08-18,12,3,22.1
16254,S017,2025-08-18,15,2,21.8
16255,S017,2025-08-18,18,5,26.6
16256,S017,2025-08-18,21,1,25.5
16257,S017,2025-02-13,0,2,9.4
16258,S017,2025-02-13,3,1,0.0
16259,S017,2025-02-13,6,3,11.7
16260,S017,2025-02-13,9,7,27.2
16261,S017,2025-02-13,12,2,21.6
16262,S017,2025-02-13,15,3,19.3
16263,S017,2025-02-13,18,6,34.1
16264,S017,2025-02-13,21,4,15.5
16265,S017,2025-05-27,0,0,2.3
16266,S017,2025-05-27,3,1,5.3
16267,S017,2025-05-27,6,2,15.7
16268,S017,2025-05-27,9,1,21.5
16269,S017,2025-05-27,12,1,9.2
16270,S017,2025-05-27,15,4,21.6
16271,S017,2025-05-27,18,5,37.6
16272,S017,2025-05-27,21,2,19.2
16273,S017,2025-12-09,0,0,13.9
16274,S017,2025-12-09,3,1,1.3
16275,S017,2025-12-09,6,1,23.2
16276,S017,2025-12-09,9,5,29.6
16277,S017,2025-12-09,12,3,14.9
16278,S017,2025-12-09,15,1,25.0
16279,S017,2025-12-09,18,5,32.7
16280,S017,2025-12-09,21,2,22.1
16281,S017,2025-07-28,0,2,9.4
16282,S017,2025-07-28,3,0,8.8
16283,S017,2025-07-28,6,2,16.2
16284,S017,2025-07-28,9,6,30.9
16285,S017,2025-07-28,12,2,20.4
16286,S017,2025-07-28,15,1,24.7
16287,S017,2025-07-28,18,3,33.8
16288,S017,2025-07-28,21,2,24.2
16289,S017,2025-12-24,0,1,11.5
16290,S017,2025-12-24,3,0,5.2
16291,S017,2025-12-24,6,4,16.4
16292,S017,2025-12-24,9,10,26.2
16293,S017,2025-12-24,12,3,19.8
16294,S017,2025-12-24,15,2,16.3
16295,S017,2025-12-24,18,7,28.0
16296,S017,2025-12-24,21,3,17.6
16297,S017,2025-06-23,0,2,2.7
16298,S017,2025-06-23,3,0,18.1
16299,S017,2025-06-23,6,1,13.4
16300,S017,2025-06-23,9,5,34.0
16301,S017,2025-06-23,12,4,30.9
16302,S017,2025-06-23,15,4,15.6
16303,S017,2025-06-23,18,4,29.5
16304,S017,2025-06-23,21,2,16.5
16305,S017,2025-01-20,0,2,2.1
16306,S017,2025-01-20,3,0,3.8
16307,S017,2025-01-20,6,3,14.3
16308,S017,2025-01-20,9,4,27.5
16309,S017,2025-01-20,12,2,21.4
16310,S017,2025-01-20,15,5,27.1
16311,S017,2025-01-20,18,14,29.4
16312,S017,2025-01-20,21,2,16.3
16313,S017,2025-11-12,0,1,2.6
16314,S017,2025-11-12,3,2,10.0
16315,S017,2025-11-12,6,3,20.0
16316,S017,2025-11-12,9,5,22.9
16317,S017,2025-11-12,12,4,14.9
16318,S017,2025-11-12,15,6,15.7
16319,S017,2025-11-12,18,4,27.3
16320,S017,2025-11-12,21,4,18.5
16321,S018,2025-02-17,0,0,4.9
16322,S018,2025-02-17,3,0,7.1
16323,S018,2025-02-17,6,3,22.7
16324,S018,2025-02-17,9,11,24.1
16325,S018,2025-02-17,12,2,18.0
16326,S018,2025-02-17,15,1,17.0
16327,S018,2025-02-17,18,11,29.4
16328,S018,2025-02-17,21,2,21.6
16329,S018,2025-09-21,0,0,10.0
16330,S018,2025-09-21,3,2,2.2
16331,S018,2025-09-21,6,1,12.1
16332,S018,2025-09-21,9,4,24.9
16333,S018,2025-09-21,12,4,21.5
16334,S018,2025-09-21,15,4,20.2
16335,S018,2025-09-21,18,5,30.3
16336,S018,2025-09-21,21,3,13.1
16337,S018,2025-08-20,0,3,7.4
16338,S018,2025-08-20,3,0,6.4
16339,S018,2025-08-20,6,1,15.8
16340,S018,2025-08-20,9,6,29.1
16341,S018,2025-08-20,12,4,21.2
16342,S018,2025-08-20,15,9,19.0
16343,S018,2025-08-20,18,4,34.6
16344,S018,2025-08-20,21,5,9.4
16345,S018,2025-06-23,0,0,8.0
16346,S018,2025-06-23,3,1,11.0
16347,S018,2025-06-23,6,3,15.8
16348,S018,2025-06-23,9,4,28.8
16349,S018,2025-06-23,12,4,9.1
16350,S018,2025-06-23,15,3,18.6
16351,S018,2025-06-23,18,5,25.5
16352,S018,2025-06-23,21,4,13.0
16353,S018,2025-04-29,0,0,8.4
16354,S018,2025-04-29,3,0,8.4
16355,S018,2025-04-29,6,6,13.6
16356,S018,2025-04-29,9,3,27.1
16357,S018,2025-04-29,12,2,18.9
16358,S018,2025-04-29,15,4,21.9
16359,S018,2025-04-29,18,2,26.2
16360,S018,2025-04-29,21,5,10.0
16361,S018,2025-05-08,0,0,12.6
16362,S018,2025-05-08,3,0,9.2
16363,S018,2025-05-08,6,7,14.8
16364,S018,2025-05-08,9,9,28.4
16365,S018,2025-05-08,12,4,25.4
16366,S018,2025-05-08,15,6,19.4
16367,S018,2025-05-08,18,6,24.0
16368,S018,2025-05-08,21,3,26.0
16369,S018,2025-10-24,0,0,5.0
16370,S018,2025-10-24,3,1,2.7
16371,S018,2025-10-24,6,1,13.4
16372,S018,2025-10-24,9,2,31.6
16373,S018,2025-10-24,12,2,15.5
16374,S018,2025-10-24,15,2,25.4
16375,S018,2025-10-24,18,8,33.1
16376,S018,2025-10-24,21,2,16.2
16377,S018,2025-01-10,0,0,8.9
16378,S018,2025-01-10,3,1,3.7
16379,S018,2025-01-10,6,3,7.1
16380,S018,2025-01-10,9,6,27.5
16381,S018,2025-01-10,12,3,12.7
16382,S018,2025-01-10,15,3,21.6
16383,S018,2025-01-10,18,2,35.7
16384,S018,2025-01-10,21,1,18.0
16385,S018,2025-06-28,0,1,8.0
16386,S018,2025-06-28,3,1,6.9
16387,S018,2025-06-28,6,7,16.7
16388,S018,2025-06-28,9,11,30.4
16389,S018,2025-06-28,12,2,13.1
16390,S018,2025-06-28,15,3,15.8
16391,S018,2025-06-28,18,10,27.0
16392,S018,2025-06-28,21,1,15.3
16393,S018,2025-08-06,0,0,2.3
16394,S018,2025-08-06,3,0,2.3
16395,S018,2025-08-06,6,1,13.3
16396,S018,2025-08-06,9,5,20.5
16397,S018,2025-08-06,12,4,19.1
16398,S018,2025-08-06,15,2,14.5
16399,S018,2025-08-06,18,10,27.3
16400,S018,2025-08-06,21,2,12.0
16401,S018,2025-11-03,0,1,9.1
16402,S018,2025-11-03,3,1,12.8
16403,S018,2025-11-03,6,3,11.0
16404,S018,2025-11-03,9,4,25.6
16405,S018,2025-11-03,12,2,20.3
16406,S018,2025-11-03,15,6,25.2
16407,S018,2025-11-03,18,3,33.9
16408,S018,2025-11-03,21,4,21.9
16409,S018,2025-01-01,0,2,7.0
16410,S018,2025-01-01,3,0,9.5
16411,S018,2025-01-01,6,1,16.8
16412,S018,2025-01-01,9,1,26.8
16413,S018,2025-01-01,12,2,14.9
16414,S018,2025-01-01,15,2,24.0
16415,S018,2025-01-01,18,3,24.3
16416,S018,2025-01-01,21,1,16.7
16417,S018,2025-11-08,0,0,5.0
16418,S018,2025-11-08,3,0,13.7
16419,S018,2025-11-08,6,2,13.6
16420,S018,2025-11-08,9,5,30.0
16421,S018,2025-11-08,12,2,16.0
16422,S018,2025-11-08,15,5,17.1
16423,S018,2025-11-08,18,8,29.7
16424,S018,2025-11-08,21,4,17.3
16425,S018,2025-11-17,0,0,2.9
16426,S018,2025-11-17,3,0,9.9
16427,S018,2025-11-17,6,5,16.2
16428,S018,2025-11-17,9,4,35.1
16429,S018,2025-11-17,12,0,17.4
16430,S018,2025-11-17,15,3,24.9
16431,S018,2025-11-17,18,6,36.8
16432,S018,2025-11-17,21,2,16.7
16433,S018,2025-12-28,0,1,11.7
16434,S018,2025-12-28,3,2,6.9
16435,S018,2025-12-28,6,2,13.2
16436,S018,2025-12-28,9,4,29.2
16437,S018,2025-12-28,12,4,20.0
16438,S018,2025-12-28,15,4,19.8
16439,S018,2025-12-28,18,5,25.4
16440,S018,2025-12-28,21,7,8.1
16441,S018,2025-04-15,0,1,7.9
16442,S018,2025-04-15,3,1,4.6
16443,S018,2025-04-15,6,1,14.5
16444,S018,2025-04-15,9,4,27.6
16445,S018,2025-04-15,12,2,23.2
16446,S018,2025-04-15,15,3,20.2
16447,S018,2025-04-15,18,4,34.8
16448,S018,2025-04-15,21,2,18.0
16449,S018,2025-05-16,0,0,11.6
16450,S018,2025-05-16,3,0,0.0
16451,S018,2025-05-16,6,2,16.0
16452,S018,2025-05-16,9,5,28.1
16453,S018,2025-05-16,12,7,22.4
16454,S018,2025-05-16,15,4,24.3
16455,S018,2025-05-16,18,3,31.2
16456,S018,2025-05-16,21,5,13.9
16457,S018,2025-02-10,0,2,11.7
16458,S018,2025-02-10,3,0,2.8
16459,S018,2025-02-10,6,2,21.2
16460,S018,2025-02-10,9,7,29.4
16461,S018,2025-02-10,12,2,17.2
16462,S018,2025-02-10,15,3,20.3
16463,S018,2025-02-10,18,9,27.2
16464,S018,2025-02-10,21,5,17.0
16465,S018,2025-05-29,0,2,3.9
16466,S018,2025-05-29,3,0,5.7
16467,S018,2025-05-29,6,2,13.7
16468,S018,2025-05-29,9,3,27.0
16469,S018,2025-05-29,12,3,10.0
16470,S018,2025-05-29,15,1,19.8
16471,S018,2025-05-29,18,1,24.8
16472,S018,2025-05-29,21,6,12.0
16473,S018,2025-06-13,0,0,13.5
16474,S018,2025-06-13,3,0,19.9
16475,S018,2025-06-13,6,3,21.8
16476,S018,2025-06-13,9,3,17.5
16477,S018,2025-06-13,12,2,16.7
16478,S018,2025-06-13,15,4,22.8
16479,S018,2025-06-13,18,3,31.9
16480,S018,2025-06-13,21,5,19.7
16481,S018,2025-01-28,0,0,1.1
16482,S018,2025-01-28,3,1,0.5
16483,S018,2025-01-28,6,2,15.3
16484,S018,2025-01-28,9,4,26.7
16485,S018,2025-01-28,12,7,11.5
16486,S018,2025-01-28,15,3,17.0
16487,S018,2025-01-28,18,3,27.4
16488,S018,2025-01-28,21,1,19.2
16489,S018,2025-05-02,0,0,8.1
16490,S018,2025-05-02,3,0,9.4
16491,S018,2025-05-02,6,1,13.7
16492,S018,2025-05-02,9,4,20.6
16493,S018,2025-05-02,12,5,11.5
16494,S018,2025-05-02,15,4,21.9
16495,S018,2025-05-02,18,3,23.0
16496,S018,2025-05-02,21,5,19.4
16497,S018,2025-08-15,0,2,14.9
16498,S018,2025-08-15,3,0,6.6
16499,S018,2025-08-15,6,0,18.7
16500,S018,2025-08-15,9,7,31.7
16501,S018,2025-08-15,12,4,16.1
16502,S018,2025-08-15,15,2,22.3
16503,S018,2025-08-15,18,5,20.4
16504,S018,2025-08-15,21,1,15.8
16505,S018,2025-02-09,0,1,7.5
16506,S018,2025-02-09,3,0,4.4
16507,S018,2025-02-09,6,3,16.3
16508,S018,2025-02-09,9,7,30.5
16509,S018,2025-02-09,12,1,22.5
16510,S018,2025-02-09,15,1,16.4
16511,S018,2025-02-09,18,7,17.9
16512,S018,2025-02-09,21,2,15.7
16513,S018,2025-10-08,0,1,3.7
16514,S018,2025-10-08,3,0,7.9
16515,S018,2025-10-08,6,3,14.3
16516,S018,2025-10-08,9,3,26.5
16517,S018,2025-10-08,12,3,15.4
16518,S018,2025-10-08,15,1,18.0
16519,S018,2025-10-08,18,7,22.1
16520,S018,2025-10-08,21,0,21.3
16521,S018,2025-08-12,0,0,11.2
16522,S018,2025-08-12,3,2,13.8
16523,S018,2025-08-12,6,2,12.5
16524,S018,2025-08-12,9,3,30.2
16525,S018,2025-08-12,12,0,16.1
16526,S018,2025-08-12,15,2,15.1
16527,S018,2025-08-12,18,7,28.2
16528,S018,2025-08-12,21,5,21.8
16529,S018,2025-01-30,0,0,9.6
16530,S018,2025-01-30,3,1,9.4
16531,S018,2025-01-30,6,3,18.7
16532,S018,2025-01-30,9,2,30.7
16533,S018,2025-01-30,12,4,25.3
16534,S018,2025-01-30,15,2,23.9
16535,S018,2025-01-30,18,11,26.8
16536,S018,2025-01-30,21,6,15.7
16537,S018,2025-11-25,0,1,5.7
16538,S018,2025-11-25,3,0,9.2
16539,S018,2025-11-25,6,0,16.0
16540,S018,2025-11-25,9,5,22.7
16541,S018,2025-11-25,12,5,16.9
16542,S018,2025-11-25,15,0,17.9
16543,S018,2025-11-25,18,4,26.7
16544,S018,2025-11-25,21,5,17.7
16545,S018,2025-03-28,0,1,10.3
16546,S018,2025-03-28,3,0,8.7
16547,S018,2025-03-28,6,5,12.4
16548,S018,2025-03-28,9,3,32.5
16549,S018,2025-03-28,12,1,22.0
16550,S018,2025-03-28,15,7,21.9
16551,S018,2025-03-28,18,2,30.3
16552,S018,2025-03-28,21,4,20.5
16553,S018,2025-08-07,0,1,5.3
16554,S018,2025-08-07,3,0,5.7
16555,S018,2025-08-07,6,2,12.6
16556,S018,2025-08-07,9,2,24.7
16557,S018,2025-08-07,12,1,16.9
16558,S018,2025-08-07,15,1,19.2
16559,S018,2025-08-07,18,4,35.9
16560,S018,2025-08-07,21,6,22.1
16561,S018,2025-06-29,0,1,6.1
16562,S018,2025-06-29,3,0,7.0
16563,S018,2025-06-29,6,1,6.6
16564,S018,2025-06-29,9,3,25.0
16565,S018,2025-06-29,12,4,17.0
16566,S018,2025-06-29,15,4,18.9
16567,S018,2025-06-29,18,8,29.7
16568,S018,2025-06-29,21,2,17.0
16569,S018,2025-08-14,0,0,7.3
16570,S018,2025-08-14,3,1,11.9
16571,S018,2025-08-14,6,4,12.5
16572,S018,2025-08-14,9,7,27.1
16573,S018,2025-08-14,12,1,18.4
16574,S018,2025-08-14,15,5,15.1
16575,S018,2025-08-14,18,9,33.9
16576,S018,2025-08-14,21,2,11.9
16577,S018,2025-03-03,0,0,4.5
16578,S018,2025-03-03,3,4,12.4
16579,S018,2025-03-03,6,2,11.4
16580,S018,2025-03-03,9,6,28.1
16581,S018,2025-03-03,12,0,22.7
16582,S018,2025-03-03,15,3,26.5
16583,S018,2025-03-03,18,3,32.8
16584,S018,2025-03-03,21,3,14.4
16585,S018,2025-07-06,0,1,12.9
16586,S018,2025-07-06,3,0,6.4
16587,S018,2025-07-06,6,0,19.0
16588,S018,2025-07-06,9,7,30.8
16589,S018,2025-07-06,12,0,22.1
16590,S018,2025-07-06,15,2,22.9
16591,S018,2025-07-06,18,3,32.7
16592,S018,2025-07-06,21,3,16.6
16593,S018,2025-07-18,0,0,0.0
16594,S018,2025-07-18,3,0,12.6
16595,S018,2025-07-18,6,3,18.5
16596,S018,2025-07-18,9,7,33.9
16597,S018,2025-07-18,12,7,12.0
16598,S018,2025-07-18,15,0,28.2
16599,S018,2025-07-18,18,4,26.1
16600,S018,2025-07-18,21,3,12.7
16601,S018,2025-06-10,0,1,1.7
16602,S018,2025-06-10,3,0,7.8
16603,S018,2025-06-10,6,3,8.3
16604,S018,2025-06-10,9,4,28.0
16605,S018,2025-06-10,12,2,14.7
16606,S018,2025-06-10,15,4,17.9
16607,S018,2025-06-10,18,1,29.5
16608,S018,2025-06-10,21,2,22.5
16609,S018,2025-03-31,0,0,5.0
16610,S018,2025-03-31,3,0,1.9
16611,S018,2025-03-31,6,1,20.0
16612,S018,2025-03-31,9,7,17.8
16613,S018,2025-03-31,12,1,12.8
16614,S018,2025-03-31,15,5,23.0
16615,S018,2025-03-31,18,6,32.3
16616,S018,2025-03-31,21,0,17.8
16617,S018,2025-07-09,0,1,11.7
16618,S018,2025-07-09,3,0,14.3
16619,S018,2025-07-09,6,3,14.3
16620,S018,2025-07-09,9,10,28.5
16621,S018,2025-07-09,12,2,20.8
16622,S018,2025-07-09,15,4,21.5
16623,S018,2025-07-09,18,7,29.8
16624,S018,2025-07-09,21,1,20.9
16625,S018,2025-02-01,0,1,6.0
16626,S018,2025-02-01,3,0,9.5
16627,S018,2025-02-01,6,4,16.9
16628,S018,2025-02-01,9,5,30.9
16629,S018,2025-02-01,12,2,28.9
16630,S018,2025-02-01,15,5,15.2
16631,S018,2025-02-01,18,7,24.5
16632,S018,2025-02-01,21,3,14.8
16633,S018,2025-05-09,0,0,6.4
16634,S018,2025-05-09,3,0,16.1
16635,S018,2025-05-09,6,2,14.2
16636,S018,2025-05-09,9,7,29.1
16637,S018,2025-05-09,12,2,18.9
16638,S018,2025-05-09,15,2,22.6
16639,S018,2025-05-09,18,6,30.5
16640,S018,2025-05-09,21,4,14.8
16641,S018,2025-06-21,0,1,9.8
16642,S018,2025-06-21,3,0,16.4
16643,S018,2025-06-21,6,8,17.1
16644,S018,2025-06-21,9,1,29.1
16645,S018,2025-06-21,12,2,20.7
16646,S018,2025-06-21,15,1,14.7
16647,S018,2025-06-21,18,3,31.0
16648,S018,2025-06-21,21,3,17.3
16649,S018,2025-10-21,0,0,9.2
16650,S018,2025-10-21,3,0,12.0
16651,S018,2025-10-21,6,2,14.5
16652,S018,2025-10-21,9,6,31.1
16653,S018,2025-10-21,12,1,21.9
16654,S018,2025-10-21,15,3,25.9
16655,S018,2025-10-21,18,7,41.2
16656,S018,2025-10-21,21,3,20.2
16657,S018,2025-11-20,0,2,3.5
16658,S018,2025-11-20,3,2,12.7
16659,S018,2025-11-20,6,4,12.7
16660,S018,2025-11-20,9,6,26.1
16661,S018,2025-11-20,12,5,13.9
16662,S018,2025-11-20,15,2,15.9
16663,S018,2025-11-20,18,6,29.0
16664,S018,2025-11-20,21,2,17.0
16665,S018,2025-11-24,0,0,5.7
16666,S018,2025-11-24,3,0,7.6
16667,S018,2025-11-24,6,3,16.0
16668,S018,2025-11-24,9,4,24.7
16669,S018,2025-11-24,12,2,12.9
16670,S018,2025-11-24,15,3,20.5
16671,S018,2025-11-24,18,7,22.7
16672,S018,2025-11-24,21,4,22.0
16673,S018,2025-08-02,0,0,11.6
16674,S018,2025-08-02,3,0,14.5
16675,S018,2025-08-02,6,1,13.8
16676,S018,2025-08-02,9,6,24.5
16677,S018,2025-08-02,12,2,18.2
16678,S018,2025-08-02,15,7,19.3
16679,S018,2025-08-02,18,6,35.0
16680,S018,2025-08-02,21,4,19.7
16681,S018,2025-03-14,0,0,10.3
16682,S018,2025-03-14,3,1,8.4
16683,S018,2025-03-14,6,2,21.9
16684,S018,2025-03-14,9,9,32.4
16685,S018,2025-03-14,12,6,16.4
16686,S018,2025-03-14,15,4,24.4
16687,S018,2025-03-14,18,3,30.4
16688,S018,2025-03-14,21,3,16.7
16689,S018,2025-01-07,0,0,8.0
16690,S018,2025-01-07,3,0,14.7
16691,S018,2025-01-07,6,3,8.0
16692,S018,2025-01-07,9,1,34.4
16693,S018,2025-01-07,12,2,16.1
16694,S018,2025-01-07,15,3,18.2
16695,S018,2025-01-07,18,8,35.7
16696,S018,2025-01-07,21,2,20.5
16697,S018,2025-04-28,0,2,6.5
16698,S018,2025-04-28,3,0,2.1
16699,S018,2025-04-28,6,0,18.8
16700,S018,2025-04-28,9,9,33.5
16701,S018,2025-04-28,12,5,14.8
16702,S018,2025-04-28,15,1,23.5
16703,S018,2025-04-28,18,6,34.9
16704,S018,2025-04-28,21,2,15.2
16705,S018,2025-03-04,0,0,0.0
16706,S018,2025-03-04,3,2,13.1
16707,S018,2025-03-04,6,1,13.1
16708,S018,2025-03-04,9,7,26.7
16709,S018,2025-03-04,12,4,18.3
16710,S018,2025-03-04,15,6,22.9
16711,S018,2025-03-04,18,6,30.3
16712,S018,2025-03-04,21,5,19.3
16713,S018,2025-01-18,0,0,10.4
16714,S018,2025-01-18,3,0,5.6
16715,S018,2025-01-18,6,6,19.6
16716,S018,2025-01-18,9,6,28.3
16717,S018,2025-01-18,12,2,9.0
16718,S018,2025-01-18,15,5,12.4
16719,S018,2025-01-18,18,5,27.4
16720,S018,2025-01-18,21,3,14.6
16721,S018,2025-12-26,0,0,6.6
16722,S018,2025-12-26,3,0,10.4
16723,S018,2025-12-26,6,3,7.9
16724,S018,2025-12-26,9,8,27.0
16725,S018,2025-12-26,12,4,17.2
16726,S018,2025-12-26,15,3,17.4
16727,S018,2025-12-26,18,10,22.9
16728,S018,2025-12-26,21,4,22.3
16729,S018,2025-02-12,0,0,8.7
16730,S018,2025-02-12,3,0,6.9
16731,S018,2025-02-12,6,2,13.8
16732,S018,2025-02-12,9,5,29.4
16733,S018,2025-02-12,12,3,13.0
16734,S018,2025-02-12,15,9,14.6
16735,S018,2025-02-12,18,5,27.0
16736,S018,2025-02-12,21,3,6.6
16737,S018,2025-08-11,0,2,7.1
16738,S018,2025-08-11,3,0,16.7
16739,S018,2025-08-11,6,1,13.2
16740,S018,2025-08-11,9,3,27.0
16741,S018,2025-08-11,12,3,14.7
16742,S018,2025-08-11,15,4,23.1
16743,S018,2025-08-11,18,6,28.5
16744,S018,2025-08-11,21,3,14.7
16745,S018,2025-07-23,0,1,15.3
16746,S018,2025-07-23,3,1,8.3
16747,S018,2025-07-23,6,3,12.0
16748,S018,2025-07-23,9,5,29.9
16749,S018,2025-07-23,12,5,22.9
16750,S018,2025-07-23,15,5,15.1
16751,S018,2025-07-23,18,5,30.4
16752,S018,2025-07-23,21,2,14.1
16753,S018,2025-02-13,0,0,11.1
16754,S018,2025-02-13,3,0,0.0
16755,S018,2025-02-13,6,2,23.9
16756,S018,2025-02-13,9,7,29.4
16757,S018,2025-02-13,12,2,18.2
16758,S018,2025-02-13,15,6,20.0
16759,S018,2025-02-13,18,5,28.8
16760,S018,2025-02-13,21,5,13.5
16761,S018,2025-03-21,0,1,12.1
16762,S018,2025-03-21,3,1,9.6
16763,S018,2025-03-21,6,2,21.4
16764,S018,2025-03-21,9,5,25.5
16765,S018,2025-03-21,12,0,19.7
16766,S018,2025-03-21,15,7,15.4
16767,S018,2025-03-21,18,5,29.3
16768,S018,2025-03-21,21,0,15.2
16769,S018,2025-04-08,0,0,5.7
16770,S018,2025-04-08,3,2,3.2
16771,S018,2025-04-08,6,1,3.5
16772,S018,2025-04-08,9,11,33.9
16773,S018,2025-04-08,12,2,16.5
16774,S018,2025-04-08,15,3,16.1
16775,S018,2025-04-08,18,10,28.8
16776,S018,2025-04-08,21,3,21.0
16777,S018,2025-02-08,0,0,6.5
16778,S018,2025-02-08,3,0,10.9
16779,S018,2025-02-08,6,2,13.6
16780,S018,2025-02-08,9,6,31.9
16781,S018,2025-02-08,12,7,16.1
16782,S018,2025-02-08,15,3,21.2
16783,S018,2025-02-08,18,8,34.4
16784,S018,2025-02-08,21,1,20.9
16785,S018,2025-06-08,0,0,11.3
16786,S018,2025-06-08,3,0,6.5
16787,S018,2025-06-08,6,5,14.6
16788,S018,2025-06-08,9,5,28.8
16789,S018,2025-06-08,12,2,18.0
16790,S018,2025-06-08,15,1,23.4
16791,S018,2025-06-08,18,4,33.2
16792,S018,2025-06-08,21,3,12.4
16793,S018,2025-08-28,0,0,0.0
16794,S018,2025-08-28,3,0,13.3
16795,S018,2025-08-28,6,5,19.4
16796,S018,2025-08-28,9,5,19.9
16797,S018,2025-08-28,12,3,15.3
16798,S018,2025-08-28,15,2,14.6
16799,S018,2025-08-28,18,7,31.7
16800,S018,2025-08-28,21,7,14.4
16801,S018,2025-05-20,0,2,9.3
16802,S018,2025-05-20,3,0,1.9
16803,S018,2025-05-20,6,3,14.3
16804,S018,2025-05-20,9,4,29.0
16805,S018,2025-05-20,12,5,15.9
16806,S018,2025-05-20,15,1,20.5
16807,S018,2025-05-20,18,5,33.1
16808,S018,2025-05-20,21,3,17.8
16809,S018,2025-08-03,0,1,7.5
16810,S018,2025-08-03,3,0,10.8
16811,S018,2025-08-03,6,4,21.1
16812,S018,2025-08-03,9,7,23.2
16813,S018,2025-08-03,12,2,11.9
16814,S018,2025-08-03,15,2,19.3
16815,S018,2025-08-03,18,4,28.1
16816,S018,2025-08-03,21,7,13.1
16817,S018,2025-12-29,0,0,12.9
16818,S018,2025-12-29,3,0,10.5
16819,S018,2025-12-29,6,3,10.0
16820,S018,2025-12-29,9,4,27.6
16821,S018,2025-12-29,12,6,15.9
16822,S018,2025-12-29,15,4,26.1
16823,S018,2025-12-29,18,6,26.7
16824,S018,2025-12-29,21,1,20.8
16825,S018,2025-02-24,0,1,5.6
16826,S018,2025-02-24,3,0,5.0
16827,S018,2025-02-24,6,2,21.7
16828,S018,2025-02-24,9,6,29.1
16829,S018,2025-02-24,12,4,15.5
16830,S018,2025-02-24,15,7,13.2
16831,S018,2025-02-24,18,7,23.7
16832,S018,2025-02-24,21,3,16.7
16833,S018,2025-02-05,0,0,8.8
16834,S018,2025-02-05,3,1,11.1
16835,S018,2025-02-05,6,1,15.6
16836,S018,2025-02-05,9,5,29.0
16837,S018,2025-02-05,12,1,19.8
16838,S018,2025-02-05,15,3,24.5
16839,S018,2025-02-05,18,9,26.9
16840,S018,2025-02-05,21,2,17.4
16841,S018,2025-01-31,0,1,5.0
16842,S018,2025-01-31,3,1,11.9
16843,S018,2025-01-31,6,1,14.4
16844,S018,2025-01-31,9,6,26.5
16845,S018,2025-01-31,12,1,16.8
16846,S018,2025-01-31,15,7,24.4
16847,S018,2025-01-31,18,5,26.7
16848,S018,2025-01-31,21,0,22.0
16849,S018,2025-10-25,0,3,6.2
16850,S018,2025-10-25,3,1,7.1
16851,S018,2025-10-25,6,1,15.2
16852,S018,2025-10-25,9,7,24.8
16853,S018,2025-10-25,12,4,19.4
16854,S018,2025-10-25,15,2,22.7
16855,S018,2025-10-25,18,5,20.8
16856,S018,2025-10-25,21,2,18.3
16857,S018,2025-12-08,0,0,12.6
16858,S018,2025-12-08,3,1,0.0
16859,S018,2025-12-08,6,2,11.8
16860,S018,2025-12-08,9,2,19.2
16861,S018,2025-12-08,12,4,18.5
16862,S018,2025-12-08,15,1,20.0
16863,S018,2025-12-08,18,11,37.9
16864,S018,2025-12-08,21,4,14.3
16865,S018,2025-04-14,0,1,16.6
16866,S018,2025-04-14,3,2,16.4
16867,S018,2025-04-14,6,1,23.6
16868,S018,2025-04-14,9,9,27.5
16869,S018,2025-04-14,12,0,16.9
16870,S018,2025-04-14,15,5,20.4
16871,S018,2025-04-14,18,7,33.1
16872,S018,2025-04-14,21,5,17.3
16873,S018,2025-11-21,0,0,11.1
16874,S018,2025-11-21,3,1,12.9
16875,S018,2025-11-21,6,4,7.9
16876,S018,2025-11-21,9,5,26.5
16877,S018,2025-11-21,12,2,16.5
16878,S018,2025-11-21,15,3,22.3
16879,S018,2025-11-21,18,5,35.4
16880,S018,2025-11-21,21,3,22.8
16881,S018,2025-07-01,0,3,1.6
16882,S018,2025-07-01,3,0,3.3
16883,S018,2025-07-01,6,1,20.1
16884,S018,2025-07-01,9,5,34.4
16885,S018,2025-07-01,12,1,12.5
16886,S018,2025-07-01,15,2,20.4
16887,S018,2025-07-01,18,5,27.9
16888,S018,2025-07-01,21,4,16.5
16889,S018,2025-03-05,0,2,7.8
16890,S018,2025-03-05,3,0,5.3
16891,S018,2025-03-05,6,1,14.6
16892,S018,2025-03-05,9,10,30.9
16893,S018,2025-03-05,12,3,23.2
16894,S018,2025-03-05,15,3,19.3
16895,S018,2025-03-05,18,4,33.4
16896,S018,2025-03-05,21,0,19.6
16897,S018,2025-04-11,0,0,11.2
16898,S018,2025-04-11,3,0,6.8
16899,S018,2025-04-11,6,2,15.4
16900,S018,2025-04-11,9,5,29.4
16901,S018,2025-04-11,12,3,15.9
16902,S018,2025-04-11,15,4,30.4
16903,S018,2025-04-11,18,11,30.2
16904,S018,2025-04-11,21,3,22.5
16905,S018,2025-09-25,0,0,7.4
16906,S018,2025-09-25,3,1,1.5
16907,S018,2025-09-25,6,2,12.9
16908,S018,2025-09-25,9,6,26.5
16909,S018,2025-09-25,12,2,19.4
16910,S018,2025-09-25,15,5,20.3
16911,S018,2025-09-25,18,7,37.3
16912,S018,2025-09-25,21,3,20.2
16913,S018,2025-12-20,0,1,6.1
16914,S018,2025-12-20,3,2,10.0
16915,S018,2025-12-20,6,2,9.9
16916,S018,2025-12-20,9,9,31.5
16917,S018,2025-12-20,12,9,17.5
16918,S018,2025-12-20,15,3,25.9
16919,S018,2025-12-20,18,6,32.3
16920,S018,2025-12-20,21,0,14.4
16921,S018,2025-05-01,0,0,5.9
16922,S018,2025-05-01,3,0,9.6
16923,S018,2025-05-01,6,4,16.2
16924,S018,2025-05-01,9,8,35.3
16925,S018,2025-05-01,12,3,17.2
16926,S018,2025-05-01,15,6,27.3
16927,S018,2025-05-01,18,6,27.0
16928,S018,2025-05-01,21,4,18.1
16929,S018,2025-09-29,0,1,10.0
16930,S018,2025-09-29,3,0,2.4
16931,S018,2025-09-29,6,2,9.0
16932,S018,2025-09-29,9,4,30.2
16933,S018,2025-09-29,12,1,11.5
16934,S018,2025-09-29,15,5,10.0
16935,S018,2025-09-29,18,5,33.4
16936,S018,2025-09-29,21,7,16.2
16937,S018,2025-10-04,0,1,9.7
16938,S018,2025-10-04,3,1,11.1
16939,S018,2025-10-04,6,4,12.1
16940,S018,2025-10-04,9,7,34.5
16941,S018,2025-10-04,12,0,16.6
16942,S018,2025-10-04,15,5,17.3
16943,S018,2025-10-04,18,9,33.9
16944,S018,2025-10-04,21,2,15.6
16945,S018,2025-09-02,0,1,0.0
16946,S018,2025-09-02,3,1,1.7
16947,S018,2025-09-02,6,2,14.4
16948,S018,2025-09-02,9,5,26.3
16949,S018,2025-09-02,12,5,18.3
16950,S018,2025-09-02,15,8,22.9
16951,S018,2025-09-02,18,8,29.8
16952,S018,2025-09-02,21,4,17.3
16953,S018,2025-07-15,0,0,5.0
16954,S018,2025-07-15,3,0,2.6
16955,S018,2025-07-15,6,3,23.7
16956,S018,2025-07-15,9,10,26.6
16957,S018,2025-07-15,12,2,12.8
16958,S018,2025-07-15,15,3,22.4
16959,S018,2025-07-15,18,4,33.1
16960,S018,2025-07-15,21,2,18.2
16961,S018,2025-09-11,0,0,7.1
16962,S018,2025-09-11,3,2,4.3
16963,S018,2025-09-11,6,1,21.4
16964,S018,2025-09-11,9,5,29.3
16965,S018,2025-09-11,12,5,19.6
16966,S018,2025-09-11,15,5,20.2
16967,S018,2025-09-11,18,7,32.4
16968,S018,2025-09-11,21,1,19.5
16969,S018,2025-06-01,0,2,6.2
16970,S018,2025-06-01,3,1,7.2
16971,S018,2025-06-01,6,0,21.1
16972,S018,2025-06-01,9,7,23.7
16973,S018,2025-06-01,12,7,20.3
16974,S018,2025-06-01,15,4,20.6
16975,S018,2025-06-01,18,8,32.1
16976,S018,2025-06-01,21,2,23.0
16977,S018,2025-09-18,0,0,4.2
16978,S018,2025-09-18,3,1,7.7
16979,S018,2025-09-18,6,0,7.1
16980,S018,2025-09-18,9,9,26.4
16981,S018,2025-09-18,12,2,18.8
16982,S018,2025-09-18,15,2,19.3
16983,S018,2025-09-18,18,5,27.6
16984,S018,2025-09-18,21,2,16.5
16985,S018,2025-06-14,0,0,13.6
16986,S018,2025-06-14,3,0,8.1
16987,S018,2025-06-14,6,4,15.9
16988,S018,2025-06-14,9,6,30.7
16989,S018,2025-06-14,12,5,14.5
16990,S018,2025-06-14,15,4,15.9
16991,S018,2025-06-14,18,10,32.8
16992,S018,2025-06-14,21,2,20.0
16993,S018,2025-10-29,0,0,6.6
16994,S018,2025-10-29,3,1,5.4
16995,S018,2025-10-29,6,3,26.9
16996,S018,2025-10-29,9,4,24.8
16997,S018,2025-10-29,12,1,20.5
16998,S018,2025-10-29,15,4,21.9
16999,S018,2025-10-29,18,6,38.3
17000,S018,2025-10-29,21,4,14.2
17001,S018,2025-11-04,0,0,8.6
17002,S018,2025-11-04,3,1,16.2
17003,S018,2025-11-04,6,4,16.4
17004,S018,2025-11-04,9,3,27.8
17005,S018,2025-11-04,12,2,17.1
17006,S018,2025-11-04,15,6,12.7
17007,S018,2025-11-04,18,1,33.2
17008,S018,2025-11-04,21,2,15.0
17009,S018,2025-12-03,0,0,8.5
17010,S018,2025-12-03,3,0,8.9
17011,S018,2025-12-03,6,3,8.8
17012,S018,2025-12-03,9,3,26.8
17013,S018,2025-12-03,12,4,18.7
17014,S018,2025-12-03,15,5,14.9
17015,S018,2025-12-03,18,1,32.4
17016,S018,2025-12-03,21,4,14.6
17017,S018,2025-11-15,0,1,6.6
17018,S018,2025-11-15,3,0,8.4
17019,S018,2025-11-15,6,1,5.3
17020,S018,2025-11-15,9,7,27.9
17021,S018,2025-11-15,12,2,18.0
17022,S018,2025-11-15,15,2,17.8
17023,S018,2025-11-15,18,5,32.6
17024,S018,2025-11-15,21,0,19.7
17025,S018,2025-06-26,0,0,15.5
17026,S018,2025-06-26,3,0,10.8
17027,S018,2025-06-26,6,4,14.1
17028,S018,2025-06-26,9,10,32.2
17029,S018,2025-06-26,12,2,18.4
17030,S018,2025-06-26,15,4,20.8
17031,S018,2025-06-26,18,13,30.7
17032,S018,2025-06-26,21,5,20.3
17033,S018,2025-10-12,0,0,16.0
17034,S018,2025-10-12,3,0,3.4
17035,S018,2025-10-12,6,3,12.8
17036,S018,2025-10-12,9,8,26.8
17037,S018,2025-10-12,12,4,17.5
17038,S018,2025-10-12,15,3,23.8
17039,S018,2025-10-12,18,6,32.5
17040,S018,2025-10-12,21,3,11.8
17041,S018,2025-01-03,0,1,2.1
17042,S018,2025-01-03,3,1,14.3
17043,S018,2025-01-03,6,3,8.8
17044,S018,2025-01-03,9,6,30.4
17045,S018,2025-01-03,12,1,22.2
17046,S018,2025-01-03,15,2,26.7
17047,S018,2025-01-03,18,11,21.8
17048,S018,2025-01-03,21,3,20.7
17049,S018,2025-07-04,0,1,5.3
17050,S018,2025-07-04,3,1,14.6
17051,S018,2025-07-04,6,3,17.2
17052,S018,2025-07-04,9,6,29.3
17053,S018,2025-07-04,12,1,17.6
17054,S018,2025-07-04,15,6,16.7
17055,S018,2025-07-04,18,7,32.6
17056,S018,2025-07-04,21,2,20.3
17057,S018,2025-07-07,0,0,4.6
17058,S018,2025-07-07,3,1,13.0
17059,S018,2025-07-07,6,1,16.7
17060,S018,2025-07-07,9,4,29.1
17061,S018,2025-07-07,12,2,18.4
17062,S018,2025-07-07,15,6,13.8
17063,S018,2025-07-07,18,5,26.2
17064,S018,2025-07-07,21,2,26.8
17065,S018,2025-11-10,0,0,10.5
17066,S018,2025-11-10,3,0,4.2
17067,S018,2025-11-10,6,2,22.8
17068,S018,2025-11-10,9,7,21.7
17069,S018,2025-11-10,12,2,18.0
17070,S018,2025-11-10,15,3,31.8
17071,S018,2025-11-10,18,2,38.6
17072,S018,2025-11-10,21,1,12.8
17073,S018,2025-09-01,0,1,11.2
17074,S018,2025-09-01,3,1,4.6
17075,S018,2025-09-01,6,4,12.0
17076,S018,2025-09-01,9,6,28.4
17077,S018,2025-09-01,12,3,16.8
17078,S018,2025-09-01,15,1,18.4
17079,S018,2025-09-01,18,6,30.0
17080,S018,2025-09-01,21,3,16.9
17081,S018,2025-06-04,0,1,12.3
17082,S018,2025-06-04,3,0,5.7
17083,S018,2025-06-04,6,1,15.4
17084,S018,2025-06-04,9,5,23.0
17085,S018,2025-06-04,12,2,18.2
17086,S018,2025-06-04,15,3,25.3
17087,S018,2025-06-04,18,5,29.9
17088,S018,2025-06-04,21,2,10.6
17089,S018,2025-01-11,0,0,10.2
17090,S018,2025-01-11,3,1,12.9
17091,S018,2025-01-11,6,2,16.6
17092,S018,2025-01-11,9,7,21.2
17093,S018,2025-01-11,12,7,20.1
17094,S018,2025-01-11,15,2,27.9
17095,S018,2025-01-11,18,7,21.2
17096,S018,2025-01-11,21,3,23.5
17097,S018,2025-10-03,0,0,2.8
17098,S018,2025-10-03,3,1,6.4
17099,S018,2025-10-03,6,2,15.8
17100,S018,2025-10-03,9,1,24.4
17101,S018,2025-10-03,12,4,19.0
17102,S018,2025-10-03,15,5,27.3
17103,S018,2025-10-03,18,4,31.5
17104,S018,2025-10-03,21,1,18.4
17105,S018,2025-10-26,0,1,17.8
17106,S018,2025-10-26,3,1,6.0
17107,S018,2025-10-26,6,0,20.5
17108,S018,2025-10-26,9,5,25.3
17109,S018,2025-10-26,12,3,15.1
17110,S018,2025-10-26,15,1,12.5
17111,S018,2025-10-26,18,8,38.4
17112,S018,2025-10-26,21,3,22.2
17113,S018,2025-11-28,0,0,10.9
17114,S018,2025-11-28,3,2,10.2
17115,S018,2025-11-28,6,2,17.2
17116,S018,2025-11-28,9,4,24.2
17117,S018,2025-11-28,12,4,25.5
17118,S018,2025-11-28,15,4,21.3
17119,S018,2025-11-28,18,6,34.1
17120,S018,2025-11-28,21,2,18.0
17121,S018,2025-06-24,0,0,10.9
17122,S018,2025-06-24,3,0,3.9
17123,S018,2025-06-24,6,1,22.7
17124,S018,2025-06-24,9,10,29.9
17125,S018,2025-06-24,12,1,11.8
17126,S018,2025-06-24,15,2,24.3
17127,S018,2025-06-24,18,12,30.9
17128,S018,2025-06-24,21,3,18.7
17129,S018,2025-03-12,0,1,11.3
17130,S018,2025-03-12,3,0,7.9
17131,S018,2025-03-12,6,2,18.8
17132,S018,2025-03-12,9,9,28.8
17133,S018,2025-03-12,12,1,17.9
17134,S018,2025-03-12,15,3,21.7
17135,S018,2025-03-12,18,6,24.7
17136,S018,2025-03-12,21,2,17.3
17137,S018,2025-11-22,0,0,16.9
17138,S018,2025-11-22,3,0,6.7
17139,S018,2025-11-22,6,0,23.9
17140,S018,2025-11-22,9,7,20.7
17141,S018,2025-11-22,12,2,12.1
17142,S018,2025-11-22,15,3,19.9
17143,S018,2025-11-22,18,8,23.3
17144,S018,2025-11-22,21,3,16.8
17145,S018,2025-12-22,0,0,8.4
17146,S018,2025-12-22,3,2,5.5
17147,S018,2025-12-22,6,1,16.8
17148,S018,2025-12-22,9,5,24.5
17149,S018,2025-12-22,12,2,20.9
17150,S018,2025-12-22,15,8,23.0
17151,S018,2025-12-22,18,5,36.4
17152,S018,2025-12-22,21,2,13.9
17153,S018,2025-03-24,0,1,10.7
17154,S018,2025-03-24,3,2,0.4
17155,S018,2025-03-24,6,2,19.3
17156,S018,2025-03-24,9,6,32.9
17157,S018,2025-03-24,12,1,16.2
17158,S018,2025-03-24,15,5,23.9
17159,S018,2025-03-24,18,4,30.7
17160,S018,2025-03-24,21,0,18.9
17161,S018,2025-03-26,0,0,7.8
17162,S018,2025-03-26,3,0,9.6
17163,S018,2025-03-26,6,3,15.1
17164,S018,2025-03-26,9,5,38.5
17165,S018,2025-03-26,12,4,15.5
17166,S018,2025-03-26,15,3,19.0
17167,S018,2025-03-26,18,8,29.5
17168,S018,2025-03-26,21,1,16.6
17169,S018,2025-09-10,0,2,8.6
17170,S018,2025-09-10,3,0,10.0
17171,S018,2025-09-10,6,2,13.6
17172,S018,2025-09-10,9,5,29.8
17173,S018,2025-09-10,12,4,19.6
17174,S018,2025-09-10,15,6,23.8
17175,S018,2025-09-10,18,2,26.3
17176,S018,2025-09-10,21,5,22.3
17177,S018,2025-12-10,0,2,3.1
17178,S018,2025-12-10,3,0,9.0
17179,S018,2025-12-10,6,1,23.6
17180,S018,2025-12-10,9,7,28.0
17181,S018,2025-12-10,12,2,22.4
17182,S018,2025-12-10,15,1,17.7
17183,S018,2025-12-10,18,2,30.3
17184,S018,2025-12-10,21,6,13.3
17185,S018,2025-10-13,0,4,4.1
17186,S018,2025-10-13,3,1,18.6
17187,S018,2025-10-13,6,2,12.9
17188,S018,2025-10-13,9,4,25.6
17189,S018,2025-10-13,12,2,20.4
17190,S018,2025-10-13,15,2,17.4
17191,S018,2025-10-13,18,2,26.7
17192,S018,2025-10-13,21,2,20.7
17193,S018,2025-11-06,0,1,8.9
17194,S018,2025-11-06,3,1,1.5
17195,S018,2025-11-06,6,2,14.2
17196,S018,2025-11-06,9,5,30.6
17197,S018,2025-11-06,12,5,19.1
17198,S018,2025-11-06,15,2,21.0
17199,S018,2025-11-06,18,2,27.1
17200,S018,2025-11-06,21,2,13.5
17201,S018,2025-07-31,0,1,3.3
17202,S018,2025-07-31,3,1,10.2
17203,S018,2025-07-31,6,2,14.1
17204,S018,2025-07-31,9,3,29.8
17205,S018,2025-07-31,12,6,11.4
17206,S018,2025-07-31,15,3,21.2
17207,S018,2025-07-31,18,7,30.6
17208,S018,2025-07-31,21,3,19.9
17209,S018,2025-12-17,0,1,8.7
17210,S018,2025-12-17,3,0,9.5
17211,S018,2025-12-17,6,7,16.4
17212,S018,2025-12-17,9,2,30.2
17213,S018,2025-12-17,12,4,10.7
17214,S018,2025-12-17,15,4,13.9
17215,S018,2025-12-17,18,3,30.6
17216,S018,2025-12-17,21,3,15.6
17217,S018,2025-12-30,0,0,3.1
17218,S018,2025-12-30,3,0,0.6
17219,S018,2025-12-30,6,2,18.5
17220,S018,2025-12-30,9,10,28.4
17221,S018,2025-12-30,12,2,13.8
17222,S018,2025-12-30,15,6,18.1
17223,S018,2025-12-30,18,5,29.9
17224,S018,2025-12-30,21,1,12.6
17225,S018,2025-11-16,0,2,4.7
17226,S018,2025-11-16,3,0,4.6
17227,S018,2025-11-16,6,0,11.3
17228,S018,2025-11-16,9,1,31.0
17229,S018,2025-11-16,12,4,18.3
17230,S018,2025-11-16,15,5,19.0
17231,S018,2025-11-16,18,1,28.2
17232,S018,2025-11-16,21,4,13.4
17233,S018,2025-03-11,0,2,0.0
17234,S018,2025-03-11,3,0,7.8
17235,S018,2025-03-11,6,4,19.0
17236,S018,2025-03-11,9,14,35.9
17237,S018,2025-03-11,12,1,18.7
17238,S018,2025-03-11,15,4,13.1
17239,S018,2025-03-11,18,5,35.1
17240,S018,2025-03-11,21,5,14.8
17241,S018,2025-08-26,0,0,6.6
17242,S018,2025-08-26,3,0,9.9
17243,S018,2025-08-26,6,3,17.0
17244,S018,2025-08-26,9,5,27.7
17245,S018,2025-08-26,12,2,9.9
17246,S018,2025-08-26,15,7,22.8
17247,S018,2025-08-26,18,2,28.3
17248,S018,2025-08-26,21,4,17.6
17249,S018,2025-07-27,0,2,10.0
17250,S018,2025-07-27,3,1,11.3
17251,S018,2025-07-27,6,3,21.0
17252,S018,2025-07-27,9,6,23.1
17253,S018,2025-07-27,12,5,20.5
17254,S018,2025-07-27,15,1,18.1
17255,S018,2025-07-27,18,5,23.6
17256,S018,2025-07-27,21,4,16.0
17257,S018,2025-08-09,0,0,7.1
17258,S018,2025-08-09,3,0,0.9
17259,S018,2025-08-09,6,3,19.2
17260,S018,2025-08-09,9,5,33.1
17261,S018,2025-08-09,12,2,24.6
17262,S018,2025-08-09,15,7,20.5
17263,S018,2025-08-09,18,6,36.7
17264,S018,2025-08-09,21,5,10.6
17265,S018,2025-01-13,0,0,10.3
17266,S018,2025-01-13,3,0,9.8
17267,S018,2025-01-13,6,2,6.9
17268,S018,2025-01-13,9,2,25.1
17269,S018,2025-01-13,12,8,11.6
17270,S018,2025-01-13,15,1,18.6
17271,S018,2025-01-13,18,6,31.4
17272,S018,2025-01-13,21,0,16.3
17273,S018,2025-03-13,0,2,4.9
17274,S018,2025-03-13,3,1,0.0
17275,S018,2025-03-13,6,3,17.6
17276,S018,2025-03-13,9,4,15.8
17277,S018,2025-03-13,12,4,13.8
17278,S018,2025-03-13,15,5,30.5
17279,S018,2025-03-13,18,8,32.0
17280,S018,2025-03-13,21,1,21.3
17281,S019,2025-01-02,0,1,6.2
17282,S019,2025-01-02,3,0,14.1
17283,S019,2025-01-02,6,2,25.2
17284,S019,2025-01-02,9,6,25.3
17285,S019,2025-01-02,12,4,18.4
17286,S019,2025-01-02,15,3,15.8
17287,S019,2025-01-02,18,10,34.0
17288,S019,2025-01-02,21,5,20.0
17289,S019,2025-03-16,0,0,7.8
17290,S019,2025-03-16,3,1,9.0
17291,S019,2025-03-16,6,4,24.5
17292,S019,2025-03-16,9,6,25.9
17293,S019,2025-03-16,12,4,16.6
17294,S019,2025-03-16,15,5,14.3
17295,S019,2025-03-16,18,6,37.3
17296,S019,2025-03-16,21,2,20.8
17297,S019,2025-12-02,0,0,12.2
17298,S019,2025-12-02,3,1,7.8
17299,S019,2025-12-02,6,3,19.8
17300,S019,2025-12-02,9,6,34.8
17301,S019,2025-12-02,12,2,18.4
17302,S019,2025-12-02,15,3,24.6
17303,S019,2025-12-02,18,12,24.4
17304,S019,2025-12-02,21,4,15.6
17305,S019,2025-01-09,0,1,6.2
17306,S019,2025-01-09,3,0,5.2
17307,S019,2025-01-09,6,1,7.2
17308,S019,2025-01-09,9,8,26.8
17309,S019,2025-01-09,12,5,7.4
17310,S019,2025-01-09,15,5,18.8
17311,S019,2025-01-09,18,5,33.2
17312,S019,2025-01-09,21,6,13.2
17313,S019,2025-01-15,0,1,7.1
17314,S019,2025-01-15,3,0,9.2
17315,S019,2025-01-15,6,1,18.5
17316,S019,2025-01-15,9,2,30.0
17317,S019,2025-01-15,12,5,17.9
17318,S019,2025-01-15,15,2,25.9
17319,S019,2025-01-15,18,4,33.8
17320,S019,2025-01-15,21,1,17.0
17321,S019,2025-04-08,0,0,4.6
17322,S019,2025-04-08,3,2,12.8
17323,S019,2025-04-08,6,2,12.1
17324,S019,2025-04-08,9,5,29.0
17325,S019,2025-04-08,12,6,19.0
17326,S019,2025-04-08,15,2,19.9
17327,S019,2025-04-08,18,5,30.1
17328,S019,2025-04-08,21,3,13.9
17329,S019,2025-10-29,0,1,11.9
17330,S019,2025-10-29,3,0,10.6
17331,S019,2025-10-29,6,2,13.8
17332,S019,2025-10-29,9,4,21.4
17333,S019,2025-10-29,12,3,23.6
17334,S019,2025-10-29,15,4,21.9
17335,S019,2025-10-29,18,5,32.7
17336,S019,2025-10-29,21,3,14.1
17337,S019,2025-04-28,0,0,4.6
17338,S019,2025-04-28,3,1,6.6
17339,S019,2025-04-28,6,3,18.0
17340,S019,2025-04-28,9,7,25.8
17341,S019,2025-04-28,12,2,17.2
17342,S019,2025-04-28,15,5,19.8
17343,S019,2025-04-28,18,3,37.1
17344,S019,2025-04-28,21,5,17.6
17345,S019,2025-02-20,0,2,9.7
17346,S019,2025-02-20,3,1,10.3
17347,S019,2025-02-20,6,0,13.1
17348,S019,2025-02-20,9,7,22.9
17349,S019,2025-02-20,12,2,21.2
17350,S019,2025-02-20,15,4,12.0
17351,S019,2025-02-20,18,3,22.8
17352,S019,2025-02-20,21,1,17.9
17353,S019,2025-03-19,0,2,9.8
17354,S019,2025-03-19,3,2,9.3
17355,S019,2025-03-19,6,5,23.2
17356,S019,2025-03-19,9,7,32.0
17357,S019,2025-03-19,12,3,16.9
17358,S019,2025-03-19,15,4,26.8
17359,S019,2025-03-19,18,3,40.4
17360,S019,2025-03-19,21,5,23.0
17361,S019,2025-10-07,0,1,10.0
17362,S019,2025-10-07,3,0,2.5
17363,S019,2025-10-07,6,3,22.4
17364,S019,2025-10-07,9,3,33.6
17365,S019,2025-10-07,12,7,19.1
17366,S019,2025-10-07,15,2,26.2
17367,S019,2025-10-07,18,3,31.8
17368,S019,2025-10-07,21,3,22.2
17369,S019,2025-12-30,0,1,13.8
17370,S019,2025-12-30,3,0,4.0
17371,S019,2025-12-30,6,5,8.0
17372,S019,2025-12-30,9,4,30.5
17373,S019,2025-12-30,12,6,20.7
17374,S019,2025-12-30,15,2,22.5
17375,S019,2025-12-30,18,3,27.0
17376,S019,2025-12-30,21,4,18.2
17377,S019,2025-02-08,0,0,2.5
17378,S019,2025-02-08,3,0,9.9
17379,S019,2025-02-08,6,1,24.2
17380,S019,2025-02-08,9,8,35.1
17381,S019,2025-02-08,12,0,14.6
17382,S019,2025-02-08,15,7,18.9
17383,S019,2025-02-08,18,5,30.2
17384,S019,2025-02-08,21,4,12.6
17385,S019,2025-10-12,0,1,14.5
17386,S019,2025-10-12,3,0,15.3
17387,S019,2025-10-12,6,4,15.3
17388,S019,2025-10-12,9,5,21.6
17389,S019,2025-10-12,12,2,12.2
17390,S019,2025-10-12,15,3,16.5
17391,S019,2025-10-12,18,10,26.7
17392,S019,2025-10-12,21,3,15.5
17393,S019,2025-04-29,0,0,10.4
17394,S019,2025-04-29,3,0,8.3
17395,S019,2025-04-29,6,0,15.6
17396,S019,2025-04-29,9,8,24.3
17397,S019,2025-04-29,12,3,14.7
17398,S019,2025-04-29,15,4,16.2
17399,S019,2025-04-29,18,4,30.4
17400,S019,2025-04-29,21,7,23.4
17401,S019,2025-11-15,0,1,3.2
17402,S019,2025-11-15,3,0,13.1
17403,S019,2025-11-15,6,2,8.6
17404,S019,2025-11-15,9,7,29.2
17405,S019,2025-11-15,12,1,17.9
17406,S019,2025-11-15,15,5,22.5
17407,S019,2025-11-15,18,6,33.1
17408,S019,2025-11-15,21,3,11.7
17409,S019,2025-11-14,0,1,4.5
17410,S019,2025-11-14,3,0,18.8
17411,S019,2025-11-14,6,1,17.8
17412,S019,2025-11-14,9,7,28.4
17413,S019,2025-11-14,12,7,14.9
17414,S019,2025-11-14,15,3,19.4
17415,S019,2025-11-14,18,5,27.1
17416,S019,2025-11-14,21,5,21.2
17417,S019,2025-06-17,0,2,9.3
17418,S019,2025-06-17,3,0,5.4
17419,S019,2025-06-17,6,2,13.4
17420,S019,2025-06-17,9,10,21.7
17421,S019,2025-06-17,12,4,23.6
17422,S019,2025-06-17,15,1,15.8
17423,S019,2025-06-17,18,6,35.6
17424,S019,2025-06-17,21,2,19.2
17425,S019,2025-10-26,0,3,6.1
17426,S019,2025-10-26,3,0,4.7
17427,S019,2025-10-26,6,4,13.6
17428,S019,2025-10-26,9,4,32.3
17429,S019,2025-10-26,12,2,24.8
17430,S019,2025-10-26,15,7,17.2
17431,S019,2025-10-26,18,4,21.9
17432,S019,2025-10-26,21,6,17.4
17433,S019,2025-04-24,0,0,9.9
17434,S019,2025-04-24,3,0,6.9
17435,S019,2025-04-24,6,3,18.5
17436,S019,2025-04-24,9,6,32.0
17437,S019,2025-04-24,12,2,11.7
17438,S019,2025-04-24,15,3,21.2
17439,S019,2025-04-24,18,7,39.3
17440,S019,2025-04-24,21,4,22.9
17441,S019,2025-09-15,0,0,0.0
17442,S019,2025-09-15,3,1,5.8
17443,S019,2025-09-15,6,5,9.4
17444,S019,2025-09-15,9,4,27.9
17445,S019,2025-09-15,12,1,13.6
17446,S019,2025-09-15,15,1,23.7
17447,S019,2025-09-15,18,4,24.9
17448,S019,2025-09-15,21,3,14.4
17449,S019,2025-07-18,0,0,0.8
17450,S019,2025-07-18,3,0,7.0
17451,S019,2025-07-18,6,2,14.0
17452,S019,2025-07-18,9,5,25.4
17453,S019,2025-07-18,12,2,13.3
17454,S019,2025-07-18,15,2,20.8
17455,S019,2025-07-18,18,4,28.3
17456,S019,2025-07-18,21,1,24.6
17457,S019,2025-06-23,0,0,6.9
17458,S019,2025-06-23,3,1,6.0
17459,S019,2025-06-23,6,2,20.3
17460,S019,2025-06-23,9,4,26.4
17461,S019,2025-06-23,12,5,14.2
17462,S019,2025-06-23,15,3,17.0
17463,S019,2025-06-23,18,5,31.0
17464,S019,2025-06-23,21,2,16.5
17465,S019,2025-06-24,0,1,14.9
17466,S019,2025-06-24,3,0,8.1
17467,S019,2025-06-24,6,1,9.5
17468,S019,2025-06-24,9,4,19.3
17469,S019,2025-06-24,12,2,21.3
17470,S019,2025-06-24,15,4,18.5
17471,S019,2025-06-24,18,6,29.8
17472,S019,2025-06-24,21,3,20.9
17473,S019,2025-02-05,0,0,16.5
17474,S019,2025-02-05,3,0,10.9
17475,S019,2025-02-05,6,4,17.8
17476,S019,2025-02-05,9,4,28.7
17477,S019,2025-02-05,12,6,22.9
17478,S019,2025-02-05,15,3,23.1
17479,S019,2025-02-05,18,4,29.0
17480,S019,2025-02-05,21,0,8.3
17481,S019,2025-08-28,0,1,11.7
17482,S019,2025-08-28,3,0,6.4
17483,S019,2025-08-28,6,2,17.9
17484,S019,2025-08-28,9,3,26.7
17485,S019,2025-08-28,12,1,14.7
17486,S019,2025-08-28,15,5,22.5
17487,S019,2025-08-28,18,8,32.5
17488,S019,2025-08-28,21,2,19.9
17489,S019,2025-07-01,0,1,7.4
17490,S019,2025-07-01,3,0,0.0
17491,S019,2025-07-01,6,0,14.5
17492,S019,2025-07-01,9,11,27.7
17493,S019,2025-07-01,12,6,5.7
17494,S019,2025-07-01,15,7,14.7
17495,S019,2025-07-01,18,6,31.6
17496,S019,2025-07-01,21,4,18.0
17497,S019,2025-05-26,0,0,4.6
17498,S019,2025-05-26,3,3,14.2
17499,S019,2025-05-26,6,1,11.9
17500,S019,2025-05-26,9,8,21.5
17501,S019,2025-05-26,12,2,25.8
17502,S019,2025-05-26,15,4,13.8
17503,S019,2025-05-26,18,5,30.9
17504,S019,2025-05-26,21,4,18.8
17505,S019,2025-08-22,0,1,8.1
17506,S019,2025-08-22,3,1,2.8
17507,S019,2025-08-22,6,1,17.6
17508,S019,2025-08-22,9,7,22.8
17509,S019,2025-08-22,12,3,15.0
17510,S019,2025-08-22,15,5,19.8
17511,S019,2025-08-22,18,2,27.4
17512,S019,2025-08-22,21,3,12.1
17513,S019,2025-10-17,0,2,8.9
17514,S019,2025-10-17,3,0,15.0
17515,S019,2025-10-17,6,2,2.7
17516,S019,2025-10-17,9,5,32.9
17517,S019,2025-10-17,12,2,19.1
17518,S019,2025-10-17,15,2,21.2
17519,S019,2025-10-17,18,5,26.1
17520,S019,2025-10-17,21,1,14.7
17521,S019,2025-11-25,0,0,1.6
17522,S019,2025-11-25,3,0,0.0
17523,S019,2025-11-25,6,2,8.7
17524,S019,2025-11-25,9,4,29.1
17525,S019,2025-11-25,12,3,21.4
17526,S019,2025-11-25,15,0,20.7
17527,S019,2025-11-25,18,8,33.9
17528,S019,2025-11-25,21,0,19.4
17529,S019,2025-05-04,0,1,14.2
17530,S019,2025-05-04,3,1,6.7
17531,S019,2025-05-04,6,0,18.4
17532,S019,2025-05-04,9,9,27.5
17533,S019,2025-05-04,12,2,22.3
17534,S019,2025-05-04,15,7,18.2
17535,S019,2025-05-04,18,8,26.4
17536,S019,2025-05-04,21,1,9.2
17537,S019,2025-11-12,0,0,16.3
17538,S019,2025-11-12,3,1,9.4
17539,S019,2025-11-12,6,5,9.4
17540,S019,2025-11-12,9,5,27.9
17541,S019,2025-11-12,12,1,14.5
17542,S019,2025-11-12,15,4,16.9
17543,S019,2025-11-12,18,6,34.0
17544,S019,2025-11-12,21,3,17.5
17545,S019,2025-06-22,0,1,3.8
17546,S019,2025-06-22,3,0,2.5
17547,S019,2025-06-22,6,3,15.7
17548,S019,2025-06-22,9,9,16.2
17549,S019,2025-06-22,12,4,20.8
17550,S019,2025-06-22,15,4,27.2
17551,S019,2025-06-22,18,8,23.9
17552,S019,2025-06-22,21,0,18.8
17553,S019,2025-03-20,0,1,9.2
17554,S019,2025-03-20,3,0,12.7
17555,S019,2025-03-20,6,1,12.7
17556,S019,2025-03-20,9,7,33.4
17557,S019,2025-03-20,12,1,22.2
17558,S019,2025-03-20,15,5,18.5
17559,S019,2025-03-20,18,8,24.6
17560,S019,2025-03-20,21,2,14.3
17561,S019,2025-07-02,0,1,7.4
17562,S019,2025-07-02,3,0,12.2
17563,S019,2025-07-02,6,1,12.3
17564,S019,2025-07-02,9,5,24.7
17565,S019,2025-07-02,12,5,11.6
17566,S019,2025-07-02,15,6,10.9
17567,S019,2025-07-02,18,7,28.2
17568,S019,2025-07-02,21,3,12.8
17569,S019,2025-01-19,0,0,13.8
17570,S019,2025-01-19,3,2,3.7
17571,S019,2025-01-19,6,0,16.9
17572,S019,2025-01-19,9,4,25.0
17573,S019,2025-01-19,12,2,14.5
17574,S019,2025-01-19,15,6,28.7
17575,S019,2025-01-19,18,3,27.9
17576,S019,2025-01-19,21,7,13.7
17577,S019,2025-09-25,0,2,9.4
17578,S019,2025-09-25,3,0,8.6
17579,S019,2025-09-25,6,1,17.4
17580,S019,2025-09-25,9,5,25.9
17581,S019,2025-09-25,12,3,17.9
17582,S019,2025-09-25,15,2,19.9
17583,S019,2025-09-25,18,6,34.7
17584,S019,2025-09-25,21,5,21.1
17585,S019,2025-07-17,0,0,10.0
17586,S019,2025-07-17,3,0,7.5
17587,S019,2025-07-17,6,2,14.7
17588,S019,2025-07-17,9,3,30.6
17589,S019,2025-07-17,12,2,15.8
17590,S019,2025-07-17,15,5,27.4
17591,S019,2025-07-17,18,7,31.2
17592,S019,2025-07-17,21,4,20.3
17593,S019,2025-03-10,0,0,4.0
17594,S019,2025-03-10,3,1,6.5
17595,S019,2025-03-10,6,1,10.8
17596,S019,2025-03-10,9,4,25.2
17597,S019,2025-03-10,12,2,19.9
17598,S019,2025-03-10,15,2,20.0
17599,S019,2025-03-10,18,9,35.3
17600,S019,2025-03-10,21,4,13.9
17601,S019,2025-12-26,0,0,9.2
17602,S019,2025-12-26,3,1,7.8
17603,S019,2025-12-26,6,2,13.7
17604,S019,2025-12-26,9,2,24.5
17605,S019,2025-12-26,12,3,15.3
17606,S019,2025-12-26,15,3,18.4
17607,S019,2025-12-26,18,2,35.0
17608,S019,2025-12-26,21,3,19.6
17609,S019,2025-12-16,0,1,5.8
17610,S019,2025-12-16,3,0,7.5
17611,S019,2025-12-16,6,2,15.1
17612,S019,2025-12-16,9,2,29.5
17613,S019,2025-12-16,12,4,19.0
17614,S019,2025-12-16,15,2,19.5
17615,S019,2025-12-16,18,6,31.9
17616,S019,2025-12-16,21,4,25.7
17617,S019,2025-02-12,0,0,8.0
17618,S019,2025-02-12,3,0,6.5
17619,S019,2025-02-12,6,2,13.5
17620,S019,2025-02-12,9,4,31.5
17621,S019,2025-02-12,12,4,13.2
17622,S019,2025-02-12,15,6,21.9
17623,S019,2025-02-12,18,7,33.3
17624,S019,2025-02-12,21,1,16.6
17625,S019,2025-04-04,0,0,8.1
17626,S019,2025-04-04,3,2,10.8
17627,S019,2025-04-04,6,2,15.5
17628,S019,2025-04-04,9,4,29.4
17629,S019,2025-04-04,12,1,20.0
17630,S019,2025-04-04,15,3,23.9
17631,S019,2025-04-04,18,3,27.6
17632,S019,2025-04-04,21,3,17.8
17633,S019,2025-06-29,0,1,7.2
17634,S019,2025-06-29,3,0,8.6
17635,S019,2025-06-29,6,0,22.9
17636,S019,2025-06-29,9,5,21.6
17637,S019,2025-06-29,12,3,26.8
17638,S019,2025-06-29,15,2,13.8
17639,S019,2025-06-29,18,6,26.2
17640,S019,2025-06-29,21,0,15.3
17641,S019,2025-08-15,0,1,2.7
17642,S019,2025-08-15,3,1,11.3
17643,S019,2025-08-15,6,2,17.4
17644,S019,2025-08-15,9,6,26.2
17645,S019,2025-08-15,12,0,15.5
17646,S019,2025-08-15,15,0,14.9
17647,S019,2025-08-15,18,6,32.8
17648,S019,2025-08-15,21,2,20.2
17649,S019,2025-12-04,0,0,13.9
17650,S019,2025-12-04,3,1,10.2
17651,S019,2025-12-04,6,0,11.7
17652,S019,2025-12-04,9,5,30.8
17653,S019,2025-12-04,12,2,14.2
17654,S019,2025-12-04,15,3,22.4
17655,S019,2025-12-04,18,2,28.0
17656,S019,2025-12-04,21,5,18.1
17657,S019,2025-11-02,0,0,3.5
17658,S019,2025-11-02,3,0,7.5
17659,S019,2025-11-02,6,3,20.4
17660,S019,2025-11-02,9,6,26.6
17661,S019,2025-11-02,12,2,14.8
17662,S019,2025-11-02,15,6,20.8
17663,S019,2025-11-02,18,6,29.0
17664,S019,2025-11-02,21,5,25.0
17665,S019,2025-12-19,0,1,5.1
17666,S019,2025-12-19,3,0,5.4
17667,S019,2025-12-19,6,3,21.3
17668,S019,2025-12-19,9,2,28.1
17669,S019,2025-12-19,12,6,14.0
17670,S019,2025-12-19,15,7,11.6
17671,S019,2025-12-19,18,6,28.5
17672,S019,2025-12-19,21,5,10.1
17673,S019,2025-03-24,0,0,6.7
17674,S019,2025-03-24,3,2,4.0
17675,S019,2025-03-24,6,6,17.6
17676,S019,2025-03-24,9,2,33.7
17677,S019,2025-03-24,12,4,14.0
17678,S019,2025-03-24,15,2,20.0
17679,S019,2025-03-24,18,5,39.3
17680,S019,2025-03-24,21,3,17.0
17681,S019,2025-02-01,0,0,7.4
17682,S019,2025-02-01,3,3,10.1
17683,S019,2025-02-01,6,0,11.6
17684,S019,2025-02-01,9,7,27.3
17685,S019,2025-02-01,12,3,24.7
17686,S019,2025-02-01,15,4,25.4
17687,S019,2025-02-01,18,8,27.6
17688,S019,2025-02-01,21,0,12.9
17689,S019,2025-12-20,0,0,2.3
17690,S019,2025-12-20,3,1,14.2
17691,S019,2025-12-20,6,2,11.0
17692,S019,2025-12-20,9,5,28.8
17693,S019,2025-12-20,12,5,19.9
17694,S019,2025-12-20,15,1,19.2
17695,S019,2025-12-20,18,7,27.1
17696,S019,2025-12-20,21,2,14.6
17697,S019,2025-11-11,0,1,9.3
17698,S019,2025-11-11,3,1,0.0
17699,S019,2025-11-11,6,1,15.8
17700,S019,2025-11-11,9,4,28.5
17701,S019,2025-11-11,12,2,21.3
17702,S019,2025-11-11,15,5,15.5
17703,S019,2025-11-11,18,3,29.6
17704,S019,2025-11-11,21,1,14.3
17705,S019,2025-09-01,0,1,0.0
17706,S019,2025-09-01,3,1,11.9
17707,S019,2025-09-01,6,1,12.1
17708,S019,2025-09-01,9,6,31.6
17709,S019,2025-09-01,12,1,14.7
17710,S019,2025-09-01,15,4,17.5
17711,S019,2025-09-01,18,9,29.4
17712,S019,2025-09-01,21,2,15.6
17713,S019,2025-04-05,0,2,0.7
17714,S019,2025-04-05,3,0,1.1
17715,S019,2025-04-05,6,1,9.5
17716,S019,2025-04-05,9,4,21.4
17717,S019,2025-04-05,12,2,22.1
17718,S019,2025-04-05,15,4,11.5
17719,S019,2025-04-05,18,7,27.5
17720,S019,2025-04-05,21,3,18.0
17721,S019,2025-01-06,0,1,11.9
17722,S019,2025-01-06,3,0,8.3
17723,S019,2025-01-06,6,2,17.7
17724,S019,2025-01-06,9,5,23.0
17725,S019,2025-01-06,12,1,17.6
17726,S019,2025-01-06,15,2,19.6
17727,S019,2025-01-06,18,10,26.2
17728,S019,2025-01-06,21,2,18.5
17729,S019,2025-05-28,0,2,0.5
17730,S019,2025-05-28,3,0,10.8
17731,S019,2025-05-28,6,2,12.7
17732,S019,2025-05-28,9,1,41.0
17733,S019,2025-05-28,12,5,24.4
17734,S019,2025-05-28,15,2,22.7
17735,S019,2025-05-28,18,3,23.0
17736,S019,2025-05-28,21,6,20.3
17737,S019,2025-03-21,0,1,11.8
17738,S019,2025-03-21,3,0,6.2
17739,S019,2025-03-21,6,0,15.9
17740,S019,2025-03-21,9,3,34.2
17741,S019,2025-03-21,12,4,22.4
17742,S019,2025-03-21,15,2,17.5
17743,S019,2025-03-21,18,4,25.3
17744,S019,2025-03-21,21,5,19.5
17745,S019,2025-05-07,0,0,5.1
17746,S019,2025-05-07,3,0,8.6
17747,S019,2025-05-07,6,6,14.0
17748,S019,2025-05-07,9,8,18.7
17749,S019,2025-05-07,12,2,16.4
17750,S019,2025-05-07,15,2,24.6
17751,S019,2025-05-07,18,5,19.3
17752,S019,2025-05-07,21,1,17.7
17753,S019,2025-08-13,0,0,12.3
17754,S019,2025-08-13,3,0,4.0
17755,S019,2025-08-13,6,2,13.4
17756,S019,2025-08-13,9,6,31.1
17757,S019,2025-08-13,12,3,14.5
17758,S019,2025-08-13,15,2,24.5
17759,S019,2025-08-13,18,4,26.9
17760,S019,2025-08-13,21,3,17.2
17761,S019,2025-05-06,0,1,11.6
17762,S019,2025-05-06,3,0,13.8
17763,S019,2025-05-06,6,2,13.5
17764,S019,2025-05-06,9,5,25.3
17765,S019,2025-05-06,12,3,14.6
17766,S019,2025-05-06,15,4,19.1
17767,S019,2025-05-06,18,3,32.3
17768,S019,2025-05-06,21,0,14.5
17769,S019,2025-08-01,0,1,13.5
17770,S019,2025-08-01,3,1,12.8
17771,S019,2025-08-01,6,4,10.2
17772,S019,2025-08-01,9,5,22.1
17773,S019,2025-08-01,12,2,11.6
17774,S019,2025-08-01,15,5,18.3
17775,S019,2025-08-01,18,8,31.3
17776,S019,2025-08-01,21,3,14.5
17777,S019,2025-01-05,0,0,10.9
17778,S019,2025-01-05,3,2,1.7
17779,S019,2025-01-05,6,3,14.2
17780,S019,2025-01-05,9,3,20.7
17781,S019,2025-01-05,12,4,11.4
17782,S019,2025-01-05,15,2,16.4
17783,S019,2025-01-05,18,2,22.8
17784,S019,2025-01-05,21,1,24.4
17785,S019,2025-02-24,0,1,13.5
17786,S019,2025-02-24,3,0,10.4
17787,S019,2025-02-24,6,3,16.9
17788,S019,2025-02-24,9,3,27.9
17789,S019,2025-02-24,12,2,21.7
17790,S019,2025-02-24,15,3,20.4
17791,S019,2025-02-24,18,7,31.5
17792,S019,2025-02-24,21,2,17.9
17793,S019,2025-03-26,0,0,4.9
17794,S019,2025-03-26,3,0,9.2
17795,S019,2025-03-26,6,1,14.7
17796,S019,2025-03-26,9,2,30.8
17797,S019,2025-03-26,12,1,20.5
17798,S019,2025-03-26,15,4,9.5
17799,S019,2025-03-26,18,5,35.8
17800,S019,2025-03-26,21,0,18.0
17801,S019,2025-01-16,0,1,3.2
17802,S019,2025-01-16,3,1,10.4
17803,S019,2025-01-16,6,2,15.4
17804,S019,2025-01-16,9,3,25.9
17805,S019,2025-01-16,12,2,15.4
17806,S019,2025-01-16,15,2,22.7
17807,S019,2025-01-16,18,6,29.9
17808,S019,2025-01-16,21,3,14.7
17809,S019,2025-08-16,0,1,10.6
17810,S019,2025-08-16,3,1,12.6
17811,S019,2025-08-16,6,2,14.1
17812,S019,2025-08-16,9,9,29.3
17813,S019,2025-08-16,12,2,15.0
17814,S019,2025-08-16,15,4,21.4
17815,S019,2025-08-16,18,8,29.9
17816,S019,2025-08-16,21,5,29.3
17817,S019,2025-05-15,0,1,6.5
17818,S019,2025-05-15,3,1,0.0
17819,S019,2025-05-15,6,6,19.9
17820,S019,2025-05-15,9,7,23.8
17821,S019,2025-05-15,12,5,23.0
17822,S019,2025-05-15,15,5,14.4
17823,S019,2025-05-15,18,10,36.0
17824,S019,2025-05-15,21,2,23.8
17825,S019,2025-05-24,0,3,6.4
17826,S019,2025-05-24,3,1,7.0
17827,S019,2025-05-24,6,5,21.0
17828,S019,2025-05-24,9,7,29.0
17829,S019,2025-05-24,12,2,20.3
17830,S019,2025-05-24,15,4,14.7
17831,S019,2025-05-24,18,9,25.7
17832,S019,2025-05-24,21,4,11.2
17833,S019,2025-06-15,0,2,0.0
17834,S019,2025-06-15,3,0,3.0
17835,S019,2025-06-15,6,2,14.1
17836,S019,2025-06-15,9,3,22.1
17837,S019,2025-06-15,12,2,12.0
17838,S019,2025-06-15,15,3,19.1
17839,S019,2025-06-15,18,2,22.8
17840,S019,2025-06-15,21,0,25.1
17841,S019,2025-05-17,0,0,4.1
17842,S019,2025-05-17,3,0,11.3
17843,S019,2025-05-17,6,0,20.1
17844,S019,2025-05-17,9,4,21.2
17845,S019,2025-05-17,12,7,23.5
17846,S019,2025-05-17,15,2,18.7
17847,S019,2025-05-17,18,9,22.7
17848,S019,2025-05-17,21,3,25.7
17849,S019,2025-04-12,0,0,4.0
17850,S019,2025-04-12,3,1,9.3
17851,S019,2025-04-12,6,2,13.6
17852,S019,2025-04-12,9,4,23.7
17853,S019,2025-04-12,12,2,23.5
17854,S019,2025-04-12,15,5,23.0
17855,S019,2025-04-12,18,4,30.9
17856,S019,2025-04-12,21,5,16.8
17857,S019,2025-06-30,0,1,6.2
17858,S019,2025-06-30,3,0,12.3
17859,S019,2025-06-30,6,3,13.8
17860,S019,2025-06-30,9,10,26.3
17861,S019,2025-06-30,12,2,13.3
17862,S019,2025-06-30,15,1,12.9
17863,S019,2025-06-30,18,7,37.5
17864,S019,2025-06-30,21,0,20.1
17865,S019,2025-10-14,0,1,6.6
17866,S019,2025-10-14,3,0,7.2
17867,S019,2025-10-14,6,4,7.7
17868,S019,2025-10-14,9,6,29.8
17869,S019,2025-10-14,12,2,18.0
17870,S019,2025-10-14,15,3,19.1
17871,S019,2025-10-14,18,1,23.4
17872,S019,2025-10-14,21,3,20.8
17873,S019,2025-01-07,0,1,2.3
17874,S019,2025-01-07,3,0,10.7
17875,S019,2025-01-07,6,0,12.6
17876,S019,2025-01-07,9,8,23.2
17877,S019,2025-01-07,12,4,20.0
17878,S019,2025-01-07,15,2,18.4
17879,S019,2025-01-07,18,6,26.6
17880,S019,2025-01-07,21,2,17.3
17881,S019,2025-06-09,0,0,4.1
17882,S019,2025-06-09,3,1,8.0
17883,S019,2025-06-09,6,3,11.3
17884,S019,2025-06-09,9,8,29.4
17885,S019,2025-06-09,12,0,15.8
17886,S019,2025-06-09,15,2,18.5
17887,S019,2025-06-09,18,6,30.1
17888,S019,2025-06-09,21,0,21.9
17889,S019,2025-03-22,0,0,10.6
17890,S019,2025-03-22,3,2,5.1
17891,S019,2025-03-22,6,2,13.8
17892,S019,2025-03-22,9,2,31.2
17893,S019,2025-03-22,12,4,24.2
17894,S019,2025-03-22,15,2,23.5
17895,S019,2025-03-22,18,6,28.0
17896,S019,2025-03-22,21,4,18.2
17897,S019,2025-09-23,0,1,2.5
17898,S019,2025-09-23,3,0,5.1
17899,S019,2025-09-23,6,1,12.6
17900,S019,2025-09-23,9,6,24.6
17901,S019,2025-09-23,12,1,15.8
17902,S019,2025-09-23,15,4,22.7
17903,S019,2025-09-23,18,8,34.5
17904,S019,2025-09-23,21,3,22.2
17905,S019,2025-08-24,0,0,5.0
17906,S019,2025-08-24,3,1,12.3
17907,S019,2025-08-24,6,1,14.3
17908,S019,2025-08-24,9,5,24.1
17909,S019,2025-08-24,12,3,20.5
17910,S019,2025-08-24,15,4,21.6
17911,S019,2025-08-24,18,4,33.3
17912,S019,2025-08-24,21,8,18.1
17913,S019,2025-05-03,0,0,12.4
17914,S019,2025-05-03,3,0,11.5
17915,S019,2025-05-03,6,4,8.0
17916,S019,2025-05-03,9,5,19.1
17917,S019,2025-05-03,12,2,17.1
17918,S019,2025-05-03,15,8,28.9
17919,S019,2025-05-03,18,5,32.6
17920,S019,2025-05-03,21,3,12.4
17921,S019,2025-08-10,0,0,11.5
17922,S019,2025-08-10,3,2,4.7
17923,S019,2025-08-10,6,1,15.2
17924,S019,2025-08-10,9,6,26.5
17925,S019,2025-08-10,12,8,17.2
17926,S019,2025-08-10,15,2,22.9
17927,S019,2025-08-10,18,8,33.6
17928,S019,2025-08-10,21,4,12.1
17929,S019,2025-09-02,0,1,0.0
17930,S019,2025-09-02,3,0,12.1
17931,S019,2025-09-02,6,0,15.4
17932,S019,2025-09-02,9,6,29.9
17933,S019,2025-09-02,12,5,19.7
17934,S019,2025-09-02,15,6,19.0
17935,S019,2025-09-02,18,6,34.5
17936,S019,2025-09-02,21,2,25.3
17937,S019,2025-04-07,0,0,6.4
17938,S019,2025-04-07,3,0,5.5
17939,S019,2025-04-07,6,2,8.8
17940,S019,2025-04-07,9,5,22.5
17941,S019,2025-04-07,12,0,12.3
17942,S019,2025-04-07,15,6,14.3
17943,S019,2025-04-07,18,6,28.6
17944,S019,2025-04-07,21,3,19.0
17945,S019,2025-04-22,0,3,9.3
17946,S019,2025-04-22,3,0,9.8
17947,S019,2025-04-22,6,3,14.1
17948,S019,2025-04-22,9,5,26.7
17949,S019,2025-04-22,12,3,17.4
17950,S019,2025-04-22,15,2,21.0
17951,S019,2025-04-22,18,9,28.0
17952,S019,2025-04-22,21,3,15.7
17953,S019,2025-03-07,0,1,7.7
17954,S019,2025-03-07,3,1,12.6
17955,S019,2025-03-07,6,5,13.6
17956,S019,2025-03-07,9,8,31.5
17957,S019,2025-03-07,12,2,18.7
17958,S019,2025-03-07,15,3,19.6
17959,S019,2025-03-07,18,6,30.0
17960,S019,2025-03-07,21,3,21.6
17961,S019,2025-06-07,0,0,7.8
17962,S019,2025-06-07,3,0,5.0
17963,S019,2025-06-07,6,1,14.4
17964,S019,2025-06-07,9,7,31.2
17965,S019,2025-06-07,12,2,18.5
17966,S019,2025-06-07,15,3,12.9
17967,S019,2025-06-07,18,3,34.2
17968,S019,2025-06-07,21,2,15.0
17969,S019,2025-04-30,0,1,8.7
17970,S019,2025-04-30,3,1,6.2
17971,S019,2025-04-30,6,2,12.4
17972,S019,2025-04-30,9,4,23.4
17973,S019,2025-04-30,12,3,22.9
17974,S019,2025-04-30,15,1,21.4
17975,S019,2025-04-30,18,10,29.6
17976,S019,2025-04-30,21,0,10.8
17977,S019,2025-02-26,0,0,11.3
17978,S019,2025-02-26,3,1,3.8
17979,S019,2025-02-26,6,1,12.9
17980,S019,2025-02-26,9,3,27.4
17981,S019,2025-02-26,12,4,10.6
17982,S019,2025-02-26,15,0,23.1
17983,S019,2025-02-26,18,2,28.2
17984,S019,2025-02-26,21,4,10.7
17985,S019,2025-06-21,0,0,13.3
17986,S019,2025-06-21,3,0,7.1
17987,S019,2025-06-21,6,2,16.8
17988,S019,2025-06-21,9,4,35.9
17989,S019,2025-06-21,12,3,17.8
17990,S019,2025-06-21,15,5,23.7
17991,S019,2025-06-21,18,6,32.5
17992,S019,2025-06-21,21,4,17.6
17993,S019,2025-04-13,0,0,4.1
17994,S019,2025-04-13,3,1,10.2
17995,S019,2025-04-13,6,0,15.1
17996,S019,2025-04-13,9,7,26.6
17997,S019,2025-04-13,12,2,15.9
17998,S019,2025-04-13,15,5,22.1
17999,S019,2025-04-13,18,4,28.6
18000,S019,2025-04-13,21,2,16.2
18001,S019,2025-06-03,0,1,8.4
18002,S019,2025-06-03,3,1,9.5
18003,S019,2025-06-03,6,4,8.2
18004,S019,2025-06-03,9,6,26.5
18005,S019,2025-06-03,12,4,16.4
18006,S019,2025-06-03,15,3,17.0
18007,S019,2025-06-03,18,9,30.5
18008,S019,2025-06-03,21,4,19.6
18009,S019,2025-05-25,0,1,8.4
18010,S019,2025-05-25,3,0,8.6
18011,S019,2025-05-25,6,0,6.7
18012,S019,2025-05-25,9,2,24.7
18013,S019,2025-05-25,12,5,19.7
18014,S019,2025-05-25,15,4,18.3
18015,S019,2025-05-25,18,3,23.3
18016,S019,2025-05-25,21,2,12.5
18017,S019,2025-03-17,0,0,2.5
18018,S019,2025-03-17,3,1,5.6
18019,S019,2025-03-17,6,0,13.5
18020,S019,2025-03-17,9,5,29.9
18021,S019,2025-03-17,12,1,22.9
18022,S019,2025-03-17,15,3,18.9
18023,S019,2025-03-17,18,6,26.5
18024,S019,2025-03-17,21,3,15.3
18025,S019,2025-05-01,0,1,0.4
18026,S019,2025-05-01,3,2,7.7
18027,S019,2025-05-01,6,7,17.0
18028,S019,2025-05-01,9,5,25.0
18029,S019,2025-05-01,12,1,24.0
18030,S019,2025-05-01,15,2,15.9
18031,S019,2025-05-01,18,6,27.3
18032,S019,2025-05-01,21,2,14.9
18033,S019,2025-07-28,0,0,10.2
18034,S019,2025-07-28,3,0,10.0
18035,S019,2025-07-28,6,5,13.1
18036,S019,2025-07-28,9,6,25.1
18037,S019,2025-07-28,12,0,23.8
18038,S019,2025-07-28,15,1,23.5
18039,S019,2025-07-28,18,2,28.9
18040,S019,2025-07-28,21,4,16.2
18041,S019,2025-01-20,0,0,8.5
18042,S019,2025-01-20,3,0,6.1
18043,S019,2025-01-20,6,3,9.5
18044,S019,2025-01-20,9,6,26.7
18045,S019,2025-01-20,12,4,23.4
18046,S019,2025-01-20,15,3,20.5
18047,S019,2025-01-20,18,8,41.4
18048,S019,2025-01-20,21,2,15.7
18049,S019,2025-08-23,0,3,5.4
18050,S019,2025-08-23,3,2,12.8
18051,S019,2025-08-23,6,2,14.0
18052,S019,2025-08-23,9,6,27.7
18053,S019,2025-08-23,12,4,12.3
18054,S019,2025-08-23,15,2,21.1
18055,S019,2025-08-23,18,5,32.3
18056,S019,2025-08-23,21,5,17.1
18057,S019,2025-04-18,0,0,11.4
18058,S019,2025-04-18,3,2,5.0
18059,S019,2025-04-18,6,1,23.0
18060,S019,2025-04-18,9,5,20.4
18061,S019,2025-04-18,12,2,26.8
18062,S019,2025-04-18,15,2,22.6
18063,S019,2025-04-18,18,7,28.0
18064,S019,2025-04-18,21,7,23.1
18065,S019,2025-02-15,0,0,10.5
18066,S019,2025-02-15,3,0,5.9
18067,S019,2025-02-15,6,4,9.9
18068,S019,2025-02-15,9,6,25.8
18069,S019,2025-02-15,12,3,22.7
18070,S019,2025-02-15,15,4,21.1
18071,S019,2025-02-15,18,7,27.0
18072,S019,2025-02-15,21,3,22.7
18073,S019,2025-03-02,0,0,11.0
18074,S019,2025-03-02,3,0,8.9
18075,S019,2025-03-02,6,3,16.4
18076,S019,2025-03-02,9,8,27.7
18077,S019,2025-03-02,12,2,16.6
18078,S019,2025-03-02,15,4,16.4
18079,S019,2025-03-02,18,6,32.8
18080,S019,2025-03-02,21,5,23.9
18081,S019,2025-12-17,0,2,7.0
18082,S019,2025-12-17,3,0,6.2
18083,S019,2025-12-17,6,3,16.1
18084,S019,2025-12-17,9,6,34.8
18085,S019,2025-12-17,12,4,10.2
18086,S019,2025-12-17,15,11,23.2
18087,S019,2025-12-17,18,4,34.3
18088,S019,2025-12-17,21,4,17.8
18089,S019,2025-01-21,0,2,7.5
18090,S019,2025-01-21,3,1,11.4
18091,S019,2025-01-21,6,3,17.0
18092,S019,2025-01-21,9,8,26.2
18093,S019,2025-01-21,12,3,22.1
18094,S019,2025-01-21,15,1,18.1
18095,S019,2025-01-21,18,6,31.7
18096,S019,2025-01-21,21,2,15.9
18097,S019,2025-11-23,0,1,6.8
18098,S019,2025-11-23,3,0,0.0
18099,S019,2025-11-23,6,1,8.0
18100,S019,2025-11-23,9,7,28.9
18101,S019,2025-11-23,12,3,16.9
18102,S019,2025-11-23,15,4,22.5
18103,S019,2025-11-23,18,7,24.9
18104,S019,2025-11-23,21,4,15.0
18105,S019,2025-01-23,0,1,7.4
18106,S019,2025-01-23,3,1,8.3
18107,S019,2025-01-23,6,2,8.4
18108,S019,2025-01-23,9,7,34.2
18109,S019,2025-01-23,12,3,13.3
18110,S019,2025-01-23,15,0,20.5
18111,S019,2025-01-23,18,6,34.9
18112,S019,2025-01-23,21,5,19.5
18113,S019,2025-10-04,0,0,10.2
18114,S019,2025-10-04,3,0,1.1
18115,S019,2025-10-04,6,0,21.2
18116,S019,2025-10-04,9,6,26.4
18117,S019,2025-10-04,12,3,14.6
18118,S019,2025-10-04,15,4,20.9
18119,S019,2025-10-04,18,7,30.6
18120,S019,2025-10-04,21,5,14.9
18121,S019,2025-05-11,0,0,5.8
18122,S019,2025-05-11,3,1,5.9
18123,S019,2025-05-11,6,3,17.0
18124,S019,2025-05-11,9,7,33.0
18125,S019,2025-05-11,12,3,18.5
18126,S019,2025-05-11,15,4,15.3
18127,S019,2025-05-11,18,9,24.2
18128,S019,2025-05-11,21,4,14.7
18129,S019,2025-01-01,0,1,5.5
18130,S019,2025-01-01,3,0,9.4
18131,S019,2025-01-01,6,5,6.9
18132,S019,2025-01-01,9,6,21.0
18133,S019,2025-01-01,12,2,16.6
18134,S019,2025-01-01,15,2,22.9
18135,S019,2025-01-01,18,6,23.0
18136,S019,2025-01-01,21,3,16.2
18137,S019,2025-11-24,0,1,9.8
18138,S019,2025-11-24,3,0,8.7
18139,S019,2025-11-24,6,0,23.7
18140,S019,2025-11-24,9,6,17.8
18141,S019,2025-11-24,12,2,22.2
18142,S019,2025-11-24,15,4,20.6
18143,S019,2025-11-24,18,7,29.4
18144,S019,2025-11-24,21,4,23.2
18145,S019,2025-12-05,0,1,9.2
18146,S019,2025-12-05,3,0,6.2
18147,S019,2025-12-05,6,2,10.3
18148,S019,2025-12-05,9,5,29.7
18149,S019,2025-12-05,12,2,11.8
18150,S019,2025-12-05,15,6,12.3
18151,S019,2025-12-05,18,10,33.8
18152,S019,2025-12-05,21,3,19.3
18153,S019,2025-04-27,0,0,10.0
18154,S019,2025-04-27,3,1,0.0
18155,S019,2025-04-27,6,2,17.1
18156,S019,2025-04-27,9,10,28.2
18157,S019,2025-04-27,12,2,14.5
18158,S019,2025-04-27,15,2,23.9
18159,S019,2025-04-27,18,6,29.3
18160,S019,2025-04-27,21,6,12.6
18161,S019,2025-11-06,0,2,8.0
18162,S019,2025-11-06,3,0,11.5
18163,S019,2025-11-06,6,1,13.1
18164,S019,2025-11-06,9,6,23.1
18165,S019,2025-11-06,12,1,18.0
18166,S019,2025-11-06,15,2,14.9
18167,S019,2025-11-06,18,3,31.7
18168,S019,2025-11-06,21,2,19.6
18169,S019,2025-12-25,0,1,7.2
18170,S019,2025-12-25,3,0,1.8
18171,S019,2025-12-25,6,2,12.4
18172,S019,2025-12-25,9,5,28.0
18173,S019,2025-12-25,12,4,20.4
18174,S019,2025-12-25,15,5,18.1
18175,S019,2025-12-25,18,2,25.5
18176,S019,2025-12-25,21,3,17.1
18177,S019,2025-10-02,0,0,11.9
18178,S019,2025-10-02,3,0,6.3
18179,S019,2025-10-02,6,2,15.9
18180,S019,2025-10-02,9,0,23.8
18181,S019,2025-10-02,12,1,12.0
18182,S019,2025-10-02,15,3,27.5
18183,S019,2025-10-02,18,1,20.1
18184,S019,2025-10-02,21,4,16.4
18185,S019,2025-08-05,0,0,12.1
18186,S019,2025-08-05,3,0,10.0
18187,S019,2025-08-05,6,1,15.3
18188,S019,2025-08-05,9,6,37.5
18189,S019,2025-08-05,12,3,15.4
18190,S019,2025-08-05,15,3,20.9
18191,S019,2025-08-05,18,3,32.6
18192,S019,2025-08-05,21,3,14.8
18193,S019,2025-06-01,0,0,10.6
18194,S019,2025-06-01,3,0,5.7
18195,S019,2025-06-01,6,4,18.5
18196,S019,2025-06-01,9,2,33.0
18197,S019,2025-06-01,12,4,24.8
18198,S019,2025-06-01,15,5,20.1
18199,S019,2025-06-01,18,5,26.9
18200,S019,2025-06-01,21,3,16.8
18201,S019,2025-09-04,0,0,9.6
18202,S019,2025-09-04,3,1,8.6
18203,S019,2025-09-04,6,0,14.5
18204,S019,2025-09-04,9,3,29.0
18205,S019,2025-09-04,12,6,21.0
18206,S019,2025-09-04,15,5,20.5
18207,S019,2025-09-04,18,10,30.2
18208,S019,2025-09-04,21,3,20.5
18209,S019,2025-04-14,0,1,9.6
18210,S019,2025-04-14,3,0,7.5
18211,S019,2025-04-14,6,6,13.3
18212,S019,2025-04-14,9,5,25.6
18213,S019,2025-04-14,12,2,22.8
18214,S019,2025-04-14,15,2,19.4
18215,S019,2025-04-14,18,8,28.9
18216,S019,2025-04-14,21,1,24.7
18217,S019,2025-12-24,0,0,5.8
18218,S019,2025-12-24,3,2,7.5
18219,S019,2025-12-24,6,4,20.0
18220,S019,2025-12-24,9,8,27.1
18221,S019,2025-12-24,12,2,17.8
18222,S019,2025-12-24,15,1,12.9
18223,S019,2025-12-24,18,7,29.8
18224,S019,2025-12-24,21,4,18.5
18225,S019,2025-02-23,0,0,12.5
18226,S019,2025-02-23,3,1,5.7
18227,S019,2025-02-23,6,2,21.0
18228,S019,2025-02-23,9,7,25.3
18229,S019,2025-02-23,12,3,15.5
18230,S019,2025-02-23,15,4,10.5
18231,S019,2025-02-23,18,7,31.1
18232,S019,2025-02-23,21,0,18.9
18233,S019,2025-01-29,0,1,4.1
18234,S019,2025-01-29,3,2,10.9
18235,S019,2025-01-29,6,1,15.6
18236,S019,2025-01-29,9,9,25.3
18237,S019,2025-01-29,12,2,20.5
18238,S019,2025-01-29,15,4,20.6
18239,S019,2025-01-29,18,10,32.4
18240,S019,2025-01-29,21,2,22.3
18241,S020,2025-08-18,0,0,1.2
18242,S020,2025-08-18,3,0,5.4
18243,S020,2025-08-18,6,4,17.1
18244,S020,2025-08-18,9,5,31.3
18245,S020,2025-08-18,12,7,18.7
18246,S020,2025-08-18,15,4,19.9
18247,S020,2025-08-18,18,10,26.2
18248,S020,2025-08-18,21,4,14.1
18249,S020,2025-12-15,0,0,3.9
18250,S020,2025-12-15,3,0,0.0
18251,S020,2025-12-15,6,2,13.0
18252,S020,2025-12-15,9,4,27.2
18253,S020,2025-12-15,12,3,18.4
18254,S020,2025-12-15,15,7,24.5
18255,S020,2025-12-15,18,8,23.8
18256,S020,2025-12-15,21,4,18.2
18257,S020,2025-12-24,0,0,6.4
18258,S020,2025-12-24,3,1,3.8
18259,S020,2025-12-24,6,5,17.3
18260,S020,2025-12-24,9,4,27.7
18261,S020,2025-12-24,12,0,20.4
18262,S020,2025-12-24,15,1,18.2
18263,S020,2025-12-24,18,6,31.3
18264,S020,2025-12-24,21,3,10.2
18265,S020,2025-08-30,0,1,11.6
18266,S020,2025-08-30,3,0,7.2
18267,S020,2025-08-30,6,3,17.3
18268,S020,2025-08-30,9,8,23.3
18269,S020,2025-08-30,12,4,11.9
18270,S020,2025-08-30,15,5,18.9
18271,S020,2025-08-30,18,7,24.6
18272,S020,2025-08-30,21,7,22.0
18273,S020,2025-09-07,0,2,9.9
18274,S020,2025-09-07,3,0,7.4
18275,S020,2025-09-07,6,2,22.3
18276,S020,2025-09-07,9,5,27.8
18277,S020,2025-09-07,12,3,18.8
18278,S020,2025-09-07,15,3,22.7
18279,S020,2025-09-07,18,3,30.5
18280,S020,2025-09-07,21,3,12.9
18281,S020,2025-08-12,0,2,8.7
18282,S020,2025-08-12,3,0,16.3
18283,S020,2025-08-12,6,2,9.1
18284,S020,2025-08-12,9,3,25.9
18285,S020,2025-08-12,12,7,18.5
18286,S020,2025-08-12,15,5,22.7
18287,S020,2025-08-12,18,5,27.2
18288,S020,2025-08-12,21,7,27.3
18289,S020,2025-07-10,0,0,14.3
18290,S020,2025-07-10,3,0,7.5
18291,S020,2025-07-10,6,5,17.5
18292,S020,2025-07-10,9,3,27.5
18293,S020,2025-07-10,12,4,16.8
18294,S020,2025-07-10,15,3,22.2
18295,S020,2025-07-10,18,6,29.6
18296,S020,2025-07-10,21,3,15.8
18297,S020,2025-06-20,0,0,3.2
18298,S020,2025-06-20,3,1,10.8
18299,S020,2025-06-20,6,4,16.5
18300,S020,2025-06-20,9,11,32.8
18301,S020,2025-06-20,12,2,18.0
18302,S020,2025-06-20,15,2,11.4
18303,S020,2025-06-20,18,5,31.8
18304,S020,2025-06-20,21,3,20.2
18305,S020,2025-09-18,0,0,13.5
18306,S020,2025-09-18,3,1,8.4
18307,S020,2025-09-18,6,3,18.8
18308,S020,2025-09-18,9,8,23.6
18309,S020,2025-09-18,12,2,12.1
18310,S020,2025-09-18,15,4,13.0
18311,S020,2025-09-18,18,7,29.8
18312,S020,2025-09-18,21,3,21.6
18313,S020,2025-11-21,0,1,3.5
18314,S020,2025-11-21,3,0,0.0
18315,S020,2025-11-21,6,2,14.6
18316,S020,2025-11-21,9,8,19.5
18317,S020,2025-11-21,12,2,18.1
18318,S020,2025-11-21,15,8,24.5
18319,S020,2025-11-21,18,3,28.1
18320,S020,2025-11-21,21,2,23.2
18321,S020,2025-02-02,0,0,10.4
18322,S020,2025-02-02,3,0,11.5
18323,S020,2025-02-02,6,3,13.6
18324,S020,2025-02-02,9,9,28.3
18325,S020,2025-02-02,12,0,19.0
18326,S020,2025-02-02,15,4,20.5
18327,S020,2025-02-02,18,2,31.7
18328,S020,2025-02-02,21,2,18.8
18329,S020,2025-05-30,0,1,10.6
18330,S020,2025-05-30,3,0,9.1
18331,S020,2025-05-30,6,3,16.5
18332,S020,2025-05-30,9,5,30.6
18333,S020,2025-05-30,12,4,15.1
18334,S020,2025-05-30,15,0,22.3
18335,S020,2025-05-30,18,6,23.9
18336,S020,2025-05-30,21,1,12.6
18337,S020,2025-08-02,0,0,3.5
18338,S020,2025-08-02,3,1,3.4
18339,S020,2025-08-02,6,3,21.2
18340,S020,2025-08-02,9,4,33.0
18341,S020,2025-08-02,12,6,19.1
18342,S020,2025-08-02,15,5,16.6
18343,S020,2025-08-02,18,2,33.0
18344,S020,2025-08-02,21,3,15.7
18345,S020,2025-09-12,0,0,9.4
18346,S020,2025-09-12,3,1,7.2
18347,S020,2025-09-12,6,4,13.2
18348,S020,2025-09-12,9,7,26.9
18349,S020,2025-09-12,12,4,21.8
18350,S020,2025-09-12,15,7,13.5
18351,S020,2025-09-12,18,12,31.1
18352,S020,2025-09-12,21,1,16.1
18353,S020,2025-05-08,0,2,5.9
18354,S020,2025-05-08,3,1,13.2
18355,S020,2025-05-08,6,0,17.7
18356,S020,2025-05-08,9,5,27.0
18357,S020,2025-05-08,12,2,12.1
18358,S020,2025-05-08,15,3,13.1
18359,S020,2025-05-08,18,4,29.3
18360,S020,2025-05-08,21,6,27.4
18361,S020,2025-06-16,0,1,3.2
18362,S020,2025-06-16,3,1,3.7
18363,S020,2025-06-16,6,2,15.6
18364,S020,2025-06-16,9,2,32.0
18365,S020,2025-06-16,12,3,10.9
18366,S020,2025-06-16,15,1,21.3
18367,S020,2025-06-16,18,7,31.2
18368,S020,2025-06-16,21,3,14.5
18369,S020,2025-05-15,0,1,13.3
18370,S020,2025-05-15,3,0,11.7
18371,S020,2025-05-15,6,4,11.2
18372,S020,2025-05-15,9,6,25.4
18373,S020,2025-05-15,12,2,14.9
18374,S020,2025-05-15,15,1,24.1
18375,S020,2025-05-15,18,5,26.6
18376,S020,2025-05-15,21,2,18.8
18377,S020,2025-10-26,0,0,3.1
18378,S020,2025-10-26,3,1,4.2
18379,S020,2025-10-26,6,3,17.9
18380,S020,2025-10-26,9,5,20.8
18381,S020,2025-10-26,12,2,19.0
18382,S020,2025-10-26,15,4,22.9
18383,S020,2025-10-26,18,6,26.3
18384,S020,2025-10-26,21,3,18.6
18385,S020,2025-12-19,0,0,1.2
18386,S020,2025-12-19,3,1,11.0
18387,S020,2025-12-19,6,1,13.0
18388,S020,2025-12-19,9,3,22.8
18389,S020,2025-12-19,12,6,17.2
18390,S020,2025-12-19,15,3,16.9
18391,S020,2025-12-19,18,8,37.2
18392,S020,2025-12-19,21,1,13.7
18393,S020,2025-08-14,0,0,3.0
18394,S020,2025-08-14,3,0,6.7
18395,S020,2025-08-14,6,3,17.4
18396,S020,2025-08-14,9,6,29.1
18397,S020,2025-08-14,12,5,21.3
18398,S020,2025-08-14,15,1,22.3
18399,S020,2025-08-14,18,4,35.7
18400,S020,2025-08-14,21,2,17.2
18401,S020,2025-05-26,0,1,6.3
18402,S020,2025-05-26,3,1,12.4
18403,S020,2025-05-26,6,3,16.0
18404,S020,2025-05-26,9,6,35.1
18405,S020,2025-05-26,12,4,16.8
18406,S020,2025-05-26,15,1,20.4
18407,S020,2025-05-26,18,4,38.5
18408,S020,2025-05-26,21,4,18.2
18409,S020,2025-07-04,0,0,3.9
18410,S020,2025-07-04,3,1,7.1
18411,S020,2025-07-04,6,1,20.7
18412,S020,2025-07-04,9,9,26.3
18413,S020,2025-07-04,12,3,16.1
18414,S020,2025-07-04,15,4,18.2
18415,S020,2025-07-04,18,5,31.0
18416,S020,2025-07-04,21,3,15.6
18417,S020,2025-06-09,0,0,3.3
18418,S020,2025-06-09,3,0,10.4
18419,S020,2025-06-09,6,3,8.8
18420,S020,2025-06-09,9,4,26.4
18421,S020,2025-06-09,12,7,16.5
18422,S020,2025-06-09,15,4,23.0
18423,S020,2025-06-09,18,5,21.7
18424,S020,2025-06-09,21,2,17.6
18425,S020,2025-01-30,0,1,7.8
18426,S020,2025-01-30,3,2,6.4
18427,S020,2025-01-30,6,5,11.4
18428,S020,2025-01-30,9,6,29.3
18429,S020,2025-01-30,12,10,18.8
18430,S020,2025-01-30,15,4,27.9
18431,S020,2025-01-30,18,4,32.7
18432,S020,2025-01-30,21,4,20.8
18433,S020,2025-04-10,0,1,11.7
18434,S020,2025-04-10,3,0,10.4
18435,S020,2025-04-10,6,4,18.4
18436,S020,2025-04-10,9,3,26.1
18437,S020,2025-04-10,12,2,18.3
18438,S020,2025-04-10,15,1,22.3
18439,S020,2025-04-10,18,6,24.0
18440,S020,2025-04-10,21,5,10.9
18441,S020,2025-02-19,0,0,6.2
18442,S020,2025-02-19,3,0,8.0
18443,S020,2025-02-19,6,2,20.2
18444,S020,2025-02-19,9,3,26.9
18445,S020,2025-02-19,12,8,10.9
18446,S020,2025-02-19,15,5,14.8
18447,S020,2025-02-19,18,7,33.4
18448,S020,2025-02-19,21,5,19.5
18449,S020,2025-03-01,0,0,7.9
18450,S020,2025-03-01,3,1,12.2
18451,S020,2025-03-01,6,3,9.5
18452,S020,2025-03-01,9,5,26.9
18453,S020,2025-03-01,12,4,8.4
18454,S020,2025-03-01,15,6,17.3
18455,S020,2025-03-01,18,5,31.6
18456,S020,2025-03-01,21,8,14.4
18457,S020,2025-04-02,0,0,8.2
18458,S020,2025-04-02,3,0,2.4
18459,S020,2025-04-02,6,3,23.9
18460,S020,2025-04-02,9,5,30.6
18461,S020,2025-04-02,12,1,16.1
18462,S020,2025-04-02,15,5,11.5
18463,S020,2025-04-02,18,6,30.9
18464,S020,2025-04-02,21,3,8.8
18465,S020,2025-06-26,0,0,7.3
18466,S020,2025-06-26,3,0,0.0
18467,S020,2025-06-26,6,5,12.9
18468,S020,2025-06-26,9,5,32.6
18469,S020,2025-06-26,12,0,13.6
18470,S020,2025-06-26,15,2,22.0
18471,S020,2025-06-26,18,5,26.9
18472,S020,2025-06-26,21,4,17.9
18473,S020,2025-05-01,0,1,2.4
18474,S020,2025-05-01,3,0,7.8
18475,S020,2025-05-01,6,1,11.5
18476,S020,2025-05-01,9,3,18.1
18477,S020,2025-05-01,12,5,20.7
18478,S020,2025-05-01,15,4,18.2
18479,S020,2025-05-01,18,5,27.5
18480,S020,2025-05-01,21,6,24.3
18481,S020,2025-12-31,0,0,6.8
18482,S020,2025-12-31,3,0,11.8
18483,S020,2025-12-31,6,1,14.6
18484,S020,2025-12-31,9,9,24.4
18485,S020,2025-12-31,12,3,19.5
18486,S020,2025-12-31,15,3,22.5
18487,S020,2025-12-31,18,4,26.8
18488,S020,2025-12-31,21,1,20.5
18489,S020,2025-11-23,0,1,2.3
18490,S020,2025-11-23,3,0,9.3
18491,S020,2025-11-23,6,4,8.6
18492,S020,2025-11-23,9,5,27.2
18493,S020,2025-11-23,12,1,12.9
18494,S020,2025-11-23,15,4,16.8
18495,S020,2025-11-23,18,5,30.1
18496,S020,2025-11-23,21,2,9.8
18497,S020,2025-10-16,0,0,6.9
18498,S020,2025-10-16,3,0,9.2
18499,S020,2025-10-16,6,2,9.0
18500,S020,2025-10-16,9,0,28.3
18501,S020,2025-10-16,12,1,22.5
18502,S020,2025-10-16,15,1,16.0
18503,S020,2025-10-16,18,4,26.5
18504,S020,2025-10-16,21,1,13.4
18505,S020,2025-03-08,0,0,0.4
18506,S020,2025-03-08,3,1,7.2
18507,S020,2025-03-08,6,1,9.7
18508,S020,2025-03-08,9,3,23.7
18509,S020,2025-03-08,12,3,17.4
18510,S020,2025-03-08,15,4,19.6
18511,S020,2025-03-08,18,2,33.6
18512,S020,2025-03-08,21,4,10.7
18513,S020,2025-08-15,0,0,3.9
18514,S020,2025-08-15,3,0,6.8
18515,S020,2025-08-15,6,3,11.3
18516,S020,2025-08-15,9,6,36.0
18517,S020,2025-08-15,12,4,15.3
18518,S020,2025-08-15,15,6,23.6
18519,S020,2025-08-15,18,4,19.8
18520,S020,2025-08-15,21,3,12.5
18521,S020,2025-07-24,0,0,10.5
18522,S020,2025-07-24,3,0,6.4
18523,S020,2025-07-24,6,3,19.6
18524,S020,2025-07-24,9,4,24.7
18525,S020,2025-07-24,12,5,16.5
18526,S020,2025-07-24,15,3,22.4
18527,S020,2025-07-24,18,5,31.1
18528,S020,2025-07-24,21,1,22.8
18529,S020,2025-04-27,0,1,11.3
18530,S020,2025-04-27,3,1,7.8
18531,S020,2025-04-27,6,2,16.3
18532,S020,2025-04-27,9,3,35.5
18533,S020,2025-04-27,12,1,19.9
18534,S020,2025-04-27,15,2,24.7
18535,S020,2025-04-27,18,4,29.5
18536,S020,2025-04-27,21,2,14.2
18537,S020,2025-02-10,0,1,14.1
18538,S020,2025-02-10,3,0,12.9
18539,S020,2025-02-10,6,6,11.6
18540,S020,2025-02-10,9,10,30.4
18541,S020,2025-02-10,12,5,14.1
18542,S020,2025-02-10,15,4,14.2
18543,S020,2025-02-10,18,5,33.3
18544,S020,2025-02-10,21,2,19.2
18545,S020,2025-12-03,0,2,0.0
18546,S020,2025-12-03,3,1,14.1
18547,S020,2025-12-03,6,4,18.1
18548,S020,2025-12-03,9,8,29.6
18549,S020,2025-12-03,12,5,19.1
18550,S020,2025-12-03,15,2,26.1
18551,S020,2025-12-03,18,4,29.4
18552,S020,2025-12-03,21,3,20.3
18553,S020,2025-04-24,0,2,2.7
18554,S020,2025-04-24,3,1,6.0
18555,S020,2025-04-24,6,2,10.2
18556,S020,2025-04-24,9,6,28.5
18557,S020,2025-04-24,12,1,21.2
18558,S020,2025-04-24,15,7,18.6
18559,S020,2025-04-24,18,7,32.1
18560,S020,2025-04-24,21,0,9.3
18561,S020,2025-11-04,0,1,9.4
18562,S020,2025-11-04,3,0,13.0
18563,S020,2025-11-04,6,4,17.9
18564,S020,2025-11-04,9,3,25.9
18565,S020,2025-11-04,12,1,18.8
18566,S020,2025-11-04,15,4,18.3
18567,S020,2025-11-04,18,6,27.4
18568,S020,2025-11-04,21,3,16.8
18569,S020,2025-04-08,0,1,5.4
18570,S020,2025-04-08,3,0,9.9
18571,S020,2025-04-08,6,1,15.0
18572,S020,2025-04-08,9,7,35.0
18573,S020,2025-04-08,12,1,15.6
18574,S020,2025-04-08,15,5,24.8
18575,S020,2025-04-08,18,7,30.0
18576,S020,2025-04-08,21,2,18.3
18577,S020,2025-07-03,0,0,6.4
18578,S020,2025-07-03,3,1,18.1
18579,S020,2025-07-03,6,1,20.7
18580,S020,2025-07-03,9,5,26.9
18581,S020,2025-07-03,12,3,17.1
18582,S020,2025-07-03,15,5,19.2
18583,S020,2025-07-03,18,8,34.1
18584,S020,2025-07-03,21,3,16.0
18585,S020,2025-09-23,0,1,7.2
18586,S020,2025-09-23,3,1,3.4
18587,S020,2025-09-23,6,2,20.3
18588,S020,2025-09-23,9,4,24.2
18589,S020,2025-09-23,12,5,12.8
18590,S020,2025-09-23,15,1,26.7
18591,S020,2025-09-23,18,6,36.2
18592,S020,2025-09-23,21,2,16.3
18593,S020,2025-05-23,0,3,16.1
18594,S020,2025-05-23,3,0,7.4
18595,S020,2025-05-23,6,2,14.1
18596,S020,2025-05-23,9,3,35.6
18597,S020,2025-05-23,12,2,20.7
18598,S020,2025-05-23,15,8,20.9
18599,S020,2025-05-23,18,8,27.1
18600,S020,2025-05-23,21,5,22.8
18601,S020,2025-07-31,0,0,5.1
18602,S020,2025-07-31,3,0,6.2
18603,S020,2025-07-31,6,4,20.6
18604,S020,2025-07-31,9,2,23.9
18605,S020,2025-07-31,12,5,14.6
18606,S020,2025-07-31,15,7,19.3
18607,S020,2025-07-31,18,1,35.5
18608,S020,2025-07-31,21,1,21.4
18609,S020,2025-01-03,0,0,2.5
18610,S020,2025-01-03,3,0,2.2
18611,S020,2025-01-03,6,3,15.3
18612,S020,2025-01-03,9,6,24.5
18613,S020,2025-01-03,12,2,18.3
18614,S020,2025-01-03,15,1,17.0
18615,S020,2025-01-03,18,5,27.0
18616,S020,2025-01-03,21,3,20.4
18617,S020,2025-01-08,0,1,5.3
18618,S020,2025-01-08,3,0,5.3
18619,S020,2025-01-08,6,2,17.1
18620,S020,2025-01-08,9,4,22.7
18621,S020,2025-01-08,12,6,21.8
18622,S020,2025-01-08,15,2,20.9
18623,S020,2025-01-08,18,11,34.4
18624,S020,2025-01-08,21,2,13.1
18625,S020,2025-06-14,0,0,3.2
18626,S020,2025-06-14,3,0,9.1
18627,S020,2025-06-14,6,0,12.4
18628,S020,2025-06-14,9,6,24.4
18629,S020,2025-06-14,12,4,25.6
18630,S020,2025-06-14,15,2,18.7
18631,S020,2025-06-14,18,4,31.6
18632,S020,2025-06-14,21,2,21.8
18633,S020,2025-05-13,0,0,8.6
18634,S020,2025-05-13,3,0,8.1
18635,S020,2025-05-13,6,5,10.4
18636,S020,2025-05-13,9,2,32.0
18637,S020,2025-05-13,12,5,18.3
18638,S020,2025-05-13,15,8,22.0
18639,S020,2025-05-13,18,5,35.4
18640,S020,2025-05-13,21,3,14.4
18641,S020,2025-12-06,0,0,12.3
18642,S020,2025-12-06,3,0,3.3
18643,S020,2025-12-06,6,3,13.9
18644,S020,2025-12-06,9,1,22.4
18645,S020,2025-12-06,12,3,13.4
18646,S020,2025-12-06,15,2,22.9
18647,S020,2025-12-06,18,9,28.5
18648,S020,2025-12-06,21,2,16.6
18649,S020,2025-03-24,0,0,8.8
18650,S020,2025-03-24,3,1,11.6
18651,S020,2025-03-24,6,3,10.6
18652,S020,2025-03-24,9,6,28.9
18653,S020,2025-03-24,12,2,11.4
18654,S020,2025-03-24,15,2,12.0
18655,S020,2025-03-24,18,3,32.6
18656,S020,2025-03-24,21,2,16.9
18657,S020,2025-06-13,0,2,7.2
18658,S020,2025-06-13,3,0,6.5
18659,S020,2025-06-13,6,3,15.2
18660,S020,2025-06-13,9,7,33.7
18661,S020,2025-06-13,12,4,18.1
18662,S020,2025-06-13,15,4,21.0
18663,S020,2025-06-13,18,7,29.3
18664,S020,2025-06-13,21,3,20.3
18665,S020,2025-09-24,0,0,2.8
18666,S020,2025-09-24,3,1,4.9
18667,S020,2025-09-24,6,5,24.1
18668,S020,2025-09-24,9,6,21.9
18669,S020,2025-09-24,12,4,20.8
18670,S020,2025-09-24,15,1,23.7
18671,S020,2025-09-24,18,7,34.8
18672,S020,2025-09-24,21,4,16.4
18673,S020,2025-09-03,0,0,5.4
18674,S020,2025-09-03,3,1,6.2
18675,S020,2025-09-03,6,2,16.4
18676,S020,2025-09-03,9,3,24.7
18677,S020,2025-09-03,12,3,17.5
18678,S020,2025-09-03,15,3,21.1
18679,S020,2025-09-03,18,8,38.3
18680,S020,2025-09-03,21,1,18.1
18681,S020,2025-09-25,0,0,9.6
18682,S020,2025-09-25,3,0,5.5
18683,S020,2025-09-25,6,3,16.6
18684,S020,2025-09-25,9,3,17.5
18685,S020,2025-09-25,12,3,11.4
18686,S020,2025-09-25,15,1,21.4
18687,S020,2025-09-25,18,3,28.4
18688,S020,2025-09-25,21,1,14.6
18689,S020,2025-10-10,0,0,15.9
18690,S020,2025-10-10,3,0,6.8
18691,S020,2025-10-10,6,5,18.9
18692,S020,2025-10-10,9,8,26.1
18693,S020,2025-10-10,12,2,18.4
18694,S020,2025-10-10,15,4,19.6
18695,S020,2025-10-10,18,4,30.9
18696,S020,2025-10-10,21,2,15.9
18697,S020,2025-04-18,0,1,11.5
18698,S020,2025-04-18,3,0,13.4
18699,S020,2025-04-18,6,1,18.2
18700,S020,2025-04-18,9,4,30.5
18701,S020,2025-04-18,12,4,15.3
18702,S020,2025-04-18,15,4,18.8
18703,S020,2025-04-18,18,6,29.0
18704,S020,2025-04-18,21,0,16.0
18705,S020,2025-05-05,0,1,9.9
18706,S020,2025-05-05,3,0,13.9
18707,S020,2025-05-05,6,2,16.1
18708,S020,2025-05-05,9,4,22.0
18709,S020,2025-05-05,12,5,16.6
18710,S020,2025-05-05,15,4,21.6
18711,S020,2025-05-05,18,4,26.0
18712,S020,2025-05-05,21,3,15.0
18713,S020,2025-05-03,0,2,10.5
18714,S020,2025-05-03,3,2,12.3
18715,S020,2025-05-03,6,4,11.0
18716,S020,2025-05-03,9,8,30.6
18717,S020,2025-05-03,12,2,11.6
18718,S020,2025-05-03,15,1,25.5
18719,S020,2025-05-03,18,3,29.6
18720,S020,2025-05-03,21,1,16.1
18721,S020,2025-08-25,0,0,4.4
18722,S020,2025-08-25,3,0,4.8
18723,S020,2025-08-25,6,2,12.3
18724,S020,2025-08-25,9,5,31.7
18725,S020,2025-08-25,12,2,16.6
18726,S020,2025-08-25,15,6,19.1
18727,S020,2025-08-25,18,5,30.7
18728,S020,2025-08-25,21,2,20.9
18729,S020,2025-04-19,0,0,7.9
18730,S020,2025-04-19,3,0,2.7
18731,S020,2025-04-19,6,2,12.7
18732,S020,2025-04-19,9,5,24.8
18733,S020,2025-04-19,12,5,19.0
18734,S020,2025-04-19,15,6,20.4
18735,S020,2025-04-19,18,6,29.2
18736,S020,2025-04-19,21,5,22.0
18737,S020,2025-07-19,0,0,12.9
18738,S020,2025-07-19,3,1,14.7
18739,S020,2025-07-19,6,3,9.8
18740,S020,2025-07-19,9,3,24.8
18741,S020,2025-07-19,12,5,13.4
18742,S020,2025-07-19,15,5,20.7
18743,S020,2025-07-19,18,5,27.3
18744,S020,2025-07-19,21,4,17.5
18745,S020,2025-10-05,0,0,10.3
18746,S020,2025-10-05,3,0,5.0
18747,S020,2025-10-05,6,1,13.4
18748,S020,2025-10-05,9,4,26.4
18749,S020,2025-10-05,12,5,8.6
18750,S020,2025-10-05,15,1,18.4
18751,S020,2025-10-05,18,8,27.4
18752,S020,2025-10-05,21,1,13.5
18753,S020,2025-05-18,0,0,9.2
18754,S020,2025-05-18,3,0,7.9
18755,S020,2025-05-18,6,2,13.0
18756,S020,2025-05-18,9,6,24.6
18757,S020,2025-05-18,12,2,16.3
18758,S020,2025-05-18,15,3,25.8
18759,S020,2025-05-18,18,3,35.7
18760,S020,2025-05-18,21,4,18.5
18761,S020,2025-03-10,0,0,4.8
18762,S020,2025-03-10,3,1,8.1
18763,S020,2025-03-10,6,0,16.2
18764,S020,2025-03-10,9,9,30.9
18765,S020,2025-03-10,12,5,15.8
18766,S020,2025-03-10,15,2,21.4
18767,S020,2025-03-10,18,6,30.1
18768,S020,2025-03-10,21,3,13.2
18769,S020,2025-06-27,0,0,18.3
18770,S020,2025-06-27,3,0,5.9
18771,S020,2025-06-27,6,2,11.5
18772,S020,2025-06-27,9,4,28.4
18773,S020,2025-06-27,12,3,13.7
18774,S020,2025-06-27,15,6,16.7
18775,S020,2025-06-27,18,5,32.4
18776,S020,2025-06-27,21,3,17.1
18777,S020,2025-12-23,0,0,10.5
18778,S020,2025-12-23,3,2,4.5
18779,S020,2025-12-23,6,2,20.8
18780,S020,2025-12-23,9,5,29.3
18781,S020,2025-12-23,12,2,14.8
18782,S020,2025-12-23,15,3,20.5
18783,S020,2025-12-23,18,4,22.9
18784,S020,2025-12-23,21,5,13.2
18785,S020,2025-08-27,0,1,7.8
18786,S020,2025-08-27,3,2,12.7
18787,S020,2025-08-27,6,2,17.9
18788,S020,2025-08-27,9,7,19.1
18789,S020,2025-08-27,12,2,10.1
18790,S020,2025-08-27,15,5,16.6
18791,S020,2025-08-27,18,6,26.0
18792,S020,2025-08-27,21,3,22.8
18793,S020,2025-01-25,0,0,0.0
18794,S020,2025-01-25,3,0,4.3
18795,S020,2025-01-25,6,6,11.0
18796,S020,2025-01-25,9,7,24.4
18797,S020,2025-01-25,12,1,19.1
18798,S020,2025-01-25,15,3,17.7
18799,S020,2025-01-25,18,5,29.7
18800,S020,2025-01-25,21,3,21.0
18801,S020,2025-02-09,0,0,14.3
18802,S020,2025-02-09,3,0,15.4
18803,S020,2025-02-09,6,0,7.8
18804,S020,2025-02-09,9,5,22.8
18805,S020,2025-02-09,12,2,18.4
18806,S020,2025-02-09,15,1,22.1
18807,S020,2025-02-09,18,6,33.8
18808,S020,2025-02-09,21,3,16.9
18809,S020,2025-10-17,0,1,7.1
18810,S020,2025-10-17,3,2,0.0
18811,S020,2025-10-17,6,2,13.1
18812,S020,2025-10-17,9,1,31.0
18813,S020,2025-10-17,12,5,20.9
18814,S020,2025-10-17,15,5,14.8
18815,S020,2025-10-17,18,5,26.6
18816,S020,2025-10-17,21,4,16.8
18817,S020,2025-08-04,0,0,10.5
18818,S020,2025-08-04,3,1,9.5
18819,S020,2025-08-04,6,2,10.9
18820,S020,2025-08-04,9,7,17.9
18821,S020,2025-08-04,12,3,20.4
18822,S020,2025-08-04,15,6,23.5
18823,S020,2025-08-04,18,7,25.0
18824,S020,2025-08-04,21,1,12.6
18825,S020,2025-10-03,0,1,13.0
18826,S020,2025-10-03,3,0,12.7
18827,S020,2025-10-03,6,3,20.7
18828,S020,2025-10-03,9,7,30.9
18829,S020,2025-10-03,12,4,23.3
18830,S020,2025-10-03,15,5,24.0
18831,S020,2025-10-03,18,9,29.6
18832,S020,2025-10-03,21,3,13.7
18833,S020,2025-01-16,0,0,4.1
18834,S020,2025-01-16,3,0,6.8
18835,S020,2025-01-16,6,1,20.0
18836,S020,2025-01-16,9,8,30.1
18837,S020,2025-01-16,12,6,14.5
18838,S020,2025-01-16,15,2,21.2
18839,S020,2025-01-16,18,5,31.8
18840,S020,2025-01-16,21,2,10.1
18841,S020,2025-11-18,0,1,11.7
18842,S020,2025-11-18,3,0,4.0
18843,S020,2025-11-18,6,0,11.5
18844,S020,2025-11-18,9,4,28.1
18845,S020,2025-11-18,12,3,10.8
18846,S020,2025-11-18,15,4,30.9
18847,S020,2025-11-18,18,6,31.7
18848,S020,2025-11-18,21,4,22.2
18849,S020,2025-01-04,0,0,4.6
18850,S020,2025-01-04,3,0,6.7
18851,S020,2025-01-04,6,3,13.9
18852,S020,2025-01-04,9,1,28.6
18853,S020,2025-01-04,12,0,19.4
18854,S020,2025-01-04,15,5,14.5
18855,S020,2025-01-04,18,9,36.0
18856,S020,2025-01-04,21,2,18.3
18857,S020,2025-04-28,0,2,10.4
18858,S020,2025-04-28,3,0,3.7
18859,S020,2025-04-28,6,0,13.8
18860,S020,2025-04-28,9,1,26.6
18861,S020,2025-04-28,12,1,18.9
18862,S020,2025-04-28,15,2,14.6
18863,S020,2025-04-28,18,9,24.4
18864,S020,2025-04-28,21,5,16.6
18865,S020,2025-01-29,0,3,7.5
18866,S020,2025-01-29,3,1,7.7
18867,S020,2025-01-29,6,1,14.9
18868,S020,2025-01-29,9,5,21.8
18869,S020,2025-01-29,12,5,18.3
18870,S020,2025-01-29,15,2,21.7
18871,S020,2025-01-29,18,8,26.9
18872,S020,2025-01-29,21,1,20.5
18873,S020,2025-04-15,0,1,12.7
18874,S020,2025-04-15,3,1,5.7
18875,S020,2025-04-15,6,1,23.9
18876,S020,2025-04-15,9,7,21.4
18877,S020,2025-04-15,12,2,18.7
18878,S020,2025-04-15,15,3,24.5
18879,S020,2025-04-15,18,8,22.8
18880,S020,2025-04-15,21,2,19.3
18881,S020,2025-04-03,0,1,10.9
18882,S020,2025-04-03,3,0,6.3
18883,S020,2025-04-03,6,5,16.8
18884,S020,2025-04-03,9,6,30.6
18885,S020,2025-04-03,12,1,20.0
18886,S020,2025-04-03,15,2,19.1
18887,S020,2025-04-03,18,8,24.0
18888,S020,2025-04-03,21,4,9.6
18889,S020,2025-05-20,0,3,8.9
18890,S020,2025-05-20,3,1,11.2
18891,S020,2025-05-20,6,3,21.3
18892,S020,2025-05-20,9,4,23.7
18893,S020,2025-05-20,12,4,12.8
18894,S020,2025-05-20,15,6,24.4
18895,S020,2025-05-20,18,4,28.7
18896,S020,2025-05-20,21,3,20.4
18897,S020,2025-09-21,0,2,0.9
18898,S020,2025-09-21,3,0,8.6
18899,S020,2025-09-21,6,3,16.1
18900,S020,2025-09-21,9,4,27.9
18901,S020,2025-09-21,12,3,8.4
18902,S020,2025-09-21,15,2,19.7
18903,S020,2025-09-21,18,6,28.8
18904,S020,2025-09-21,21,3,21.8
18905,S020,2025-05-11,0,2,2.4
18906,S020,2025-05-11,3,2,9.2
18907,S020,2025-05-11,6,3,17.2
18908,S020,2025-05-11,9,7,14.8
18909,S020,2025-05-11,12,4,19.6
18910,S020,2025-05-11,15,2,15.6
18911,S020,2025-05-11,18,4,24.7
18912,S020,2025-05-11,21,3,13.5
18913,S020,2025-08-03,0,1,7.1
18914,S020,2025-08-03,3,1,5.0
18915,S020,2025-08-03,6,5,12.2
18916,S020,2025-08-03,9,5,29.2
18917,S020,2025-08-03,12,3,22.5
18918,S020,2025-08-03,15,2,27.1
18919,S020,2025-08-03,18,8,28.7
18920,S020,2025-08-03,21,2,18.2
18921,S020,2025-12-17,0,1,15.1
18922,S020,2025-12-17,3,0,10.1
18923,S020,2025-12-17,6,2,13.9
18924,S020,2025-12-17,9,9,26.2
18925,S020,2025-12-17,12,1,15.2
18926,S020,2025-12-17,15,3,15.9
18927,S020,2025-12-17,18,14,24.4
18928,S020,2025-12-17,21,1,19.4
18929,S020,2025-08-20,0,2,5.2
18930,S020,2025-08-20,3,0,3.7
18931,S020,2025-08-20,6,1,16.4
18932,S020,2025-08-20,9,7,30.6
18933,S020,2025-08-20,12,3,14.2
18934,S020,2025-08-20,15,5,15.8
18935,S020,2025-08-20,18,8,32.4
18936,S020,2025-08-20,21,4,13.2
18937,S020,2025-08-01,0,1,9.3
18938,S020,2025-08-01,3,2,8.7
18939,S020,2025-08-01,6,3,11.8
18940,S020,2025-08-01,9,6,26.9
18941,S020,2025-08-01,12,1,23.4
18942,S020,2025-08-01,15,0,16.1
18943,S020,2025-08-01,18,3,32.8
18944,S020,2025-08-01,21,5,18.7
18945,S020,2025-07-05,0,0,3.4
18946,S020,2025-07-05,3,0,6.1
18947,S020,2025-07-05,6,1,16.1
18948,S020,2025-07-05,9,4,31.7
18949,S020,2025-07-05,12,2,12.9
18950,S020,2025-07-05,15,6,19.2
18951,S020,2025-07-05,18,6,23.3
18952,S020,2025-07-05,21,3,14.0
18953,S020,2025-05-09,0,0,2.4
18954,S020,2025-05-09,3,2,4.2
18955,S020,2025-05-09,6,2,14.0
18956,S020,2025-05-09,9,10,28.9
18957,S020,2025-05-09,12,7,19.4
18958,S020,2025-05-09,15,6,17.8
18959,S020,2025-05-09,18,7,29.0
18960,S020,2025-05-09,21,5,14.4
18961,S020,2025-04-12,0,0,11.5
18962,S020,2025-04-12,3,0,7.9
18963,S020,2025-04-12,6,1,16.4
18964,S020,2025-04-12,9,3,21.4
18965,S020,2025-04-12,12,2,16.0
18966,S020,2025-04-12,15,2,14.4
18967,S020,2025-04-12,18,8,28.9
18968,S020,2025-04-12,21,3,12.7
18969,S020,2025-06-08,0,0,7.9
18970,S020,2025-06-08,3,1,6.8
18971,S020,2025-06-08,6,2,9.4
18972,S020,2025-06-08,9,6,29.0
18973,S020,2025-06-08,12,0,21.8
18974,S020,2025-06-08,15,7,11.8
18975,S020,2025-06-08,18,10,29.2
18976,S020,2025-06-08,21,4,18.2
18977,S020,2025-03-25,0,0,12.1
18978,S020,2025-03-25,3,0,9.9
18979,S020,2025-03-25,6,1,15.0
18980,S020,2025-03-25,9,3,17.8
18981,S020,2025-03-25,12,4,10.9
18982,S020,2025-03-25,15,3,18.1
18983,S020,2025-03-25,18,9,23.6
18984,S020,2025-03-25,21,6,19.4
18985,S020,2025-02-14,0,1,7.8
18986,S020,2025-02-14,3,1,9.9
18987,S020,2025-02-14,6,3,22.9
18988,S020,2025-02-14,9,3,32.1
18989,S020,2025-02-14,12,3,15.5
18990,S020,2025-02-14,15,5,20.2
18991,S020,2025-02-14,18,6,33.1
18992,S020,2025-02-14,21,1,13.7
18993,S020,2025-03-19,0,0,11.1
18994,S020,2025-03-19,3,0,0.0
18995,S020,2025-03-19,6,4,13.5
18996,S020,2025-03-19,9,6,25.6
18997,S020,2025-03-19,12,0,21.8
18998,S020,2025-03-19,15,2,15.2
18999,S020,2025-03-19,18,7,35.4
19000,S020,2025-03-19,21,2,20.0
19001,S020,2025-05-22,0,2,6.9
19002,S020,2025-05-22,3,1,6.2
19003,S020,2025-05-22,6,1,18.5
19004,S020,2025-05-22,9,1,28.7
19005,S020,2025-05-22,12,7,22.5
19006,S020,2025-05-22,15,3,22.5
19007,S020,2025-05-22,18,4,29.2
19008,S020,2025-05-22,21,3,21.6
19009,S020,2025-11-24,0,0,1.3
19010,S020,2025-11-24,3,1,12.0
19011,S020,2025-11-24,6,1,20.7
19012,S020,2025-11-24,9,9,35.6
19013,S020,2025-11-24,12,4,20.7
19014,S020,2025-11-24,15,3,21.9
19015,S020,2025-11-24,18,5,34.1
19016,S020,2025-11-24,21,5,16.1
19017,S020,2025-03-09,0,1,9.1
19018,S020,2025-03-09,3,1,14.6
19019,S020,2025-03-09,6,4,12.3
19020,S020,2025-03-09,9,3,35.6
19021,S020,2025-03-09,12,3,20.8
19022,S020,2025-03-09,15,4,28.8
19023,S020,2025-03-09,18,9,27.9
19024,S020,2025-03-09,21,4,24.9
19025,S020,2025-05-12,0,1,10.8
19026,S020,2025-05-12,3,0,4.1
19027,S020,2025-05-12,6,5,6.9
19028,S020,2025-05-12,9,8,28.2
19029,S020,2025-05-12,12,6,15.2
19030,S020,2025-05-12,15,6,15.0
19031,S020,2025-05-12,18,4,31.9
19032,S020,2025-05-12,21,1,14.1
19033,S020,2025-12-14,0,1,11.8
19034,S020,2025-12-14,3,1,9.2
19035,S020,2025-12-14,6,2,12.0
19036,S020,2025-12-14,9,3,24.7
19037,S020,2025-12-14,12,2,19.6
19038,S020,2025-12-14,15,1,21.7
19039,S020,2025-12-14,18,6,29.0
19040,S020,2025-12-14,21,2,13.7
19041,S020,2025-06-02,0,0,5.4
19042,S020,2025-06-02,3,1,7.2
19043,S020,2025-06-02,6,3,14.8
19044,S020,2025-06-02,9,4,19.9
19045,S020,2025-06-02,12,4,20.7
19046,S020,2025-06-02,15,2,17.4
19047,S020,2025-06-02,18,10,25.6
19048,S020,2025-06-02,21,3,18.3
19049,S020,2025-11-20,0,1,2.6
19050,S020,2025-11-20,3,0,6.1
19051,S020,2025-11-20,6,1,11.8
19052,S020,2025-11-20,9,5,28.8
19053,S020,2025-11-20,12,3,15.7
19054,S020,2025-11-20,15,1,21.4
19055,S020,2025-11-20,18,5,31.4
19056,S020,2025-11-20,21,2,19.8
19057,S020,2025-07-07,0,0,5.1
19058,S020,2025-07-07,3,0,2.5
19059,S020,2025-07-07,6,4,17.3
19060,S020,2025-07-07,9,9,25.8
19061,S020,2025-07-07,12,2,18.7
19062,S020,2025-07-07,15,4,17.9
19063,S020,2025-07-07,18,6,27.2
19064,S020,2025-07-07,21,2,14.5
19065,S020,2025-11-26,0,2,6.9
19066,S020,2025-11-26,3,1,7.6
19067,S020,2025-11-26,6,3,19.9
19068,S020,2025-11-26,9,5,33.8
19069,S020,2025-11-26,12,1,11.6
19070,S020,2025-11-26,15,6,12.6
19071,S020,2025-11-26,18,7,30.1
19072,S020,2025-11-26,21,2,19.8
19073,S020,2025-02-21,0,1,4.7
19074,S020,2025-02-21,3,0,4.0
19075,S020,2025-02-21,6,4,15.4
19076,S020,2025-02-21,9,7,30.5
19077,S020,2025-02-21,12,1,18.7
19078,S020,2025-02-21,15,5,16.1
19079,S020,2025-02-21,18,6,32.6
19080,S020,2025-02-21,21,1,16.3
19081,S020,2025-08-13,0,0,5.4
19082,S020,2025-08-13,3,0,11.1
19083,S020,2025-08-13,6,2,13.7
19084,S020,2025-08-13,9,12,28.6
19085,S020,2025-08-13,12,5,14.6
19086,S020,2025-08-13,15,5,15.5
19087,S020,2025-08-13,18,5,31.5
19088,S020,2025-08-13,21,1,25.0
19089,S020,2025-09-02,0,0,12.5
19090,S020,2025-09-02,3,2,4.1
19091,S020,2025-09-02,6,1,17.2
19092,S020,2025-09-02,9,6,23.5
19093,S020,2025-09-02,12,1,15.1
19094,S020,2025-09-02,15,5,31.1
19095,S020,2025-09-02,18,9,32.6
19096,S020,2025-09-02,21,3,21.0
19097,S020,2025-01-20,0,0,10.9
19098,S020,2025-01-20,3,0,7.9
19099,S020,2025-01-20,6,1,15.2
19100,S020,2025-01-20,9,2,21.0
19101,S020,2025-01-20,12,3,21.9
19102,S020,2025-01-20,15,4,18.9
19103,S020,2025-01-20,18,8,29.8
19104,S020,2025-01-20,21,0,19.4
19105,S020,2025-10-29,0,1,7.8
19106,S020,2025-10-29,3,2,9.0
19107,S020,2025-10-29,6,3,16.0
19108,S020,2025-10-29,9,6,28.6
19109,S020,2025-10-29,12,2,11.9
19110,S020,2025-10-29,15,2,12.9
19111,S020,2025-10-29,18,8,22.8
19112,S020,2025-10-29,21,5,16.5
19113,S020,2025-10-24,0,0,7.7
19114,S020,2025-10-24,3,0,12.8
19115,S020,2025-10-24,6,1,15.4
19116,S020,2025-10-24,9,3,28.1
19117,S020,2025-10-24,12,5,17.2
19118,S020,2025-10-24,15,6,10.3
19119,S020,2025-10-24,18,5,28.6
19120,S020,2025-10-24,21,5,13.6
19121,S020,2025-10-15,0,1,4.2
19122,S020,2025-10-15,3,0,14.5
19123,S020,2025-10-15,6,1,14.3
19124,S020,2025-10-15,9,4,31.9
19125,S020,2025-10-15,12,1,17.0
19126,S020,2025-10-15,15,8,18.9
19127,S020,2025-10-15,18,2,18.5
19128,S020,2025-10-15,21,1,22.6
19129,S020,2025-06-05,0,1,11.0
19130,S020,2025-06-05,3,0,0.0
19131,S020,2025-06-05,6,2,15.3
19132,S020,2025-06-05,9,3,24.1
19133,S020,2025-06-05,12,2,14.5
19134,S020,2025-06-05,15,3,13.7
19135,S020,2025-06-05,18,4,30.6
19136,S020,2025-06-05,21,2,19.0
19137,S020,2025-12-09,0,0,12.9
19138,S020,2025-12-09,3,0,7.1
19139,S020,2025-12-09,6,3,11.7
19140,S020,2025-12-09,9,2,32.2
19141,S020,2025-12-09,12,1,12.3
19142,S020,2025-12-09,15,2,24.1
19143,S020,2025-12-09,18,8,29.5
19144,S020,2025-12-09,21,5,11.3
19145,S020,2025-04-23,0,1,2.0
19146,S020,2025-04-23,3,0,5.6
19147,S020,2025-04-23,6,5,12.9
19148,S020,2025-04-23,9,2,22.0
19149,S020,2025-04-23,12,0,18.0
19150,S020,2025-04-23,15,4,17.2
19151,S020,2025-04-23,18,2,25.1
19152,S020,2025-04-23,21,5,17.8
19153,S020,2025-06-10,0,0,8.4
19154,S020,2025-06-10,3,0,10.4
19155,S020,2025-06-10,6,4,12.3
19156,S020,2025-06-10,9,5,28.6
19157,S020,2025-06-10,12,5,17.5
19158,S020,2025-06-10,15,2,24.3
19159,S020,2025-06-10,18,3,36.2
19160,S020,2025-06-10,21,1,15.0
19161,S020,2025-11-25,0,0,8.8
19162,S020,2025-11-25,3,0,1.4
19163,S020,2025-11-25,6,1,18.2
19164,S020,2025-11-25,9,9,29.6
19165,S020,2025-11-25,12,3,18.3
19166,S020,2025-11-25,15,5,19.7
19167,S020,2025-11-25,18,5,33.0
19168,S020,2025-11-25,21,1,20.8
19169,S020,2025-01-06,0,1,7.1
19170,S020,2025-01-06,3,1,9.0
19171,S020,2025-01-06,6,4,11.0
19172,S020,2025-01-06,9,2,29.4
19173,S020,2025-01-06,12,3,16.0
19174,S020,2025-01-06,15,4,26.0
19175,S020,2025-01-06,18,7,31.3
19176,S020,2025-01-06,21,0,9.7
19177,S020,2025-06-15,0,0,5.3
19178,S020,2025-06-15,3,3,11.1
19179,S020,2025-06-15,6,2,17.4
19180,S020,2025-06-15,9,9,27.5
19181,S020,2025-06-15,12,2,21.7
19182,S020,2025-06-15,15,4,15.4
19183,S020,2025-06-15,18,9,25.8
19184,S020,2025-06-15,21,6,20.6
19185,S020,2025-12-26,0,0,5.8
19186,S020,2025-12-26,3,1,5.0
19187,S020,2025-12-26,6,2,22.0
19188,S020,2025-12-26,9,5,27.1
19189,S020,2025-12-26,12,2,31.0
19190,S020,2025-12-26,15,6,22.0
19191,S020,2025-12-26,18,0,23.8
19192,S020,2025-12-26,21,4,21.4
19193,S020,2025-05-31,0,0,1.4
19194,S020,2025-05-31,3,1,12.7
19195,S020,2025-05-31,6,3,16.1
19196,S020,2025-05-31,9,3,36.3
19197,S020,2025-05-31,12,4,17.6
19198,S020,2025-05-31,15,2,22.5
19199,S020,2025-05-31,18,2,30.5
19200,S020,2025-05-31,21,3,16.2
