vehicle_id,customer_id,vehicle_type,vehicle_model,battery_capacity_kwh,vehicle_age_years
V00001,CU01549,Hatchback,Tata Tiago EV,30,0
V00002,CU02640,Sedan,MG5,55,0
V00003,CU04767,Commercial Van,Mahindra Treo,80,3
V00004,CU04512,Two-Wheeler,Ola S1,2,0
V00005,CU02832,Sedan,MG5,50,0
V00006,CU01007,SUV,Tata Nexon EV,70,3
V00007,CU03222,Hatchback,Tata Tiago EV,40,3
V00008,CU03063,Two-Wheeler,Ather 450X,2,3
V00009,CU04524,Commercial Van,Mahindra Treo,60,1
V00010,CU03053,SUV,Tata Nexon EV,82,1
V00011,CU04430,Sedan,BYD Seal,50,0
V00012,CU02320,Hatchback,Tata Tiago EV,40,3
V00013,CU03540,SUV,Tata Nexon EV,82,4
V00014,CU02367,SUV,Tata Nexon EV,82,0
V00015,CU00527,SUV,Hyundai Ioniq 5,100,3
V00016,CU02808,Hatchback,Tata Tiago EV,30,0
V00017,CU01196,SUV,Hyundai Ioniq 5,100,2
V00018,CU01754,SUV,Mahindra XUV400,75,0
V00019,CU01673,Hatchback,MG Comet,35,2
V00020,CU02029,Hatchback,MG Comet,30,3
V00021,CU01655,Sedan,BYD Seal,55,3
V00022,CU04550,Two-Wheeler,Ola S1,2,2
V00023,CU04842,SUV,Mahindra XUV400,82,2
V00024,CU04042,Two-Wheeler,Ather 450X,2,3
V00025,CU00848,Sedan,BYD Seal,60,4
V00026,CU00868,Commercial Van,Tata Ace EV,60,2
V00027,CU00774,Two-Wheeler,Ather 450X,3,4
V00028,CU00543,Sedan,BYD Seal,50,3
V00029,CU04418,Hatchback,MG Comet,40,4
V00030,CU00786,Sedan,MG5,60,4
V00031,CU03306,Commercial Van,Mahindra Treo,80,2
V00032,CU04636,Sedan,BYD Seal,50,2
V00033,CU02884,Sedan,BYD Seal,55,2
V00034,CU00449,Hatchback,Tata Tiago EV,30,1
V00035,CU03311,Two-Wheeler,Ather 450X,3,2
V00036,CU04586,Sedan,MG5,55,3
V00037,CU01906,Sedan,MG5,60,1
V00038,CU04560,Sedan,BYD Seal,60,2
V00039,CU04410,Sedan,BYD Seal,55,3
V00040,CU03252,Sedan,MG5,60,4
V00041,CU00385,SUV,Tata Nexon EV,75,3
V00042,CU00295,Two-Wheeler,Ather 450X,3,3
V00043,CU01239,Two-Wheeler,Ola S1,3,4
V00044,CU04858,Two-Wheeler,Ather 450X,2,2
V00045,CU02817,Hatchback,MG Comet,35,3
V00046,CU01099,Two-Wheeler,Ather 450X,2,3
V00047,CU01738,Hatchback,MG Comet,30,1
V00048,CU02190,Hatchback,MG Comet,30,1
V00049,CU02766,Commercial Van,Mahindra Treo,120,2
V00050,CU01223,Two-Wheeler,Ather 450X,4,2
V00051,CU03243,SUV,Hyundai Ioniq 5,70,0
V00052,CU03900,Two-Wheeler,Ola S1,4,4
V00053,CU04324,Commercial Van,Tata Ace EV,60,4
V00054,CU00411,SUV,Tata Nexon EV,82,4
V00055,CU03000,SUV,Mahindra XUV400,70,0
V00056,CU02946,Two-Wheeler,Ather 450X,4,4
V00057,CU04787,Hatchback,MG Comet,40,3
V00058,CU00878,Hatchback,MG Comet,30,0
V00059,CU00787,Two-Wheeler,Ather 450X,4,2
V00060,CU02110,Sedan,MG5,50,3
V00061,CU01987,Hatchback,Tata Tiago EV,30,4
V00062,CU00879,Sedan,MG5,50,1
V00063,CU01608,Sedan,MG5,60,0
V00064,CU02404,Commercial Van,Tata Ace EV,80,0
V00065,CU00071,SUV,Hyundai Ioniq 5,75,2
V00066,CU02311,SUV,Hyundai Ioniq 5,100,0
V00067,CU04402,Commercial Van,Mahindra Treo,60,4
V00068,CU03296,Commercial Van,Tata Ace EV,80,1
V00069,CU00762,SUV,Hyundai Ioniq 5,75,1
V00070,CU04684,Commercial Van,Tata Ace EV,80,2
V00071,CU02122,Sedan,MG5,55,2
V00072,CU03583,Hatchback,MG Comet,35,0
V00073,CU04198,Hatchback,Tata Tiago EV,30,1
V00074,CU01630,SUV,Hyundai Ioniq 5,100,4
V00075,CU04289,SUV,Hyundai Ioniq 5,100,0
V00076,CU01086,SUV,Mahindra XUV400,100,4
V00077,CU02458,SUV,Hyundai Ioniq 5,82,3
V00078,CU04396,Hatchback,MG Comet,40,3
V00079,CU03267,Hatchback,Tata Tiago EV,30,4
V00080,CU00454,SUV,Mahindra XUV400,70,3
V00081,CU02622,Hatchback,MG Comet,40,4
V00082,CU00619,SUV,Tata Nexon EV,100,3
V00083,CU00637,SUV,Hyundai Ioniq 5,100,1
V00084,CU02349,SUV,Mahindra XUV400,100,3
V00085,CU04875,Sedan,MG5,60,4
V00086,CU03037,SUV,Hyundai Ioniq 5,82,2
V00087,CU02250,Two-Wheeler,Ola S1,4,1
V00088,CU02722,Commercial Van,Tata Ace EV,120,1
V00089,CU02350,Two-Wheeler,Ola S1,4,1
V00090,CU04433,SUV,Hyundai Ioniq 5,75,1
V00091,CU01995,Hatchback,MG Comet,30,2
V00092,CU02821,SUV,Mahindra XUV400,82,4
V00093,CU01072,Commercial Van,Tata Ace EV,80,1
V00094,CU02032,Hatchback,Tata Tiago EV,35,4
V00095,CU01250,Sedan,MG5,60,4
V00096,CU01296,Hatchback,MG Comet,35,2
V00097,CU03557,Two-Wheeler,Ola S1,4,1
V00098,CU00328,Sedan,MG5,60,0
V00099,CU00797,Hatchback,Tata Tiago EV,40,1
V00100,CU02862,Two-Wheeler,Ather 450X,3,0
V00101,CU04761,SUV,Mahindra XUV400,100,3
V00102,CU02794,Sedan,BYD Seal,55,3
V00103,CU03095,Sedan,MG5,55,1
V00104,CU02978,Sedan,BYD Seal,55,4
V00105,CU00963,Sedan,MG5,50,2
V00106,CU01269,Sedan,MG5,60,2
V00107,CU00373,SUV,Tata Nexon EV,82,1
V00108,CU04381,Two-Wheeler,Ather 450X,4,1
V00109,CU02569,SUV,Hyundai Ioniq 5,100,3
V00110,CU04903,Sedan,MG5,60,4
V00111,CU04743,SUV,Hyundai Ioniq 5,82,0
V00112,CU03694,Two-Wheeler,Ather 450X,2,0
V00113,CU01605,Hatchback,MG Comet,40,0
V00114,CU00096,Hatchback,Tata Tiago EV,35,4
V00115,CU04370,SUV,Tata Nexon EV,100,3
V00116,CU03942,SUV,Hyundai Ioniq 5,75,2
V00117,CU01201,Hatchback,MG Comet,35,2
V00118,CU03945,Two-Wheeler,Ather 450X,4,1
V00119,CU04880,SUV,Mahindra XUV400,75,4
V00120,CU00132,Commercial Van,Mahindra Treo,60,2
V00121,CU03116,Hatchback,MG Comet,40,0
V00122,CU01391,Two-Wheeler,Ola S1,2,3
V00123,CU01150,Hatchback,Tata Tiago EV,40,0
V00124,CU03511,SUV,Tata Nexon EV,82,3
V00125,CU03648,SUV,Mahindra XUV400,75,0
V00126,CU00808,Sedan,BYD Seal,60,2
V00127,CU04840,Two-Wheeler,Ola S1,4,4
V00128,CU00051,Hatchback,Tata Tiago EV,40,2
V00129,CU03209,SUV,Tata Nexon EV,82,4
V00130,CU00056,Hatchback,MG Comet,30,2
V00131,CU03665,Two-Wheeler,Ola S1,2,3
V00132,CU00744,Hatchback,Tata Tiago EV,40,0
V00133,CU04539,Two-Wheeler,Ather 450X,3,2
V00134,CU02877,Two-Wheeler,Ola S1,2,1
V00135,CU00080,Two-Wheeler,Ola S1,4,0
V00136,CU04473,Hatchback,Tata Tiago EV,35,2
V00137,CU03941,SUV,Tata Nexon EV,100,0
V00138,CU02967,Hatchback,Tata Tiago EV,40,1
V00139,CU03729,Two-Wheeler,Ather 450X,3,2
V00140,CU04537,Two-Wheeler,Ather 450X,2,0
V00141,CU00126,SUV,Hyundai Ioniq 5,70,1
V00142,CU00219,Two-Wheeler,Ola S1,2,4
V00143,CU00948,Hatchback,MG Comet,40,2
V00144,CU04374,SUV,Hyundai Ioniq 5,100,1
V00145,CU00595,Sedan,BYD Seal,60,3
V00146,CU00141,Commercial Van,Tata Ace EV,120,2
V00147,CU02894,Two-Wheeler,Ola S1,3,0
V00148,CU03056,Two-Wheeler,Ola S1,2,3
V00149,CU01631,Commercial Van,Mahindra Treo,60,3
V00150,CU00877,Sedan,MG5,55,3
V00151,CU04206,Commercial Van,Mahindra Treo,60,1
V00152,CU02661,Sedan,MG5,60,1
V00153,CU03391,Two-Wheeler,Ola S1,3,0
V00154,CU04892,Two-Wheeler,Ola S1,4,3
V00155,CU02030,Hatchback,Tata Tiago EV,40,2
V00156,CU04825,Sedan,BYD Seal,50,0
V00157,CU02553,Hatchback,Tata Tiago EV,40,4
V00158,CU03612,Commercial Van,Mahindra Treo,120,3
V00159,CU01041,Hatchback,MG Comet,30,3
V00160,CU00315,SUV,Hyundai Ioniq 5,82,4
V00161,CU03460,Two-Wheeler,Ola S1,4,2
V00162,CU04173,Hatchback,MG Comet,40,4
V00163,CU03026,Sedan,BYD Seal,50,4
V00164,CU02947,SUV,Hyundai Ioniq 5,70,3
V00165,CU03237,Hatchback,Tata Tiago EV,35,3
V00166,CU03681,Two-Wheeler,Ola S1,4,1
V00167,CU04808,Sedan,BYD Seal,50,3
V00168,CU03107,Hatchback,MG Comet,40,3
V00169,CU01538,SUV,Tata Nexon EV,100,3
V00170,CU03873,Sedan,MG5,50,4
V00171,CU01868,Commercial Van,Mahindra Treo,80,0
V00172,CU04950,Two-Wheeler,Ather 450X,3,2
V00173,CU01162,Sedan,BYD Seal,60,1
V00174,CU03921,Sedan,MG5,55,2
V00175,CU03883,Sedan,MG5,55,3
V00176,CU02757,Sedan,MG5,50,2
V00177,CU01913,SUV,Mahindra XUV400,75,1
V00178,CU00265,Two-Wheeler,Ather 450X,3,0
V00179,CU04429,Sedan,BYD Seal,50,3
V00180,CU04916,Hatchback,MG Comet,40,1
V00181,CU01303,Sedan,BYD Seal,55,2
V00182,CU01195,Hatchback,Tata Tiago EV,30,4
V00183,CU01527,Two-Wheeler,Ola S1,4,4
V00184,CU03605,SUV,Tata Nexon EV,70,4
V00185,CU04395,Sedan,BYD Seal,50,4
V00186,CU02249,Sedan,MG5,60,3
V00187,CU01159,Commercial Van,Mahindra Treo,80,2
V00188,CU04368,Hatchback,MG Comet,30,0
V00189,CU04631,Two-Wheeler,Ather 450X,4,4
V00190,CU03514,Sedan,BYD Seal,50,2
V00191,CU02079,Two-Wheeler,Ola S1,4,1
V00192,CU01145,Two-Wheeler,Ola S1,4,1
V00193,CU00069,Hatchback,MG Comet,35,1
V00194,CU03718,Two-Wheeler,Ather 450X,3,2
V00195,CU03009,SUV,Tata Nexon EV,70,4
V00196,CU00827,Hatchback,MG Comet,30,4
V00197,CU01170,Hatchback,MG Comet,30,1
V00198,CU00984,SUV,Tata Nexon EV,100,4
V00199,CU04577,SUV,Hyundai Ioniq 5,100,3
V00200,CU03978,Two-Wheeler,Ola S1,2,1
V00201,CU03335,Two-Wheeler,Ola S1,4,1
V00202,CU02341,SUV,Tata Nexon EV,100,4
V00203,CU02016,Two-Wheeler,Ather 450X,4,1
V00204,CU01453,SUV,Tata Nexon EV,75,0
V00205,CU02134,Sedan,BYD Seal,55,2
V00206,CU01040,Commercial Van,Mahindra Treo,120,0
V00207,CU04724,Hatchback,Tata Tiago EV,40,1
V00208,CU04214,Sedan,MG5,60,2
V00209,CU03467,Two-Wheeler,Ola S1,3,2
V00210,CU03027,Sedan,MG5,55,0
V00211,CU04258,Hatchback,Tata Tiago EV,40,2
V00212,CU02748,Hatchback,Tata Tiago EV,35,1
V00213,CU04263,SUV,Mahindra XUV400,70,2
V00214,CU04396,Commercial Van,Tata Ace EV,120,3
V00215,CU03496,SUV,Tata Nexon EV,75,4
V00216,CU03856,SUV,Hyundai Ioniq 5,70,1
V00217,CU00562,Sedan,BYD Seal,60,0
V00218,CU02204,Sedan,MG5,60,2
V00219,CU03420,Hatchback,MG Comet,30,1
V00220,CU01145,Sedan,MG5,55,1
V00221,CU02700,Sedan,BYD Seal,50,4
V00222,CU01552,Hatchback,Tata Tiago EV,35,0
V00223,CU04022,Hatchback,Tata Tiago EV,35,2
V00224,CU00561,Two-Wheeler,Ather 450X,4,0
V00225,CU01188,Two-Wheeler,Ather 450X,2,0
V00226,CU03134,Commercial Van,Tata Ace EV,60,0
V00227,CU03412,SUV,Tata Nexon EV,70,4
V00228,CU01690,Hatchback,MG Comet,30,4
V00229,CU04408,Two-Wheeler,Ather 450X,3,0
V00230,CU02424,Hatchback,Tata Tiago EV,40,0
V00231,CU01370,SUV,Hyundai Ioniq 5,75,4
V00232,CU00581,Two-Wheeler,Ola S1,3,0
V00233,CU00977,Two-Wheeler,Ather 450X,3,2
V00234,CU04273,Commercial Van,Mahindra Treo,80,1
V00235,CU04610,Two-Wheeler,Ola S1,4,3
V00236,CU02357,SUV,Hyundai Ioniq 5,100,2
V00237,CU00119,Sedan,MG5,55,1
V00238,CU01543,Commercial Van,Mahindra Treo,80,3
V00239,CU04863,Hatchback,MG Comet,40,3
V00240,CU03044,Commercial Van,Mahindra Treo,60,3
V00241,CU00973,Sedan,BYD Seal,55,2
V00242,CU00916,Hatchback,MG Comet,35,0
V00243,CU01438,Two-Wheeler,Ola S1,2,1
V00244,CU00587,Hatchback,MG Comet,40,4
V00245,CU00351,Two-Wheeler,Ola S1,4,4
V00246,CU04592,Sedan,MG5,50,0
V00247,CU02563,Two-Wheeler,Ather 450X,4,4
V00248,CU01871,SUV,Tata Nexon EV,70,4
V00249,CU00273,SUV,Tata Nexon EV,82,1
V00250,CU02928,Sedan,MG5,55,4
V00251,CU04359,Hatchback,Tata Tiago EV,35,0
V00252,CU03440,Two-Wheeler,Ola S1,3,2
V00253,CU03042,Hatchback,MG Comet,40,3
V00254,CU03949,Sedan,MG5,50,1
V00255,CU01765,SUV,Hyundai Ioniq 5,100,1
V00256,CU04291,Sedan,MG5,55,3
V00257,CU01771,Hatchback,Tata Tiago EV,30,3
V00258,CU01523,Hatchback,MG Comet,40,1
V00259,CU00832,Hatchback,Tata Tiago EV,30,1
V00260,CU00562,Two-Wheeler,Ather 450X,4,4
V00261,CU03541,Hatchback,MG Comet,35,4
V00262,CU04137,Commercial Van,Mahindra Treo,60,2
V00263,CU01480,Hatchback,MG Comet,35,0
V00264,CU04467,Hatchback,Tata Tiago EV,30,3
V00265,CU01206,SUV,Tata Nexon EV,100,2
V00266,CU00657,Hatchback,MG Comet,35,2
V00267,CU03941,SUV,Hyundai Ioniq 5,70,1
V00268,CU00590,Two-Wheeler,Ather 450X,4,0
V00269,CU04327,Hatchback,MG Comet,30,3
V00270,CU04905,Two-Wheeler,Ather 450X,2,2
V00271,CU01372,Sedan,BYD Seal,55,3
V00272,CU04575,Hatchback,Tata Tiago EV,40,2
V00273,CU03752,Hatchback,Tata Tiago EV,30,4
V00274,CU03760,Commercial Van,Mahindra Treo,80,2
V00275,CU02101,Hatchback,MG Comet,30,2
V00276,CU01885,Two-Wheeler,Ola S1,3,1
V00277,CU00748,SUV,Hyundai Ioniq 5,82,3
V00278,CU00464,Hatchback,MG Comet,30,1
V00279,CU00754,Sedan,BYD Seal,60,0
V00280,CU00583,Two-Wheeler,Ather 450X,2,1
V00281,CU02206,Two-Wheeler,Ola S1,4,4
V00282,CU04115,Sedan,MG5,60,3
V00283,CU04151,Two-Wheeler,Ather 450X,3,4
V00284,CU04028,Hatchback,Tata Tiago EV,30,0
V00285,CU04817,Commercial Van,Mahindra Treo,80,3
V00286,CU03354,Two-Wheeler,Ola S1,4,4
V00287,CU02809,Two-Wheeler,Ola S1,2,4
V00288,CU03604,Two-Wheeler,Ola S1,3,2
V00289,CU03914,SUV,Hyundai Ioniq 5,75,3
V00290,CU01420,SUV,Hyundai Ioniq 5,100,3
V00291,CU02168,SUV,Tata Nexon EV,82,3
V00292,CU02145,Sedan,MG5,60,1
V00293,CU02168,SUV,Mahindra XUV400,70,3
V00294,CU01561,Sedan,BYD Seal,50,0
V00295,CU01177,Sedan,MG5,60,1
V00296,CU01269,Sedan,MG5,60,2
V00297,CU03588,Hatchback,MG Comet,35,2
V00298,CU01167,Sedan,BYD Seal,50,1
V00299,CU03576,Two-Wheeler,Ather 450X,2,4
V00300,CU02842,Sedan,MG5,55,0
V00301,CU01871,Two-Wheeler,Ola S1,3,4
V00302,CU03930,Hatchback,Tata Tiago EV,35,3
V00303,CU02268,Sedan,MG5,60,0
V00304,CU02887,Hatchback,Tata Tiago EV,40,0
V00305,CU00160,Hatchback,MG Comet,40,3
V00306,CU02659,SUV,Mahindra XUV400,100,4
V00307,CU03764,SUV,Hyundai Ioniq 5,70,0
V00308,CU04735,Hatchback,MG Comet,40,2
V00309,CU01056,Sedan,MG5,60,1
V00310,CU00334,Two-Wheeler,Ather 450X,4,3
V00311,CU03597,Hatchback,Tata Tiago EV,35,0
V00312,CU00892,Hatchback,Tata Tiago EV,35,4
V00313,CU02988,SUV,Hyundai Ioniq 5,82,1
V00314,CU04448,Hatchback,MG Comet,35,0
V00315,CU01363,Commercial Van,Tata Ace EV,60,4
V00316,CU00926,SUV,Tata Nexon EV,100,3
V00317,CU02444,Sedan,MG5,55,0
V00318,CU02578,Sedan,BYD Seal,55,2
V00319,CU03981,SUV,Hyundai Ioniq 5,100,0
V00320,CU02406,Hatchback,MG Comet,35,1
V00321,CU01420,Commercial Van,Mahindra Treo,80,2
V00322,CU02876,SUV,Mahindra XUV400,82,4
V00323,CU00060,Hatchback,Tata Tiago EV,40,2
V00324,CU02525,SUV,Hyundai Ioniq 5,75,3
V00325,CU03798,Hatchback,MG Comet,40,3
V00326,CU02660,Hatchback,Tata Tiago EV,40,0
V00327,CU04097,SUV,Hyundai Ioniq 5,82,4
V00328,CU01579,SUV,Tata Nexon EV,82,3
V00329,CU04407,SUV,Tata Nexon EV,70,2
V00330,CU03106,Hatchback,MG Comet,40,1
V00331,CU00708,SUV,Hyundai Ioniq 5,75,4
V00332,CU01781,Hatchback,Tata Tiago EV,30,1
V00333,CU02414,SUV,Hyundai Ioniq 5,75,0
V00334,CU04954,SUV,Hyundai Ioniq 5,100,1
V00335,CU03407,SUV,Tata Nexon EV,100,4
V00336,CU02162,Two-Wheeler,Ola S1,2,2
V00337,CU03540,Two-Wheeler,Ola S1,3,4
V00338,CU00609,Commercial Van,Mahindra Treo,120,0
V00339,CU00309,Commercial Van,Mahindra Treo,80,1
V00340,CU04308,Two-Wheeler,Ola S1,4,0
V00341,CU02365,Commercial Van,Mahindra Treo,80,4
V00342,CU00185,Two-Wheeler,Ola S1,3,0
V00343,CU00246,Two-Wheeler,Ather 450X,2,2
V00344,CU00239,Hatchback,Tata Tiago EV,30,2
V00345,CU00520,Hatchback,MG Comet,40,2
V00346,CU03908,Two-Wheeler,Ola S1,3,2
V00347,CU00277,Sedan,BYD Seal,55,2
V00348,CU04029,Two-Wheeler,Ather 450X,2,2
V00349,CU04310,Sedan,BYD Seal,60,4
V00350,CU00606,Sedan,MG5,60,4
V00351,CU04574,Two-Wheeler,Ather 450X,4,4
V00352,CU04604,Commercial Van,Tata Ace EV,80,4
V00353,CU04054,Hatchback,MG Comet,30,0
V00354,CU02713,Two-Wheeler,Ather 450X,3,3
V00355,CU00142,Two-Wheeler,Ather 450X,3,0
V00356,CU03662,Sedan,MG5,55,4
V00357,CU02370,Sedan,MG5,60,0
V00358,CU01718,Hatchback,MG Comet,40,2
V00359,CU04557,Hatchback,MG Comet,30,2
V00360,CU04766,Sedan,MG5,60,0
V00361,CU03428,Hatchback,Tata Tiago EV,40,4
V00362,CU02325,Hatchback,MG Comet,40,3
V00363,CU01845,Two-Wheeler,Ola S1,3,1
V00364,CU00400,SUV,Hyundai Ioniq 5,70,4
V00365,CU04764,SUV,Tata Nexon EV,82,4
V00366,CU02564,Hatchback,MG Comet,30,0
V00367,CU01523,Two-Wheeler,Ola S1,4,2
V00368,CU01335,Two-Wheeler,Ola S1,2,4
V00369,CU02624,SUV,Hyundai Ioniq 5,82,4
V00370,CU00239,Commercial Van,Tata Ace EV,80,0
V00371,CU03216,Two-Wheeler,Ather 450X,2,4
V00372,CU03648,Two-Wheeler,Ola S1,2,4
V00373,CU01617,Two-Wheeler,Ola S1,2,2
V00374,CU02430,Hatchback,Tata Tiago EV,40,3
V00375,CU03653,Sedan,BYD Seal,50,2
V00376,CU01722,Hatchback,Tata Tiago EV,40,0
V00377,CU01273,Hatchback,Tata Tiago EV,35,1
V00378,CU03140,Hatchback,Tata Tiago EV,35,1
V00379,CU02879,Two-Wheeler,Ola S1,3,1
V00380,CU01536,Hatchback,Tata Tiago EV,30,2
V00381,CU00536,Commercial Van,Tata Ace EV,120,0
V00382,CU00949,SUV,Tata Nexon EV,82,1
V00383,CU04959,Hatchback,Tata Tiago EV,40,0
V00384,CU02643,Sedan,MG5,50,2
V00385,CU03942,Hatchback,MG Comet,35,2
V00386,CU01022,Commercial Van,Mahindra Treo,120,4
V00387,CU00434,Two-Wheeler,Ola S1,3,1
V00388,CU01404,Hatchback,Tata Tiago EV,35,1
V00389,CU03512,Commercial Van,Tata Ace EV,120,2
V00390,CU02936,Two-Wheeler,Ather 450X,3,3
V00391,CU04879,Hatchback,Tata Tiago EV,35,0
V00392,CU04265,SUV,Mahindra XUV400,70,2
V00393,CU04805,SUV,Mahindra XUV400,100,4
V00394,CU03334,Hatchback,Tata Tiago EV,40,1
V00395,CU01603,Two-Wheeler,Ather 450X,2,4
V00396,CU00229,Hatchback,MG Comet,30,2
V00397,CU04523,Sedan,BYD Seal,50,0
V00398,CU04218,Hatchback,Tata Tiago EV,35,2
V00399,CU02197,Commercial Van,Tata Ace EV,120,4
V00400,CU02900,Two-Wheeler,Ather 450X,3,1
V00401,CU00111,Hatchback,MG Comet,40,2
V00402,CU01245,Sedan,BYD Seal,55,4
V00403,CU04160,Hatchback,MG Comet,35,2
V00404,CU02686,Two-Wheeler,Ather 450X,4,2
V00405,CU03802,Hatchback,Tata Tiago EV,40,2
V00406,CU03868,Two-Wheeler,Ola S1,2,3
V00407,CU01378,Commercial Van,Mahindra Treo,80,0
V00408,CU01772,SUV,Tata Nexon EV,75,1
V00409,CU00013,Hatchback,MG Comet,40,3
V00410,CU04335,Sedan,MG5,50,4
V00411,CU03262,Sedan,BYD Seal,50,3
V00412,CU00663,SUV,Mahindra XUV400,70,1
V00413,CU03093,SUV,Tata Nexon EV,75,3
V00414,CU00694,SUV,Tata Nexon EV,100,4
V00415,CU03391,Sedan,BYD Seal,60,1
V00416,CU01182,Two-Wheeler,Ola S1,3,1
V00417,CU03019,Hatchback,MG Comet,35,4
V00418,CU01505,Sedan,MG5,50,0
V00419,CU01903,Two-Wheeler,Ather 450X,3,4
V00420,CU04172,Hatchback,MG Comet,40,3
V00421,CU00329,Two-Wheeler,Ola S1,2,1
V00422,CU01440,Two-Wheeler,Ola S1,4,4
V00423,CU03847,SUV,Mahindra XUV400,82,1
V00424,CU04168,Hatchback,MG Comet,40,2
V00425,CU00225,Hatchback,MG Comet,30,4
V00426,CU02521,Sedan,BYD Seal,50,0
V00427,CU03715,Hatchback,Tata Tiago EV,35,2
V00428,CU02408,Commercial Van,Mahindra Treo,60,2
V00429,CU00811,SUV,Hyundai Ioniq 5,100,3
V00430,CU03118,Sedan,MG5,50,1
V00431,CU04774,Commercial Van,Mahindra Treo,60,4
V00432,CU03291,Two-Wheeler,Ather 450X,4,2
V00433,CU04387,Sedan,BYD Seal,60,3
V00434,CU02252,Sedan,BYD Seal,50,0
V00435,CU04662,Hatchback,Tata Tiago EV,30,4
V00436,CU02530,Commercial Van,Mahindra Treo,60,4
V00437,CU04607,SUV,Tata Nexon EV,75,1
V00438,CU00924,Two-Wheeler,Ola S1,3,1
V00439,CU03053,Sedan,BYD Seal,60,4
V00440,CU00016,Two-Wheeler,Ola S1,2,0
V00441,CU03597,Hatchback,Tata Tiago EV,30,4
V00442,CU02404,Commercial Van,Mahindra Treo,60,0
V00443,CU04452,Commercial Van,Mahindra Treo,120,1
V00444,CU04926,Sedan,MG5,55,1
V00445,CU04011,Two-Wheeler,Ola S1,4,3
V00446,CU02647,Two-Wheeler,Ather 450X,4,3
V00447,CU01102,Commercial Van,Mahindra Treo,80,4
V00448,CU02976,Sedan,MG5,55,1
V00449,CU01091,Sedan,BYD Seal,50,3
V00450,CU02907,Two-Wheeler,Ola S1,3,4
V00451,CU01747,Two-Wheeler,Ather 450X,4,2
V00452,CU04310,Sedan,MG5,55,3
V00453,CU01721,Two-Wheeler,Ather 450X,4,1
V00454,CU00449,Hatchback,MG Comet,40,0
V00455,CU03013,Two-Wheeler,Ola S1,2,1
V00456,CU03505,Hatchback,MG Comet,40,4
V00457,CU01569,Sedan,MG5,50,3
V00458,CU03187,Sedan,BYD Seal,55,2
V00459,CU03492,Sedan,BYD Seal,55,0
V00460,CU02547,SUV,Hyundai Ioniq 5,75,3
V00461,CU04806,SUV,Hyundai Ioniq 5,70,0
V00462,CU04476,Sedan,MG5,50,2
V00463,CU01048,Hatchback,MG Comet,30,0
V00464,CU04635,Two-Wheeler,Ola S1,4,3
V00465,CU04849,Sedan,BYD Seal,55,4
V00466,CU04631,SUV,Mahindra XUV400,82,0
V00467,CU04769,SUV,Tata Nexon EV,75,2
V00468,CU01065,Commercial Van,Tata Ace EV,60,3
V00469,CU03822,Two-Wheeler,Ather 450X,2,2
V00470,CU00568,Hatchback,MG Comet,30,1
V00471,CU01437,Two-Wheeler,Ather 450X,2,4
V00472,CU04511,Commercial Van,Tata Ace EV,120,0
V00473,CU04545,Sedan,BYD Seal,50,3
V00474,CU04706,Commercial Van,Mahindra Treo,60,2
V00475,CU02706,SUV,Mahindra XUV400,75,1
V00476,CU02484,Sedan,BYD Seal,55,0
V00477,CU04801,Sedan,BYD Seal,50,0
V00478,CU04830,SUV,Mahindra XUV400,100,3
V00479,CU03780,Hatchback,MG Comet,30,2
V00480,CU04896,Hatchback,MG Comet,40,0
V00481,CU02795,Hatchback,Tata Tiago EV,30,2
V00482,CU01861,Sedan,MG5,60,4
V00483,CU03337,Sedan,MG5,50,1
V00484,CU01891,SUV,Tata Nexon EV,75,0
V00485,CU04827,Sedan,BYD Seal,60,2
V00486,CU04292,Commercial Van,Tata Ace EV,80,1
V00487,CU01098,Sedan,MG5,60,4
V00488,CU01639,Sedan,BYD Seal,50,3
V00489,CU01659,Hatchback,MG Comet,40,3
V00490,CU01126,Sedan,BYD Seal,60,3
V00491,CU00264,Hatchback,Tata Tiago EV,40,0
V00492,CU02993,SUV,Tata Nexon EV,75,1
V00493,CU00161,Two-Wheeler,Ather 450X,4,2
V00494,CU01257,Hatchback,Tata Tiago EV,30,2
V00495,CU04866,Sedan,BYD Seal,60,2
V00496,CU00311,Hatchback,MG Comet,40,0
V00497,CU00227,Two-Wheeler,Ola S1,3,1
V00498,CU00273,Two-Wheeler,Ola S1,4,0
V00499,CU04413,Hatchback,Tata Tiago EV,40,4
V00500,CU01923,Sedan,BYD Seal,60,0
V00501,CU03158,Commercial Van,Mahindra Treo,60,3
V00502,CU02339,Sedan,BYD Seal,50,1
V00503,CU01602,SUV,Mahindra XUV400,75,1
V00504,CU03719,Sedan,BYD Seal,50,3
V00505,CU02423,SUV,Hyundai Ioniq 5,75,2
V00506,CU01926,Commercial Van,Mahindra Treo,120,1
V00507,CU00567,Commercial Van,Mahindra Treo,60,2
V00508,CU02916,Two-Wheeler,Ather 450X,2,3
V00509,CU00252,Sedan,MG5,50,3
V00510,CU02355,Sedan,BYD Seal,60,4
V00511,CU03502,Sedan,BYD Seal,55,0
V00512,CU04771,Commercial Van,Tata Ace EV,120,0
V00513,CU02312,Two-Wheeler,Ola S1,2,3
V00514,CU02116,Sedan,MG5,50,1
V00515,CU01603,Hatchback,MG Comet,30,0
V00516,CU03271,SUV,Mahindra XUV400,82,3
V00517,CU00514,Commercial Van,Tata Ace EV,120,2
V00518,CU00442,SUV,Tata Nexon EV,70,2
V00519,CU00001,Hatchback,MG Comet,35,4
V00520,CU00903,Hatchback,Tata Tiago EV,30,3
V00521,CU01221,Sedan,BYD Seal,50,3
V00522,CU02322,Commercial Van,Tata Ace EV,80,0
V00523,CU00856,Commercial Van,Mahindra Treo,80,0
V00524,CU01018,Commercial Van,Mahindra Treo,60,1
V00525,CU02221,Two-Wheeler,Ather 450X,3,1
V00526,CU04681,SUV,Hyundai Ioniq 5,70,0
V00527,CU03505,SUV,Mahindra XUV400,82,0
V00528,CU04551,SUV,Tata Nexon EV,75,0
V00529,CU00196,Two-Wheeler,Ather 450X,3,3
V00530,CU04695,Sedan,MG5,55,4
V00531,CU01333,SUV,Mahindra XUV400,75,0
V00532,CU04652,Hatchback,MG Comet,30,2
V00533,CU01518,Sedan,BYD Seal,55,1
V00534,CU04535,Two-Wheeler,Ather 450X,2,0
V00535,CU02698,Commercial Van,Tata Ace EV,80,0
V00536,CU04455,SUV,Hyundai Ioniq 5,100,0
V00537,CU03108,Hatchback,MG Comet,35,2
V00538,CU01058,Commercial Van,Mahindra Treo,120,2
V00539,CU02706,Two-Wheeler,Ather 450X,4,0
V00540,CU02064,Sedan,BYD Seal,50,3
V00541,CU02793,SUV,Hyundai Ioniq 5,100,2
V00542,CU00421,Sedan,BYD Seal,55,1
V00543,CU04649,Sedan,BYD Seal,50,4
V00544,CU02815,Two-Wheeler,Ather 450X,3,4
V00545,CU02841,Hatchback,MG Comet,30,4
V00546,CU01032,Hatchback,Tata Tiago EV,35,1
V00547,CU01492,Hatchback,MG Comet,35,3
V00548,CU04976,Sedan,BYD Seal,55,3
V00549,CU01886,Hatchback,MG Comet,35,4
V00550,CU04948,Hatchback,MG Comet,30,2
V00551,CU00510,Hatchback,MG Comet,35,3
V00552,CU01860,Hatchback,Tata Tiago EV,30,0
V00553,CU01859,Sedan,BYD Seal,50,3
V00554,CU00914,Hatchback,Tata Tiago EV,40,1
V00555,CU02066,SUV,Tata Nexon EV,82,0
V00556,CU02967,SUV,Mahindra XUV400,70,1
V00557,CU04890,Hatchback,MG Comet,30,3
V00558,CU03838,SUV,Tata Nexon EV,75,0
V00559,CU01597,Commercial Van,Mahindra Treo,60,4
V00560,CU04443,Commercial Van,Tata Ace EV,80,4
V00561,CU01056,Hatchback,Tata Tiago EV,40,2
V00562,CU01024,Two-Wheeler,Ather 450X,3,1
V00563,CU03205,Sedan,BYD Seal,50,4
V00564,CU00576,Hatchback,MG Comet,35,2
V00565,CU00199,Sedan,BYD Seal,55,2
V00566,CU01366,Sedan,BYD Seal,55,4
V00567,CU01999,SUV,Mahindra XUV400,82,0
V00568,CU01017,SUV,Hyundai Ioniq 5,75,0
V00569,CU03619,Two-Wheeler,Ola S1,3,2
V00570,CU00026,Hatchback,MG Comet,35,0
V00571,CU01559,Sedan,BYD Seal,55,1
V00572,CU03725,Sedan,MG5,60,2
V00573,CU03459,Sedan,MG5,50,1
V00574,CU03357,Commercial Van,Tata Ace EV,60,3
V00575,CU02368,Two-Wheeler,Ather 450X,2,0
V00576,CU00471,Commercial Van,Tata Ace EV,80,4
V00577,CU02468,SUV,Tata Nexon EV,100,0
V00578,CU04747,Sedan,BYD Seal,60,3
V00579,CU00886,Sedan,BYD Seal,50,3
V00580,CU00876,Sedan,MG5,60,0
V00581,CU00942,Sedan,MG5,60,2
V00582,CU03042,Two-Wheeler,Ola S1,3,2
V00583,CU00572,Sedan,MG5,55,4
V00584,CU04150,Sedan,BYD Seal,50,1
V00585,CU00605,Two-Wheeler,Ola S1,4,0
V00586,CU04421,Two-Wheeler,Ola S1,4,2
V00587,CU03530,Sedan,MG5,50,2
V00588,CU04981,SUV,Mahindra XUV400,82,0
V00589,CU04361,Hatchback,Tata Tiago EV,30,2
V00590,CU00382,SUV,Hyundai Ioniq 5,100,1
V00591,CU01237,Hatchback,Tata Tiago EV,30,2
V00592,CU02381,Hatchback,Tata Tiago EV,35,3
V00593,CU03780,SUV,Hyundai Ioniq 5,70,3
V00594,CU02106,Sedan,MG5,60,2
V00595,CU01518,Two-Wheeler,Ola S1,3,2
V00596,CU01534,Two-Wheeler,Ola S1,4,2
V00597,CU03295,Hatchback,MG Comet,35,1
V00598,CU03441,Two-Wheeler,Ather 450X,2,2
V00599,CU03490,SUV,Mahindra XUV400,100,0
V00600,CU03946,Hatchback,MG Comet,40,1
V00601,CU04643,SUV,Hyundai Ioniq 5,100,2
V00602,CU00871,SUV,Tata Nexon EV,75,1
V00603,CU02151,SUV,Hyundai Ioniq 5,100,4
V00604,CU03233,Commercial Van,Mahindra Treo,120,1
V00605,CU03232,SUV,Mahindra XUV400,70,3
V00606,CU03767,Commercial Van,Tata Ace EV,60,0
V00607,CU04961,SUV,Hyundai Ioniq 5,82,4
V00608,CU03208,Hatchback,Tata Tiago EV,35,0
V00609,CU04494,Sedan,BYD Seal,60,1
V00610,CU04488,Hatchback,MG Comet,40,0
V00611,CU03827,SUV,Mahindra XUV400,100,3
V00612,CU01613,SUV,Tata Nexon EV,82,2
V00613,CU01078,Sedan,BYD Seal,55,3
V00614,CU01301,Hatchback,MG Comet,40,4
V00615,CU02159,Sedan,MG5,55,1
V00616,CU02272,Hatchback,MG Comet,35,1
V00617,CU02530,SUV,Tata Nexon EV,82,2
V00618,CU03261,Two-Wheeler,Ather 450X,4,3
V00619,CU00364,Commercial Van,Tata Ace EV,80,4
V00620,CU00846,Hatchback,MG Comet,30,4
V00621,CU03033,SUV,Mahindra XUV400,70,3
V00622,CU01328,SUV,Mahindra XUV400,70,4
V00623,CU03163,Commercial Van,Tata Ace EV,80,2
V00624,CU00392,SUV,Tata Nexon EV,82,3
V00625,CU03256,Hatchback,Tata Tiago EV,40,1
V00626,CU02060,Sedan,BYD Seal,55,3
V00627,CU03238,SUV,Hyundai Ioniq 5,82,3
V00628,CU02047,Two-Wheeler,Ather 450X,2,0
V00629,CU04242,Two-Wheeler,Ola S1,2,2
V00630,CU01306,Hatchback,Tata Tiago EV,40,2
V00631,CU02895,Commercial Van,Tata Ace EV,60,4
V00632,CU02033,Hatchback,MG Comet,35,0
V00633,CU00765,Commercial Van,Mahindra Treo,80,3
V00634,CU00499,Two-Wheeler,Ola S1,2,1
V00635,CU03369,SUV,Mahindra XUV400,82,1
V00636,CU02945,Two-Wheeler,Ather 450X,4,1
V00637,CU03805,Hatchback,Tata Tiago EV,30,2
V00638,CU04214,Hatchback,Tata Tiago EV,40,4
V00639,CU04461,Hatchback,MG Comet,30,1
V00640,CU00136,Hatchback,Tata Tiago EV,35,3
V00641,CU01101,SUV,Mahindra XUV400,100,1
V00642,CU01872,Hatchback,MG Comet,40,4
V00643,CU04034,Two-Wheeler,Ather 450X,3,3
V00644,CU04114,Sedan,BYD Seal,50,1
V00645,CU04013,SUV,Mahindra XUV400,75,0
V00646,CU00205,SUV,Tata Nexon EV,82,1
V00647,CU04595,Sedan,BYD Seal,55,3
V00648,CU02372,Hatchback,MG Comet,30,4
V00649,CU04691,Sedan,BYD Seal,55,1
V00650,CU00562,Two-Wheeler,Ather 450X,4,1
V00651,CU03315,SUV,Mahindra XUV400,82,0
V00652,CU03961,Sedan,MG5,60,1
V00653,CU02527,Two-Wheeler,Ather 450X,3,4
V00654,CU02212,Hatchback,MG Comet,35,0
V00655,CU02372,SUV,Mahindra XUV400,75,1
V00656,CU04736,Sedan,MG5,55,2
V00657,CU02682,Two-Wheeler,Ather 450X,3,3
V00658,CU02807,Commercial Van,Tata Ace EV,120,0
V00659,CU03770,Two-Wheeler,Ather 450X,3,2
V00660,CU02256,Sedan,BYD Seal,55,0
V00661,CU04411,Hatchback,Tata Tiago EV,40,2
V00662,CU00901,Two-Wheeler,Ather 450X,4,3
V00663,CU01751,Sedan,BYD Seal,55,1
V00664,CU04900,Hatchback,Tata Tiago EV,30,2
V00665,CU03296,Two-Wheeler,Ather 450X,4,3
V00666,CU03160,Sedan,MG5,50,3
V00667,CU01453,Hatchback,MG Comet,40,3
V00668,CU01244,Commercial Van,Mahindra Treo,60,3
V00669,CU02323,Sedan,MG5,50,4
V00670,CU01671,Sedan,BYD Seal,50,2
V00671,CU02028,Two-Wheeler,Ather 450X,4,1
V00672,CU01769,Two-Wheeler,Ather 450X,4,0
V00673,CU03664,Hatchback,MG Comet,40,4
V00674,CU02303,SUV,Mahindra XUV400,70,0
V00675,CU01170,Two-Wheeler,Ather 450X,4,3
V00676,CU04711,Hatchback,MG Comet,35,4
V00677,CU02433,Sedan,MG5,55,2
V00678,CU00387,Hatchback,Tata Tiago EV,40,2
V00679,CU02431,Two-Wheeler,Ather 450X,4,0
V00680,CU03349,Two-Wheeler,Ola S1,4,2
V00681,CU01406,Hatchback,MG Comet,35,1
V00682,CU00124,Two-Wheeler,Ather 450X,2,0
V00683,CU03998,Two-Wheeler,Ather 450X,2,0
V00684,CU03453,Sedan,BYD Seal,60,0
V00685,CU03897,SUV,Mahindra XUV400,75,1
V00686,CU01625,Hatchback,MG Comet,35,4
V00687,CU01182,Commercial Van,Mahindra Treo,80,3
V00688,CU00728,SUV,Hyundai Ioniq 5,100,4
V00689,CU03885,SUV,Hyundai Ioniq 5,100,0
V00690,CU03671,SUV,Hyundai Ioniq 5,75,0
V00691,CU01142,SUV,Tata Nexon EV,82,0
V00692,CU02376,Two-Wheeler,Ola S1,3,3
V00693,CU04032,SUV,Mahindra XUV400,100,1
V00694,CU00359,Commercial Van,Mahindra Treo,120,1
V00695,CU03743,SUV,Mahindra XUV400,70,0
V00696,CU02845,Hatchback,MG Comet,35,1
V00697,CU04539,Commercial Van,Tata Ace EV,80,2
V00698,CU02212,SUV,Mahindra XUV400,100,4
V00699,CU00973,SUV,Mahindra XUV400,75,0
V00700,CU00361,Commercial Van,Mahindra Treo,60,2
V00701,CU02633,Hatchback,Tata Tiago EV,40,2
V00702,CU03191,Sedan,MG5,50,0
V00703,CU04949,Hatchback,MG Comet,40,1
V00704,CU01625,SUV,Tata Nexon EV,70,4
V00705,CU03929,Two-Wheeler,Ola S1,4,3
V00706,CU01757,Commercial Van,Tata Ace EV,80,3
V00707,CU00241,Sedan,MG5,55,2
V00708,CU04762,Two-Wheeler,Ola S1,2,3
V00709,CU00976,Commercial Van,Mahindra Treo,120,3
V00710,CU04319,SUV,Mahindra XUV400,82,1
V00711,CU02314,Hatchback,Tata Tiago EV,40,2
V00712,CU01306,SUV,Hyundai Ioniq 5,82,4
V00713,CU00788,Commercial Van,Tata Ace EV,120,1
V00714,CU02429,Commercial Van,Tata Ace EV,80,1
V00715,CU00556,SUV,Hyundai Ioniq 5,70,3
V00716,CU02110,Two-Wheeler,Ather 450X,3,2
V00717,CU04943,Hatchback,MG Comet,40,2
V00718,CU02650,Hatchback,Tata Tiago EV,30,3
V00719,CU01560,Commercial Van,Mahindra Treo,80,2
V00720,CU04236,Hatchback,MG Comet,30,1
V00721,CU01364,Hatchback,MG Comet,40,4
V00722,CU03960,Sedan,BYD Seal,55,3
V00723,CU00590,SUV,Tata Nexon EV,75,0
V00724,CU01750,SUV,Mahindra XUV400,75,2
V00725,CU00541,Sedan,MG5,50,4
V00726,CU02423,Commercial Van,Tata Ace EV,120,4
V00727,CU00291,Commercial Van,Mahindra Treo,80,1
V00728,CU02091,Sedan,BYD Seal,60,0
V00729,CU03936,Sedan,BYD Seal,55,2
V00730,CU03959,Two-Wheeler,Ola S1,3,2
V00731,CU03860,SUV,Mahindra XUV400,70,3
V00732,CU01256,Sedan,BYD Seal,50,1
V00733,CU00008,Sedan,MG5,55,3
V00734,CU01658,Sedan,BYD Seal,55,1
V00735,CU04579,Hatchback,MG Comet,35,3
V00736,CU04429,Sedan,MG5,60,2
V00737,CU01257,SUV,Hyundai Ioniq 5,82,2
V00738,CU03951,Two-Wheeler,Ola S1,4,2
V00739,CU01040,Two-Wheeler,Ola S1,3,2
V00740,CU02117,Sedan,MG5,60,4
V00741,CU00685,Two-Wheeler,Ather 450X,3,3
V00742,CU04019,Hatchback,MG Comet,40,0
V00743,CU01798,Sedan,BYD Seal,50,3
V00744,CU01825,Two-Wheeler,Ather 450X,2,4
V00745,CU03535,SUV,Mahindra XUV400,70,0
V00746,CU00063,Sedan,MG5,55,3
V00747,CU00261,SUV,Tata Nexon EV,75,4
V00748,CU03572,Commercial Van,Mahindra Treo,120,3
V00749,CU03193,SUV,Hyundai Ioniq 5,82,1
V00750,CU04954,Two-Wheeler,Ola S1,3,1
V00751,CU01489,Commercial Van,Mahindra Treo,120,0
V00752,CU01131,Two-Wheeler,Ola S1,3,2
V00753,CU04276,SUV,Tata Nexon EV,82,2
V00754,CU00355,Hatchback,MG Comet,30,2
V00755,CU02775,Sedan,BYD Seal,55,2
V00756,CU00589,SUV,Hyundai Ioniq 5,75,4
V00757,CU00605,Two-Wheeler,Ola S1,4,0
V00758,CU02229,Sedan,MG5,50,4
V00759,CU00174,Commercial Van,Tata Ace EV,60,2
V00760,CU00354,Sedan,MG5,60,0
V00761,CU03291,Two-Wheeler,Ola S1,2,2
V00762,CU00434,Sedan,BYD Seal,50,4
V00763,CU02953,Sedan,BYD Seal,50,1
V00764,CU00259,Two-Wheeler,Ola S1,2,4
V00765,CU00868,Sedan,BYD Seal,55,3
V00766,CU02607,Hatchback,MG Comet,30,3
V00767,CU03646,SUV,Mahindra XUV400,70,1
V00768,CU00596,SUV,Hyundai Ioniq 5,75,4
V00769,CU00394,Two-Wheeler,Ather 450X,4,0
V00770,CU04432,Commercial Van,Tata Ace EV,60,4
V00771,CU02111,Hatchback,Tata Tiago EV,30,2
V00772,CU03865,SUV,Hyundai Ioniq 5,75,1
V00773,CU04140,SUV,Tata Nexon EV,100,3
V00774,CU02201,Commercial Van,Tata Ace EV,120,1
V00775,CU03998,Commercial Van,Tata Ace EV,60,2
V00776,CU03854,Two-Wheeler,Ather 450X,2,4
V00777,CU04950,SUV,Tata Nexon EV,70,4
V00778,CU03755,Hatchback,MG Comet,30,1
V00779,CU04371,Sedan,MG5,60,0
V00780,CU03430,SUV,Hyundai Ioniq 5,75,4
V00781,CU04522,Two-Wheeler,Ather 450X,3,0
V00782,CU04579,SUV,Tata Nexon EV,100,2
V00783,CU00214,Two-Wheeler,Ather 450X,3,2
V00784,CU02127,Sedan,MG5,55,1
V00785,CU00139,Two-Wheeler,Ola S1,4,0
V00786,CU04194,Hatchback,MG Comet,35,1
V00787,CU03961,Hatchback,Tata Tiago EV,35,1
V00788,CU00664,Hatchback,Tata Tiago EV,40,3
V00789,CU02833,Two-Wheeler,Ola S1,2,3
V00790,CU01074,Hatchback,Tata Tiago EV,40,2
V00791,CU04575,Two-Wheeler,Ola S1,4,3
V00792,CU04023,Hatchback,MG Comet,40,3
V00793,CU00162,Sedan,BYD Seal,50,1
V00794,CU01501,Commercial Van,Mahindra Treo,80,1
V00795,CU03179,SUV,Mahindra XUV400,82,3
V00796,CU04491,Hatchback,Tata Tiago EV,40,0
V00797,CU04897,Sedan,MG5,60,0
V00798,CU00186,Commercial Van,Mahindra Treo,120,2
V00799,CU04654,Sedan,BYD Seal,60,1
V00800,CU01981,SUV,Mahindra XUV400,75,3
V00801,CU04542,Sedan,BYD Seal,60,1
V00802,CU03989,Sedan,MG5,50,1
V00803,CU00830,Hatchback,Tata Tiago EV,35,2
V00804,CU03520,SUV,Hyundai Ioniq 5,70,3
V00805,CU03512,Two-Wheeler,Ola S1,4,2
V00806,CU03329,Sedan,MG5,55,4
V00807,CU03349,Two-Wheeler,Ather 450X,4,4
V00808,CU02486,Two-Wheeler,Ola S1,2,4
V00809,CU04612,Commercial Van,Mahindra Treo,60,4
V00810,CU01226,Hatchback,Tata Tiago EV,30,0
V00811,CU04852,Sedan,MG5,60,3
V00812,CU02845,Two-Wheeler,Ola S1,4,1
V00813,CU02734,Hatchback,Tata Tiago EV,35,0
V00814,CU04421,Hatchback,MG Comet,35,0
V00815,CU03997,Two-Wheeler,Ather 450X,3,4
V00816,CU02671,Sedan,MG5,60,4
V00817,CU04783,Sedan,MG5,50,2
V00818,CU01499,Sedan,MG5,50,1
V00819,CU01689,Two-Wheeler,Ather 450X,4,0
V00820,CU02448,Sedan,BYD Seal,60,1
V00821,CU00868,Two-Wheeler,Ola S1,3,0
V00822,CU04313,SUV,Hyundai Ioniq 5,100,2
V00823,CU03009,SUV,Mahindra XUV400,75,0
V00824,CU03525,Sedan,BYD Seal,55,0
V00825,CU02013,Hatchback,MG Comet,30,4
V00826,CU00240,SUV,Mahindra XUV400,70,3
V00827,CU00048,Sedan,BYD Seal,50,2
V00828,CU04050,Commercial Van,Mahindra Treo,120,2
V00829,CU03458,Sedan,BYD Seal,55,3
V00830,CU03280,SUV,Tata Nexon EV,75,1
V00831,CU03229,Sedan,BYD Seal,50,4
V00832,CU01249,Two-Wheeler,Ather 450X,4,0
V00833,CU01168,Sedan,MG5,60,3
V00834,CU03491,Sedan,MG5,55,0
V00835,CU04971,Two-Wheeler,Ather 450X,2,3
V00836,CU01898,SUV,Mahindra XUV400,82,0
V00837,CU03537,SUV,Hyundai Ioniq 5,100,4
V00838,CU02180,SUV,Mahindra XUV400,82,0
V00839,CU04721,Two-Wheeler,Ola S1,2,4
V00840,CU01971,Sedan,MG5,60,4
V00841,CU04697,Hatchback,Tata Tiago EV,30,3
V00842,CU02721,Two-Wheeler,Ather 450X,4,2
V00843,CU02382,Hatchback,MG Comet,35,1
V00844,CU01944,Two-Wheeler,Ola S1,3,2
V00845,CU03147,Hatchback,Tata Tiago EV,35,1
V00846,CU03484,Sedan,BYD Seal,60,0
V00847,CU03697,Hatchback,MG Comet,30,4
V00848,CU02826,SUV,Hyundai Ioniq 5,75,0
V00849,CU01828,SUV,Mahindra XUV400,82,0
V00850,CU00223,Hatchback,Tata Tiago EV,30,4
V00851,CU01747,Sedan,BYD Seal,55,0
V00852,CU00530,Commercial Van,Tata Ace EV,120,1
V00853,CU00134,Sedan,MG5,50,3
V00854,CU03804,Two-Wheeler,Ather 450X,3,1
V00855,CU04487,Commercial Van,Mahindra Treo,80,3
V00856,CU00102,Commercial Van,Mahindra Treo,80,3
V00857,CU03724,Two-Wheeler,Ather 450X,2,2
V00858,CU02729,Sedan,BYD Seal,60,2
V00859,CU02546,Commercial Van,Mahindra Treo,60,3
V00860,CU02559,Two-Wheeler,Ola S1,4,1
V00861,CU03042,Two-Wheeler,Ather 450X,4,0
V00862,CU02001,Hatchback,Tata Tiago EV,40,3
V00863,CU00949,Commercial Van,Tata Ace EV,60,0
V00864,CU01569,Two-Wheeler,Ola S1,4,1
V00865,CU04937,Two-Wheeler,Ather 450X,3,1
V00866,CU02054,Hatchback,Tata Tiago EV,35,2
V00867,CU03006,Hatchback,Tata Tiago EV,35,4
V00868,CU00194,Commercial Van,Mahindra Treo,60,3
V00869,CU00742,SUV,Hyundai Ioniq 5,70,2
V00870,CU03907,Sedan,BYD Seal,55,3
V00871,CU02960,Two-Wheeler,Ather 450X,2,2
V00872,CU04569,Hatchback,Tata Tiago EV,30,3
V00873,CU02264,Sedan,MG5,60,4
V00874,CU03421,Sedan,MG5,50,0
V00875,CU02924,Sedan,MG5,60,1
V00876,CU03255,Sedan,BYD Seal,60,0
V00877,CU03240,Hatchback,MG Comet,40,1
V00878,CU03866,Hatchback,Tata Tiago EV,30,4
V00879,CU00038,SUV,Mahindra XUV400,75,4
V00880,CU01699,Commercial Van,Tata Ace EV,80,4
V00881,CU04567,SUV,Hyundai Ioniq 5,82,2
V00882,CU04027,Sedan,BYD Seal,55,2
V00883,CU03214,Hatchback,Tata Tiago EV,35,3
V00884,CU01784,Two-Wheeler,Ola S1,2,0
V00885,CU01967,Commercial Van,Tata Ace EV,60,1
V00886,CU00103,Sedan,BYD Seal,60,1
V00887,CU00042,Sedan,BYD Seal,60,1
V00888,CU02995,SUV,Mahindra XUV400,70,1
V00889,CU03219,Two-Wheeler,Ather 450X,3,3
V00890,CU02991,Sedan,MG5,60,1
V00891,CU04289,SUV,Tata Nexon EV,82,0
V00892,CU03370,Two-Wheeler,Ather 450X,2,1
V00893,CU01062,Commercial Van,Tata Ace EV,120,2
V00894,CU02550,Hatchback,Tata Tiago EV,30,0
V00895,CU01677,Commercial Van,Tata Ace EV,80,2
V00896,CU03690,Sedan,MG5,60,4
V00897,CU03998,Two-Wheeler,Ola S1,4,1
V00898,CU00326,SUV,Tata Nexon EV,82,2
V00899,CU01121,Sedan,BYD Seal,60,1
V00900,CU00108,SUV,Hyundai Ioniq 5,70,1
V00901,CU02679,Sedan,BYD Seal,60,3
V00902,CU00335,Hatchback,Tata Tiago EV,30,2
V00903,CU02040,Sedan,BYD Seal,50,3
V00904,CU00804,SUV,Hyundai Ioniq 5,100,2
V00905,CU01849,Hatchback,Tata Tiago EV,30,0
V00906,CU00767,Commercial Van,Tata Ace EV,120,3
V00907,CU03528,Hatchback,Tata Tiago EV,30,3
V00908,CU02307,Sedan,MG5,55,3
V00909,CU02830,Hatchback,MG Comet,30,2
V00910,CU01489,SUV,Mahindra XUV400,70,0
V00911,CU04130,Sedan,BYD Seal,55,1
V00912,CU03567,Sedan,BYD Seal,55,2
V00913,CU02374,Hatchback,MG Comet,40,2
V00914,CU00837,Hatchback,Tata Tiago EV,30,2
V00915,CU03310,Two-Wheeler,Ola S1,4,0
V00916,CU03613,SUV,Hyundai Ioniq 5,70,0
V00917,CU04835,Sedan,MG5,60,0
V00918,CU02792,Hatchback,MG Comet,40,1
V00919,CU04213,Two-Wheeler,Ather 450X,3,3
V00920,CU03984,Hatchback,MG Comet,35,4
V00921,CU03769,Commercial Van,Mahindra Treo,60,0
V00922,CU01505,Sedan,BYD Seal,50,2
V00923,CU02451,Sedan,BYD Seal,60,1
V00924,CU03045,Two-Wheeler,Ather 450X,3,3
V00925,CU02034,Two-Wheeler,Ather 450X,4,1
V00926,CU01700,Sedan,BYD Seal,50,1
V00927,CU02281,Sedan,BYD Seal,55,1
V00928,CU01308,Sedan,BYD Seal,55,3
V00929,CU02528,Commercial Van,Tata Ace EV,120,3
V00930,CU03839,SUV,Hyundai Ioniq 5,70,4
V00931,CU00976,Hatchback,MG Comet,35,0
V00932,CU02057,Hatchback,MG Comet,30,1
V00933,CU04811,Hatchback,MG Comet,35,4
V00934,CU02427,Sedan,BYD Seal,60,4
V00935,CU03675,Hatchback,Tata Tiago EV,35,2
V00936,CU02429,SUV,Mahindra XUV400,82,1
V00937,CU04940,Hatchback,MG Comet,40,3
V00938,CU03734,Sedan,MG5,60,2
V00939,CU00360,SUV,Tata Nexon EV,100,1
V00940,CU02224,Sedan,BYD Seal,55,0
V00941,CU00485,Hatchback,MG Comet,40,0
V00942,CU01429,Hatchback,Tata Tiago EV,40,1
V00943,CU02081,Hatchback,Tata Tiago EV,35,3
V00944,CU00696,Two-Wheeler,Ather 450X,4,0
V00945,CU04661,SUV,Mahindra XUV400,70,0
V00946,CU00202,Hatchback,Tata Tiago EV,35,1
V00947,CU03858,Sedan,BYD Seal,60,3
V00948,CU01199,Sedan,BYD Seal,55,3
V00949,CU01268,SUV,Hyundai Ioniq 5,82,0
V00950,CU02971,SUV,Hyundai Ioniq 5,82,1
V00951,CU00074,Sedan,BYD Seal,60,1
V00952,CU00096,Sedan,MG5,50,2
V00953,CU04269,Hatchback,MG Comet,35,2
V00954,CU03478,Two-Wheeler,Ola S1,3,0
V00955,CU02203,Two-Wheeler,Ather 450X,4,0
V00956,CU00258,Commercial Van,Mahindra Treo,60,4
V00957,CU03659,Hatchback,Tata Tiago EV,30,3
V00958,CU04426,Two-Wheeler,Ather 450X,3,3
V00959,CU02807,Two-Wheeler,Ather 450X,4,1
V00960,CU04257,Commercial Van,Mahindra Treo,120,1
V00961,CU00186,Sedan,BYD Seal,50,4
V00962,CU00143,Two-Wheeler,Ather 450X,2,1
V00963,CU03354,Hatchback,Tata Tiago EV,40,2
V00964,CU00640,SUV,Tata Nexon EV,75,4
V00965,CU03750,Sedan,BYD Seal,55,1
V00966,CU02075,Two-Wheeler,Ather 450X,2,1
V00967,CU03969,Two-Wheeler,Ola S1,2,1
V00968,CU00202,Sedan,BYD Seal,50,1
V00969,CU03093,SUV,Tata Nexon EV,100,2
V00970,CU03166,Hatchback,MG Comet,30,3
V00971,CU03080,Sedan,MG5,60,4
V00972,CU04568,Sedan,MG5,50,0
V00973,CU02103,Hatchback,Tata Tiago EV,35,4
V00974,CU00911,Two-Wheeler,Ather 450X,3,3
V00975,CU01572,Hatchback,Tata Tiago EV,40,0
V00976,CU03449,SUV,Mahindra XUV400,82,2
V00977,CU02160,Two-Wheeler,Ather 450X,4,0
V00978,CU04326,Commercial Van,Mahindra Treo,120,1
V00979,CU02545,Two-Wheeler,Ola S1,2,4
V00980,CU01330,Hatchback,Tata Tiago EV,30,3
V00981,CU03614,Two-Wheeler,Ather 450X,2,4
V00982,CU00461,Sedan,MG5,55,3
V00983,CU00807,Commercial Van,Tata Ace EV,60,3
V00984,CU03700,Two-Wheeler,Ather 450X,4,0
V00985,CU02274,Two-Wheeler,Ather 450X,2,3
V00986,CU00059,Hatchback,MG Comet,30,0
V00987,CU02476,SUV,Mahindra XUV400,70,4
V00988,CU04824,Two-Wheeler,Ola S1,4,2
V00989,CU01156,Two-Wheeler,Ola S1,3,1
V00990,CU00498,Hatchback,MG Comet,35,0
V00991,CU04326,Commercial Van,Mahindra Treo,60,3
V00992,CU04429,Hatchback,MG Comet,40,4
V00993,CU03977,SUV,Hyundai Ioniq 5,70,4
V00994,CU01608,SUV,Hyundai Ioniq 5,75,1
V00995,CU00721,Hatchback,MG Comet,35,3
V00996,CU01275,Hatchback,MG Comet,30,4
V00997,CU03868,Two-Wheeler,Ola S1,3,1
V00998,CU00691,Sedan,MG5,50,4
V00999,CU04024,Hatchback,MG Comet,30,1
V01000,CU04153,Two-Wheeler,Ola S1,4,4
V01001,CU03438,Two-Wheeler,Ola S1,2,4
V01002,CU02356,SUV,Mahindra XUV400,75,0
V01003,CU00750,Hatchback,Tata Tiago EV,40,4
V01004,CU03052,Hatchback,MG Comet,30,1
V01005,CU04774,Two-Wheeler,Ather 450X,4,1
V01006,CU03565,SUV,Tata Nexon EV,100,1
V01007,CU04656,SUV,Mahindra XUV400,70,1
V01008,CU01705,Two-Wheeler,Ather 450X,3,3
V01009,CU03446,Sedan,MG5,55,3
V01010,CU04445,Hatchback,MG Comet,40,3
V01011,CU02378,Commercial Van,Tata Ace EV,120,3
V01012,CU03232,SUV,Hyundai Ioniq 5,82,0
V01013,CU02216,SUV,Hyundai Ioniq 5,82,3
V01014,CU00886,Commercial Van,Tata Ace EV,80,3
V01015,CU00865,Commercial Van,Mahindra Treo,120,4
V01016,CU03495,SUV,Tata Nexon EV,100,2
V01017,CU03055,Sedan,MG5,55,3
V01018,CU00786,Commercial Van,Mahindra Treo,120,4
V01019,CU00457,SUV,Hyundai Ioniq 5,70,2
V01020,CU00345,Sedan,MG5,55,2
V01021,CU00554,SUV,Hyundai Ioniq 5,75,2
V01022,CU00788,Sedan,BYD Seal,50,1
V01023,CU01820,Two-Wheeler,Ather 450X,2,3
V01024,CU00705,Sedan,MG5,55,1
V01025,CU04908,Two-Wheeler,Ather 450X,4,0
V01026,CU00953,Two-Wheeler,Ather 450X,2,0
V01027,CU00815,Two-Wheeler,Ola S1,3,2
V01028,CU01549,Two-Wheeler,Ola S1,2,1
V01029,CU00144,Two-Wheeler,Ola S1,2,3
V01030,CU02778,Sedan,BYD Seal,50,3
V01031,CU03767,Hatchback,Tata Tiago EV,30,1
V01032,CU04959,Two-Wheeler,Ather 450X,2,1
V01033,CU03826,Sedan,BYD Seal,60,3
V01034,CU01217,Hatchback,Tata Tiago EV,30,2
V01035,CU01808,Hatchback,MG Comet,35,0
V01036,CU04471,Hatchback,Tata Tiago EV,40,1
V01037,CU04773,Two-Wheeler,Ather 450X,2,2
V01038,CU02740,Two-Wheeler,Ather 450X,2,2
V01039,CU01290,Hatchback,MG Comet,35,1
V01040,CU00556,Two-Wheeler,Ather 450X,4,1
V01041,CU00863,Sedan,MG5,50,1
V01042,CU02486,Two-Wheeler,Ola S1,3,0
V01043,CU04977,Sedan,BYD Seal,60,1
V01044,CU02356,Two-Wheeler,Ather 450X,2,0
V01045,CU00966,Sedan,MG5,50,2
V01046,CU02396,Sedan,BYD Seal,60,0
V01047,CU00476,Two-Wheeler,Ola S1,3,1
V01048,CU01339,Hatchback,Tata Tiago EV,35,3
V01049,CU00525,Commercial Van,Tata Ace EV,120,3
V01050,CU02572,SUV,Tata Nexon EV,82,0
V01051,CU00562,Sedan,BYD Seal,50,0
V01052,CU03703,SUV,Mahindra XUV400,75,0
V01053,CU04665,Hatchback,MG Comet,40,0
V01054,CU01206,SUV,Mahindra XUV400,70,2
V01055,CU04034,Commercial Van,Mahindra Treo,80,4
V01056,CU03848,Hatchback,Tata Tiago EV,35,1
V01057,CU04202,Two-Wheeler,Ather 450X,4,3
V01058,CU02239,Sedan,BYD Seal,55,2
V01059,CU01161,SUV,Mahindra XUV400,75,0
V01060,CU04796,Hatchback,MG Comet,35,0
V01061,CU03826,Sedan,BYD Seal,55,2
V01062,CU00072,Commercial Van,Mahindra Treo,60,3
V01063,CU00755,Hatchback,MG Comet,40,0
V01064,CU03853,SUV,Tata Nexon EV,70,2
V01065,CU00905,SUV,Mahindra XUV400,82,2
V01066,CU00052,SUV,Tata Nexon EV,75,2
V01067,CU02622,SUV,Tata Nexon EV,100,0
V01068,CU03191,SUV,Mahindra XUV400,75,0
V01069,CU03949,Hatchback,MG Comet,35,1
V01070,CU01288,Commercial Van,Tata Ace EV,80,2
V01071,CU04781,Two-Wheeler,Ather 450X,4,1
V01072,CU01773,Hatchback,MG Comet,30,3
V01073,CU03903,Sedan,BYD Seal,50,3
V01074,CU03921,Two-Wheeler,Ather 450X,3,1
V01075,CU00950,Commercial Van,Tata Ace EV,120,0
V01076,CU03139,Commercial Van,Mahindra Treo,80,3
V01077,CU02417,Two-Wheeler,Ather 450X,3,1
V01078,CU02280,Hatchback,MG Comet,40,3
V01079,CU01426,Commercial Van,Tata Ace EV,120,2
V01080,CU01585,Two-Wheeler,Ola S1,2,3
V01081,CU01047,Sedan,MG5,60,2
V01082,CU02166,Sedan,MG5,50,4
V01083,CU04024,Sedan,MG5,60,4
V01084,CU01177,SUV,Mahindra XUV400,75,2
V01085,CU02161,Sedan,BYD Seal,50,3
V01086,CU01032,Hatchback,MG Comet,30,1
V01087,CU03289,Hatchback,Tata Tiago EV,30,4
V01088,CU04527,Sedan,BYD Seal,60,0
V01089,CU01316,Sedan,BYD Seal,55,0
V01090,CU00893,Two-Wheeler,Ather 450X,2,3
V01091,CU00107,Hatchback,MG Comet,35,2
V01092,CU03081,Commercial Van,Mahindra Treo,60,2
V01093,CU00745,Two-Wheeler,Ola S1,2,4
V01094,CU00622,Commercial Van,Mahindra Treo,60,3
V01095,CU04241,Two-Wheeler,Ather 450X,4,1
V01096,CU00821,Hatchback,MG Comet,40,4
V01097,CU00412,Sedan,BYD Seal,60,3
V01098,CU00114,Hatchback,Tata Tiago EV,30,4
V01099,CU02447,Commercial Van,Tata Ace EV,60,2
V01100,CU03347,Sedan,BYD Seal,60,1
V01101,CU04220,SUV,Mahindra XUV400,100,0
V01102,CU00086,Two-Wheeler,Ather 450X,4,1
V01103,CU04143,Commercial Van,Tata Ace EV,60,1
V01104,CU01573,Two-Wheeler,Ola S1,2,2
V01105,CU02006,SUV,Mahindra XUV400,70,1
V01106,CU04080,Sedan,BYD Seal,55,0
V01107,CU00804,SUV,Tata Nexon EV,100,3
V01108,CU03335,Hatchback,MG Comet,30,4
V01109,CU03350,Two-Wheeler,Ather 450X,2,3
V01110,CU01070,SUV,Tata Nexon EV,100,4
V01111,CU02670,Hatchback,MG Comet,35,2
V01112,CU04142,Commercial Van,Mahindra Treo,60,2
V01113,CU02772,Sedan,BYD Seal,55,4
V01114,CU04636,Two-Wheeler,Ather 450X,4,3
V01115,CU04183,Two-Wheeler,Ather 450X,2,0
V01116,CU01409,Two-Wheeler,Ather 450X,4,2
V01117,CU03741,Hatchback,Tata Tiago EV,35,0
V01118,CU00265,Hatchback,MG Comet,30,2
V01119,CU03849,Two-Wheeler,Ather 450X,2,1
V01120,CU03094,Two-Wheeler,Ola S1,3,4
V01121,CU04799,Sedan,BYD Seal,60,1
V01122,CU01474,Sedan,BYD Seal,50,0
V01123,CU04282,Hatchback,Tata Tiago EV,30,4
V01124,CU00326,Commercial Van,Tata Ace EV,80,3
V01125,CU01207,Hatchback,MG Comet,40,4
V01126,CU04493,Hatchback,Tata Tiago EV,30,0
V01127,CU01505,SUV,Hyundai Ioniq 5,75,3
V01128,CU03535,Hatchback,Tata Tiago EV,30,0
V01129,CU01441,Commercial Van,Mahindra Treo,80,3
V01130,CU00956,Hatchback,Tata Tiago EV,35,1
V01131,CU00555,Hatchback,MG Comet,30,0
V01132,CU03255,SUV,Hyundai Ioniq 5,70,2
V01133,CU04140,Sedan,BYD Seal,60,0
V01134,CU04997,Hatchback,MG Comet,35,3
V01135,CU04578,Sedan,MG5,55,3
V01136,CU02037,Sedan,MG5,60,3
V01137,CU01287,Two-Wheeler,Ola S1,3,4
V01138,CU01198,Hatchback,Tata Tiago EV,40,4
V01139,CU04662,Commercial Van,Mahindra Treo,80,2
V01140,CU02268,SUV,Tata Nexon EV,75,3
V01141,CU03630,Hatchback,MG Comet,35,3
V01142,CU03466,Hatchback,Tata Tiago EV,40,2
V01143,CU00772,SUV,Mahindra XUV400,82,1
V01144,CU02457,Hatchback,MG Comet,35,4
V01145,CU00471,Sedan,BYD Seal,55,4
V01146,CU01371,Hatchback,Tata Tiago EV,40,3
V01147,CU03133,SUV,Tata Nexon EV,100,1
V01148,CU00672,SUV,Tata Nexon EV,100,4
V01149,CU01175,Hatchback,Tata Tiago EV,30,1
V01150,CU00111,SUV,Mahindra XUV400,70,0
V01151,CU03560,Two-Wheeler,Ather 450X,2,3
V01152,CU01027,Hatchback,Tata Tiago EV,40,2
V01153,CU03555,Two-Wheeler,Ola S1,3,4
V01154,CU03234,SUV,Hyundai Ioniq 5,75,4
V01155,CU04440,Commercial Van,Tata Ace EV,120,3
V01156,CU01473,Hatchback,MG Comet,40,2
V01157,CU02380,Commercial Van,Mahindra Treo,60,1
V01158,CU04873,SUV,Hyundai Ioniq 5,100,3
V01159,CU02972,SUV,Tata Nexon EV,70,2
V01160,CU02382,SUV,Mahindra XUV400,82,0
V01161,CU03291,Hatchback,Tata Tiago EV,40,3
V01162,CU04754,Commercial Van,Mahindra Treo,60,2
V01163,CU01834,SUV,Hyundai Ioniq 5,75,3
V01164,CU00454,Hatchback,Tata Tiago EV,40,3
V01165,CU00741,Hatchback,Tata Tiago EV,30,1
V01166,CU02381,Hatchback,MG Comet,40,3
V01167,CU02358,SUV,Hyundai Ioniq 5,75,1
V01168,CU01444,SUV,Mahindra XUV400,82,3
V01169,CU03681,Sedan,BYD Seal,55,0
V01170,CU01749,Sedan,MG5,50,3
V01171,CU02402,SUV,Hyundai Ioniq 5,82,3
V01172,CU04920,SUV,Tata Nexon EV,70,0
V01173,CU03172,Hatchback,Tata Tiago EV,40,1
V01174,CU04241,Sedan,BYD Seal,50,4
V01175,CU02007,Hatchback,Tata Tiago EV,35,1
V01176,CU01787,Commercial Van,Tata Ace EV,60,2
V01177,CU01410,Two-Wheeler,Ather 450X,3,1
V01178,CU01763,Commercial Van,Tata Ace EV,60,2
V01179,CU00910,Sedan,BYD Seal,50,4
V01180,CU00761,Two-Wheeler,Ather 450X,4,2
V01181,CU03241,SUV,Hyundai Ioniq 5,75,3
V01182,CU02690,Sedan,MG5,50,0
V01183,CU00531,Hatchback,MG Comet,40,2
V01184,CU01360,Two-Wheeler,Ather 450X,4,4
V01185,CU03819,Commercial Van,Mahindra Treo,60,2
V01186,CU02028,Hatchback,Tata Tiago EV,40,2
V01187,CU02561,Hatchback,Tata Tiago EV,40,1
V01188,CU02178,SUV,Tata Nexon EV,100,1
V01189,CU01538,Commercial Van,Mahindra Treo,60,4
V01190,CU01274,Two-Wheeler,Ola S1,2,0
V01191,CU02782,Sedan,BYD Seal,55,4
V01192,CU00947,Sedan,BYD Seal,60,2
V01193,CU01299,Sedan,BYD Seal,50,4
V01194,CU02512,Two-Wheeler,Ola S1,2,1
V01195,CU02189,Two-Wheeler,Ola S1,4,0
V01196,CU00882,SUV,Tata Nexon EV,75,1
V01197,CU01848,Sedan,BYD Seal,55,2
V01198,CU01976,Commercial Van,Mahindra Treo,120,4
V01199,CU04269,SUV,Hyundai Ioniq 5,70,4
V01200,CU04569,Commercial Van,Mahindra Treo,80,0
V01201,CU02965,SUV,Mahindra XUV400,75,2
V01202,CU03064,Two-Wheeler,Ather 450X,3,0
V01203,CU03129,Two-Wheeler,Ather 450X,4,3
V01204,CU00498,Sedan,BYD Seal,55,0
V01205,CU02217,Commercial Van,Mahindra Treo,60,4
V01206,CU00989,Hatchback,MG Comet,35,1
V01207,CU02609,Two-Wheeler,Ather 450X,3,4
V01208,CU02476,Commercial Van,Mahindra Treo,120,4
V01209,CU04515,Sedan,BYD Seal,60,4
V01210,CU01371,SUV,Hyundai Ioniq 5,75,3
V01211,CU03589,SUV,Mahindra XUV400,75,4
V01212,CU02503,Two-Wheeler,Ather 450X,3,0
V01213,CU04810,Two-Wheeler,Ather 450X,4,3
V01214,CU00179,SUV,Tata Nexon EV,75,4
V01215,CU01930,Two-Wheeler,Ola S1,2,3
V01216,CU02549,Sedan,MG5,60,2
V01217,CU04835,Hatchback,MG Comet,30,3
V01218,CU00112,Sedan,BYD Seal,50,3
V01219,CU03220,SUV,Mahindra XUV400,75,3
V01220,CU00715,Hatchback,MG Comet,40,3
V01221,CU01402,SUV,Tata Nexon EV,82,3
V01222,CU02925,Sedan,BYD Seal,60,1
V01223,CU01382,Two-Wheeler,Ather 450X,2,0
V01224,CU03128,Hatchback,Tata Tiago EV,30,0
V01225,CU04909,SUV,Tata Nexon EV,75,3
V01226,CU03012,SUV,Mahindra XUV400,70,2
V01227,CU01209,Commercial Van,Tata Ace EV,80,2
V01228,CU03126,Two-Wheeler,Ather 450X,4,4
V01229,CU00037,Two-Wheeler,Ather 450X,4,4
V01230,CU01829,Commercial Van,Tata Ace EV,80,1
V01231,CU03061,SUV,Mahindra XUV400,70,0
V01232,CU03342,Sedan,BYD Seal,60,2
V01233,CU03942,Two-Wheeler,Ola S1,2,4
V01234,CU00810,Two-Wheeler,Ather 450X,4,1
V01235,CU03073,Sedan,MG5,55,3
V01236,CU04119,Two-Wheeler,Ather 450X,2,0
V01237,CU01527,Two-Wheeler,Ola S1,2,2
V01238,CU03520,Commercial Van,Tata Ace EV,120,0
V01239,CU04892,Commercial Van,Tata Ace EV,60,3
V01240,CU00496,Sedan,MG5,60,4
V01241,CU04996,Sedan,MG5,55,3
V01242,CU00425,Hatchback,Tata Tiago EV,30,0
V01243,CU02748,Hatchback,MG Comet,30,4
V01244,CU02066,Two-Wheeler,Ola S1,2,4
V01245,CU01983,Sedan,MG5,55,2
V01246,CU01469,SUV,Mahindra XUV400,70,1
V01247,CU03801,SUV,Hyundai Ioniq 5,75,2
V01248,CU01234,Two-Wheeler,Ola S1,4,3
V01249,CU01798,Hatchback,Tata Tiago EV,40,1
V01250,CU00565,Sedan,BYD Seal,55,2
V01251,CU03020,Sedan,MG5,60,0
V01252,CU01305,Sedan,BYD Seal,50,0
V01253,CU00133,Commercial Van,Tata Ace EV,120,2
V01254,CU00449,Two-Wheeler,Ola S1,4,2
V01255,CU01831,Sedan,BYD Seal,55,4
V01256,CU02159,Two-Wheeler,Ather 450X,3,0
V01257,CU03627,Sedan,BYD Seal,55,3
V01258,CU00850,Two-Wheeler,Ather 450X,2,2
V01259,CU03963,Hatchback,Tata Tiago EV,35,2
V01260,CU01481,Two-Wheeler,Ola S1,2,0
V01261,CU00901,Sedan,MG5,55,4
V01262,CU04855,Hatchback,MG Comet,40,2
V01263,CU01540,Sedan,BYD Seal,60,0
V01264,CU01900,Sedan,BYD Seal,60,4
V01265,CU02945,Two-Wheeler,Ola S1,4,1
V01266,CU04958,Hatchback,Tata Tiago EV,30,0
V01267,CU03245,SUV,Tata Nexon EV,75,3
V01268,CU00515,Two-Wheeler,Ola S1,2,3
V01269,CU01592,SUV,Tata Nexon EV,70,0
V01270,CU00084,Two-Wheeler,Ola S1,3,0
V01271,CU03743,Hatchback,Tata Tiago EV,35,2
V01272,CU04894,SUV,Hyundai Ioniq 5,70,3
V01273,CU02128,Commercial Van,Tata Ace EV,120,2
V01274,CU01602,SUV,Tata Nexon EV,70,3
V01275,CU04618,SUV,Tata Nexon EV,75,3
V01276,CU01223,Two-Wheeler,Ola S1,2,4
V01277,CU04330,Sedan,MG5,50,4
V01278,CU01843,Two-Wheeler,Ola S1,2,0
V01279,CU02292,Commercial Van,Mahindra Treo,60,4
V01280,CU01590,Hatchback,Tata Tiago EV,35,1
V01281,CU02897,Two-Wheeler,Ather 450X,2,2
V01282,CU04489,Hatchback,Tata Tiago EV,40,1
V01283,CU00009,Sedan,BYD Seal,55,4
V01284,CU04709,Two-Wheeler,Ola S1,4,4
V01285,CU00715,Two-Wheeler,Ather 450X,4,4
V01286,CU01928,Two-Wheeler,Ather 450X,2,1
V01287,CU00110,Commercial Van,Tata Ace EV,120,3
V01288,CU04930,Sedan,MG5,55,2
V01289,CU00266,SUV,Mahindra XUV400,75,0
V01290,CU03224,Sedan,MG5,55,0
V01291,CU00955,Sedan,BYD Seal,50,0
V01292,CU01350,Sedan,BYD Seal,60,4
V01293,CU01575,Two-Wheeler,Ather 450X,3,0
V01294,CU02224,SUV,Tata Nexon EV,75,4
V01295,CU03832,Two-Wheeler,Ather 450X,3,4
V01296,CU03256,Two-Wheeler,Ather 450X,4,4
V01297,CU01059,Hatchback,Tata Tiago EV,30,0
V01298,CU01958,SUV,Hyundai Ioniq 5,82,0
V01299,CU04945,Sedan,MG5,55,4
V01300,CU03148,Sedan,BYD Seal,55,0
V01301,CU02520,Two-Wheeler,Ola S1,2,3
V01302,CU03654,SUV,Tata Nexon EV,75,0
V01303,CU02571,Two-Wheeler,Ather 450X,4,2
V01304,CU02928,Two-Wheeler,Ola S1,3,0
V01305,CU03888,SUV,Tata Nexon EV,100,3
V01306,CU00888,Two-Wheeler,Ola S1,2,0
V01307,CU00745,Hatchback,MG Comet,30,4
V01308,CU03515,Hatchback,Tata Tiago EV,30,3
V01309,CU02931,Hatchback,Tata Tiago EV,30,0
V01310,CU02680,Sedan,MG5,60,4
V01311,CU00176,Hatchback,MG Comet,30,3
V01312,CU00566,Commercial Van,Mahindra Treo,80,1
V01313,CU03218,SUV,Mahindra XUV400,82,0
V01314,CU04358,SUV,Hyundai Ioniq 5,82,4
V01315,CU04627,Sedan,MG5,50,0
V01316,CU01395,Sedan,BYD Seal,50,4
V01317,CU01221,Sedan,BYD Seal,55,0
V01318,CU00948,SUV,Tata Nexon EV,100,4
V01319,CU00585,Sedan,BYD Seal,50,1
V01320,CU02863,SUV,Mahindra XUV400,75,2
V01321,CU01621,SUV,Tata Nexon EV,75,3
V01322,CU03356,Two-Wheeler,Ather 450X,2,1
V01323,CU02350,Hatchback,Tata Tiago EV,30,1
V01324,CU03192,Two-Wheeler,Ather 450X,4,0
V01325,CU03208,SUV,Hyundai Ioniq 5,75,4
V01326,CU02577,SUV,Tata Nexon EV,75,2
V01327,CU00532,Sedan,BYD Seal,55,1
V01328,CU01232,Sedan,BYD Seal,55,3
V01329,CU01994,Hatchback,Tata Tiago EV,30,0
V01330,CU01698,Commercial Van,Mahindra Treo,80,2
V01331,CU03371,Sedan,BYD Seal,60,2
V01332,CU01546,Commercial Van,Mahindra Treo,80,0
V01333,CU03166,Sedan,MG5,50,1
V01334,CU01438,Hatchback,MG Comet,40,0
V01335,CU00371,SUV,Mahindra XUV400,82,4
V01336,CU04505,Hatchback,MG Comet,35,0
V01337,CU00617,Commercial Van,Tata Ace EV,120,3
V01338,CU04167,Two-Wheeler,Ather 450X,3,2
V01339,CU04015,Two-Wheeler,Ola S1,3,1
V01340,CU04180,SUV,Hyundai Ioniq 5,82,3
V01341,CU02257,SUV,Hyundai Ioniq 5,75,3
V01342,CU04355,Commercial Van,Mahindra Treo,80,3
V01343,CU03311,Sedan,MG5,55,3
V01344,CU00932,Two-Wheeler,Ather 450X,3,0
V01345,CU02330,SUV,Mahindra XUV400,82,0
V01346,CU00394,Commercial Van,Tata Ace EV,120,0
V01347,CU02466,Two-Wheeler,Ather 450X,2,1
V01348,CU03278,Commercial Van,Tata Ace EV,80,0
V01349,CU01930,SUV,Mahindra XUV400,70,0
V01350,CU00626,Hatchback,MG Comet,30,4
V01351,CU04658,SUV,Mahindra XUV400,75,1
V01352,CU02880,Two-Wheeler,Ather 450X,4,0
V01353,CU03167,Two-Wheeler,Ola S1,4,2
V01354,CU03423,Hatchback,MG Comet,40,3
V01355,CU02110,SUV,Tata Nexon EV,82,4
V01356,CU01166,Hatchback,Tata Tiago EV,35,0
V01357,CU02782,Two-Wheeler,Ola S1,4,2
V01358,CU01892,Hatchback,Tata Tiago EV,30,3
V01359,CU03183,SUV,Hyundai Ioniq 5,70,3
V01360,CU01640,Sedan,MG5,60,2
V01361,CU00782,Sedan,BYD Seal,55,4
V01362,CU04693,Commercial Van,Tata Ace EV,80,0
V01363,CU02057,Hatchback,MG Comet,40,4
V01364,CU02324,Hatchback,Tata Tiago EV,30,3
V01365,CU02275,Hatchback,MG Comet,35,3
V01366,CU02234,SUV,Tata Nexon EV,100,3
V01367,CU02639,SUV,Tata Nexon EV,82,4
V01368,CU03288,Sedan,MG5,60,2
V01369,CU02481,SUV,Mahindra XUV400,75,3
V01370,CU02617,Hatchback,Tata Tiago EV,35,3
V01371,CU00356,Two-Wheeler,Ola S1,3,1
V01372,CU04488,Two-Wheeler,Ather 450X,3,1
V01373,CU04675,Commercial Van,Tata Ace EV,60,3
V01374,CU03347,Commercial Van,Tata Ace EV,120,1
V01375,CU03523,Sedan,MG5,50,2
V01376,CU02468,Sedan,BYD Seal,60,3
V01377,CU00164,Two-Wheeler,Ola S1,4,0
V01378,CU03635,Hatchback,MG Comet,40,2
V01379,CU04734,Sedan,BYD Seal,55,0
V01380,CU03664,Hatchback,MG Comet,35,2
V01381,CU03255,Sedan,BYD Seal,55,1
V01382,CU03382,SUV,Hyundai Ioniq 5,70,4
V01383,CU02065,Hatchback,MG Comet,40,1
V01384,CU04266,Hatchback,Tata Tiago EV,30,3
V01385,CU03985,Two-Wheeler,Ather 450X,3,2
V01386,CU03888,Hatchback,Tata Tiago EV,40,2
V01387,CU00340,Commercial Van,Tata Ace EV,120,1
V01388,CU04822,Hatchback,Tata Tiago EV,35,3
V01389,CU03782,SUV,Mahindra XUV400,70,2
V01390,CU03591,Sedan,BYD Seal,55,3
V01391,CU01934,Hatchback,Tata Tiago EV,40,2
V01392,CU01646,Sedan,MG5,55,4
V01393,CU04229,SUV,Hyundai Ioniq 5,82,1
V01394,CU02688,Two-Wheeler,Ola S1,3,3
V01395,CU04919,Two-Wheeler,Ather 450X,3,4
V01396,CU02127,Hatchback,Tata Tiago EV,30,2
V01397,CU04442,Hatchback,MG Comet,35,0
V01398,CU04705,Sedan,BYD Seal,60,4
V01399,CU00639,Hatchback,Tata Tiago EV,40,3
V01400,CU01225,Sedan,BYD Seal,60,1
V01401,CU03706,Commercial Van,Tata Ace EV,120,3
V01402,CU03911,SUV,Tata Nexon EV,100,0
V01403,CU04246,Two-Wheeler,Ather 450X,4,3
V01404,CU01550,SUV,Mahindra XUV400,75,0
V01405,CU04146,Two-Wheeler,Ather 450X,3,0
V01406,CU01506,Hatchback,MG Comet,35,3
V01407,CU04431,Two-Wheeler,Ola S1,4,2
V01408,CU01376,Two-Wheeler,Ola S1,4,4
V01409,CU00668,Hatchback,MG Comet,40,2
V01410,CU02375,Sedan,MG5,55,2
V01411,CU04091,Commercial Van,Mahindra Treo,120,1
V01412,CU01016,Two-Wheeler,Ola S1,3,0
V01413,CU00336,Sedan,BYD Seal,60,3
V01414,CU04762,SUV,Tata Nexon EV,100,2
V01415,CU00081,Sedan,BYD Seal,60,3
V01416,CU02135,Sedan,BYD Seal,60,2
V01417,CU01800,Sedan,BYD Seal,55,0
V01418,CU00258,Sedan,MG5,55,4
V01419,CU00185,SUV,Tata Nexon EV,82,2
V01420,CU00123,Two-Wheeler,Ather 450X,2,2
V01421,CU04701,Two-Wheeler,Ather 450X,2,2
V01422,CU05000,Hatchback,Tata Tiago EV,35,4
V01423,CU03515,Two-Wheeler,Ather 450X,3,2
V01424,CU01395,Sedan,MG5,55,0
V01425,CU02353,Sedan,MG5,60,0
V01426,CU03220,Commercial Van,Mahindra Treo,60,1
V01427,CU01309,Sedan,MG5,55,0
V01428,CU03945,Hatchback,MG Comet,30,3
V01429,CU01942,Hatchback,Tata Tiago EV,35,0
V01430,CU00491,Sedan,BYD Seal,55,3
V01431,CU01055,Two-Wheeler,Ola S1,2,1
V01432,CU00702,Commercial Van,Mahindra Treo,80,3
V01433,CU02935,Two-Wheeler,Ola S1,2,0
V01434,CU04696,Two-Wheeler,Ather 450X,4,0
V01435,CU01135,Two-Wheeler,Ather 450X,4,0
V01436,CU00080,Two-Wheeler,Ola S1,2,3
V01437,CU00836,Hatchback,Tata Tiago EV,35,3
V01438,CU00652,Commercial Van,Tata Ace EV,80,4
V01439,CU00417,Sedan,BYD Seal,55,1
V01440,CU03681,Commercial Van,Tata Ace EV,80,0
V01441,CU03867,Hatchback,MG Comet,40,2
V01442,CU00746,Two-Wheeler,Ather 450X,4,0
V01443,CU02003,Two-Wheeler,Ather 450X,4,1
V01444,CU00240,Commercial Van,Mahindra Treo,80,3
V01445,CU02894,Two-Wheeler,Ather 450X,4,2
V01446,CU01945,Sedan,BYD Seal,55,4
V01447,CU00856,SUV,Tata Nexon EV,100,3
V01448,CU03516,Sedan,MG5,60,3
V01449,CU02647,Hatchback,Tata Tiago EV,40,0
V01450,CU03195,Hatchback,Tata Tiago EV,40,0
V01451,CU04516,Hatchback,MG Comet,35,2
V01452,CU04805,SUV,Tata Nexon EV,100,0
V01453,CU02599,Commercial Van,Tata Ace EV,120,3
V01454,CU01354,Commercial Van,Tata Ace EV,120,0
V01455,CU02036,Hatchback,Tata Tiago EV,30,0
V01456,CU02881,Hatchback,Tata Tiago EV,40,4
V01457,CU00680,Hatchback,Tata Tiago EV,40,3
V01458,CU00487,Sedan,MG5,50,2
V01459,CU03621,Hatchback,MG Comet,30,3
V01460,CU03651,Sedan,BYD Seal,55,0
V01461,CU04719,SUV,Hyundai Ioniq 5,70,3
V01462,CU01439,SUV,Mahindra XUV400,75,1
V01463,CU04315,SUV,Hyundai Ioniq 5,82,0
V01464,CU01485,Sedan,MG5,55,3
V01465,CU00691,Two-Wheeler,Ather 450X,4,0
V01466,CU01013,Two-Wheeler,Ola S1,4,2
V01467,CU04543,Sedan,BYD Seal,50,2
V01468,CU02348,Hatchback,Tata Tiago EV,35,2
V01469,CU03709,Sedan,BYD Seal,60,0
V01470,CU04471,Hatchback,MG Comet,30,2
V01471,CU01923,Sedan,BYD Seal,55,2
V01472,CU00638,Hatchback,MG Comet,40,3
V01473,CU03009,Sedan,BYD Seal,50,3
V01474,CU02234,Hatchback,MG Comet,35,4
V01475,CU02126,Two-Wheeler,Ather 450X,2,3
V01476,CU03458,Hatchback,Tata Tiago EV,35,3
V01477,CU04290,SUV,Tata Nexon EV,70,2
V01478,CU03175,Hatchback,MG Comet,35,2
V01479,CU03689,Hatchback,Tata Tiago EV,30,0
V01480,CU01400,Two-Wheeler,Ola S1,4,1
V01481,CU02335,SUV,Tata Nexon EV,100,1
V01482,CU01506,Hatchback,Tata Tiago EV,30,2
V01483,CU00250,SUV,Mahindra XUV400,70,1
V01484,CU00536,SUV,Mahindra XUV400,70,4
V01485,CU03533,Sedan,MG5,50,4
V01486,CU03550,Sedan,MG5,50,0
V01487,CU00458,Two-Wheeler,Ola S1,3,1
V01488,CU02739,Hatchback,Tata Tiago EV,40,1
V01489,CU03370,Sedan,MG5,50,3
V01490,CU04136,Sedan,BYD Seal,55,2
V01491,CU03697,Two-Wheeler,Ather 450X,4,3
V01492,CU03412,Commercial Van,Tata Ace EV,80,1
V01493,CU04070,Two-Wheeler,Ather 450X,3,3
V01494,CU03388,Two-Wheeler,Ola S1,3,1
V01495,CU03186,Commercial Van,Tata Ace EV,60,2
V01496,CU03239,SUV,Hyundai Ioniq 5,70,3
V01497,CU00261,Two-Wheeler,Ola S1,2,1
V01498,CU01248,Commercial Van,Mahindra Treo,80,0
V01499,CU03334,Hatchback,MG Comet,40,2
V01500,CU03323,SUV,Mahindra XUV400,100,3
V01501,CU02574,Two-Wheeler,Ather 450X,2,0
V01502,CU00126,Commercial Van,Tata Ace EV,120,0
V01503,CU01230,Two-Wheeler,Ola S1,4,4
V01504,CU03212,Two-Wheeler,Ola S1,2,4
V01505,CU03134,Commercial Van,Tata Ace EV,80,0
V01506,CU01307,SUV,Hyundai Ioniq 5,100,4
V01507,CU02102,Hatchback,Tata Tiago EV,30,2
V01508,CU00136,Hatchback,MG Comet,40,4
V01509,CU02378,SUV,Tata Nexon EV,70,1
V01510,CU01460,Sedan,MG5,50,3
V01511,CU04232,Sedan,BYD Seal,55,2
V01512,CU00813,Sedan,MG5,60,3
V01513,CU00852,Commercial Van,Tata Ace EV,120,3
V01514,CU01745,Sedan,MG5,50,3
V01515,CU01939,Two-Wheeler,Ola S1,4,4
V01516,CU00871,Commercial Van,Tata Ace EV,60,4
V01517,CU00635,Sedan,MG5,50,2
V01518,CU00669,Sedan,MG5,60,0
V01519,CU01294,Two-Wheeler,Ola S1,2,4
V01520,CU03089,Two-Wheeler,Ola S1,3,0
V01521,CU00269,Sedan,BYD Seal,60,2
V01522,CU00861,Hatchback,MG Comet,35,2
V01523,CU00482,Sedan,MG5,60,2
V01524,CU03291,Hatchback,MG Comet,40,1
V01525,CU03391,Sedan,BYD Seal,55,4
V01526,CU01262,Sedan,BYD Seal,55,2
V01527,CU02333,SUV,Mahindra XUV400,70,2
V01528,CU00103,Commercial Van,Tata Ace EV,60,1
V01529,CU03795,SUV,Tata Nexon EV,75,3
V01530,CU04888,Commercial Van,Tata Ace EV,80,0
V01531,CU04335,Two-Wheeler,Ola S1,2,1
V01532,CU02693,Two-Wheeler,Ola S1,2,1
V01533,CU03672,Sedan,MG5,50,3
V01534,CU00882,Sedan,MG5,50,1
V01535,CU02236,Two-Wheeler,Ather 450X,2,3
V01536,CU04984,Commercial Van,Tata Ace EV,60,4
V01537,CU03035,Sedan,MG5,60,2
V01538,CU04890,Hatchback,Tata Tiago EV,35,3
V01539,CU02578,Two-Wheeler,Ola S1,3,1
V01540,CU00676,Sedan,BYD Seal,60,1
V01541,CU02440,Hatchback,MG Comet,35,0
V01542,CU01682,Two-Wheeler,Ather 450X,3,1
V01543,CU01277,SUV,Hyundai Ioniq 5,70,3
V01544,CU04768,SUV,Hyundai Ioniq 5,100,2
V01545,CU03248,Commercial Van,Tata Ace EV,80,0
V01546,CU04935,SUV,Hyundai Ioniq 5,100,3
V01547,CU03649,SUV,Mahindra XUV400,75,0
V01548,CU01313,Sedan,BYD Seal,60,0
V01549,CU01074,Sedan,MG5,55,2
V01550,CU04100,Two-Wheeler,Ather 450X,3,4
V01551,CU01655,Sedan,MG5,60,0
V01552,CU03748,Hatchback,Tata Tiago EV,35,4
V01553,CU04089,Hatchback,MG Comet,30,2
V01554,CU01894,Sedan,MG5,55,2
V01555,CU01286,Sedan,BYD Seal,60,3
V01556,CU00535,SUV,Mahindra XUV400,100,1
V01557,CU03448,Sedan,BYD Seal,60,3
V01558,CU01380,Hatchback,Tata Tiago EV,40,2
V01559,CU00646,SUV,Hyundai Ioniq 5,70,3
V01560,CU00024,Commercial Van,Mahindra Treo,80,1
V01561,CU04653,Hatchback,Tata Tiago EV,30,2
V01562,CU04452,SUV,Mahindra XUV400,75,0
V01563,CU04966,SUV,Hyundai Ioniq 5,100,4
V01564,CU04671,Two-Wheeler,Ather 450X,4,4
V01565,CU04125,Hatchback,Tata Tiago EV,40,3
V01566,CU00365,Commercial Van,Mahindra Treo,120,0
V01567,CU02656,SUV,Hyundai Ioniq 5,75,0
V01568,CU00409,Two-Wheeler,Ola S1,2,1
V01569,CU01315,Hatchback,MG Comet,35,3
V01570,CU00219,Two-Wheeler,Ola S1,3,1
V01571,CU04704,Two-Wheeler,Ola S1,4,2
V01572,CU01540,Sedan,MG5,50,3
V01573,CU03434,Sedan,BYD Seal,60,3
V01574,CU04954,SUV,Hyundai Ioniq 5,70,4
V01575,CU01603,Hatchback,Tata Tiago EV,40,0
V01576,CU02705,Two-Wheeler,Ola S1,2,3
V01577,CU03649,Hatchback,Tata Tiago EV,35,1
V01578,CU01106,Hatchback,MG Comet,40,1
V01579,CU03412,SUV,Tata Nexon EV,82,4
V01580,CU02489,Hatchback,MG Comet,30,1
V01581,CU00617,Commercial Van,Tata Ace EV,80,4
V01582,CU04322,Two-Wheeler,Ola S1,3,1
V01583,CU02419,SUV,Mahindra XUV400,75,4
V01584,CU00028,Two-Wheeler,Ola S1,3,0
V01585,CU03056,Two-Wheeler,Ather 450X,2,1
V01586,CU00016,Sedan,BYD Seal,50,0
V01587,CU03349,Two-Wheeler,Ather 450X,4,0
V01588,CU00333,Hatchback,Tata Tiago EV,35,1
V01589,CU04579,Sedan,MG5,55,3
V01590,CU04662,SUV,Hyundai Ioniq 5,82,4
V01591,CU02162,Two-Wheeler,Ola S1,3,2
V01592,CU02086,Hatchback,MG Comet,30,0
V01593,CU04550,Sedan,MG5,50,4
V01594,CU03954,SUV,Tata Nexon EV,100,1
V01595,CU02790,Sedan,BYD Seal,55,3
V01596,CU04262,Two-Wheeler,Ola S1,3,0
V01597,CU02253,SUV,Mahindra XUV400,75,2
V01598,CU04974,Hatchback,Tata Tiago EV,40,4
V01599,CU00245,Hatchback,Tata Tiago EV,40,3
V01600,CU01895,SUV,Tata Nexon EV,70,1
V01601,CU01357,Sedan,MG5,60,3
V01602,CU00943,Hatchback,MG Comet,35,1
V01603,CU03468,Sedan,BYD Seal,55,2
V01604,CU03193,Sedan,BYD Seal,50,3
V01605,CU01746,Hatchback,Tata Tiago EV,40,1
V01606,CU04506,SUV,Tata Nexon EV,75,3
V01607,CU02358,Two-Wheeler,Ola S1,4,1
V01608,CU03880,SUV,Tata Nexon EV,70,3
V01609,CU03778,Two-Wheeler,Ola S1,4,3
V01610,CU02116,Hatchback,MG Comet,40,2
V01611,CU02268,Sedan,BYD Seal,55,2
V01612,CU02268,SUV,Mahindra XUV400,70,0
V01613,CU01497,SUV,Mahindra XUV400,75,2
V01614,CU02797,SUV,Hyundai Ioniq 5,75,2
V01615,CU04482,Two-Wheeler,Ather 450X,3,4
V01616,CU00930,SUV,Mahindra XUV400,75,2
V01617,CU03325,Hatchback,Tata Tiago EV,35,3
V01618,CU04501,SUV,Mahindra XUV400,82,3
V01619,CU04588,Two-Wheeler,Ather 450X,4,4
V01620,CU00357,Commercial Van,Tata Ace EV,80,0
V01621,CU04311,SUV,Mahindra XUV400,100,3
V01622,CU04065,SUV,Mahindra XUV400,82,4
V01623,CU03842,SUV,Hyundai Ioniq 5,82,1
V01624,CU03931,Two-Wheeler,Ather 450X,2,0
V01625,CU04848,Commercial Van,Tata Ace EV,80,3
V01626,CU00827,Two-Wheeler,Ather 450X,2,2
V01627,CU00666,SUV,Mahindra XUV400,70,2
V01628,CU02029,Hatchback,Tata Tiago EV,40,0
V01629,CU03692,Two-Wheeler,Ola S1,4,4
V01630,CU02583,Two-Wheeler,Ather 450X,3,3
V01631,CU00554,Two-Wheeler,Ola S1,4,2
V01632,CU00328,Hatchback,Tata Tiago EV,35,1
V01633,CU01189,SUV,Hyundai Ioniq 5,82,1
V01634,CU00150,Sedan,MG5,55,3
V01635,CU04753,Two-Wheeler,Ola S1,4,4
V01636,CU02854,Hatchback,MG Comet,35,4
V01637,CU01937,SUV,Mahindra XUV400,70,2
V01638,CU04389,Sedan,MG5,60,0
V01639,CU02737,Hatchback,Tata Tiago EV,35,0
V01640,CU00957,SUV,Hyundai Ioniq 5,100,2
V01641,CU03249,Hatchback,Tata Tiago EV,40,3
V01642,CU00416,SUV,Mahindra XUV400,82,2
V01643,CU03455,Commercial Van,Mahindra Treo,120,3
V01644,CU02646,Commercial Van,Mahindra Treo,80,1
V01645,CU03775,Hatchback,MG Comet,30,1
V01646,CU00085,Two-Wheeler,Ather 450X,2,4
V01647,CU01936,Sedan,BYD Seal,50,2
V01648,CU01417,Commercial Van,Mahindra Treo,120,0
V01649,CU01071,Two-Wheeler,Ather 450X,2,4
V01650,CU03413,Hatchback,Tata Tiago EV,40,0
V01651,CU01522,Sedan,BYD Seal,55,1
V01652,CU01502,Sedan,MG5,50,2
V01653,CU04092,Two-Wheeler,Ather 450X,2,2
V01654,CU02474,Sedan,MG5,50,2
V01655,CU00736,SUV,Hyundai Ioniq 5,100,4
V01656,CU02839,SUV,Mahindra XUV400,100,0
V01657,CU02563,Commercial Van,Mahindra Treo,120,4
V01658,CU03907,Commercial Van,Tata Ace EV,80,0
V01659,CU01273,Sedan,MG5,55,3
V01660,CU04837,Two-Wheeler,Ola S1,4,0
V01661,CU01863,Two-Wheeler,Ola S1,3,1
V01662,CU04227,Two-Wheeler,Ather 450X,2,3
V01663,CU01764,Hatchback,MG Comet,40,3
V01664,CU04419,Sedan,MG5,50,1
V01665,CU00823,Sedan,BYD Seal,50,4
V01666,CU00543,Sedan,BYD Seal,55,0
V01667,CU02766,Hatchback,MG Comet,30,1
V01668,CU02079,Sedan,BYD Seal,55,2
V01669,CU00885,SUV,Hyundai Ioniq 5,75,4
V01670,CU04287,Sedan,MG5,60,3
V01671,CU03650,SUV,Mahindra XUV400,70,4
V01672,CU04511,Hatchback,MG Comet,35,3
V01673,CU03572,Two-Wheeler,Ola S1,3,3
V01674,CU03934,Commercial Van,Mahindra Treo,60,1
V01675,CU03667,SUV,Tata Nexon EV,75,1
V01676,CU01722,Two-Wheeler,Ather 450X,2,1
V01677,CU00375,Hatchback,Tata Tiago EV,30,3
V01678,CU00558,Two-Wheeler,Ola S1,2,3
V01679,CU01281,Hatchback,MG Comet,40,4
V01680,CU03424,Sedan,MG5,60,1
V01681,CU01129,Sedan,BYD Seal,55,3
V01682,CU01361,SUV,Tata Nexon EV,75,4
V01683,CU03598,Sedan,MG5,60,1
V01684,CU01101,SUV,Mahindra XUV400,70,2
V01685,CU01535,Sedan,BYD Seal,60,2
V01686,CU02626,Two-Wheeler,Ola S1,3,1
V01687,CU04128,SUV,Hyundai Ioniq 5,100,0
V01688,CU01632,Hatchback,Tata Tiago EV,35,2
V01689,CU00058,Sedan,BYD Seal,60,0
V01690,CU01128,Two-Wheeler,Ather 450X,3,2
V01691,CU00312,Sedan,BYD Seal,60,3
V01692,CU03718,SUV,Hyundai Ioniq 5,100,3
V01693,CU02002,SUV,Hyundai Ioniq 5,70,2
V01694,CU02738,Sedan,BYD Seal,50,0
V01695,CU03878,Sedan,MG5,50,4
V01696,CU02283,Sedan,BYD Seal,50,3
V01697,CU03184,Hatchback,Tata Tiago EV,30,4
V01698,CU01432,Sedan,BYD Seal,50,1
V01699,CU03126,Hatchback,Tata Tiago EV,30,4
V01700,CU04898,Sedan,BYD Seal,50,1
V01701,CU04335,Sedan,BYD Seal,50,2
V01702,CU01776,Commercial Van,Tata Ace EV,120,1
V01703,CU01319,SUV,Mahindra XUV400,100,4
V01704,CU04208,Two-Wheeler,Ather 450X,3,0
V01705,CU03160,Hatchback,Tata Tiago EV,30,0
V01706,CU01329,Hatchback,Tata Tiago EV,35,3
V01707,CU04386,Two-Wheeler,Ola S1,2,1
V01708,CU03975,SUV,Tata Nexon EV,100,2
V01709,CU04678,Hatchback,Tata Tiago EV,40,0
V01710,CU04466,Sedan,BYD Seal,55,3
V01711,CU00220,SUV,Hyundai Ioniq 5,100,4
V01712,CU03303,Two-Wheeler,Ather 450X,4,3
V01713,CU02867,Hatchback,Tata Tiago EV,35,2
V01714,CU01897,SUV,Mahindra XUV400,70,3
V01715,CU04445,Two-Wheeler,Ather 450X,4,3
V01716,CU02303,Commercial Van,Mahindra Treo,120,0
V01717,CU04548,Two-Wheeler,Ola S1,2,4
V01718,CU04185,Sedan,MG5,60,4
V01719,CU04967,Two-Wheeler,Ather 450X,4,3
V01720,CU03727,Two-Wheeler,Ather 450X,2,2
V01721,CU02043,Two-Wheeler,Ather 450X,4,4
V01722,CU00523,Two-Wheeler,Ola S1,4,0
V01723,CU02708,Commercial Van,Mahindra Treo,80,3
V01724,CU02999,Hatchback,Tata Tiago EV,30,1
V01725,CU03922,Hatchback,MG Comet,40,3
V01726,CU00910,Two-Wheeler,Ather 450X,4,1
V01727,CU04538,Sedan,BYD Seal,60,4
V01728,CU04134,Hatchback,Tata Tiago EV,30,2
V01729,CU01881,Sedan,BYD Seal,50,3
V01730,CU03280,Two-Wheeler,Ather 450X,2,1
V01731,CU04306,Hatchback,MG Comet,30,4
V01732,CU02561,SUV,Hyundai Ioniq 5,75,4
V01733,CU03073,Hatchback,Tata Tiago EV,35,3
V01734,CU03827,Hatchback,MG Comet,35,4
V01735,CU04477,Sedan,MG5,60,1
V01736,CU02876,Hatchback,Tata Tiago EV,30,1
V01737,CU02907,Two-Wheeler,Ola S1,3,0
V01738,CU04490,Two-Wheeler,Ather 450X,3,1
V01739,CU04492,Two-Wheeler,Ola S1,3,4
V01740,CU00545,Hatchback,Tata Tiago EV,35,4
V01741,CU03098,SUV,Tata Nexon EV,82,4
V01742,CU03626,Hatchback,Tata Tiago EV,40,3
V01743,CU03506,Sedan,BYD Seal,55,2
V01744,CU01085,SUV,Hyundai Ioniq 5,70,4
V01745,CU00553,Two-Wheeler,Ather 450X,3,0
V01746,CU01154,Hatchback,Tata Tiago EV,35,1
V01747,CU03939,Sedan,MG5,50,4
V01748,CU02246,Commercial Van,Mahindra Treo,120,1
V01749,CU01687,Sedan,MG5,60,0
V01750,CU00694,Commercial Van,Mahindra Treo,80,3
V01751,CU03791,Commercial Van,Mahindra Treo,80,4
V01752,CU00498,SUV,Mahindra XUV400,75,0
V01753,CU02096,Sedan,BYD Seal,55,2
V01754,CU00613,Two-Wheeler,Ola S1,4,3
V01755,CU03968,Hatchback,Tata Tiago EV,30,1
V01756,CU00376,Sedan,MG5,55,3
V01757,CU00806,Two-Wheeler,Ather 450X,3,2
V01758,CU00921,Sedan,MG5,60,0
V01759,CU04971,Hatchback,MG Comet,40,4
V01760,CU03605,SUV,Mahindra XUV400,70,2
V01761,CU01444,Two-Wheeler,Ola S1,2,3
V01762,CU01546,Hatchback,MG Comet,30,3
V01763,CU01211,Sedan,MG5,60,3
V01764,CU02081,Hatchback,MG Comet,30,0
V01765,CU04688,Sedan,BYD Seal,50,0
V01766,CU02149,Two-Wheeler,Ola S1,2,2
V01767,CU01509,Two-Wheeler,Ola S1,2,0
V01768,CU00914,SUV,Tata Nexon EV,82,3
V01769,CU02781,Hatchback,Tata Tiago EV,30,0
V01770,CU00390,Hatchback,MG Comet,30,3
V01771,CU04050,Hatchback,Tata Tiago EV,35,1
V01772,CU04256,Sedan,BYD Seal,55,0
V01773,CU04988,Hatchback,Tata Tiago EV,30,1
V01774,CU03626,Sedan,BYD Seal,55,4
V01775,CU01071,Hatchback,MG Comet,40,3
V01776,CU04792,Two-Wheeler,Ather 450X,3,4
V01777,CU04854,Two-Wheeler,Ather 450X,4,4
V01778,CU02571,SUV,Mahindra XUV400,75,1
V01779,CU03738,Hatchback,MG Comet,35,4
V01780,CU02780,Two-Wheeler,Ather 450X,3,2
V01781,CU00339,Commercial Van,Tata Ace EV,60,3
V01782,CU01977,Hatchback,Tata Tiago EV,35,2
V01783,CU03437,Two-Wheeler,Ola S1,3,4
V01784,CU00795,Two-Wheeler,Ather 450X,2,3
V01785,CU01723,SUV,Hyundai Ioniq 5,75,1
V01786,CU03220,Sedan,BYD Seal,50,3
V01787,CU00899,Sedan,MG5,50,1
V01788,CU00103,SUV,Tata Nexon EV,75,1
V01789,CU02860,Sedan,MG5,50,2
V01790,CU04189,Commercial Van,Mahindra Treo,60,4
V01791,CU01448,Two-Wheeler,Ather 450X,2,1
V01792,CU04215,Hatchback,Tata Tiago EV,30,1
V01793,CU02033,SUV,Hyundai Ioniq 5,100,1
V01794,CU04033,SUV,Tata Nexon EV,75,1
V01795,CU03061,Hatchback,Tata Tiago EV,40,2
V01796,CU01535,Sedan,MG5,60,1
V01797,CU02848,Commercial Van,Mahindra Treo,120,2
V01798,CU03210,SUV,Hyundai Ioniq 5,100,0
V01799,CU04571,Hatchback,Tata Tiago EV,35,1
V01800,CU03464,Hatchback,Tata Tiago EV,30,1
V01801,CU00435,SUV,Hyundai Ioniq 5,100,1
V01802,CU01258,SUV,Hyundai Ioniq 5,100,3
V01803,CU00055,Sedan,BYD Seal,50,4
V01804,CU00931,SUV,Tata Nexon EV,75,1
V01805,CU02800,Hatchback,Tata Tiago EV,35,0
V01806,CU00312,Hatchback,Tata Tiago EV,40,4
V01807,CU00957,SUV,Hyundai Ioniq 5,75,4
V01808,CU04084,Hatchback,MG Comet,30,2
V01809,CU04853,Two-Wheeler,Ola S1,2,3
V01810,CU02513,Hatchback,MG Comet,40,2
V01811,CU01264,SUV,Tata Nexon EV,75,0
V01812,CU02748,Sedan,BYD Seal,55,2
V01813,CU02783,Sedan,MG5,60,4
V01814,CU01094,Two-Wheeler,Ola S1,3,4
V01815,CU02787,Sedan,BYD Seal,60,3
V01816,CU02816,Two-Wheeler,Ather 450X,3,2
V01817,CU03764,SUV,Mahindra XUV400,70,3
V01818,CU04036,SUV,Hyundai Ioniq 5,100,0
V01819,CU04840,Two-Wheeler,Ather 450X,2,2
V01820,CU02324,SUV,Hyundai Ioniq 5,82,0
V01821,CU00233,SUV,Tata Nexon EV,100,4
V01822,CU02102,Two-Wheeler,Ather 450X,3,2
V01823,CU04353,Commercial Van,Mahindra Treo,60,1
V01824,CU02029,Sedan,BYD Seal,50,2
V01825,CU01930,SUV,Tata Nexon EV,100,3
V01826,CU01459,Hatchback,Tata Tiago EV,35,2
V01827,CU01649,Sedan,MG5,50,1
V01828,CU00408,Sedan,BYD Seal,60,4
V01829,CU03341,Two-Wheeler,Ola S1,4,1
V01830,CU01978,SUV,Mahindra XUV400,70,0
V01831,CU02414,Two-Wheeler,Ola S1,2,2
V01832,CU04938,Hatchback,MG Comet,35,0
V01833,CU01761,Sedan,BYD Seal,55,2
V01834,CU03598,Commercial Van,Mahindra Treo,60,0
V01835,CU01379,Hatchback,Tata Tiago EV,40,2
V01836,CU00621,Hatchback,Tata Tiago EV,40,3
V01837,CU00930,Sedan,BYD Seal,50,2
V01838,CU00975,Two-Wheeler,Ather 450X,4,3
V01839,CU04488,Sedan,MG5,50,2
V01840,CU04448,Sedan,MG5,55,1
V01841,CU02854,SUV,Tata Nexon EV,75,1
V01842,CU01690,Sedan,BYD Seal,55,2
V01843,CU04672,Two-Wheeler,Ather 450X,3,4
V01844,CU04619,Hatchback,Tata Tiago EV,40,2
V01845,CU00726,Sedan,BYD Seal,60,4
V01846,CU00162,SUV,Tata Nexon EV,70,4
V01847,CU00659,Two-Wheeler,Ola S1,4,1
V01848,CU02898,Two-Wheeler,Ather 450X,3,2
V01849,CU04620,Two-Wheeler,Ola S1,4,4
V01850,CU04100,Sedan,BYD Seal,60,2
V01851,CU02543,Hatchback,MG Comet,40,1
V01852,CU01579,Hatchback,MG Comet,30,0
V01853,CU03995,Two-Wheeler,Ather 450X,2,4
V01854,CU01075,Two-Wheeler,Ola S1,4,1
V01855,CU03206,Commercial Van,Mahindra Treo,60,0
V01856,CU04045,Hatchback,MG Comet,35,4
V01857,CU03434,SUV,Mahindra XUV400,75,0
V01858,CU00878,SUV,Tata Nexon EV,70,1
V01859,CU01092,Two-Wheeler,Ather 450X,2,3
V01860,CU03060,SUV,Mahindra XUV400,70,1
V01861,CU01675,Two-Wheeler,Ola S1,3,2
V01862,CU01609,Sedan,BYD Seal,55,4
V01863,CU02827,Hatchback,MG Comet,35,4
V01864,CU01218,Hatchback,MG Comet,30,0
V01865,CU03053,Hatchback,Tata Tiago EV,30,3
V01866,CU00314,Sedan,BYD Seal,55,1
V01867,CU00730,Hatchback,Tata Tiago EV,30,0
V01868,CU04040,Sedan,MG5,60,3
V01869,CU00384,SUV,Hyundai Ioniq 5,82,4
V01870,CU01813,Two-Wheeler,Ola S1,4,2
V01871,CU02325,Two-Wheeler,Ather 450X,4,0
V01872,CU03430,Sedan,BYD Seal,60,1
V01873,CU02746,Hatchback,Tata Tiago EV,40,2
V01874,CU01865,Hatchback,Tata Tiago EV,40,3
V01875,CU03292,Commercial Van,Tata Ace EV,60,2
V01876,CU04847,SUV,Hyundai Ioniq 5,75,3
V01877,CU00228,Hatchback,Tata Tiago EV,40,0
V01878,CU02065,Two-Wheeler,Ather 450X,3,3
V01879,CU00012,Sedan,MG5,60,0
V01880,CU01523,Two-Wheeler,Ather 450X,4,0
V01881,CU00692,Sedan,BYD Seal,60,1
V01882,CU03706,Sedan,BYD Seal,60,0
V01883,CU01740,SUV,Hyundai Ioniq 5,100,0
V01884,CU01526,Two-Wheeler,Ola S1,2,4
V01885,CU00070,Two-Wheeler,Ather 450X,2,1
V01886,CU02249,SUV,Tata Nexon EV,82,3
V01887,CU03124,Hatchback,Tata Tiago EV,35,4
V01888,CU04725,Sedan,BYD Seal,60,4
V01889,CU03331,Commercial Van,Tata Ace EV,80,0
V01890,CU01288,SUV,Hyundai Ioniq 5,82,3
V01891,CU00576,Two-Wheeler,Ather 450X,3,1
V01892,CU02173,Sedan,MG5,50,0
V01893,CU04955,SUV,Mahindra XUV400,75,2
V01894,CU00745,Sedan,BYD Seal,55,3
V01895,CU02528,Two-Wheeler,Ather 450X,2,3
V01896,CU03074,Two-Wheeler,Ola S1,3,3
V01897,CU04211,SUV,Hyundai Ioniq 5,100,3
V01898,CU04577,Sedan,MG5,50,4
V01899,CU01025,Sedan,BYD Seal,55,0
V01900,CU00942,Hatchback,MG Comet,35,0
V01901,CU00768,Commercial Van,Mahindra Treo,60,0
V01902,CU02439,Sedan,BYD Seal,55,3
V01903,CU00834,Two-Wheeler,Ola S1,2,0
V01904,CU02191,Two-Wheeler,Ather 450X,4,2
V01905,CU00628,Two-Wheeler,Ather 450X,3,3
V01906,CU00377,Commercial Van,Mahindra Treo,60,0
V01907,CU03887,SUV,Tata Nexon EV,100,2
V01908,CU00090,Two-Wheeler,Ola S1,3,0
V01909,CU02856,Hatchback,Tata Tiago EV,40,0
V01910,CU01066,SUV,Hyundai Ioniq 5,75,4
V01911,CU01059,Two-Wheeler,Ola S1,4,1
V01912,CU03060,Sedan,BYD Seal,60,1
V01913,CU04073,Two-Wheeler,Ather 450X,4,2
V01914,CU02601,Two-Wheeler,Ather 450X,4,1
V01915,CU04220,Two-Wheeler,Ola S1,3,0
V01916,CU02105,Sedan,MG5,50,3
V01917,CU02854,SUV,Hyundai Ioniq 5,75,3
V01918,CU02656,Sedan,MG5,60,2
V01919,CU01516,Two-Wheeler,Ola S1,2,2
V01920,CU03018,Sedan,MG5,60,2
V01921,CU04148,SUV,Tata Nexon EV,75,2
V01922,CU01574,Sedan,BYD Seal,50,0
V01923,CU02537,Hatchback,Tata Tiago EV,30,0
V01924,CU03927,Hatchback,Tata Tiago EV,35,3
V01925,CU02053,Hatchback,Tata Tiago EV,40,3
V01926,CU03797,SUV,Mahindra XUV400,82,1
V01927,CU00632,Two-Wheeler,Ola S1,4,4
V01928,CU01862,Hatchback,MG Comet,35,0
V01929,CU03953,Hatchback,Tata Tiago EV,40,0
V01930,CU01233,Sedan,MG5,50,3
V01931,CU02265,Two-Wheeler,Ather 450X,3,3
V01932,CU02048,Hatchback,MG Comet,40,4
V01933,CU00536,Sedan,MG5,55,1
V01934,CU03534,Hatchback,Tata Tiago EV,30,1
V01935,CU04826,Sedan,BYD Seal,55,4
V01936,CU03098,Hatchback,MG Comet,30,1
V01937,CU01276,Sedan,BYD Seal,60,1
V01938,CU03074,Two-Wheeler,Ola S1,3,3
V01939,CU01026,SUV,Mahindra XUV400,70,1
V01940,CU02052,Hatchback,MG Comet,35,2
V01941,CU03622,SUV,Tata Nexon EV,70,0
V01942,CU04564,Sedan,MG5,55,0
V01943,CU00201,Commercial Van,Mahindra Treo,80,0
V01944,CU04404,Sedan,BYD Seal,55,2
V01945,CU03324,Two-Wheeler,Ola S1,3,2
V01946,CU03359,Two-Wheeler,Ola S1,3,1
V01947,CU02972,Hatchback,MG Comet,35,3
V01948,CU04979,Commercial Van,Mahindra Treo,60,4
V01949,CU00586,Sedan,MG5,60,3
V01950,CU03346,SUV,Tata Nexon EV,70,4
V01951,CU03855,Hatchback,MG Comet,30,0
V01952,CU04605,Sedan,BYD Seal,60,2
V01953,CU03425,SUV,Hyundai Ioniq 5,100,1
V01954,CU04101,Sedan,BYD Seal,55,0
V01955,CU00360,Sedan,MG5,55,2
V01956,CU03670,Sedan,BYD Seal,60,3
V01957,CU04310,SUV,Tata Nexon EV,82,3
V01958,CU03478,Sedan,MG5,60,3
V01959,CU04659,Hatchback,Tata Tiago EV,35,3
V01960,CU02813,SUV,Mahindra XUV400,75,4
V01961,CU00045,Sedan,MG5,55,0
V01962,CU02751,Sedan,BYD Seal,55,2
V01963,CU00634,Hatchback,Tata Tiago EV,40,1
V01964,CU01211,Hatchback,MG Comet,35,0
V01965,CU01750,Hatchback,MG Comet,35,0
V01966,CU03242,Commercial Van,Tata Ace EV,80,0
V01967,CU02769,Sedan,BYD Seal,55,4
V01968,CU00594,Hatchback,Tata Tiago EV,35,0
V01969,CU01425,Hatchback,Tata Tiago EV,35,0
V01970,CU01927,Hatchback,Tata Tiago EV,30,1
V01971,CU00857,SUV,Mahindra XUV400,75,4
V01972,CU00552,Hatchback,Tata Tiago EV,30,1
V01973,CU04139,Sedan,MG5,55,2
V01974,CU02889,Sedan,BYD Seal,50,4
V01975,CU04275,Two-Wheeler,Ather 450X,4,1
V01976,CU01481,Sedan,MG5,60,0
V01977,CU00607,Sedan,BYD Seal,60,2
V01978,CU00672,Two-Wheeler,Ola S1,3,1
V01979,CU03316,Sedan,BYD Seal,60,3
V01980,CU00017,Two-Wheeler,Ola S1,4,1
V01981,CU02874,SUV,Mahindra XUV400,75,0
V01982,CU02595,Sedan,MG5,55,1
V01983,CU02485,SUV,Tata Nexon EV,70,4
V01984,CU00616,Commercial Van,Tata Ace EV,80,2
V01985,CU03206,SUV,Mahindra XUV400,75,1
V01986,CU02850,Commercial Van,Tata Ace EV,60,4
V01987,CU04408,Hatchback,Tata Tiago EV,40,3
V01988,CU03808,Sedan,BYD Seal,50,0
V01989,CU02073,Commercial Van,Mahindra Treo,60,0
V01990,CU00525,Sedan,MG5,55,2
V01991,CU03174,Commercial Van,Tata Ace EV,60,4
V01992,CU01474,Hatchback,MG Comet,40,4
V01993,CU02426,Commercial Van,Mahindra Treo,80,4
V01994,CU04984,Sedan,BYD Seal,50,2
V01995,CU03275,Hatchback,MG Comet,30,1
V01996,CU03339,Two-Wheeler,Ola S1,3,2
V01997,CU02008,Sedan,MG5,55,2
V01998,CU04558,Hatchback,Tata Tiago EV,30,2
V01999,CU02413,Hatchback,MG Comet,40,3
V02000,CU02152,SUV,Hyundai Ioniq 5,75,0
V02001,CU03183,Commercial Van,Mahindra Treo,80,4
V02002,CU00428,Hatchback,MG Comet,30,3
V02003,CU04565,Sedan,MG5,55,1
V02004,CU01015,Hatchback,MG Comet,40,0
V02005,CU01605,Two-Wheeler,Ather 450X,2,2
V02006,CU00870,Hatchback,MG Comet,35,0
V02007,CU02728,Hatchback,Tata Tiago EV,40,4
V02008,CU02853,Hatchback,Tata Tiago EV,30,1
V02009,CU00886,SUV,Tata Nexon EV,75,0
V02010,CU02609,Two-Wheeler,Ola S1,3,0
V02011,CU01274,SUV,Mahindra XUV400,70,0
V02012,CU04427,Hatchback,MG Comet,35,1
V02013,CU01956,SUV,Hyundai Ioniq 5,100,4
V02014,CU00587,Two-Wheeler,Ola S1,3,0
V02015,CU00201,Hatchback,MG Comet,30,4
V02016,CU04550,Hatchback,MG Comet,30,3
V02017,CU03618,Hatchback,Tata Tiago EV,40,3
V02018,CU00826,Two-Wheeler,Ola S1,3,3
V02019,CU00111,SUV,Tata Nexon EV,70,2
V02020,CU02912,SUV,Mahindra XUV400,100,0
V02021,CU03900,Hatchback,Tata Tiago EV,40,2
V02022,CU00908,Sedan,BYD Seal,50,0
V02023,CU03716,Commercial Van,Tata Ace EV,120,1
V02024,CU03690,Hatchback,Tata Tiago EV,30,1
V02025,CU00555,Commercial Van,Mahindra Treo,120,4
V02026,CU01904,SUV,Hyundai Ioniq 5,70,2
V02027,CU00107,Hatchback,MG Comet,30,1
V02028,CU03337,Sedan,BYD Seal,50,2
V02029,CU02535,Commercial Van,Tata Ace EV,60,4
V02030,CU02227,Sedan,BYD Seal,60,2
V02031,CU03294,Two-Wheeler,Ather 450X,4,1
V02032,CU01394,Sedan,BYD Seal,60,2
V02033,CU02685,SUV,Mahindra XUV400,75,2
V02034,CU02836,Two-Wheeler,Ather 450X,3,1
V02035,CU00167,Commercial Van,Tata Ace EV,80,3
V02036,CU02711,Sedan,BYD Seal,60,1
V02037,CU03625,SUV,Hyundai Ioniq 5,100,4
V02038,CU02348,Hatchback,Tata Tiago EV,35,1
V02039,CU01405,Sedan,MG5,50,3
V02040,CU01526,Sedan,BYD Seal,55,3
V02041,CU04410,Hatchback,MG Comet,30,2
V02042,CU04912,Sedan,MG5,50,1
V02043,CU04839,Sedan,MG5,55,0
V02044,CU02775,Commercial Van,Tata Ace EV,120,3
V02045,CU00826,SUV,Hyundai Ioniq 5,75,4
V02046,CU01125,Sedan,BYD Seal,55,0
V02047,CU00569,Commercial Van,Tata Ace EV,60,3
V02048,CU01959,Hatchback,MG Comet,30,1
V02049,CU03740,Sedan,BYD Seal,60,1
V02050,CU02110,SUV,Tata Nexon EV,82,2
V02051,CU04465,Hatchback,Tata Tiago EV,40,2
V02052,CU04190,Two-Wheeler,Ola S1,3,3
V02053,CU04095,Hatchback,MG Comet,35,1
V02054,CU02931,Hatchback,MG Comet,35,1
V02055,CU00764,Hatchback,MG Comet,40,1
V02056,CU03361,Commercial Van,Tata Ace EV,120,0
V02057,CU03451,SUV,Tata Nexon EV,75,2
V02058,CU02148,SUV,Mahindra XUV400,70,0
V02059,CU03396,SUV,Hyundai Ioniq 5,75,0
V02060,CU04425,Sedan,BYD Seal,60,3
V02061,CU03720,SUV,Hyundai Ioniq 5,82,0
V02062,CU04802,Sedan,BYD Seal,50,3
V02063,CU00221,Hatchback,MG Comet,35,2
V02064,CU01862,SUV,Hyundai Ioniq 5,75,2
V02065,CU02615,Hatchback,Tata Tiago EV,35,0
V02066,CU01022,Hatchback,MG Comet,40,2
V02067,CU00110,Two-Wheeler,Ola S1,3,3
V02068,CU04245,SUV,Tata Nexon EV,70,2
V02069,CU03849,SUV,Mahindra XUV400,82,1
V02070,CU00699,Sedan,BYD Seal,50,0
V02071,CU00108,Sedan,BYD Seal,50,2
V02072,CU00389,SUV,Hyundai Ioniq 5,82,3
V02073,CU00425,Two-Wheeler,Ather 450X,2,1
V02074,CU02495,SUV,Hyundai Ioniq 5,82,4
V02075,CU02966,Commercial Van,Mahindra Treo,80,1
V02076,CU02704,Commercial Van,Tata Ace EV,120,1
V02077,CU02000,Sedan,MG5,55,2
V02078,CU03576,Two-Wheeler,Ather 450X,3,3
V02079,CU01528,SUV,Mahindra XUV400,70,2
V02080,CU04054,SUV,Hyundai Ioniq 5,75,3
V02081,CU02027,Hatchback,Tata Tiago EV,35,4
V02082,CU02369,SUV,Mahindra XUV400,100,1
V02083,CU02767,Commercial Van,Mahindra Treo,60,2
V02084,CU01856,Two-Wheeler,Ola S1,4,0
V02085,CU00447,Two-Wheeler,Ola S1,4,1
V02086,CU01598,Hatchback,Tata Tiago EV,35,1
V02087,CU00210,Sedan,MG5,55,1
V02088,CU00849,Hatchback,Tata Tiago EV,35,3
V02089,CU01652,Sedan,MG5,55,4
V02090,CU01917,SUV,Mahindra XUV400,82,0
V02091,CU03530,Sedan,MG5,55,2
V02092,CU01919,SUV,Hyundai Ioniq 5,70,1
V02093,CU00577,Sedan,MG5,60,2
V02094,CU00689,Sedan,BYD Seal,55,0
V02095,CU00790,Hatchback,MG Comet,40,4
V02096,CU01356,Two-Wheeler,Ather 450X,4,2
V02097,CU01688,Hatchback,Tata Tiago EV,30,1
V02098,CU00350,Hatchback,MG Comet,30,4
V02099,CU02718,Two-Wheeler,Ola S1,3,4
V02100,CU03540,Commercial Van,Tata Ace EV,60,1
V02101,CU04522,Two-Wheeler,Ola S1,2,3
V02102,CU04423,Hatchback,MG Comet,30,1
V02103,CU01130,Hatchback,Tata Tiago EV,35,1
V02104,CU04351,Commercial Van,Mahindra Treo,80,2
V02105,CU04540,Two-Wheeler,Ather 450X,3,1
V02106,CU04209,SUV,Mahindra XUV400,70,3
V02107,CU04785,Hatchback,MG Comet,30,1
V02108,CU00991,Hatchback,MG Comet,40,1
V02109,CU01874,Hatchback,MG Comet,30,1
V02110,CU04142,SUV,Hyundai Ioniq 5,70,2
V02111,CU04853,Hatchback,MG Comet,40,3
V02112,CU01377,Commercial Van,Mahindra Treo,60,2
V02113,CU01227,Hatchback,MG Comet,40,0
V02114,CU00564,Two-Wheeler,Ather 450X,2,3
V02115,CU02888,Hatchback,Tata Tiago EV,40,3
V02116,CU01341,SUV,Mahindra XUV400,75,1
V02117,CU03738,Hatchback,Tata Tiago EV,40,3
V02118,CU01438,Two-Wheeler,Ather 450X,4,2
V02119,CU00095,SUV,Tata Nexon EV,100,1
V02120,CU03297,Hatchback,Tata Tiago EV,40,0
V02121,CU00949,Two-Wheeler,Ather 450X,3,2
V02122,CU04649,SUV,Tata Nexon EV,75,0
V02123,CU02693,Commercial Van,Mahindra Treo,120,2
V02124,CU04162,Commercial Van,Mahindra Treo,120,2
V02125,CU03282,Commercial Van,Mahindra Treo,120,1
V02126,CU01498,Hatchback,Tata Tiago EV,40,1
V02127,CU04761,Hatchback,Tata Tiago EV,30,2
V02128,CU02732,Commercial Van,Tata Ace EV,60,2
V02129,CU02744,Sedan,MG5,50,1
V02130,CU04276,Hatchback,MG Comet,35,0
V02131,CU02882,Two-Wheeler,Ather 450X,4,0
V02132,CU00202,Sedan,BYD Seal,55,0
V02133,CU01499,Two-Wheeler,Ather 450X,4,3
V02134,CU03087,Two-Wheeler,Ather 450X,4,3
V02135,CU03114,Two-Wheeler,Ola S1,2,2
V02136,CU02591,Sedan,MG5,50,2
V02137,CU01949,Sedan,MG5,50,1
V02138,CU03605,Sedan,BYD Seal,60,4
V02139,CU03964,Sedan,BYD Seal,55,2
V02140,CU00694,Hatchback,MG Comet,40,4
V02141,CU01720,Sedan,MG5,55,0
V02142,CU03934,SUV,Hyundai Ioniq 5,75,3
V02143,CU03733,SUV,Tata Nexon EV,70,3
V02144,CU02660,Two-Wheeler,Ather 450X,2,1
V02145,CU01722,SUV,Hyundai Ioniq 5,70,0
V02146,CU04052,Hatchback,MG Comet,30,0
V02147,CU02292,SUV,Mahindra XUV400,70,1
V02148,CU04200,Two-Wheeler,Ather 450X,2,1
V02149,CU02699,Sedan,BYD Seal,55,0
V02150,CU03375,SUV,Tata Nexon EV,82,1
V02151,CU01011,Hatchback,Tata Tiago EV,40,4
V02152,CU01042,Sedan,MG5,50,0
V02153,CU01558,Commercial Van,Tata Ace EV,80,4
V02154,CU01208,Commercial Van,Tata Ace EV,80,1
V02155,CU01681,SUV,Hyundai Ioniq 5,75,2
V02156,CU03622,Two-Wheeler,Ola S1,3,2
V02157,CU03353,Two-Wheeler,Ola S1,2,0
V02158,CU01679,Commercial Van,Mahindra Treo,120,4
V02159,CU03597,Sedan,MG5,55,1
V02160,CU02746,SUV,Tata Nexon EV,70,0
V02161,CU03546,Sedan,BYD Seal,60,0
V02162,CU02994,Hatchback,Tata Tiago EV,40,1
V02163,CU00781,Sedan,BYD Seal,60,0
V02164,CU00946,Two-Wheeler,Ather 450X,4,3
V02165,CU03429,Two-Wheeler,Ather 450X,3,0
V02166,CU03099,Two-Wheeler,Ather 450X,2,1
V02167,CU00548,Hatchback,MG Comet,40,3
V02168,CU02208,SUV,Tata Nexon EV,75,1
V02169,CU02985,Hatchback,MG Comet,30,1
V02170,CU02591,Hatchback,Tata Tiago EV,40,0
V02171,CU02175,Commercial Van,Tata Ace EV,120,1
V02172,CU01798,Sedan,BYD Seal,50,4
V02173,CU01881,Two-Wheeler,Ola S1,4,1
V02174,CU03057,Hatchback,MG Comet,40,0
V02175,CU02258,Sedan,MG5,55,0
V02176,CU02198,SUV,Hyundai Ioniq 5,75,4
V02177,CU00031,Hatchback,MG Comet,30,4
V02178,CU00612,Sedan,MG5,50,2
V02179,CU04398,Hatchback,Tata Tiago EV,40,4
V02180,CU03011,SUV,Mahindra XUV400,70,2
V02181,CU02913,Commercial Van,Mahindra Treo,80,3
V02182,CU03803,Two-Wheeler,Ather 450X,4,2
V02183,CU02813,Commercial Van,Mahindra Treo,60,4
V02184,CU00683,Two-Wheeler,Ola S1,2,1
V02185,CU00257,Two-Wheeler,Ola S1,2,1
V02186,CU00940,SUV,Mahindra XUV400,70,4
V02187,CU02895,SUV,Tata Nexon EV,82,4
V02188,CU03186,Sedan,MG5,55,0
V02189,CU00777,Two-Wheeler,Ola S1,4,3
V02190,CU02733,Hatchback,Tata Tiago EV,35,4
V02191,CU00732,Hatchback,Tata Tiago EV,35,4
V02192,CU02043,Commercial Van,Tata Ace EV,80,0
V02193,CU00970,Hatchback,MG Comet,35,2
V02194,CU00103,Commercial Van,Mahindra Treo,80,0
V02195,CU01084,Two-Wheeler,Ola S1,3,3
V02196,CU04863,Sedan,MG5,60,4
V02197,CU03071,SUV,Mahindra XUV400,100,4
V02198,CU03749,Two-Wheeler,Ola S1,4,2
V02199,CU00372,Hatchback,Tata Tiago EV,40,4
V02200,CU00679,Two-Wheeler,Ather 450X,2,2
V02201,CU00202,Two-Wheeler,Ather 450X,4,2
V02202,CU00089,Hatchback,MG Comet,40,4
V02203,CU01997,Hatchback,MG Comet,30,2
V02204,CU04495,Hatchback,Tata Tiago EV,30,4
V02205,CU00188,Hatchback,MG Comet,35,1
V02206,CU04748,Hatchback,MG Comet,35,4
V02207,CU01555,Two-Wheeler,Ola S1,4,3
V02208,CU04683,Sedan,MG5,50,1
V02209,CU00230,Two-Wheeler,Ola S1,2,3
V02210,CU03553,Sedan,MG5,50,1
V02211,CU00055,Sedan,BYD Seal,55,2
V02212,CU04367,SUV,Tata Nexon EV,75,1
V02213,CU04032,Two-Wheeler,Ola S1,2,3
V02214,CU01124,SUV,Hyundai Ioniq 5,82,1
V02215,CU03141,Sedan,BYD Seal,55,1
V02216,CU03371,Two-Wheeler,Ola S1,4,2
V02217,CU01553,Sedan,BYD Seal,60,2
V02218,CU00116,Hatchback,Tata Tiago EV,35,1
V02219,CU03614,Sedan,BYD Seal,60,0
V02220,CU04419,Two-Wheeler,Ola S1,3,1
V02221,CU02611,Hatchback,MG Comet,35,3
V02222,CU00360,SUV,Mahindra XUV400,75,3
V02223,CU00028,SUV,Tata Nexon EV,70,3
V02224,CU03838,Commercial Van,Mahindra Treo,80,4
V02225,CU03534,Sedan,MG5,55,2
V02226,CU01419,Sedan,BYD Seal,60,1
V02227,CU04040,Sedan,BYD Seal,55,3
V02228,CU02917,Sedan,BYD Seal,60,2
V02229,CU01295,Two-Wheeler,Ather 450X,4,3
V02230,CU03630,SUV,Tata Nexon EV,100,4
V02231,CU02076,Two-Wheeler,Ather 450X,4,3
V02232,CU04840,Two-Wheeler,Ather 450X,3,1
V02233,CU03678,Commercial Van,Tata Ace EV,60,4
V02234,CU03154,Sedan,BYD Seal,50,2
V02235,CU01779,Commercial Van,Mahindra Treo,120,2
V02236,CU04676,Hatchback,MG Comet,30,3
V02237,CU03895,Two-Wheeler,Ather 450X,3,0
V02238,CU02499,SUV,Tata Nexon EV,70,4
V02239,CU04529,Two-Wheeler,Ather 450X,2,0
V02240,CU00374,Sedan,BYD Seal,60,2
V02241,CU02266,Two-Wheeler,Ola S1,3,1
V02242,CU01132,Commercial Van,Mahindra Treo,60,3
V02243,CU01843,Two-Wheeler,Ola S1,2,2
V02244,CU01574,Two-Wheeler,Ather 450X,2,0
V02245,CU04445,Hatchback,Tata Tiago EV,40,3
V02246,CU00788,Hatchback,Tata Tiago EV,40,2
V02247,CU01546,Commercial Van,Mahindra Treo,80,1
V02248,CU04122,SUV,Mahindra XUV400,70,3
V02249,CU04955,SUV,Mahindra XUV400,70,2
V02250,CU00370,Sedan,BYD Seal,55,0
V02251,CU04980,Hatchback,Tata Tiago EV,30,2
V02252,CU04375,Sedan,MG5,50,0
V02253,CU01703,Sedan,MG5,60,3
V02254,CU01658,Hatchback,MG Comet,35,0
V02255,CU01929,Hatchback,MG Comet,40,2
V02256,CU04056,SUV,Hyundai Ioniq 5,100,4
V02257,CU00607,SUV,Hyundai Ioniq 5,82,1
V02258,CU02577,Hatchback,MG Comet,35,3
V02259,CU04125,SUV,Hyundai Ioniq 5,75,2
V02260,CU00323,Commercial Van,Tata Ace EV,60,3
V02261,CU01877,Sedan,MG5,60,0
V02262,CU00584,Two-Wheeler,Ola S1,2,4
V02263,CU02810,Commercial Van,Mahindra Treo,120,1
V02264,CU00656,Hatchback,MG Comet,35,1
V02265,CU04882,Hatchback,Tata Tiago EV,30,4
V02266,CU00223,Sedan,MG5,55,3
V02267,CU02123,SUV,Tata Nexon EV,100,1
V02268,CU02221,Sedan,BYD Seal,55,3
V02269,CU03551,Sedan,BYD Seal,55,1
V02270,CU02443,SUV,Tata Nexon EV,82,3
V02271,CU04929,Hatchback,Tata Tiago EV,40,4
V02272,CU03986,Commercial Van,Mahindra Treo,60,0
V02273,CU00167,Hatchback,MG Comet,30,3
V02274,CU02017,Commercial Van,Tata Ace EV,120,4
V02275,CU00118,Hatchback,Tata Tiago EV,30,0
V02276,CU01810,Hatchback,MG Comet,30,4
V02277,CU02207,Hatchback,MG Comet,30,2
V02278,CU01251,Commercial Van,Tata Ace EV,120,3
V02279,CU04007,Hatchback,Tata Tiago EV,30,2
V02280,CU03110,SUV,Mahindra XUV400,75,4
V02281,CU04559,Two-Wheeler,Ola S1,2,3
V02282,CU01672,SUV,Mahindra XUV400,82,1
V02283,CU02152,Sedan,MG5,60,4
V02284,CU02298,Commercial Van,Tata Ace EV,60,1
V02285,CU01037,Two-Wheeler,Ather 450X,3,4
V02286,CU02615,Sedan,MG5,60,0
V02287,CU01880,SUV,Mahindra XUV400,70,3
V02288,CU00597,Commercial Van,Mahindra Treo,60,4
V02289,CU00621,Commercial Van,Tata Ace EV,80,1
V02290,CU00071,Sedan,MG5,60,0
V02291,CU01804,Two-Wheeler,Ola S1,3,4
V02292,CU04534,Sedan,MG5,50,3
V02293,CU01068,Sedan,MG5,60,1
V02294,CU01926,Hatchback,Tata Tiago EV,35,2
V02295,CU01038,Hatchback,Tata Tiago EV,40,1
V02296,CU03443,SUV,Hyundai Ioniq 5,70,2
V02297,CU03184,SUV,Mahindra XUV400,100,2
V02298,CU01403,Hatchback,Tata Tiago EV,40,0
V02299,CU02362,Sedan,BYD Seal,50,4
V02300,CU01439,Sedan,BYD Seal,55,2
V02301,CU03812,Commercial Van,Tata Ace EV,120,1
V02302,CU00485,Two-Wheeler,Ola S1,2,3
V02303,CU04265,Sedan,MG5,60,2
V02304,CU04899,Commercial Van,Tata Ace EV,60,4
V02305,CU00246,Sedan,MG5,60,0
V02306,CU04945,SUV,Hyundai Ioniq 5,70,2
V02307,CU03372,Commercial Van,Mahindra Treo,80,4
V02308,CU01351,Sedan,BYD Seal,50,4
V02309,CU00530,SUV,Tata Nexon EV,82,0
V02310,CU04943,Sedan,BYD Seal,50,2
V02311,CU03815,Sedan,BYD Seal,60,1
V02312,CU01789,SUV,Mahindra XUV400,75,2
V02313,CU01703,Commercial Van,Mahindra Treo,120,0
V02314,CU03626,Sedan,MG5,55,1
V02315,CU03321,Commercial Van,Tata Ace EV,60,2
V02316,CU00760,Commercial Van,Tata Ace EV,120,1
V02317,CU01404,Sedan,MG5,55,2
V02318,CU00798,Sedan,BYD Seal,60,3
V02319,CU00532,SUV,Mahindra XUV400,82,1
V02320,CU01918,SUV,Hyundai Ioniq 5,70,4
V02321,CU04960,Hatchback,MG Comet,40,1
V02322,CU04138,Commercial Van,Tata Ace EV,60,0
V02323,CU03417,Two-Wheeler,Ola S1,2,3
V02324,CU00599,Sedan,MG5,50,1
V02325,CU00306,SUV,Mahindra XUV400,75,3
V02326,CU04905,Hatchback,Tata Tiago EV,40,4
V02327,CU02910,Sedan,BYD Seal,50,3
V02328,CU00679,Commercial Van,Mahindra Treo,80,2
V02329,CU03385,Two-Wheeler,Ather 450X,3,4
V02330,CU00731,Sedan,BYD Seal,50,3
V02331,CU02026,SUV,Tata Nexon EV,70,1
V02332,CU04999,SUV,Hyundai Ioniq 5,82,3
V02333,CU04229,Sedan,MG5,50,2
V02334,CU02767,Hatchback,MG Comet,40,0
V02335,CU02099,SUV,Mahindra XUV400,82,3
V02336,CU00392,SUV,Hyundai Ioniq 5,100,2
V02337,CU02744,Hatchback,MG Comet,35,2
V02338,CU03785,Hatchback,MG Comet,35,1
V02339,CU03838,Hatchback,Tata Tiago EV,40,1
V02340,CU04604,Sedan,MG5,50,2
V02341,CU01686,SUV,Hyundai Ioniq 5,75,3
V02342,CU02915,Sedan,BYD Seal,60,2
V02343,CU01419,Sedan,BYD Seal,60,2
V02344,CU04192,Two-Wheeler,Ather 450X,3,4
V02345,CU04202,Hatchback,Tata Tiago EV,30,4
V02346,CU04091,Sedan,MG5,60,2
V02347,CU03727,Commercial Van,Mahindra Treo,120,2
V02348,CU04774,SUV,Tata Nexon EV,75,0
V02349,CU03630,Two-Wheeler,Ather 450X,4,3
V02350,CU03314,Sedan,MG5,50,0
V02351,CU04952,Hatchback,Tata Tiago EV,35,4
V02352,CU04886,SUV,Hyundai Ioniq 5,75,0
V02353,CU04611,SUV,Tata Nexon EV,82,2
V02354,CU01085,Hatchback,Tata Tiago EV,35,4
V02355,CU01008,Sedan,BYD Seal,55,1
V02356,CU01318,Commercial Van,Tata Ace EV,80,4
V02357,CU02350,Hatchback,MG Comet,40,0
V02358,CU02694,Sedan,BYD Seal,50,4
V02359,CU02279,Sedan,BYD Seal,50,2
V02360,CU03723,Two-Wheeler,Ola S1,3,0
V02361,CU03694,Two-Wheeler,Ather 450X,3,0
V02362,CU04393,Two-Wheeler,Ather 450X,2,0
V02363,CU04551,Sedan,BYD Seal,60,4
V02364,CU04336,Hatchback,MG Comet,40,2
V02365,CU03248,Sedan,MG5,50,3
V02366,CU03135,SUV,Hyundai Ioniq 5,70,2
V02367,CU02599,Two-Wheeler,Ather 450X,2,4
V02368,CU02186,Commercial Van,Tata Ace EV,60,1
V02369,CU04053,Sedan,BYD Seal,60,4
V02370,CU04550,SUV,Hyundai Ioniq 5,82,2
V02371,CU03825,SUV,Mahindra XUV400,100,1
V02372,CU03521,Hatchback,MG Comet,30,4
V02373,CU01250,Sedan,BYD Seal,55,2
V02374,CU02075,SUV,Tata Nexon EV,82,3
V02375,CU02505,Commercial Van,Tata Ace EV,80,2
V02376,CU04791,Sedan,MG5,50,0
V02377,CU04806,Commercial Van,Mahindra Treo,60,1
V02378,CU02015,SUV,Mahindra XUV400,100,4
V02379,CU04945,Hatchback,MG Comet,40,2
V02380,CU00949,Hatchback,Tata Tiago EV,30,4
V02381,CU00107,Hatchback,Tata Tiago EV,30,4
V02382,CU02492,Sedan,MG5,50,0
V02383,CU04693,Hatchback,Tata Tiago EV,35,1
V02384,CU00155,Sedan,BYD Seal,60,3
V02385,CU03241,Commercial Van,Tata Ace EV,120,4
V02386,CU00796,SUV,Tata Nexon EV,75,4
V02387,CU04368,Two-Wheeler,Ather 450X,3,1
V02388,CU01571,Hatchback,MG Comet,35,3
V02389,CU01635,Sedan,BYD Seal,50,1
V02390,CU01939,Sedan,BYD Seal,50,2
V02391,CU01533,Two-Wheeler,Ather 450X,2,4
V02392,CU03029,Hatchback,MG Comet,35,2
V02393,CU04218,Sedan,MG5,55,1
V02394,CU01441,SUV,Tata Nexon EV,100,3
V02395,CU01399,SUV,Tata Nexon EV,70,0
V02396,CU03647,Two-Wheeler,Ather 450X,4,3
V02397,CU03398,Hatchback,MG Comet,40,2
V02398,CU04246,Sedan,MG5,50,4
V02399,CU04803,Two-Wheeler,Ather 450X,4,3
V02400,CU03043,SUV,Hyundai Ioniq 5,75,1
V02401,CU01616,Sedan,BYD Seal,60,4
V02402,CU01514,Hatchback,Tata Tiago EV,35,4
V02403,CU02599,Two-Wheeler,Ola S1,3,4
V02404,CU00845,Commercial Van,Tata Ace EV,80,4
V02405,CU03420,SUV,Hyundai Ioniq 5,82,2
V02406,CU03531,Two-Wheeler,Ola S1,2,1
V02407,CU02328,SUV,Tata Nexon EV,82,4
V02408,CU03041,Hatchback,MG Comet,40,3
V02409,CU01977,Hatchback,MG Comet,30,0
V02410,CU01836,SUV,Tata Nexon EV,82,2
V02411,CU04900,Sedan,BYD Seal,60,4
V02412,CU00355,Two-Wheeler,Ola S1,2,4
V02413,CU01606,SUV,Tata Nexon EV,100,0
V02414,CU04474,Commercial Van,Tata Ace EV,80,2
V02415,CU03196,SUV,Hyundai Ioniq 5,100,2
V02416,CU02128,Sedan,BYD Seal,55,1
V02417,CU00988,Sedan,BYD Seal,50,2
V02418,CU04329,Sedan,MG5,50,0
V02419,CU00154,Two-Wheeler,Ola S1,3,0
V02420,CU00907,Hatchback,Tata Tiago EV,40,4
V02421,CU03764,Commercial Van,Tata Ace EV,60,1
V02422,CU01621,Commercial Van,Mahindra Treo,120,3
V02423,CU03629,SUV,Mahindra XUV400,70,3
V02424,CU03575,Sedan,BYD Seal,60,0
V02425,CU04419,Hatchback,MG Comet,35,0
V02426,CU00332,Sedan,BYD Seal,50,2
V02427,CU04339,Hatchback,Tata Tiago EV,35,4
V02428,CU00430,Sedan,BYD Seal,60,2
V02429,CU02424,Hatchback,MG Comet,35,3
V02430,CU00081,Two-Wheeler,Ather 450X,3,0
V02431,CU01574,Sedan,BYD Seal,55,1
V02432,CU00420,Hatchback,MG Comet,40,0
V02433,CU00467,SUV,Mahindra XUV400,100,2
V02434,CU03394,Commercial Van,Tata Ace EV,120,3
V02435,CU01566,SUV,Mahindra XUV400,100,1
V02436,CU01519,Sedan,MG5,60,2
V02437,CU04031,Two-Wheeler,Ola S1,4,1
V02438,CU02036,Two-Wheeler,Ather 450X,4,1
V02439,CU00804,Two-Wheeler,Ola S1,3,4
V02440,CU01078,Hatchback,Tata Tiago EV,40,2
V02441,CU01633,Two-Wheeler,Ather 450X,3,2
V02442,CU01985,Sedan,BYD Seal,60,0
V02443,CU00004,Commercial Van,Mahindra Treo,80,0
V02444,CU00603,Sedan,MG5,60,1
V02445,CU02368,Commercial Van,Mahindra Treo,120,3
V02446,CU03676,Commercial Van,Tata Ace EV,60,0
V02447,CU00501,Hatchback,MG Comet,30,3
V02448,CU00185,Commercial Van,Mahindra Treo,80,3
V02449,CU03510,Hatchback,MG Comet,40,4
V02450,CU03252,Hatchback,Tata Tiago EV,35,0
V02451,CU03148,Sedan,MG5,55,1
V02452,CU02941,Commercial Van,Mahindra Treo,80,3
V02453,CU01296,Sedan,BYD Seal,50,4
V02454,CU00055,SUV,Tata Nexon EV,82,0
V02455,CU01725,SUV,Mahindra XUV400,75,2
V02456,CU02911,Commercial Van,Mahindra Treo,80,1
V02457,CU01871,Two-Wheeler,Ather 450X,2,3
V02458,CU04173,Hatchback,MG Comet,35,2
V02459,CU02344,Sedan,MG5,55,1
V02460,CU03291,Hatchback,Tata Tiago EV,30,1
V02461,CU03349,SUV,Hyundai Ioniq 5,70,0
V02462,CU01602,Hatchback,MG Comet,40,1
V02463,CU02794,Sedan,MG5,50,1
V02464,CU03338,Two-Wheeler,Ather 450X,3,3
V02465,CU02091,Sedan,MG5,50,3
V02466,CU01252,SUV,Hyundai Ioniq 5,75,2
V02467,CU00171,Sedan,MG5,55,3
V02468,CU02810,Hatchback,MG Comet,40,3
V02469,CU02355,Sedan,MG5,55,3
V02470,CU01774,Sedan,BYD Seal,60,2
V02471,CU03755,Two-Wheeler,Ola S1,3,3
V02472,CU03992,Sedan,MG5,60,0
V02473,CU02082,Sedan,BYD Seal,55,1
V02474,CU00827,Two-Wheeler,Ola S1,3,0
V02475,CU01666,Two-Wheeler,Ather 450X,3,2
V02476,CU00130,Two-Wheeler,Ola S1,3,3
V02477,CU01418,Commercial Van,Mahindra Treo,80,1
V02478,CU03788,Two-Wheeler,Ather 450X,4,2
V02479,CU01408,Sedan,MG5,55,0
V02480,CU00594,Two-Wheeler,Ather 450X,2,4
V02481,CU01038,SUV,Hyundai Ioniq 5,82,2
V02482,CU02129,Sedan,BYD Seal,50,2
V02483,CU03279,Sedan,MG5,50,3
V02484,CU04300,Hatchback,Tata Tiago EV,30,2
V02485,CU00023,Hatchback,MG Comet,30,1
V02486,CU01634,Hatchback,Tata Tiago EV,30,2
V02487,CU04002,Hatchback,Tata Tiago EV,40,1
V02488,CU04200,Two-Wheeler,Ather 450X,3,2
V02489,CU01406,Commercial Van,Tata Ace EV,60,0
V02490,CU01479,SUV,Hyundai Ioniq 5,75,3
V02491,CU01195,Two-Wheeler,Ather 450X,4,4
V02492,CU00576,Hatchback,Tata Tiago EV,40,1
V02493,CU01607,Commercial Van,Mahindra Treo,60,4
V02494,CU04370,SUV,Hyundai Ioniq 5,82,2
V02495,CU00452,Hatchback,MG Comet,30,0
V02496,CU00125,Hatchback,Tata Tiago EV,30,1
V02497,CU03455,Sedan,MG5,50,3
V02498,CU02365,Hatchback,Tata Tiago EV,40,4
V02499,CU01867,Sedan,MG5,50,4
V02500,CU01684,Hatchback,MG Comet,40,2
V02501,CU00907,Hatchback,Tata Tiago EV,35,3
V02502,CU03535,Sedan,BYD Seal,50,3
V02503,CU00430,Commercial Van,Mahindra Treo,60,3
V02504,CU02752,Hatchback,Tata Tiago EV,30,4
V02505,CU03826,Hatchback,Tata Tiago EV,40,4
V02506,CU00362,SUV,Mahindra XUV400,70,2
V02507,CU04892,Two-Wheeler,Ola S1,2,3
V02508,CU00432,Sedan,MG5,55,1
V02509,CU02723,Two-Wheeler,Ather 450X,2,0
V02510,CU04955,Sedan,MG5,50,4
V02511,CU03062,Hatchback,MG Comet,35,3
V02512,CU03224,Sedan,BYD Seal,50,0
V02513,CU01631,SUV,Hyundai Ioniq 5,82,3
V02514,CU04672,Sedan,BYD Seal,60,1
V02515,CU04989,SUV,Hyundai Ioniq 5,70,0
V02516,CU00270,Hatchback,MG Comet,35,1
V02517,CU01124,Two-Wheeler,Ather 450X,3,0
V02518,CU03177,Sedan,MG5,50,4
V02519,CU03393,Sedan,MG5,55,2
V02520,CU04534,SUV,Hyundai Ioniq 5,100,4
V02521,CU01043,SUV,Mahindra XUV400,100,4
V02522,CU01642,Hatchback,MG Comet,40,2
V02523,CU02442,Two-Wheeler,Ola S1,2,3
V02524,CU03298,Two-Wheeler,Ather 450X,4,4
V02525,CU01384,Hatchback,Tata Tiago EV,30,0
V02526,CU03997,Commercial Van,Tata Ace EV,80,0
V02527,CU00015,SUV,Tata Nexon EV,100,2
V02528,CU01675,Sedan,MG5,55,1
V02529,CU03618,Hatchback,MG Comet,40,2
V02530,CU01481,SUV,Mahindra XUV400,70,3
V02531,CU01746,Hatchback,MG Comet,30,1
V02532,CU03047,Sedan,MG5,60,3
V02533,CU04211,Sedan,MG5,55,4
V02534,CU00976,Two-Wheeler,Ola S1,4,0
V02535,CU01686,Hatchback,Tata Tiago EV,35,2
V02536,CU02084,Two-Wheeler,Ola S1,4,0
V02537,CU02290,Sedan,MG5,55,2
V02538,CU01687,Sedan,BYD Seal,50,1
V02539,CU04159,Two-Wheeler,Ather 450X,2,1
V02540,CU00509,SUV,Tata Nexon EV,82,0
V02541,CU00188,Sedan,BYD Seal,55,4
V02542,CU02783,Sedan,MG5,60,4
V02543,CU04189,Sedan,MG5,60,2
V02544,CU04101,SUV,Hyundai Ioniq 5,100,1
V02545,CU03510,Sedan,BYD Seal,60,3
V02546,CU03518,Two-Wheeler,Ather 450X,3,2
V02547,CU02073,SUV,Tata Nexon EV,82,3
V02548,CU00098,Hatchback,MG Comet,30,4
V02549,CU01292,Sedan,MG5,55,1
V02550,CU03465,Hatchback,MG Comet,35,4
V02551,CU01788,Sedan,BYD Seal,50,3
V02552,CU00684,SUV,Mahindra XUV400,82,4
V02553,CU01133,SUV,Mahindra XUV400,82,2
V02554,CU04123,Two-Wheeler,Ather 450X,2,1
V02555,CU03205,Hatchback,Tata Tiago EV,40,3
V02556,CU03124,Commercial Van,Tata Ace EV,60,1
V02557,CU03837,Sedan,BYD Seal,50,0
V02558,CU04877,Sedan,MG5,60,3
V02559,CU01615,SUV,Tata Nexon EV,75,0
V02560,CU01042,Two-Wheeler,Ather 450X,3,3
V02561,CU02866,Sedan,MG5,55,3
V02562,CU00855,Two-Wheeler,Ather 450X,4,2
V02563,CU02027,Two-Wheeler,Ather 450X,3,3
V02564,CU01988,Two-Wheeler,Ola S1,2,4
V02565,CU02551,Hatchback,Tata Tiago EV,40,1
V02566,CU00240,Two-Wheeler,Ather 450X,4,4
V02567,CU00490,Two-Wheeler,Ather 450X,4,0
V02568,CU03852,SUV,Tata Nexon EV,82,1
V02569,CU01037,Two-Wheeler,Ather 450X,4,3
V02570,CU01339,Commercial Van,Tata Ace EV,80,2
V02571,CU04781,Sedan,BYD Seal,60,1
V02572,CU03270,Hatchback,MG Comet,35,2
V02573,CU02555,Sedan,MG5,55,3
V02574,CU03501,Hatchback,MG Comet,40,3
V02575,CU03863,Sedan,MG5,55,0
V02576,CU01768,SUV,Hyundai Ioniq 5,75,0
V02577,CU04709,Sedan,MG5,50,1
V02578,CU00162,SUV,Mahindra XUV400,70,0
V02579,CU00656,Two-Wheeler,Ather 450X,4,0
V02580,CU03007,Sedan,MG5,60,2
V02581,CU04717,Commercial Van,Mahindra Treo,60,2
V02582,CU03507,Hatchback,Tata Tiago EV,35,1
V02583,CU01257,Two-Wheeler,Ola S1,4,1
V02584,CU02159,Two-Wheeler,Ola S1,3,0
V02585,CU01952,Sedan,MG5,55,0
V02586,CU00750,Sedan,MG5,60,4
V02587,CU00709,Sedan,MG5,50,4
V02588,CU01622,Two-Wheeler,Ather 450X,3,4
V02589,CU04137,Two-Wheeler,Ather 450X,3,2
V02590,CU04656,Sedan,MG5,60,4
V02591,CU00466,SUV,Hyundai Ioniq 5,70,3
V02592,CU03996,Hatchback,Tata Tiago EV,40,1
V02593,CU01101,Sedan,BYD Seal,60,3
V02594,CU01714,Commercial Van,Mahindra Treo,120,3
V02595,CU04586,Hatchback,Tata Tiago EV,35,2
V02596,CU00117,Commercial Van,Mahindra Treo,80,2
V02597,CU02482,Two-Wheeler,Ather 450X,3,2
V02598,CU00196,Commercial Van,Mahindra Treo,80,0
V02599,CU04715,Hatchback,MG Comet,35,0
V02600,CU01475,Hatchback,Tata Tiago EV,30,3
V02601,CU02473,Hatchback,MG Comet,35,0
V02602,CU04130,Two-Wheeler,Ather 450X,4,1
V02603,CU03055,SUV,Mahindra XUV400,82,2
V02604,CU01275,Hatchback,MG Comet,30,0
V02605,CU03710,Two-Wheeler,Ola S1,2,3
V02606,CU00339,Sedan,BYD Seal,60,4
V02607,CU03512,Hatchback,Tata Tiago EV,35,3
V02608,CU04276,Sedan,MG5,60,1
V02609,CU04718,Hatchback,Tata Tiago EV,30,1
V02610,CU03300,Sedan,BYD Seal,55,2
V02611,CU01657,Sedan,BYD Seal,50,4
V02612,CU00643,Two-Wheeler,Ather 450X,4,2
V02613,CU01681,Two-Wheeler,Ather 450X,4,3
V02614,CU01351,Sedan,MG5,55,3
V02615,CU00619,Two-Wheeler,Ola S1,2,0
V02616,CU01170,SUV,Mahindra XUV400,100,4
V02617,CU00252,Sedan,BYD Seal,50,3
V02618,CU00302,Two-Wheeler,Ather 450X,4,4
V02619,CU03142,SUV,Hyundai Ioniq 5,75,0
V02620,CU01567,SUV,Mahindra XUV400,100,3
V02621,CU03165,SUV,Hyundai Ioniq 5,75,4
V02622,CU03958,SUV,Mahindra XUV400,75,2
V02623,CU02211,Sedan,MG5,60,4
V02624,CU03153,Two-Wheeler,Ola S1,4,4
V02625,CU03660,Hatchback,Tata Tiago EV,35,3
V02626,CU00612,Two-Wheeler,Ola S1,2,1
V02627,CU01944,Sedan,MG5,55,1
V02628,CU00074,Hatchback,MG Comet,30,1
V02629,CU02874,SUV,Mahindra XUV400,75,3
V02630,CU04638,Sedan,BYD Seal,60,4
V02631,CU00157,Two-Wheeler,Ather 450X,3,1
V02632,CU03559,Sedan,BYD Seal,55,3
V02633,CU00256,SUV,Hyundai Ioniq 5,75,1
V02634,CU03111,Sedan,BYD Seal,50,4
V02635,CU01052,Hatchback,Tata Tiago EV,40,4
V02636,CU02418,Sedan,BYD Seal,60,1
V02637,CU02257,SUV,Mahindra XUV400,82,4
V02638,CU02635,SUV,Tata Nexon EV,70,1
V02639,CU02897,SUV,Mahindra XUV400,70,1
V02640,CU01892,Commercial Van,Mahindra Treo,120,4
V02641,CU03684,SUV,Mahindra XUV400,75,0
V02642,CU04412,Commercial Van,Mahindra Treo,120,4
V02643,CU03465,Hatchback,Tata Tiago EV,30,2
V02644,CU02492,Hatchback,MG Comet,40,1
V02645,CU03740,Sedan,BYD Seal,55,3
V02646,CU01776,Hatchback,MG Comet,35,1
V02647,CU03937,SUV,Mahindra XUV400,100,3
V02648,CU01971,SUV,Hyundai Ioniq 5,75,3
V02649,CU03720,SUV,Hyundai Ioniq 5,70,4
V02650,CU03954,Two-Wheeler,Ather 450X,3,4
V02651,CU02493,Commercial Van,Tata Ace EV,60,1
V02652,CU04666,Two-Wheeler,Ola S1,4,0
V02653,CU00649,Hatchback,Tata Tiago EV,30,2
V02654,CU01641,Sedan,BYD Seal,60,1
V02655,CU04435,Sedan,MG5,55,2
V02656,CU00529,Hatchback,MG Comet,30,4
V02657,CU02102,SUV,Mahindra XUV400,70,2
V02658,CU00419,SUV,Tata Nexon EV,100,0
V02659,CU02353,Hatchback,MG Comet,40,2
V02660,CU03510,Two-Wheeler,Ola S1,2,0
V02661,CU00085,Two-Wheeler,Ather 450X,4,3
V02662,CU02300,Hatchback,Tata Tiago EV,40,3
V02663,CU01752,Sedan,BYD Seal,55,4
V02664,CU04222,Two-Wheeler,Ola S1,3,1
V02665,CU02658,SUV,Mahindra XUV400,100,3
V02666,CU03976,Sedan,BYD Seal,60,4
V02667,CU02352,Sedan,BYD Seal,60,4
V02668,CU03100,Hatchback,MG Comet,40,2
V02669,CU01290,Hatchback,MG Comet,30,0
V02670,CU03124,Two-Wheeler,Ola S1,4,3
V02671,CU02703,Hatchback,MG Comet,35,0
V02672,CU00644,Sedan,BYD Seal,60,4
V02673,CU02906,Hatchback,MG Comet,35,0
V02674,CU04068,Two-Wheeler,Ola S1,3,2
V02675,CU04064,Hatchback,MG Comet,35,3
V02676,CU04670,Sedan,MG5,50,2
V02677,CU02923,SUV,Mahindra XUV400,100,1
V02678,CU02022,Sedan,MG5,55,4
V02679,CU03625,Sedan,MG5,60,2
V02680,CU02871,Sedan,BYD Seal,60,1
V02681,CU03119,Two-Wheeler,Ather 450X,2,0
V02682,CU00137,Commercial Van,Mahindra Treo,120,1
V02683,CU04226,Sedan,MG5,55,4
V02684,CU01219,Hatchback,Tata Tiago EV,30,3
V02685,CU01018,Hatchback,MG Comet,35,3
V02686,CU03701,Two-Wheeler,Ola S1,4,0
V02687,CU04528,SUV,Tata Nexon EV,82,0
V02688,CU03141,Two-Wheeler,Ola S1,3,3
V02689,CU03530,SUV,Mahindra XUV400,100,1
V02690,CU02588,Commercial Van,Tata Ace EV,80,3
V02691,CU02383,Two-Wheeler,Ather 450X,3,4
V02692,CU02606,Two-Wheeler,Ather 450X,2,2
V02693,CU03088,Sedan,MG5,55,1
V02694,CU03528,Sedan,MG5,50,4
V02695,CU02558,SUV,Mahindra XUV400,82,3
V02696,CU00209,SUV,Tata Nexon EV,75,2
V02697,CU03811,SUV,Hyundai Ioniq 5,100,0
V02698,CU04154,Hatchback,Tata Tiago EV,35,1
V02699,CU02008,SUV,Tata Nexon EV,82,4
V02700,CU02864,Sedan,MG5,60,3
V02701,CU03377,SUV,Tata Nexon EV,100,2
V02702,CU01369,Hatchback,MG Comet,30,2
V02703,CU03801,Sedan,MG5,50,1
V02704,CU01038,Hatchback,Tata Tiago EV,35,4
V02705,CU04473,Two-Wheeler,Ola S1,2,1
V02706,CU02291,Sedan,MG5,50,0
V02707,CU00993,Hatchback,MG Comet,30,2
V02708,CU02939,Hatchback,MG Comet,40,3
V02709,CU04511,SUV,Mahindra XUV400,75,2
V02710,CU00394,Hatchback,MG Comet,40,4
V02711,CU03687,Commercial Van,Mahindra Treo,80,3
V02712,CU04825,SUV,Mahindra XUV400,100,4
V02713,CU00358,Sedan,MG5,50,0
V02714,CU04005,SUV,Tata Nexon EV,75,1
V02715,CU01182,Sedan,BYD Seal,50,2
V02716,CU02066,Two-Wheeler,Ather 450X,3,0
V02717,CU03903,Sedan,BYD Seal,60,0
V02718,CU03419,Commercial Van,Mahindra Treo,120,4
V02719,CU03130,SUV,Hyundai Ioniq 5,75,2
V02720,CU00155,Two-Wheeler,Ather 450X,2,0
V02721,CU03559,Hatchback,Tata Tiago EV,35,3
V02722,CU01555,Sedan,BYD Seal,50,3
V02723,CU00487,Two-Wheeler,Ather 450X,4,4
V02724,CU01383,SUV,Hyundai Ioniq 5,70,3
V02725,CU02416,Hatchback,Tata Tiago EV,30,3
V02726,CU01071,Sedan,MG5,60,3
V02727,CU02255,Sedan,BYD Seal,50,3
V02728,CU01507,SUV,Mahindra XUV400,82,4
V02729,CU01876,Sedan,BYD Seal,60,4
V02730,CU02191,Sedan,MG5,50,0
V02731,CU01071,Hatchback,Tata Tiago EV,30,3
V02732,CU00191,Sedan,BYD Seal,55,4
V02733,CU00140,Hatchback,Tata Tiago EV,35,4
V02734,CU04711,Commercial Van,Mahindra Treo,60,1
V02735,CU04011,Hatchback,Tata Tiago EV,35,1
V02736,CU03412,Commercial Van,Tata Ace EV,80,2
V02737,CU02973,Sedan,BYD Seal,55,0
V02738,CU01515,Sedan,MG5,55,4
V02739,CU03121,Hatchback,Tata Tiago EV,30,3
V02740,CU03971,SUV,Tata Nexon EV,100,3
V02741,CU04720,SUV,Tata Nexon EV,100,3
V02742,CU03525,Sedan,MG5,60,1
V02743,CU01346,Hatchback,MG Comet,30,0
V02744,CU04183,Commercial Van,Tata Ace EV,60,4
V02745,CU01918,Commercial Van,Tata Ace EV,80,4
V02746,CU04378,Sedan,MG5,55,3
V02747,CU03911,SUV,Hyundai Ioniq 5,100,0
V02748,CU00453,Sedan,MG5,55,2
V02749,CU04143,Sedan,BYD Seal,60,0
V02750,CU01612,Hatchback,Tata Tiago EV,35,0
V02751,CU03168,Sedan,BYD Seal,50,4
V02752,CU02079,Two-Wheeler,Ola S1,4,0
V02753,CU02582,Hatchback,Tata Tiago EV,40,2
V02754,CU02065,SUV,Tata Nexon EV,82,1
V02755,CU01259,Two-Wheeler,Ola S1,3,0
V02756,CU04488,Hatchback,Tata Tiago EV,35,3
V02757,CU00354,Hatchback,Tata Tiago EV,40,4
V02758,CU04401,Two-Wheeler,Ola S1,2,0
V02759,CU03637,Sedan,MG5,50,4
V02760,CU01564,Hatchback,MG Comet,40,3
V02761,CU00712,Sedan,BYD Seal,60,1
V02762,CU03503,Sedan,MG5,50,3
V02763,CU02733,Two-Wheeler,Ola S1,3,2
V02764,CU04882,SUV,Tata Nexon EV,75,1
V02765,CU00857,Sedan,BYD Seal,55,2
V02766,CU04273,SUV,Tata Nexon EV,82,3
V02767,CU01430,Commercial Van,Mahindra Treo,80,3
V02768,CU02493,Hatchback,MG Comet,35,1
V02769,CU03199,Hatchback,Tata Tiago EV,30,3
V02770,CU03421,Commercial Van,Mahindra Treo,80,3
V02771,CU02069,Commercial Van,Tata Ace EV,120,1
V02772,CU04807,Hatchback,MG Comet,35,1
V02773,CU03492,Hatchback,MG Comet,35,1
V02774,CU00152,Sedan,BYD Seal,55,1
V02775,CU03232,Hatchback,Tata Tiago EV,35,2
V02776,CU02907,SUV,Tata Nexon EV,100,1
V02777,CU03552,Hatchback,Tata Tiago EV,35,3
V02778,CU01467,Hatchback,Tata Tiago EV,30,2
V02779,CU04192,Sedan,MG5,50,2
V02780,CU03424,Commercial Van,Mahindra Treo,120,4
V02781,CU04058,Sedan,BYD Seal,55,4
V02782,CU02926,Sedan,MG5,60,1
V02783,CU03666,Commercial Van,Mahindra Treo,80,3
V02784,CU04736,SUV,Hyundai Ioniq 5,100,4
V02785,CU03431,Sedan,MG5,55,0
V02786,CU01157,Sedan,MG5,55,3
V02787,CU04208,Hatchback,Tata Tiago EV,30,4
V02788,CU03409,SUV,Mahindra XUV400,100,4
V02789,CU01162,Sedan,MG5,60,3
V02790,CU01260,Sedan,BYD Seal,60,4
V02791,CU04091,Hatchback,Tata Tiago EV,40,2
V02792,CU02842,Sedan,MG5,55,1
V02793,CU03203,SUV,Hyundai Ioniq 5,100,2
V02794,CU02982,Hatchback,Tata Tiago EV,40,1
V02795,CU03555,Hatchback,Tata Tiago EV,40,0
V02796,CU03473,Commercial Van,Mahindra Treo,80,4
V02797,CU01225,SUV,Hyundai Ioniq 5,70,2
V02798,CU04388,Hatchback,MG Comet,35,1
V02799,CU02390,SUV,Hyundai Ioniq 5,100,1
V02800,CU01015,Hatchback,Tata Tiago EV,35,4
V02801,CU04681,Two-Wheeler,Ola S1,2,4
V02802,CU02027,Two-Wheeler,Ola S1,3,0
V02803,CU03714,SUV,Mahindra XUV400,75,1
V02804,CU01493,Two-Wheeler,Ather 450X,3,2
V02805,CU04123,Hatchback,MG Comet,30,4
V02806,CU01701,Two-Wheeler,Ather 450X,2,3
V02807,CU00455,Hatchback,MG Comet,40,4
V02808,CU00918,Sedan,BYD Seal,55,4
V02809,CU00014,Commercial Van,Mahindra Treo,80,0
V02810,CU04375,SUV,Hyundai Ioniq 5,70,2
V02811,CU00490,Commercial Van,Tata Ace EV,80,1
V02812,CU00985,Hatchback,MG Comet,30,2
V02813,CU00961,Sedan,BYD Seal,60,2
V02814,CU01783,Hatchback,Tata Tiago EV,30,3
V02815,CU01870,SUV,Hyundai Ioniq 5,70,4
V02816,CU03305,Hatchback,MG Comet,35,2
V02817,CU02645,Hatchback,Tata Tiago EV,30,1
V02818,CU04346,Sedan,MG5,50,4
V02819,CU04836,Two-Wheeler,Ola S1,3,2
V02820,CU03669,Hatchback,Tata Tiago EV,40,2
V02821,CU04402,Two-Wheeler,Ather 450X,2,2
V02822,CU01826,Hatchback,Tata Tiago EV,40,0
V02823,CU03308,Hatchback,Tata Tiago EV,30,1
V02824,CU03363,Sedan,BYD Seal,55,2
V02825,CU03111,Commercial Van,Tata Ace EV,60,4
V02826,CU02766,Hatchback,MG Comet,35,4
V02827,CU04279,Hatchback,Tata Tiago EV,30,1
V02828,CU03771,Two-Wheeler,Ather 450X,2,3
V02829,CU02693,Sedan,MG5,50,1
V02830,CU00030,Two-Wheeler,Ather 450X,2,3
V02831,CU00767,Hatchback,Tata Tiago EV,35,4
V02832,CU00615,Sedan,MG5,60,1
V02833,CU01005,Sedan,MG5,60,0
V02834,CU02122,Sedan,BYD Seal,50,3
V02835,CU03127,Two-Wheeler,Ola S1,3,2
V02836,CU03010,Two-Wheeler,Ola S1,2,4
V02837,CU03820,SUV,Hyundai Ioniq 5,100,1
V02838,CU00024,Commercial Van,Tata Ace EV,60,4
V02839,CU04060,Sedan,BYD Seal,50,0
V02840,CU03094,Hatchback,Tata Tiago EV,40,0
V02841,CU02911,SUV,Hyundai Ioniq 5,82,3
V02842,CU01971,SUV,Tata Nexon EV,82,4
V02843,CU01539,Hatchback,MG Comet,30,0
V02844,CU03142,SUV,Hyundai Ioniq 5,100,3
V02845,CU04768,Sedan,BYD Seal,55,1
V02846,CU03970,Two-Wheeler,Ola S1,3,1
V02847,CU02925,Two-Wheeler,Ather 450X,2,2
V02848,CU00571,SUV,Mahindra XUV400,75,4
V02849,CU04860,Hatchback,MG Comet,30,2
V02850,CU01243,SUV,Hyundai Ioniq 5,70,3
V02851,CU00713,Two-Wheeler,Ola S1,4,0
V02852,CU04863,Hatchback,MG Comet,30,1
V02853,CU01294,Sedan,MG5,60,4
V02854,CU02867,Commercial Van,Tata Ace EV,120,0
V02855,CU01675,Sedan,BYD Seal,55,3
V02856,CU03664,Hatchback,MG Comet,30,1
V02857,CU01360,Hatchback,Tata Tiago EV,30,2
V02858,CU00636,SUV,Hyundai Ioniq 5,70,0
V02859,CU01210,Commercial Van,Tata Ace EV,60,0
V02860,CU02613,SUV,Mahindra XUV400,100,3
V02861,CU01298,Sedan,BYD Seal,50,2
V02862,CU00358,SUV,Tata Nexon EV,82,4
V02863,CU00241,SUV,Tata Nexon EV,82,3
V02864,CU02605,SUV,Mahindra XUV400,82,3
V02865,CU04065,Hatchback,MG Comet,40,2
V02866,CU01827,SUV,Mahindra XUV400,75,1
V02867,CU03559,Sedan,BYD Seal,55,0
V02868,CU03861,Hatchback,MG Comet,35,4
V02869,CU04252,SUV,Hyundai Ioniq 5,100,3
V02870,CU04448,Commercial Van,Mahindra Treo,120,1
V02871,CU04140,Sedan,MG5,60,1
V02872,CU00138,Commercial Van,Tata Ace EV,120,3
V02873,CU03735,Hatchback,MG Comet,35,0
V02874,CU01968,Two-Wheeler,Ather 450X,4,0
V02875,CU04850,Hatchback,Tata Tiago EV,30,2
V02876,CU00143,Sedan,BYD Seal,50,1
V02877,CU03634,SUV,Hyundai Ioniq 5,75,1
V02878,CU02560,SUV,Hyundai Ioniq 5,100,3
V02879,CU04158,Two-Wheeler,Ola S1,4,2
V02880,CU02020,SUV,Mahindra XUV400,82,0
V02881,CU02850,SUV,Hyundai Ioniq 5,82,1
V02882,CU01193,Commercial Van,Tata Ace EV,80,1
V02883,CU02314,Sedan,MG5,50,2
V02884,CU02356,Hatchback,Tata Tiago EV,35,0
V02885,CU02507,Hatchback,MG Comet,30,4
V02886,CU00334,Sedan,BYD Seal,60,1
V02887,CU02563,Two-Wheeler,Ola S1,4,1
V02888,CU02721,Hatchback,MG Comet,40,0
V02889,CU02439,Hatchback,Tata Tiago EV,30,3
V02890,CU01796,Hatchback,MG Comet,30,0
V02891,CU00254,SUV,Tata Nexon EV,75,2
V02892,CU03658,Hatchback,MG Comet,40,0
V02893,CU01424,Hatchback,Tata Tiago EV,35,1
V02894,CU03238,SUV,Mahindra XUV400,82,4
V02895,CU03332,Two-Wheeler,Ola S1,2,1
V02896,CU01028,Sedan,MG5,60,2
V02897,CU02167,SUV,Hyundai Ioniq 5,82,2
V02898,CU03995,Hatchback,Tata Tiago EV,35,4
V02899,CU00470,Commercial Van,Tata Ace EV,80,1
V02900,CU01094,Sedan,BYD Seal,55,2
V02901,CU04790,Commercial Van,Mahindra Treo,120,2
V02902,CU02913,Commercial Van,Mahindra Treo,120,3
V02903,CU00181,Two-Wheeler,Ather 450X,4,4
V02904,CU04068,Hatchback,MG Comet,30,3
V02905,CU03077,SUV,Hyundai Ioniq 5,100,4
V02906,CU01221,Hatchback,Tata Tiago EV,35,2
V02907,CU04143,Two-Wheeler,Ather 450X,2,4
V02908,CU03624,Two-Wheeler,Ola S1,3,2
V02909,CU04730,Commercial Van,Mahindra Treo,80,3
V02910,CU01564,SUV,Mahindra XUV400,70,3
V02911,CU04685,SUV,Mahindra XUV400,75,1
V02912,CU03633,SUV,Tata Nexon EV,70,3
V02913,CU02358,Sedan,MG5,55,1
V02914,CU01563,Sedan,MG5,55,0
V02915,CU04936,SUV,Hyundai Ioniq 5,100,2
V02916,CU01414,Commercial Van,Mahindra Treo,80,0
V02917,CU02507,SUV,Mahindra XUV400,100,4
V02918,CU04829,Two-Wheeler,Ather 450X,2,3
V02919,CU01018,Two-Wheeler,Ather 450X,4,4
V02920,CU03655,SUV,Hyundai Ioniq 5,100,2
V02921,CU00758,Sedan,MG5,50,1
V02922,CU03780,SUV,Hyundai Ioniq 5,75,0
V02923,CU00621,Sedan,BYD Seal,50,1
V02924,CU01889,Hatchback,Tata Tiago EV,30,2
V02925,CU03585,Sedan,BYD Seal,60,1
V02926,CU00182,Commercial Van,Tata Ace EV,120,0
V02927,CU02729,Hatchback,MG Comet,40,2
V02928,CU02296,SUV,Hyundai Ioniq 5,75,2
V02929,CU02668,Two-Wheeler,Ola S1,4,4
V02930,CU01800,SUV,Mahindra XUV400,82,3
V02931,CU01500,SUV,Tata Nexon EV,75,0
V02932,CU00985,Two-Wheeler,Ola S1,3,2
V02933,CU03554,Sedan,MG5,50,3
V02934,CU02365,Hatchback,MG Comet,40,0
V02935,CU03306,Commercial Van,Mahindra Treo,120,3
V02936,CU02216,Sedan,BYD Seal,55,2
V02937,CU02791,SUV,Hyundai Ioniq 5,100,3
V02938,CU00126,SUV,Mahindra XUV400,70,1
V02939,CU02621,Hatchback,Tata Tiago EV,40,4
V02940,CU04216,Commercial Van,Mahindra Treo,80,0
V02941,CU01452,Two-Wheeler,Ather 450X,2,4
V02942,CU01009,Hatchback,Tata Tiago EV,35,1
V02943,CU01214,Commercial Van,Tata Ace EV,80,4
V02944,CU03705,Two-Wheeler,Ola S1,2,4
V02945,CU03131,Sedan,BYD Seal,50,1
V02946,CU00697,SUV,Mahindra XUV400,82,2
V02947,CU02271,Hatchback,Tata Tiago EV,35,0
V02948,CU01516,SUV,Mahindra XUV400,70,1
V02949,CU01035,Hatchback,Tata Tiago EV,40,3
V02950,CU02841,SUV,Tata Nexon EV,70,1
V02951,CU01536,SUV,Tata Nexon EV,100,2
V02952,CU00814,Two-Wheeler,Ola S1,2,1
V02953,CU00310,Two-Wheeler,Ola S1,3,1
V02954,CU01012,Hatchback,Tata Tiago EV,35,3
V02955,CU01019,Two-Wheeler,Ather 450X,2,1
V02956,CU03412,SUV,Tata Nexon EV,70,4
V02957,CU03719,SUV,Hyundai Ioniq 5,75,3
V02958,CU04921,Hatchback,MG Comet,30,2
V02959,CU03811,Two-Wheeler,Ola S1,2,3
V02960,CU02045,Commercial Van,Tata Ace EV,80,1
V02961,CU01117,Two-Wheeler,Ather 450X,4,2
V02962,CU04724,Commercial Van,Mahindra Treo,120,2
V02963,CU01157,Sedan,BYD Seal,55,4
V02964,CU00989,Two-Wheeler,Ola S1,3,1
V02965,CU02467,Sedan,BYD Seal,55,3
V02966,CU01829,Hatchback,MG Comet,35,4
V02967,CU02078,SUV,Tata Nexon EV,82,2
V02968,CU02346,SUV,Mahindra XUV400,75,4
V02969,CU01085,Sedan,BYD Seal,60,2
V02970,CU02506,Hatchback,MG Comet,35,3
V02971,CU04045,Hatchback,Tata Tiago EV,30,4
V02972,CU02352,Sedan,MG5,50,4
V02973,CU03006,Hatchback,Tata Tiago EV,40,1
V02974,CU04436,Hatchback,Tata Tiago EV,35,3
V02975,CU02496,Sedan,MG5,60,0
V02976,CU00077,Commercial Van,Tata Ace EV,120,2
V02977,CU02563,Two-Wheeler,Ola S1,4,0
V02978,CU01573,Sedan,BYD Seal,55,3
V02979,CU04188,Commercial Van,Tata Ace EV,60,2
V02980,CU04562,SUV,Mahindra XUV400,75,2
V02981,CU03671,Sedan,BYD Seal,60,3
V02982,CU03112,Sedan,BYD Seal,55,2
V02983,CU02738,Sedan,MG5,60,0
V02984,CU01353,Hatchback,Tata Tiago EV,40,4
V02985,CU00947,Sedan,BYD Seal,60,4
V02986,CU04650,SUV,Mahindra XUV400,100,0
V02987,CU03869,SUV,Tata Nexon EV,75,3
V02988,CU03138,Two-Wheeler,Ather 450X,3,0
V02989,CU03487,Sedan,BYD Seal,60,2
V02990,CU04188,Two-Wheeler,Ola S1,2,1
V02991,CU01003,SUV,Hyundai Ioniq 5,100,0
V02992,CU04464,Commercial Van,Mahindra Treo,120,0
V02993,CU00820,Sedan,BYD Seal,55,1
V02994,CU00423,Commercial Van,Mahindra Treo,60,2
V02995,CU00572,Two-Wheeler,Ola S1,2,2
V02996,CU02910,SUV,Mahindra XUV400,70,4
V02997,CU04531,SUV,Tata Nexon EV,100,4
V02998,CU01424,Hatchback,MG Comet,40,0
V02999,CU01634,Commercial Van,Mahindra Treo,80,4
V03000,CU01754,Hatchback,Tata Tiago EV,40,4
V03001,CU00468,SUV,Hyundai Ioniq 5,70,3
V03002,CU04888,Sedan,BYD Seal,55,1
V03003,CU02923,Sedan,MG5,60,4
V03004,CU02304,SUV,Hyundai Ioniq 5,82,2
V03005,CU01707,Commercial Van,Tata Ace EV,80,4
V03006,CU00073,Sedan,MG5,60,1
V03007,CU00147,Commercial Van,Tata Ace EV,120,4
V03008,CU00317,SUV,Hyundai Ioniq 5,75,1
V03009,CU00606,Hatchback,Tata Tiago EV,30,3
V03010,CU00575,Hatchback,Tata Tiago EV,35,4
V03011,CU01178,Two-Wheeler,Ola S1,4,2
V03012,CU03327,Hatchback,MG Comet,35,1
V03013,CU03423,Sedan,MG5,55,3
V03014,CU02595,Hatchback,Tata Tiago EV,30,0
V03015,CU02883,Sedan,MG5,55,4
V03016,CU00312,Two-Wheeler,Ola S1,2,4
V03017,CU02856,Sedan,MG5,55,4
V03018,CU00765,Hatchback,MG Comet,30,0
V03019,CU02996,Sedan,MG5,55,1
V03020,CU03201,Sedan,BYD Seal,50,2
V03021,CU00436,Hatchback,Tata Tiago EV,40,4
V03022,CU03352,SUV,Mahindra XUV400,70,0
V03023,CU04454,SUV,Tata Nexon EV,82,3
V03024,CU02978,Hatchback,Tata Tiago EV,30,0
V03025,CU02931,Sedan,BYD Seal,55,2
V03026,CU02300,Sedan,BYD Seal,50,0
V03027,CU00135,Sedan,BYD Seal,60,3
V03028,CU03915,SUV,Tata Nexon EV,70,2
V03029,CU04619,Sedan,BYD Seal,50,0
V03030,CU00804,Sedan,MG5,55,1
V03031,CU02708,Two-Wheeler,Ola S1,4,4
V03032,CU02367,Hatchback,Tata Tiago EV,30,0
V03033,CU04176,SUV,Hyundai Ioniq 5,100,3
V03034,CU03263,SUV,Mahindra XUV400,70,3
V03035,CU01477,Sedan,BYD Seal,50,0
V03036,CU03416,Two-Wheeler,Ather 450X,3,4
V03037,CU02462,SUV,Mahindra XUV400,82,0
V03038,CU03943,Sedan,MG5,55,4
V03039,CU02041,SUV,Hyundai Ioniq 5,100,2
V03040,CU04464,Two-Wheeler,Ather 450X,2,3
V03041,CU01007,Commercial Van,Mahindra Treo,120,0
V03042,CU00993,SUV,Hyundai Ioniq 5,70,1
V03043,CU04692,Two-Wheeler,Ather 450X,4,4
V03044,CU01897,Hatchback,MG Comet,30,3
V03045,CU03066,SUV,Tata Nexon EV,82,1
V03046,CU02749,Hatchback,MG Comet,35,4
V03047,CU02662,Hatchback,Tata Tiago EV,40,1
V03048,CU02979,SUV,Mahindra XUV400,82,3
V03049,CU01824,Two-Wheeler,Ola S1,3,3
V03050,CU03408,Sedan,MG5,50,0
V03051,CU04507,SUV,Tata Nexon EV,70,3
V03052,CU04483,Sedan,BYD Seal,60,4
V03053,CU01749,Sedan,BYD Seal,55,3
V03054,CU02662,Sedan,BYD Seal,60,4
V03055,CU00019,Sedan,BYD Seal,55,1
V03056,CU03359,Sedan,MG5,55,0
V03057,CU00276,SUV,Mahindra XUV400,75,4
V03058,CU04079,Hatchback,MG Comet,40,0
V03059,CU04755,Hatchback,MG Comet,40,3
V03060,CU02946,SUV,Hyundai Ioniq 5,70,1
V03061,CU04648,SUV,Tata Nexon EV,100,3
V03062,CU04775,Sedan,BYD Seal,60,0
V03063,CU04699,Hatchback,Tata Tiago EV,35,0
V03064,CU00365,Sedan,BYD Seal,60,4
V03065,CU01974,Two-Wheeler,Ather 450X,4,1
V03066,CU00795,Two-Wheeler,Ola S1,2,3
V03067,CU00590,Two-Wheeler,Ather 450X,3,2
V03068,CU04295,Hatchback,Tata Tiago EV,40,1
V03069,CU04314,SUV,Tata Nexon EV,70,3
V03070,CU00741,Hatchback,Tata Tiago EV,35,1
V03071,CU04746,Sedan,BYD Seal,60,1
V03072,CU02195,Hatchback,MG Comet,30,2
V03073,CU00670,Two-Wheeler,Ola S1,4,3
V03074,CU01438,SUV,Mahindra XUV400,75,4
V03075,CU04761,SUV,Hyundai Ioniq 5,100,0
V03076,CU00856,SUV,Mahindra XUV400,100,3
V03077,CU02378,Hatchback,Tata Tiago EV,40,3
V03078,CU04991,Sedan,BYD Seal,55,1
V03079,CU04034,SUV,Mahindra XUV400,75,3
V03080,CU01894,SUV,Mahindra XUV400,100,1
V03081,CU01187,Two-Wheeler,Ola S1,4,0
V03082,CU01843,Sedan,BYD Seal,55,1
V03083,CU00327,Two-Wheeler,Ather 450X,4,2
V03084,CU03227,Sedan,BYD Seal,60,2
V03085,CU02401,SUV,Tata Nexon EV,75,4
V03086,CU04279,Sedan,MG5,55,4
V03087,CU04551,Commercial Van,Tata Ace EV,120,4
V03088,CU04102,Hatchback,Tata Tiago EV,30,1
V03089,CU04016,SUV,Mahindra XUV400,100,2
V03090,CU04307,SUV,Tata Nexon EV,70,0
V03091,CU00051,Hatchback,MG Comet,30,1
V03092,CU01469,Hatchback,Tata Tiago EV,40,1
V03093,CU01010,Two-Wheeler,Ola S1,2,4
V03094,CU04473,Hatchback,MG Comet,30,2
V03095,CU03558,Hatchback,MG Comet,30,2
V03096,CU01075,Commercial Van,Tata Ace EV,120,4
V03097,CU00154,Two-Wheeler,Ola S1,3,4
V03098,CU00582,Sedan,BYD Seal,60,2
V03099,CU00788,SUV,Mahindra XUV400,70,3
V03100,CU04887,SUV,Mahindra XUV400,100,4
V03101,CU03382,Two-Wheeler,Ather 450X,3,0
V03102,CU02268,Two-Wheeler,Ather 450X,2,3
V03103,CU04259,Two-Wheeler,Ather 450X,2,3
V03104,CU00971,Hatchback,Tata Tiago EV,30,1
V03105,CU00648,SUV,Tata Nexon EV,70,2
V03106,CU00946,Hatchback,Tata Tiago EV,35,4
V03107,CU04785,Hatchback,MG Comet,40,0
V03108,CU01496,Two-Wheeler,Ola S1,2,2
V03109,CU02048,Hatchback,Tata Tiago EV,40,0
V03110,CU01173,SUV,Tata Nexon EV,75,3
V03111,CU04219,Two-Wheeler,Ather 450X,2,1
V03112,CU04900,Sedan,BYD Seal,50,0
V03113,CU02887,Hatchback,Tata Tiago EV,30,1
V03114,CU04159,Two-Wheeler,Ola S1,4,0
V03115,CU00733,Commercial Van,Mahindra Treo,80,1
V03116,CU03088,Two-Wheeler,Ola S1,2,2
V03117,CU03462,SUV,Mahindra XUV400,70,0
V03118,CU01658,Hatchback,Tata Tiago EV,30,4
V03119,CU00479,Hatchback,MG Comet,40,2
V03120,CU01138,SUV,Hyundai Ioniq 5,70,4
V03121,CU03954,Hatchback,MG Comet,35,1
V03122,CU00977,Two-Wheeler,Ola S1,2,4
V03123,CU00237,Sedan,BYD Seal,60,3
V03124,CU02524,SUV,Mahindra XUV400,70,2
V03125,CU04044,Two-Wheeler,Ather 450X,4,1
V03126,CU00598,Two-Wheeler,Ola S1,4,4
V03127,CU01703,SUV,Mahindra XUV400,100,2
V03128,CU02177,Commercial Van,Tata Ace EV,120,2
V03129,CU02558,Commercial Van,Tata Ace EV,80,2
V03130,CU00165,Commercial Van,Tata Ace EV,120,3
V03131,CU02325,Two-Wheeler,Ola S1,4,4
V03132,CU03040,Two-Wheeler,Ather 450X,3,0
V03133,CU00570,SUV,Tata Nexon EV,82,1
V03134,CU03329,Hatchback,Tata Tiago EV,35,1
V03135,CU00141,Sedan,MG5,60,2
V03136,CU00686,Hatchback,MG Comet,35,1
V03137,CU00687,Hatchback,Tata Tiago EV,40,2
V03138,CU03281,Sedan,MG5,55,1
V03139,CU02764,Hatchback,Tata Tiago EV,30,3
V03140,CU03591,Commercial Van,Tata Ace EV,60,1
V03141,CU02039,Two-Wheeler,Ola S1,2,3
V03142,CU01075,Hatchback,MG Comet,35,2
V03143,CU02226,Hatchback,MG Comet,40,4
V03144,CU01342,Two-Wheeler,Ather 450X,3,4
V03145,CU01690,Two-Wheeler,Ola S1,4,2
V03146,CU03011,Commercial Van,Mahindra Treo,80,2
V03147,CU00364,Commercial Van,Tata Ace EV,80,1
V03148,CU01068,Commercial Van,Tata Ace EV,120,1
V03149,CU02641,Sedan,MG5,55,1
V03150,CU03750,Sedan,BYD Seal,50,4
V03151,CU02031,Two-Wheeler,Ola S1,2,2
V03152,CU00618,Sedan,MG5,60,0
V03153,CU04455,Two-Wheeler,Ather 450X,4,4
V03154,CU03147,SUV,Tata Nexon EV,70,4
V03155,CU01983,Two-Wheeler,Ola S1,2,3
V03156,CU00194,Sedan,MG5,55,2
V03157,CU04459,SUV,Tata Nexon EV,70,3
V03158,CU01120,SUV,Tata Nexon EV,82,0
V03159,CU04203,Commercial Van,Mahindra Treo,120,1
V03160,CU00527,Sedan,BYD Seal,55,4
V03161,CU01953,Commercial Van,Mahindra Treo,60,0
V03162,CU04880,Two-Wheeler,Ola S1,2,3
V03163,CU01783,Two-Wheeler,Ola S1,4,2
V03164,CU02674,Two-Wheeler,Ola S1,2,4
V03165,CU02398,SUV,Tata Nexon EV,82,2
V03166,CU03725,Hatchback,MG Comet,35,1
V03167,CU02590,Hatchback,Tata Tiago EV,35,0
V03168,CU03527,Two-Wheeler,Ola S1,4,1
V03169,CU03850,Two-Wheeler,Ather 450X,2,0
V03170,CU01635,Hatchback,MG Comet,35,1
V03171,CU03010,SUV,Mahindra XUV400,75,1
V03172,CU00094,Sedan,BYD Seal,50,0
V03173,CU03795,Hatchback,Tata Tiago EV,40,2
V03174,CU03367,SUV,Mahindra XUV400,75,0
V03175,CU02947,Sedan,MG5,60,4
V03176,CU00089,Hatchback,MG Comet,40,4
V03177,CU02551,Sedan,BYD Seal,50,3
V03178,CU02815,SUV,Mahindra XUV400,70,4
V03179,CU01446,Hatchback,Tata Tiago EV,30,4
V03180,CU04622,Sedan,BYD Seal,60,2
V03181,CU01831,Sedan,MG5,50,2
V03182,CU02742,Hatchback,Tata Tiago EV,40,2
V03183,CU00555,Hatchback,Tata Tiago EV,40,3
V03184,CU03765,Hatchback,Tata Tiago EV,40,2
V03185,CU02435,Hatchback,Tata Tiago EV,30,0
V03186,CU00681,Two-Wheeler,Ola S1,3,0
V03187,CU01632,Sedan,BYD Seal,60,2
V03188,CU00203,Hatchback,MG Comet,35,4
V03189,CU04543,Hatchback,Tata Tiago EV,35,3
V03190,CU03919,Sedan,MG5,60,1
V03191,CU03140,Two-Wheeler,Ather 450X,3,2
V03192,CU04874,Sedan,BYD Seal,50,1
V03193,CU02226,Hatchback,MG Comet,40,4
V03194,CU01687,Sedan,MG5,50,2
V03195,CU00829,SUV,Hyundai Ioniq 5,75,4
V03196,CU04655,Hatchback,Tata Tiago EV,40,3
V03197,CU02023,SUV,Mahindra XUV400,100,3
V03198,CU00103,Sedan,MG5,55,2
V03199,CU01558,Hatchback,MG Comet,35,1
V03200,CU04212,SUV,Mahindra XUV400,100,0
V03201,CU04955,Two-Wheeler,Ola S1,2,3
V03202,CU04088,SUV,Tata Nexon EV,70,0
V03203,CU02512,Sedan,MG5,60,4
V03204,CU00104,SUV,Mahindra XUV400,75,1
V03205,CU03439,Sedan,BYD Seal,60,3
V03206,CU02858,Two-Wheeler,Ola S1,3,4
V03207,CU00807,SUV,Tata Nexon EV,70,2
V03208,CU04656,Hatchback,Tata Tiago EV,30,1
V03209,CU02075,SUV,Hyundai Ioniq 5,75,4
V03210,CU00527,SUV,Mahindra XUV400,75,4
V03211,CU03437,Sedan,MG5,55,1
V03212,CU00298,Two-Wheeler,Ather 450X,4,1
V03213,CU04873,Two-Wheeler,Ola S1,3,2
V03214,CU00361,Hatchback,Tata Tiago EV,35,3
V03215,CU03718,Commercial Van,Mahindra Treo,120,3
V03216,CU04600,Sedan,MG5,50,1
V03217,CU01977,Two-Wheeler,Ather 450X,3,1
V03218,CU02078,Two-Wheeler,Ola S1,3,3
V03219,CU03412,SUV,Hyundai Ioniq 5,82,1
V03220,CU02174,Sedan,MG5,50,1
V03221,CU04692,Commercial Van,Mahindra Treo,80,0
V03222,CU01590,Hatchback,Tata Tiago EV,30,4
V03223,CU01390,Sedan,MG5,55,1
V03224,CU03515,Sedan,BYD Seal,50,4
V03225,CU00263,Two-Wheeler,Ather 450X,3,0
V03226,CU02984,Commercial Van,Tata Ace EV,60,0
V03227,CU02920,Hatchback,MG Comet,30,4
V03228,CU01864,Two-Wheeler,Ather 450X,3,3
V03229,CU00002,Sedan,MG5,60,1
V03230,CU01934,Commercial Van,Tata Ace EV,120,2
V03231,CU00394,SUV,Hyundai Ioniq 5,82,2
V03232,CU00306,Hatchback,Tata Tiago EV,30,1
V03233,CU00530,Hatchback,MG Comet,30,1
V03234,CU04624,Hatchback,Tata Tiago EV,35,1
V03235,CU03380,Hatchback,MG Comet,30,1
V03236,CU00965,Two-Wheeler,Ola S1,3,4
V03237,CU04020,Hatchback,Tata Tiago EV,40,0
V03238,CU00671,Commercial Van,Mahindra Treo,120,2
V03239,CU04069,SUV,Tata Nexon EV,75,2
V03240,CU02253,SUV,Hyundai Ioniq 5,70,3
V03241,CU02673,Hatchback,Tata Tiago EV,30,2
V03242,CU01714,Two-Wheeler,Ola S1,2,3
V03243,CU04045,SUV,Mahindra XUV400,75,4
V03244,CU04817,Two-Wheeler,Ather 450X,4,4
V03245,CU00636,Commercial Van,Tata Ace EV,60,2
V03246,CU03500,Hatchback,MG Comet,40,4
V03247,CU04653,Hatchback,MG Comet,40,2
V03248,CU01118,Two-Wheeler,Ola S1,4,1
V03249,CU02155,Two-Wheeler,Ather 450X,2,2
V03250,CU04224,SUV,Tata Nexon EV,75,2
V03251,CU00038,Sedan,MG5,50,4
V03252,CU01633,SUV,Mahindra XUV400,75,4
V03253,CU04294,Sedan,MG5,55,2
V03254,CU03776,Hatchback,MG Comet,40,2
V03255,CU02055,Sedan,BYD Seal,55,0
V03256,CU04086,Hatchback,MG Comet,40,2
V03257,CU03404,Sedan,MG5,60,1
V03258,CU00519,Commercial Van,Tata Ace EV,60,4
V03259,CU02242,Two-Wheeler,Ather 450X,2,3
V03260,CU02364,Commercial Van,Mahindra Treo,60,0
V03261,CU01042,Two-Wheeler,Ola S1,4,1
V03262,CU04716,Sedan,BYD Seal,55,4
V03263,CU01395,Two-Wheeler,Ola S1,3,2
V03264,CU02870,Commercial Van,Tata Ace EV,80,1
V03265,CU03677,Commercial Van,Mahindra Treo,120,2
V03266,CU03722,SUV,Tata Nexon EV,100,0
V03267,CU03773,Hatchback,Tata Tiago EV,35,0
V03268,CU00235,Hatchback,MG Comet,30,0
V03269,CU03141,Hatchback,Tata Tiago EV,30,4
V03270,CU00447,Commercial Van,Mahindra Treo,80,2
V03271,CU04706,Sedan,MG5,55,2
V03272,CU00008,Two-Wheeler,Ather 450X,2,3
V03273,CU04558,Sedan,BYD Seal,60,3
V03274,CU01000,SUV,Hyundai Ioniq 5,100,2
V03275,CU01335,Hatchback,Tata Tiago EV,35,2
V03276,CU00134,Hatchback,Tata Tiago EV,30,2
V03277,CU02433,Sedan,BYD Seal,60,2
V03278,CU00056,SUV,Tata Nexon EV,82,4
V03279,CU03186,Hatchback,MG Comet,35,2
V03280,CU01112,Two-Wheeler,Ather 450X,2,2
V03281,CU03180,Sedan,BYD Seal,55,1
V03282,CU01524,Two-Wheeler,Ather 450X,2,1
V03283,CU00144,Hatchback,MG Comet,30,3
V03284,CU02917,SUV,Hyundai Ioniq 5,100,0
V03285,CU02104,Sedan,BYD Seal,50,4
V03286,CU00620,Two-Wheeler,Ather 450X,2,1
V03287,CU01887,Sedan,MG5,55,1
V03288,CU02021,SUV,Mahindra XUV400,70,3
V03289,CU01409,Commercial Van,Mahindra Treo,120,0
V03290,CU02922,Hatchback,Tata Tiago EV,40,2
V03291,CU04735,Hatchback,MG Comet,30,0
V03292,CU03374,Two-Wheeler,Ather 450X,2,2
V03293,CU03477,SUV,Tata Nexon EV,100,2
V03294,CU00837,Sedan,MG5,60,4
V03295,CU03903,Sedan,BYD Seal,55,2
V03296,CU01586,Hatchback,MG Comet,40,1
V03297,CU04876,Hatchback,Tata Tiago EV,40,0
V03298,CU00837,Sedan,BYD Seal,50,2
V03299,CU02558,Two-Wheeler,Ola S1,4,4
V03300,CU02860,Sedan,BYD Seal,50,2
V03301,CU04361,SUV,Hyundai Ioniq 5,100,0
V03302,CU01398,Two-Wheeler,Ola S1,2,3
V03303,CU03823,Sedan,MG5,50,0
V03304,CU04398,Two-Wheeler,Ola S1,4,3
V03305,CU03431,Two-Wheeler,Ola S1,3,0
V03306,CU00805,Hatchback,Tata Tiago EV,35,4
V03307,CU01076,Sedan,MG5,50,0
V03308,CU04195,Commercial Van,Mahindra Treo,80,2
V03309,CU02641,Commercial Van,Mahindra Treo,120,3
V03310,CU03085,Hatchback,MG Comet,30,3
V03311,CU01414,Hatchback,MG Comet,30,2
V03312,CU04453,Sedan,MG5,55,0
V03313,CU01664,Sedan,BYD Seal,55,3
V03314,CU02976,Sedan,MG5,50,4
V03315,CU04107,SUV,Hyundai Ioniq 5,100,0
V03316,CU04177,Two-Wheeler,Ather 450X,3,4
V03317,CU02054,Sedan,MG5,50,2
V03318,CU02421,Two-Wheeler,Ather 450X,2,3
V03319,CU02529,Hatchback,MG Comet,40,4
V03320,CU04318,Hatchback,Tata Tiago EV,30,0
V03321,CU01941,SUV,Mahindra XUV400,70,1
V03322,CU03153,Hatchback,MG Comet,40,2
V03323,CU01947,Sedan,BYD Seal,55,0
V03324,CU00515,Two-Wheeler,Ola S1,2,2
V03325,CU00221,Hatchback,MG Comet,35,1
V03326,CU00228,Two-Wheeler,Ather 450X,2,4
V03327,CU02338,Sedan,BYD Seal,50,4
V03328,CU04389,Hatchback,Tata Tiago EV,40,1
V03329,CU03265,SUV,Mahindra XUV400,70,3
V03330,CU00956,Two-Wheeler,Ather 450X,4,0
V03331,CU01498,Sedan,MG5,55,0
V03332,CU01281,SUV,Tata Nexon EV,100,0
V03333,CU01979,Commercial Van,Mahindra Treo,80,4
V03334,CU01530,Two-Wheeler,Ather 450X,4,0
V03335,CU04484,Hatchback,MG Comet,30,1
V03336,CU02663,Two-Wheeler,Ola S1,2,0
V03337,CU02414,SUV,Mahindra XUV400,75,1
V03338,CU02706,Two-Wheeler,Ather 450X,3,2
V03339,CU03536,Sedan,MG5,55,2
V03340,CU04285,Hatchback,Tata Tiago EV,30,3
V03341,CU00918,SUV,Tata Nexon EV,70,3
V03342,CU01202,Sedan,BYD Seal,50,0
V03343,CU02423,SUV,Tata Nexon EV,100,2
V03344,CU01622,Two-Wheeler,Ather 450X,2,1
V03345,CU00760,Two-Wheeler,Ola S1,4,0
V03346,CU04290,Sedan,MG5,60,3
V03347,CU01489,Sedan,BYD Seal,50,3
V03348,CU04259,SUV,Hyundai Ioniq 5,82,3
V03349,CU04372,SUV,Hyundai Ioniq 5,75,0
V03350,CU04460,Commercial Van,Mahindra Treo,120,3
V03351,CU01666,SUV,Tata Nexon EV,82,2
V03352,CU02003,Sedan,MG5,60,1
V03353,CU00460,SUV,Tata Nexon EV,70,3
V03354,CU03022,SUV,Tata Nexon EV,82,2
V03355,CU02291,SUV,Tata Nexon EV,75,2
V03356,CU01366,SUV,Hyundai Ioniq 5,82,3
V03357,CU03202,Hatchback,MG Comet,40,1
V03358,CU04753,Hatchback,Tata Tiago EV,30,4
V03359,CU01384,Sedan,BYD Seal,55,1
V03360,CU02136,Sedan,BYD Seal,50,1
V03361,CU04838,Hatchback,MG Comet,40,2
V03362,CU03033,Two-Wheeler,Ather 450X,3,2
V03363,CU03710,Sedan,MG5,60,2
V03364,CU01522,Commercial Van,Tata Ace EV,120,4
V03365,CU01624,Hatchback,MG Comet,40,0
V03366,CU00682,Hatchback,MG Comet,35,0
V03367,CU03135,Sedan,MG5,55,4
V03368,CU03262,Hatchback,MG Comet,30,0
V03369,CU04995,Commercial Van,Mahindra Treo,80,1
V03370,CU04697,Hatchback,MG Comet,35,3
V03371,CU03420,Sedan,BYD Seal,60,0
V03372,CU01868,Commercial Van,Tata Ace EV,60,2
V03373,CU03610,Sedan,BYD Seal,60,4
V03374,CU01200,Hatchback,Tata Tiago EV,35,2
V03375,CU02824,Sedan,MG5,50,0
V03376,CU02949,Sedan,MG5,50,1
V03377,CU03979,Hatchback,MG Comet,35,4
V03378,CU03626,Sedan,MG5,50,0
V03379,CU04579,Two-Wheeler,Ola S1,4,2
V03380,CU00169,Two-Wheeler,Ola S1,3,0
V03381,CU02022,Hatchback,MG Comet,30,0
V03382,CU02195,Hatchback,Tata Tiago EV,30,3
V03383,CU00439,Sedan,MG5,60,1
V03384,CU03261,SUV,Tata Nexon EV,100,0
V03385,CU04256,Sedan,BYD Seal,50,3
V03386,CU04910,Two-Wheeler,Ola S1,3,4
V03387,CU02450,Two-Wheeler,Ola S1,2,3
V03388,CU04682,Hatchback,MG Comet,30,4
V03389,CU00864,SUV,Tata Nexon EV,100,0
V03390,CU00140,Hatchback,MG Comet,35,0
V03391,CU04424,Sedan,MG5,50,0
V03392,CU00225,Hatchback,MG Comet,30,0
V03393,CU00558,Hatchback,Tata Tiago EV,35,3
V03394,CU01574,SUV,Tata Nexon EV,82,3
V03395,CU00386,SUV,Mahindra XUV400,70,2
V03396,CU00521,Hatchback,MG Comet,40,3
V03397,CU03973,Commercial Van,Tata Ace EV,60,4
V03398,CU02835,Sedan,BYD Seal,50,1
V03399,CU03143,Hatchback,Tata Tiago EV,30,1
V03400,CU01834,Hatchback,MG Comet,30,1
V03401,CU04543,SUV,Tata Nexon EV,100,4
V03402,CU03162,Commercial Van,Tata Ace EV,120,4
V03403,CU03502,SUV,Hyundai Ioniq 5,100,1
V03404,CU04203,Commercial Van,Tata Ace EV,120,3
V03405,CU01500,Sedan,MG5,55,4
V03406,CU02964,Sedan,MG5,55,3
V03407,CU01478,SUV,Hyundai Ioniq 5,75,3
V03408,CU00904,SUV,Mahindra XUV400,82,3
V03409,CU01632,Sedan,BYD Seal,60,0
V03410,CU03987,Two-Wheeler,Ola S1,3,0
V03411,CU01171,Hatchback,MG Comet,35,4
V03412,CU02328,Sedan,BYD Seal,55,2
V03413,CU04120,SUV,Hyundai Ioniq 5,75,3
V03414,CU01745,SUV,Mahindra XUV400,100,3
V03415,CU02040,Sedan,MG5,50,1
V03416,CU00120,Sedan,MG5,50,2
V03417,CU03858,Sedan,BYD Seal,55,1
V03418,CU01676,SUV,Mahindra XUV400,75,4
V03419,CU01321,Two-Wheeler,Ola S1,3,2
V03420,CU04951,Two-Wheeler,Ola S1,4,3
V03421,CU01016,Sedan,BYD Seal,55,2
V03422,CU04544,Commercial Van,Mahindra Treo,60,2
V03423,CU01744,Two-Wheeler,Ola S1,2,3
V03424,CU01943,Sedan,MG5,55,4
V03425,CU03542,Hatchback,MG Comet,40,1
V03426,CU01447,Sedan,BYD Seal,60,3
V03427,CU03617,Sedan,BYD Seal,55,1
V03428,CU03895,Two-Wheeler,Ather 450X,2,2
V03429,CU01725,Two-Wheeler,Ola S1,4,1
V03430,CU02273,Two-Wheeler,Ola S1,4,3
V03431,CU04063,Sedan,MG5,60,4
V03432,CU04282,SUV,Tata Nexon EV,75,2
V03433,CU00072,Sedan,BYD Seal,55,3
V03434,CU04170,Hatchback,Tata Tiago EV,30,0
V03435,CU02201,SUV,Tata Nexon EV,82,2
V03436,CU02144,Hatchback,Tata Tiago EV,35,3
V03437,CU03758,SUV,Hyundai Ioniq 5,75,2
V03438,CU03182,SUV,Hyundai Ioniq 5,82,2
V03439,CU01482,Two-Wheeler,Ather 450X,2,0
V03440,CU02876,Hatchback,MG Comet,35,2
V03441,CU04861,Two-Wheeler,Ather 450X,4,4
V03442,CU04080,Commercial Van,Mahindra Treo,80,1
V03443,CU01097,Two-Wheeler,Ola S1,4,4
V03444,CU04308,Two-Wheeler,Ola S1,3,0
V03445,CU00724,SUV,Mahindra XUV400,70,1
V03446,CU03240,Sedan,BYD Seal,60,3
V03447,CU02379,Two-Wheeler,Ola S1,3,4
V03448,CU04847,Two-Wheeler,Ather 450X,4,2
V03449,CU03215,SUV,Tata Nexon EV,75,3
V03450,CU02872,Two-Wheeler,Ola S1,4,0
V03451,CU04490,Sedan,MG5,55,2
V03452,CU04608,Hatchback,MG Comet,35,3
V03453,CU04782,SUV,Mahindra XUV400,75,2
V03454,CU03920,Sedan,MG5,55,4
V03455,CU01721,Sedan,MG5,55,4
V03456,CU03400,Hatchback,MG Comet,35,4
V03457,CU01858,Sedan,MG5,60,3
V03458,CU02766,Two-Wheeler,Ather 450X,4,1
V03459,CU02397,SUV,Mahindra XUV400,100,4
V03460,CU03765,Hatchback,Tata Tiago EV,30,1
V03461,CU04022,Sedan,MG5,50,3
V03462,CU03887,Sedan,BYD Seal,55,2
V03463,CU02563,Sedan,MG5,60,3
V03464,CU02447,Sedan,MG5,50,2
V03465,CU03668,Commercial Van,Mahindra Treo,60,1
V03466,CU02262,Hatchback,MG Comet,40,1
V03467,CU03618,SUV,Hyundai Ioniq 5,75,1
V03468,CU01313,Two-Wheeler,Ola S1,2,1
V03469,CU01865,Commercial Van,Tata Ace EV,60,4
V03470,CU02306,Hatchback,MG Comet,40,3
V03471,CU01808,SUV,Tata Nexon EV,75,1
V03472,CU02742,Hatchback,MG Comet,35,0
V03473,CU03337,Sedan,MG5,60,3
V03474,CU00998,Hatchback,MG Comet,35,3
V03475,CU02320,Two-Wheeler,Ola S1,3,1
V03476,CU03208,Hatchback,MG Comet,40,3
V03477,CU00599,SUV,Hyundai Ioniq 5,70,4
V03478,CU01084,SUV,Mahindra XUV400,70,1
V03479,CU03582,Commercial Van,Tata Ace EV,80,3
V03480,CU03087,SUV,Hyundai Ioniq 5,75,0
V03481,CU02303,Sedan,MG5,50,3
V03482,CU02785,Hatchback,Tata Tiago EV,40,1
V03483,CU00722,Hatchback,MG Comet,40,0
V03484,CU01155,Two-Wheeler,Ather 450X,4,4
V03485,CU00017,SUV,Mahindra XUV400,70,3
V03486,CU00992,SUV,Hyundai Ioniq 5,100,2
V03487,CU04974,Hatchback,Tata Tiago EV,40,1
V03488,CU02233,Two-Wheeler,Ola S1,2,4
V03489,CU03463,SUV,Mahindra XUV400,100,2
V03490,CU01447,Commercial Van,Tata Ace EV,60,2
V03491,CU01466,SUV,Mahindra XUV400,70,3
V03492,CU03768,Sedan,BYD Seal,55,0
V03493,CU03628,Sedan,MG5,50,4
V03494,CU03084,Hatchback,Tata Tiago EV,40,2
V03495,CU01544,Two-Wheeler,Ola S1,2,3
V03496,CU00080,Two-Wheeler,Ather 450X,4,4
V03497,CU03288,Hatchback,MG Comet,35,3
V03498,CU01272,Hatchback,MG Comet,35,4
V03499,CU01565,Hatchback,MG Comet,35,1
V03500,CU01714,Commercial Van,Mahindra Treo,120,4
V03501,CU01010,Hatchback,Tata Tiago EV,35,4
V03502,CU00773,Sedan,MG5,50,0
V03503,CU00483,Sedan,BYD Seal,55,0
V03504,CU02393,Sedan,BYD Seal,55,0
V03505,CU03180,Two-Wheeler,Ola S1,3,3
V03506,CU01582,Two-Wheeler,Ather 450X,2,4
V03507,CU02522,Hatchback,Tata Tiago EV,40,3
V03508,CU01106,SUV,Hyundai Ioniq 5,70,2
V03509,CU03710,Sedan,MG5,50,3
V03510,CU03362,Commercial Van,Mahindra Treo,60,1
V03511,CU04271,Sedan,BYD Seal,50,2
V03512,CU00842,Hatchback,Tata Tiago EV,30,3
V03513,CU03535,SUV,Hyundai Ioniq 5,75,4
V03514,CU01873,Hatchback,Tata Tiago EV,40,1
V03515,CU03506,Hatchback,Tata Tiago EV,30,0
V03516,CU03321,SUV,Mahindra XUV400,75,2
V03517,CU02729,Two-Wheeler,Ather 450X,2,1
V03518,CU00955,Sedan,MG5,55,2
V03519,CU01596,SUV,Tata Nexon EV,82,4
V03520,CU02289,SUV,Mahindra XUV400,70,0
V03521,CU04436,SUV,Mahindra XUV400,70,4
V03522,CU00744,SUV,Hyundai Ioniq 5,70,4
V03523,CU01495,SUV,Mahindra XUV400,100,0
V03524,CU03347,Hatchback,Tata Tiago EV,30,1
V03525,CU04111,Sedan,BYD Seal,50,3
V03526,CU01989,Sedan,MG5,60,3
V03527,CU00208,Sedan,BYD Seal,50,3
V03528,CU01084,Two-Wheeler,Ola S1,3,3
V03529,CU02413,Sedan,MG5,50,1
V03530,CU03312,Hatchback,MG Comet,40,3
V03531,CU04011,Sedan,MG5,50,1
V03532,CU00397,Hatchback,MG Comet,40,2
V03533,CU01958,Two-Wheeler,Ola S1,4,2
V03534,CU04890,Sedan,MG5,50,3
V03535,CU00209,Two-Wheeler,Ola S1,4,3
V03536,CU00433,Sedan,BYD Seal,60,0
V03537,CU02657,Two-Wheeler,Ola S1,3,4
V03538,CU02437,Commercial Van,Tata Ace EV,60,2
V03539,CU04679,SUV,Hyundai Ioniq 5,100,3
V03540,CU04528,Two-Wheeler,Ola S1,2,1
V03541,CU04447,SUV,Mahindra XUV400,70,1
V03542,CU00134,Commercial Van,Mahindra Treo,120,3
V03543,CU00639,Two-Wheeler,Ather 450X,4,2
V03544,CU01229,Commercial Van,Mahindra Treo,80,2
V03545,CU03370,SUV,Hyundai Ioniq 5,70,2
V03546,CU04213,Two-Wheeler,Ola S1,2,0
V03547,CU04020,SUV,Tata Nexon EV,70,0
V03548,CU01291,Sedan,BYD Seal,50,3
V03549,CU02197,Sedan,MG5,50,3
V03550,CU01704,Two-Wheeler,Ola S1,3,3
V03551,CU02227,Hatchback,Tata Tiago EV,30,3
V03552,CU02196,SUV,Tata Nexon EV,70,0
V03553,CU04561,Sedan,BYD Seal,60,3
V03554,CU00976,Sedan,MG5,50,1
V03555,CU01029,Two-Wheeler,Ola S1,4,0
V03556,CU00526,Two-Wheeler,Ola S1,2,1
V03557,CU02328,SUV,Mahindra XUV400,75,0
V03558,CU02547,Sedan,MG5,50,1
V03559,CU00836,Sedan,BYD Seal,60,3
V03560,CU02484,Sedan,MG5,60,0
V03561,CU02864,Sedan,BYD Seal,60,3
V03562,CU02735,Hatchback,MG Comet,30,4
V03563,CU01539,SUV,Mahindra XUV400,82,0
V03564,CU01911,Sedan,MG5,60,4
V03565,CU04050,SUV,Tata Nexon EV,70,3
V03566,CU02643,Sedan,MG5,50,1
V03567,CU01304,Sedan,BYD Seal,50,4
V03568,CU00132,Hatchback,MG Comet,35,3
V03569,CU00393,Commercial Van,Tata Ace EV,80,4
V03570,CU04577,SUV,Mahindra XUV400,75,3
V03571,CU03585,Hatchback,MG Comet,40,2
V03572,CU02676,SUV,Mahindra XUV400,75,4
V03573,CU02467,Two-Wheeler,Ola S1,4,4
V03574,CU01226,Two-Wheeler,Ola S1,2,4
V03575,CU02706,Two-Wheeler,Ather 450X,2,2
V03576,CU00462,Hatchback,Tata Tiago EV,40,1
V03577,CU01802,SUV,Mahindra XUV400,82,3
V03578,CU03274,Two-Wheeler,Ola S1,4,3
V03579,CU03986,SUV,Tata Nexon EV,75,3
V03580,CU00152,Two-Wheeler,Ather 450X,3,0
V03581,CU02270,Sedan,MG5,55,4
V03582,CU04175,Hatchback,Tata Tiago EV,40,3
V03583,CU01786,Two-Wheeler,Ather 450X,2,0
V03584,CU03461,SUV,Tata Nexon EV,70,2
V03585,CU01837,Hatchback,MG Comet,35,0
V03586,CU01398,Sedan,MG5,50,1
V03587,CU01076,Two-Wheeler,Ather 450X,4,3
V03588,CU04507,Hatchback,Tata Tiago EV,30,3
V03589,CU02009,Hatchback,Tata Tiago EV,40,1
V03590,CU01494,Sedan,MG5,60,3
V03591,CU01136,Commercial Van,Mahindra Treo,60,0
V03592,CU01549,Commercial Van,Tata Ace EV,80,3
V03593,CU00785,SUV,Hyundai Ioniq 5,100,4
V03594,CU01421,SUV,Mahindra XUV400,100,1
V03595,CU04839,Sedan,MG5,60,2
V03596,CU02436,Hatchback,Tata Tiago EV,40,4
V03597,CU03482,Two-Wheeler,Ola S1,2,2
V03598,CU03652,Hatchback,MG Comet,40,1
V03599,CU02064,Sedan,MG5,55,2
V03600,CU02021,SUV,Hyundai Ioniq 5,82,3
V03601,CU04758,Hatchback,Tata Tiago EV,35,4
V03602,CU02150,SUV,Mahindra XUV400,100,2
V03603,CU00951,SUV,Hyundai Ioniq 5,100,2
V03604,CU00025,Two-Wheeler,Ather 450X,2,4
V03605,CU00018,Hatchback,MG Comet,30,4
V03606,CU03826,Sedan,MG5,55,3
V03607,CU00570,SUV,Tata Nexon EV,75,2
V03608,CU01356,Commercial Van,Tata Ace EV,80,2
V03609,CU01593,Hatchback,Tata Tiago EV,40,0
V03610,CU00831,Commercial Van,Mahindra Treo,60,0
V03611,CU03083,Two-Wheeler,Ather 450X,2,0
V03612,CU00872,Two-Wheeler,Ather 450X,4,3
V03613,CU00835,Hatchback,MG Comet,30,0
V03614,CU03313,Sedan,MG5,55,4
V03615,CU04953,Hatchback,Tata Tiago EV,30,0
V03616,CU03117,Sedan,BYD Seal,60,3
V03617,CU00970,Commercial Van,Mahindra Treo,60,2
V03618,CU00593,Hatchback,Tata Tiago EV,30,4
V03619,CU00255,SUV,Mahindra XUV400,75,1
V03620,CU02115,Hatchback,MG Comet,35,3
V03621,CU02966,Two-Wheeler,Ather 450X,3,2
V03622,CU02662,Hatchback,MG Comet,40,2
V03623,CU00603,Hatchback,MG Comet,35,0
V03624,CU01066,Sedan,MG5,50,0
V03625,CU01840,Two-Wheeler,Ola S1,3,0
V03626,CU02432,Hatchback,MG Comet,30,1
V03627,CU00966,Hatchback,Tata Tiago EV,40,2
V03628,CU01738,Hatchback,Tata Tiago EV,40,2
V03629,CU00485,Commercial Van,Mahindra Treo,80,1
V03630,CU04135,SUV,Mahindra XUV400,75,2
V03631,CU00011,Two-Wheeler,Ather 450X,3,4
V03632,CU04720,SUV,Mahindra XUV400,82,4
V03633,CU04505,Hatchback,MG Comet,35,2
V03634,CU02028,SUV,Mahindra XUV400,75,3
V03635,CU03365,Hatchback,MG Comet,30,2
V03636,CU03088,Sedan,MG5,55,2
V03637,CU03039,SUV,Tata Nexon EV,82,1
V03638,CU00605,SUV,Mahindra XUV400,100,4
V03639,CU00969,Hatchback,MG Comet,30,3
V03640,CU04261,Hatchback,Tata Tiago EV,35,1
V03641,CU00437,Two-Wheeler,Ola S1,2,3
V03642,CU02775,Two-Wheeler,Ather 450X,4,0
V03643,CU01810,Hatchback,MG Comet,30,2
V03644,CU04910,Hatchback,MG Comet,35,1
V03645,CU02770,Two-Wheeler,Ather 450X,2,0
V03646,CU01830,Two-Wheeler,Ather 450X,2,4
V03647,CU00293,Commercial Van,Tata Ace EV,60,3
V03648,CU03952,Sedan,MG5,55,2
V03649,CU00462,Sedan,MG5,60,2
V03650,CU03885,Hatchback,Tata Tiago EV,35,1
V03651,CU03234,SUV,Hyundai Ioniq 5,82,1
V03652,CU02092,Hatchback,MG Comet,40,2
V03653,CU03937,Hatchback,Tata Tiago EV,35,0
V03654,CU02940,Hatchback,MG Comet,30,1
V03655,CU04807,SUV,Tata Nexon EV,100,3
V03656,CU00089,Sedan,MG5,50,4
V03657,CU01664,SUV,Tata Nexon EV,100,2
V03658,CU03302,Two-Wheeler,Ola S1,3,4
V03659,CU02721,Two-Wheeler,Ola S1,3,0
V03660,CU02938,Sedan,BYD Seal,55,3
V03661,CU00422,Commercial Van,Tata Ace EV,120,3
V03662,CU03750,Sedan,BYD Seal,60,3
V03663,CU04972,Hatchback,Tata Tiago EV,35,0
V03664,CU04434,Commercial Van,Mahindra Treo,120,4
V03665,CU00266,Hatchback,Tata Tiago EV,40,0
V03666,CU02851,SUV,Tata Nexon EV,82,3
V03667,CU01379,Sedan,BYD Seal,50,4
V03668,CU01815,SUV,Hyundai Ioniq 5,70,3
V03669,CU02265,SUV,Hyundai Ioniq 5,75,2
V03670,CU04417,Hatchback,Tata Tiago EV,40,2
V03671,CU00850,SUV,Hyundai Ioniq 5,70,2
V03672,CU04815,Two-Wheeler,Ola S1,3,0
V03673,CU03737,Sedan,BYD Seal,60,3
V03674,CU00992,Sedan,MG5,60,4
V03675,CU03765,Sedan,MG5,50,3
V03676,CU01809,Two-Wheeler,Ather 450X,3,4
V03677,CU03275,Two-Wheeler,Ather 450X,4,2
V03678,CU00717,Two-Wheeler,Ather 450X,3,3
V03679,CU00896,Hatchback,MG Comet,35,2
V03680,CU01177,Hatchback,MG Comet,35,2
V03681,CU03754,Hatchback,Tata Tiago EV,40,3
V03682,CU01777,Hatchback,Tata Tiago EV,35,4
V03683,CU02805,SUV,Hyundai Ioniq 5,70,4
V03684,CU03393,Commercial Van,Tata Ace EV,80,2
V03685,CU01460,Sedan,MG5,55,2
V03686,CU02544,Commercial Van,Tata Ace EV,80,2
V03687,CU04638,Hatchback,MG Comet,30,2
V03688,CU04731,Commercial Van,Mahindra Treo,120,1
V03689,CU03554,Hatchback,MG Comet,30,0
V03690,CU01350,Commercial Van,Mahindra Treo,80,0
V03691,CU02987,Hatchback,Tata Tiago EV,40,0
V03692,CU03331,Commercial Van,Mahindra Treo,60,1
V03693,CU04794,Hatchback,MG Comet,30,3
V03694,CU02123,Sedan,BYD Seal,50,0
V03695,CU03629,Sedan,MG5,60,1
V03696,CU00498,Sedan,BYD Seal,55,4
V03697,CU03488,SUV,Hyundai Ioniq 5,75,4
V03698,CU00722,Commercial Van,Tata Ace EV,60,3
V03699,CU01364,SUV,Hyundai Ioniq 5,70,0
V03700,CU00308,Two-Wheeler,Ola S1,3,3
V03701,CU02752,Hatchback,Tata Tiago EV,35,3
V03702,CU00884,SUV,Tata Nexon EV,82,4
V03703,CU01265,Sedan,MG5,50,3
V03704,CU04349,Two-Wheeler,Ather 450X,3,2
V03705,CU02445,Sedan,BYD Seal,55,2
V03706,CU03034,SUV,Hyundai Ioniq 5,75,2
V03707,CU01053,Hatchback,Tata Tiago EV,30,3
V03708,CU00494,Sedan,MG5,55,2
V03709,CU02022,Sedan,BYD Seal,60,3
V03710,CU01748,Sedan,BYD Seal,55,4
V03711,CU03303,Sedan,MG5,55,3
V03712,CU02280,Hatchback,Tata Tiago EV,35,0
V03713,CU00932,Two-Wheeler,Ola S1,2,4
V03714,CU01926,Hatchback,MG Comet,30,2
V03715,CU00757,Two-Wheeler,Ola S1,2,4
V03716,CU01055,Hatchback,MG Comet,40,2
V03717,CU03931,Hatchback,Tata Tiago EV,30,3
V03718,CU04552,SUV,Hyundai Ioniq 5,100,2
V03719,CU04355,SUV,Tata Nexon EV,75,1
V03720,CU04527,Sedan,MG5,50,4
V03721,CU03454,SUV,Tata Nexon EV,100,0
V03722,CU02517,Sedan,BYD Seal,55,0
V03723,CU01965,SUV,Tata Nexon EV,82,3
V03724,CU00647,SUV,Mahindra XUV400,100,4
V03725,CU04543,Sedan,BYD Seal,55,2
V03726,CU02831,Two-Wheeler,Ather 450X,3,4
V03727,CU00195,Two-Wheeler,Ather 450X,3,3
V03728,CU01146,Sedan,BYD Seal,60,2
V03729,CU02510,Two-Wheeler,Ola S1,3,3
V03730,CU04292,Commercial Van,Mahindra Treo,60,0
V03731,CU02084,SUV,Mahindra XUV400,82,0
V03732,CU04741,Hatchback,MG Comet,30,3
V03733,CU03353,Commercial Van,Mahindra Treo,120,0
V03734,CU00322,Hatchback,MG Comet,35,3
V03735,CU02288,Hatchback,MG Comet,30,4
V03736,CU03132,Sedan,BYD Seal,50,2
V03737,CU04746,Two-Wheeler,Ola S1,3,2
V03738,CU01703,Commercial Van,Mahindra Treo,120,0
V03739,CU02213,SUV,Tata Nexon EV,100,4
V03740,CU00831,Commercial Van,Mahindra Treo,120,2
V03741,CU00189,Hatchback,Tata Tiago EV,35,0
V03742,CU04053,Hatchback,MG Comet,30,2
V03743,CU00092,SUV,Hyundai Ioniq 5,70,1
V03744,CU03878,Commercial Van,Tata Ace EV,60,4
V03745,CU01912,SUV,Mahindra XUV400,75,2
V03746,CU02337,Hatchback,MG Comet,35,2
V03747,CU01581,Hatchback,Tata Tiago EV,40,2
V03748,CU01409,Hatchback,MG Comet,35,1
V03749,CU00175,Sedan,MG5,55,0
V03750,CU00474,Hatchback,MG Comet,30,4
V03751,CU03433,Commercial Van,Mahindra Treo,120,1
V03752,CU00270,SUV,Mahindra XUV400,100,4
V03753,CU02045,SUV,Mahindra XUV400,100,4
V03754,CU03196,Hatchback,MG Comet,40,3
V03755,CU00694,Hatchback,MG Comet,35,0
V03756,CU04472,SUV,Hyundai Ioniq 5,100,3
V03757,CU01416,Two-Wheeler,Ola S1,2,3
V03758,CU02084,SUV,Tata Nexon EV,75,4
V03759,CU01236,Two-Wheeler,Ather 450X,2,0
V03760,CU03968,Two-Wheeler,Ather 450X,2,1
V03761,CU01972,Hatchback,Tata Tiago EV,40,0
V03762,CU00134,Hatchback,MG Comet,30,1
V03763,CU02913,SUV,Tata Nexon EV,75,1
V03764,CU04786,Sedan,MG5,60,0
V03765,CU00841,Sedan,MG5,50,4
V03766,CU01462,Sedan,BYD Seal,60,3
V03767,CU04935,Sedan,BYD Seal,60,3
V03768,CU03473,Commercial Van,Mahindra Treo,60,0
V03769,CU04844,Hatchback,MG Comet,35,0
V03770,CU02876,Sedan,MG5,60,3
V03771,CU02510,SUV,Hyundai Ioniq 5,82,3
V03772,CU00966,SUV,Hyundai Ioniq 5,75,0
V03773,CU02039,SUV,Mahindra XUV400,100,1
V03774,CU04241,Commercial Van,Mahindra Treo,80,4
V03775,CU01851,Two-Wheeler,Ather 450X,3,1
V03776,CU00735,SUV,Tata Nexon EV,100,0
V03777,CU02454,Hatchback,Tata Tiago EV,40,3
V03778,CU03017,Sedan,BYD Seal,55,2
V03779,CU03003,SUV,Hyundai Ioniq 5,75,4
V03780,CU02316,Two-Wheeler,Ola S1,4,0
V03781,CU04004,Commercial Van,Mahindra Treo,80,1
V03782,CU02314,SUV,Mahindra XUV400,75,4
V03783,CU04624,SUV,Tata Nexon EV,82,4
V03784,CU03164,Hatchback,MG Comet,30,2
V03785,CU03320,Hatchback,MG Comet,35,3
V03786,CU03462,Hatchback,MG Comet,40,0
V03787,CU00430,Hatchback,MG Comet,40,0
V03788,CU02989,Sedan,BYD Seal,55,3
V03789,CU03797,Sedan,BYD Seal,50,3
V03790,CU01597,SUV,Hyundai Ioniq 5,100,4
V03791,CU03363,SUV,Mahindra XUV400,100,1
V03792,CU02351,SUV,Hyundai Ioniq 5,75,0
V03793,CU01780,Sedan,MG5,60,1
V03794,CU03989,Sedan,BYD Seal,60,2
V03795,CU02449,Commercial Van,Mahindra Treo,120,4
V03796,CU02871,Hatchback,Tata Tiago EV,30,3
V03797,CU02911,Commercial Van,Tata Ace EV,60,1
V03798,CU04614,Sedan,MG5,50,2
V03799,CU04261,SUV,Hyundai Ioniq 5,75,3
V03800,CU02073,Hatchback,MG Comet,35,1
V03801,CU03808,Hatchback,Tata Tiago EV,30,1
V03802,CU04225,Sedan,BYD Seal,55,4
V03803,CU02865,Two-Wheeler,Ather 450X,4,2
V03804,CU03619,Sedan,MG5,55,3
V03805,CU01018,SUV,Tata Nexon EV,100,2
V03806,CU04691,Sedan,BYD Seal,50,3
V03807,CU01333,Sedan,BYD Seal,60,3
V03808,CU02484,Commercial Van,Mahindra Treo,120,4
V03809,CU00182,Two-Wheeler,Ola S1,2,3
V03810,CU04840,SUV,Mahindra XUV400,82,4
V03811,CU01839,Hatchback,Tata Tiago EV,35,2
V03812,CU02452,Hatchback,Tata Tiago EV,30,4
V03813,CU01953,Commercial Van,Tata Ace EV,120,0
V03814,CU04701,Hatchback,Tata Tiago EV,35,1
V03815,CU00263,Two-Wheeler,Ola S1,2,4
V03816,CU00661,Sedan,MG5,55,3
V03817,CU01316,Commercial Van,Mahindra Treo,60,4
V03818,CU02920,Sedan,MG5,55,1
V03819,CU04918,Sedan,MG5,50,1
V03820,CU02195,SUV,Tata Nexon EV,70,0
V03821,CU02073,Commercial Van,Tata Ace EV,80,1
V03822,CU02020,Commercial Van,Tata Ace EV,60,2
V03823,CU02741,Two-Wheeler,Ola S1,3,2
V03824,CU00816,Two-Wheeler,Ather 450X,4,0
V03825,CU04778,SUV,Mahindra XUV400,75,2
V03826,CU03419,Two-Wheeler,Ola S1,4,1
V03827,CU04098,Two-Wheeler,Ather 450X,2,2
V03828,CU03718,Sedan,MG5,60,2
V03829,CU04735,SUV,Mahindra XUV400,100,1
V03830,CU03630,SUV,Mahindra XUV400,75,4
V03831,CU02754,SUV,Hyundai Ioniq 5,70,0
V03832,CU03368,Two-Wheeler,Ola S1,3,0
V03833,CU04686,Sedan,MG5,55,2
V03834,CU00202,Hatchback,MG Comet,30,2
V03835,CU01005,Sedan,MG5,55,1
V03836,CU01313,Hatchback,MG Comet,30,4
V03837,CU02026,Sedan,BYD Seal,55,1
V03838,CU03134,Commercial Van,Mahindra Treo,80,3
V03839,CU03574,SUV,Tata Nexon EV,100,0
V03840,CU04222,Two-Wheeler,Ola S1,3,0
V03841,CU03672,Hatchback,Tata Tiago EV,40,3
V03842,CU04942,Commercial Van,Tata Ace EV,120,4
V03843,CU01797,SUV,Tata Nexon EV,100,1
V03844,CU04275,Hatchback,MG Comet,30,2
V03845,CU01605,SUV,Tata Nexon EV,70,2
V03846,CU01903,Commercial Van,Mahindra Treo,60,1
V03847,CU04000,Hatchback,MG Comet,35,4
V03848,CU04589,SUV,Hyundai Ioniq 5,82,1
V03849,CU03505,Commercial Van,Mahindra Treo,120,3
V03850,CU02620,Hatchback,MG Comet,35,2
V03851,CU02350,SUV,Hyundai Ioniq 5,70,1
V03852,CU04365,Sedan,BYD Seal,55,0
V03853,CU04720,Sedan,MG5,55,0
V03854,CU02673,SUV,Hyundai Ioniq 5,100,3
V03855,CU00819,Hatchback,MG Comet,30,3
V03856,CU02678,Two-Wheeler,Ather 450X,2,0
V03857,CU00548,Hatchback,Tata Tiago EV,40,4
V03858,CU04433,Sedan,MG5,50,4
V03859,CU00359,SUV,Mahindra XUV400,75,1
V03860,CU03362,Sedan,BYD Seal,50,4
V03861,CU01925,Sedan,MG5,50,3
V03862,CU04912,Two-Wheeler,Ather 450X,2,3
V03863,CU04456,Commercial Van,Tata Ace EV,120,1
V03864,CU04443,Two-Wheeler,Ather 450X,2,1
V03865,CU04648,SUV,Hyundai Ioniq 5,70,3
V03866,CU02702,Two-Wheeler,Ola S1,2,3
V03867,CU01931,Commercial Van,Tata Ace EV,120,0
V03868,CU00422,Sedan,MG5,55,4
V03869,CU00336,Sedan,BYD Seal,50,3
V03870,CU01527,Hatchback,Tata Tiago EV,40,4
V03871,CU00057,Sedan,MG5,50,4
V03872,CU03951,Commercial Van,Mahindra Treo,60,2
V03873,CU03148,SUV,Tata Nexon EV,82,0
V03874,CU03538,SUV,Hyundai Ioniq 5,70,1
V03875,CU00722,Hatchback,Tata Tiago EV,40,0
V03876,CU04078,Hatchback,Tata Tiago EV,30,1
V03877,CU00386,Sedan,BYD Seal,60,4
V03878,CU02818,Commercial Van,Mahindra Treo,80,4
V03879,CU02888,Sedan,MG5,50,0
V03880,CU02720,Two-Wheeler,Ola S1,3,2
V03881,CU00260,Hatchback,MG Comet,30,2
V03882,CU04489,SUV,Tata Nexon EV,70,1
V03883,CU00600,SUV,Hyundai Ioniq 5,70,1
V03884,CU03256,Two-Wheeler,Ola S1,3,4
V03885,CU01040,Hatchback,MG Comet,40,0
V03886,CU04049,Hatchback,MG Comet,30,2
V03887,CU00756,Hatchback,MG Comet,35,3
V03888,CU03578,Commercial Van,Tata Ace EV,60,4
V03889,CU03158,Hatchback,Tata Tiago EV,30,1
V03890,CU02759,Hatchback,MG Comet,30,3
V03891,CU00477,SUV,Mahindra XUV400,75,0
V03892,CU01600,SUV,Tata Nexon EV,82,4
V03893,CU02360,Two-Wheeler,Ola S1,2,1
V03894,CU01262,Commercial Van,Tata Ace EV,60,3
V03895,CU01583,SUV,Mahindra XUV400,100,2
V03896,CU02839,Commercial Van,Tata Ace EV,120,2
V03897,CU04826,Two-Wheeler,Ola S1,3,0
V03898,CU03571,Sedan,BYD Seal,60,3
V03899,CU01499,Commercial Van,Mahindra Treo,80,4
V03900,CU00749,SUV,Mahindra XUV400,70,1
V03901,CU04812,Sedan,BYD Seal,55,2
V03902,CU02387,SUV,Tata Nexon EV,70,1
V03903,CU00531,Sedan,BYD Seal,55,3
V03904,CU04788,Hatchback,Tata Tiago EV,40,4
V03905,CU02210,Two-Wheeler,Ather 450X,3,1
V03906,CU04064,Two-Wheeler,Ather 450X,4,3
V03907,CU03869,Two-Wheeler,Ola S1,2,3
V03908,CU01109,Hatchback,MG Comet,40,1
V03909,CU00490,Commercial Van,Mahindra Treo,60,1
V03910,CU00005,Hatchback,MG Comet,40,2
V03911,CU00076,Sedan,MG5,50,1
V03912,CU02729,Sedan,BYD Seal,60,0
V03913,CU00473,Hatchback,Tata Tiago EV,30,1
V03914,CU03210,Sedan,MG5,55,1
V03915,CU01382,SUV,Mahindra XUV400,70,3
V03916,CU00838,Two-Wheeler,Ather 450X,4,4
V03917,CU00603,Commercial Van,Tata Ace EV,60,1
V03918,CU01187,Two-Wheeler,Ola S1,2,4
V03919,CU01482,Sedan,BYD Seal,50,4
V03920,CU03273,Two-Wheeler,Ather 450X,2,4
V03921,CU00232,Two-Wheeler,Ather 450X,3,0
V03922,CU00328,Sedan,BYD Seal,60,0
V03923,CU00950,Two-Wheeler,Ather 450X,3,1
V03924,CU01887,Sedan,BYD Seal,50,3
V03925,CU04096,Sedan,MG5,50,2
V03926,CU02298,SUV,Hyundai Ioniq 5,82,2
V03927,CU01308,SUV,Mahindra XUV400,100,2
V03928,CU00198,Two-Wheeler,Ather 450X,2,2
V03929,CU04512,Sedan,BYD Seal,55,0
V03930,CU02780,SUV,Tata Nexon EV,100,4
V03931,CU03337,Commercial Van,Mahindra Treo,120,2
V03932,CU01339,Commercial Van,Mahindra Treo,120,0
V03933,CU01692,Hatchback,Tata Tiago EV,35,3
V03934,CU00216,Hatchback,Tata Tiago EV,40,2
V03935,CU01650,SUV,Mahindra XUV400,82,4
V03936,CU02863,Sedan,BYD Seal,60,3
V03937,CU00610,Hatchback,Tata Tiago EV,30,0
V03938,CU02559,Sedan,BYD Seal,50,4
V03939,CU00918,Two-Wheeler,Ather 450X,4,1
V03940,CU04253,Two-Wheeler,Ather 450X,3,4
V03941,CU00162,Sedan,MG5,50,2
V03942,CU04138,Sedan,BYD Seal,50,2
V03943,CU02812,SUV,Hyundai Ioniq 5,75,4
V03944,CU03422,Hatchback,Tata Tiago EV,35,0
V03945,CU04216,SUV,Hyundai Ioniq 5,82,2
V03946,CU01099,Hatchback,Tata Tiago EV,30,1
V03947,CU02722,Sedan,MG5,55,1
V03948,CU02709,Sedan,BYD Seal,50,1
V03949,CU00123,SUV,Mahindra XUV400,100,1
V03950,CU02701,SUV,Hyundai Ioniq 5,82,4
V03951,CU03254,Sedan,BYD Seal,60,1
V03952,CU03062,Hatchback,MG Comet,35,3
V03953,CU03962,Sedan,MG5,60,1
V03954,CU00789,SUV,Hyundai Ioniq 5,75,0
V03955,CU00257,Hatchback,Tata Tiago EV,40,4
V03956,CU04026,Hatchback,MG Comet,30,4
V03957,CU03655,SUV,Hyundai Ioniq 5,75,1
V03958,CU03252,Two-Wheeler,Ather 450X,2,0
V03959,CU03590,Sedan,MG5,60,4
V03960,CU04776,Sedan,MG5,55,2
V03961,CU00608,Commercial Van,Tata Ace EV,80,2
V03962,CU04427,Commercial Van,Tata Ace EV,120,1
V03963,CU03928,Sedan,MG5,55,2
V03964,CU02153,Two-Wheeler,Ola S1,3,3
V03965,CU00547,SUV,Hyundai Ioniq 5,75,2
V03966,CU04889,Commercial Van,Tata Ace EV,80,0
V03967,CU01905,Sedan,MG5,50,0
V03968,CU01683,Two-Wheeler,Ola S1,4,3
V03969,CU00489,Two-Wheeler,Ather 450X,2,4
V03970,CU01823,Sedan,MG5,55,4
V03971,CU03122,Two-Wheeler,Ola S1,2,3
V03972,CU03775,Sedan,MG5,60,3
V03973,CU03073,Hatchback,Tata Tiago EV,35,1
V03974,CU03453,Sedan,MG5,60,2
V03975,CU00650,Commercial Van,Mahindra Treo,60,2
V03976,CU00648,SUV,Tata Nexon EV,75,3
V03977,CU00381,SUV,Mahindra XUV400,82,3
V03978,CU02067,SUV,Tata Nexon EV,70,0
V03979,CU01864,Hatchback,Tata Tiago EV,35,1
V03980,CU02291,Sedan,BYD Seal,55,1
V03981,CU04225,Two-Wheeler,Ather 450X,4,1
V03982,CU01200,Commercial Van,Mahindra Treo,80,3
V03983,CU04505,Hatchback,MG Comet,30,0
V03984,CU04888,Sedan,BYD Seal,55,2
V03985,CU02991,Hatchback,Tata Tiago EV,40,4
V03986,CU01108,Hatchback,Tata Tiago EV,35,4
V03987,CU03448,Sedan,MG5,50,0
V03988,CU00222,SUV,Hyundai Ioniq 5,100,1
V03989,CU01440,Hatchback,MG Comet,30,0
V03990,CU00618,Hatchback,MG Comet,30,3
V03991,CU02571,Two-Wheeler,Ola S1,4,0
V03992,CU02756,Commercial Van,Tata Ace EV,80,0
V03993,CU02791,Sedan,BYD Seal,60,3
V03994,CU03943,SUV,Tata Nexon EV,82,0
V03995,CU03310,Sedan,MG5,50,4
V03996,CU04055,Commercial Van,Mahindra Treo,80,0
V03997,CU00225,SUV,Mahindra XUV400,70,4
V03998,CU02242,Two-Wheeler,Ola S1,3,2
V03999,CU04153,Hatchback,Tata Tiago EV,35,0
V04000,CU03697,SUV,Mahindra XUV400,75,4
V04001,CU03351,SUV,Tata Nexon EV,75,2
V04002,CU03828,Sedan,MG5,50,1
V04003,CU01404,Sedan,MG5,55,3
V04004,CU04213,SUV,Tata Nexon EV,75,0
V04005,CU00410,Two-Wheeler,Ather 450X,3,1
V04006,CU01917,Hatchback,Tata Tiago EV,35,0
V04007,CU03439,SUV,Mahindra XUV400,100,3
V04008,CU04068,Hatchback,MG Comet,40,1
V04009,CU02860,Hatchback,Tata Tiago EV,40,4
V04010,CU01984,SUV,Tata Nexon EV,100,0
V04011,CU02052,Sedan,MG5,55,3
V04012,CU03702,Sedan,BYD Seal,50,4
V04013,CU00023,Sedan,MG5,60,0
V04014,CU02969,SUV,Mahindra XUV400,100,1
V04015,CU00745,Sedan,BYD Seal,60,4
V04016,CU00602,Commercial Van,Mahindra Treo,60,4
V04017,CU03036,Sedan,BYD Seal,55,1
V04018,CU01843,Two-Wheeler,Ather 450X,3,2
V04019,CU02675,Sedan,MG5,50,2
V04020,CU04177,SUV,Mahindra XUV400,82,3
V04021,CU02663,SUV,Mahindra XUV400,100,2
V04022,CU00483,Sedan,BYD Seal,50,2
V04023,CU04037,Sedan,MG5,55,1
V04024,CU02640,Sedan,BYD Seal,60,3
V04025,CU03312,Hatchback,MG Comet,30,1
V04026,CU04129,Hatchback,Tata Tiago EV,40,1
V04027,CU04376,Two-Wheeler,Ather 450X,4,3
V04028,CU03826,Two-Wheeler,Ola S1,3,1
V04029,CU02200,Sedan,MG5,60,2
V04030,CU01683,Sedan,MG5,55,0
V04031,CU04797,Hatchback,MG Comet,30,4
V04032,CU03609,Hatchback,Tata Tiago EV,40,3
V04033,CU01019,Two-Wheeler,Ola S1,2,2
V04034,CU04761,SUV,Hyundai Ioniq 5,100,3
V04035,CU02971,Hatchback,Tata Tiago EV,40,0
V04036,CU01312,Sedan,MG5,60,0
V04037,CU01419,Two-Wheeler,Ola S1,3,1
V04038,CU02501,Hatchback,MG Comet,30,0
V04039,CU02668,Sedan,BYD Seal,55,1
V04040,CU01387,SUV,Tata Nexon EV,75,0
V04041,CU01145,SUV,Mahindra XUV400,100,4
V04042,CU02064,Sedan,MG5,60,4
V04043,CU04835,Two-Wheeler,Ola S1,4,4
V04044,CU01547,Hatchback,MG Comet,40,3
V04045,CU02146,Two-Wheeler,Ather 450X,3,1
V04046,CU02164,Hatchback,Tata Tiago EV,30,0
V04047,CU03013,SUV,Hyundai Ioniq 5,75,2
V04048,CU04445,Two-Wheeler,Ather 450X,2,1
V04049,CU04328,Sedan,BYD Seal,60,0
V04050,CU03183,Two-Wheeler,Ather 450X,3,4
V04051,CU03424,Two-Wheeler,Ola S1,4,4
V04052,CU04002,Hatchback,MG Comet,30,4
V04053,CU03560,Two-Wheeler,Ola S1,2,1
V04054,CU01557,Commercial Van,Tata Ace EV,80,3
V04055,CU02687,SUV,Tata Nexon EV,70,2
V04056,CU02333,Hatchback,MG Comet,35,2
V04057,CU01657,Hatchback,MG Comet,40,1
V04058,CU00545,Sedan,MG5,50,0
V04059,CU00392,Hatchback,Tata Tiago EV,35,1
V04060,CU01989,SUV,Tata Nexon EV,82,3
V04061,CU04086,Hatchback,MG Comet,35,1
V04062,CU00297,Hatchback,Tata Tiago EV,30,1
V04063,CU01087,Sedan,BYD Seal,55,0
V04064,CU04366,Sedan,BYD Seal,60,4
V04065,CU03262,SUV,Hyundai Ioniq 5,75,0
V04066,CU04606,Two-Wheeler,Ather 450X,4,0
V04067,CU01117,Hatchback,Tata Tiago EV,35,0
V04068,CU01077,Hatchback,Tata Tiago EV,35,1
V04069,CU00496,Hatchback,MG Comet,40,0
V04070,CU02996,Sedan,MG5,50,3
V04071,CU00094,Hatchback,Tata Tiago EV,35,2
V04072,CU04721,Two-Wheeler,Ather 450X,4,1
V04073,CU04325,Hatchback,MG Comet,35,3
V04074,CU00721,Commercial Van,Tata Ace EV,120,0
V04075,CU04363,Sedan,BYD Seal,55,2
V04076,CU04377,Sedan,MG5,55,2
V04077,CU04027,Two-Wheeler,Ather 450X,4,2
V04078,CU04056,Two-Wheeler,Ola S1,2,3
V04079,CU01107,SUV,Hyundai Ioniq 5,70,1
V04080,CU03933,Commercial Van,Mahindra Treo,80,2
V04081,CU03723,Sedan,BYD Seal,60,3
V04082,CU01372,Two-Wheeler,Ola S1,3,1
V04083,CU00423,Sedan,BYD Seal,50,1
V04084,CU02006,Two-Wheeler,Ather 450X,4,0
V04085,CU04550,Sedan,MG5,50,1
V04086,CU04603,Sedan,BYD Seal,55,2
V04087,CU04412,SUV,Tata Nexon EV,100,0
V04088,CU00764,Hatchback,Tata Tiago EV,30,4
V04089,CU03369,Hatchback,Tata Tiago EV,40,0
V04090,CU00898,Sedan,MG5,55,4
V04091,CU00953,SUV,Hyundai Ioniq 5,100,2
V04092,CU02923,Two-Wheeler,Ather 450X,3,3
V04093,CU04480,SUV,Tata Nexon EV,82,0
V04094,CU03198,Two-Wheeler,Ather 450X,3,4
V04095,CU04199,SUV,Tata Nexon EV,82,1
V04096,CU00900,Hatchback,MG Comet,35,4
V04097,CU04024,Hatchback,MG Comet,35,1
V04098,CU04206,SUV,Mahindra XUV400,100,3
V04099,CU03642,Sedan,MG5,60,3
V04100,CU03544,Hatchback,Tata Tiago EV,35,3
V04101,CU03642,Sedan,MG5,55,3
V04102,CU04766,SUV,Tata Nexon EV,70,1
V04103,CU03091,Sedan,BYD Seal,60,2
V04104,CU04480,Two-Wheeler,Ola S1,3,1
V04105,CU00762,Two-Wheeler,Ather 450X,4,3
V04106,CU02408,Two-Wheeler,Ather 450X,2,0
V04107,CU00886,Commercial Van,Tata Ace EV,120,0
V04108,CU02644,Sedan,MG5,60,4
V04109,CU03244,SUV,Hyundai Ioniq 5,100,3
V04110,CU01236,Two-Wheeler,Ola S1,2,4
V04111,CU02934,SUV,Hyundai Ioniq 5,82,1
V04112,CU01469,Two-Wheeler,Ola S1,3,3
V04113,CU00010,Sedan,MG5,55,1
V04114,CU00792,SUV,Hyundai Ioniq 5,100,2
V04115,CU01663,Hatchback,MG Comet,30,3
V04116,CU00744,Commercial Van,Tata Ace EV,60,3
V04117,CU02429,Two-Wheeler,Ather 450X,4,2
V04118,CU03494,Two-Wheeler,Ather 450X,4,1
V04119,CU04547,SUV,Hyundai Ioniq 5,70,3
V04120,CU01117,Hatchback,MG Comet,30,0
V04121,CU02442,Hatchback,Tata Tiago EV,35,3
V04122,CU01355,Two-Wheeler,Ola S1,4,3
V04123,CU02481,Sedan,MG5,50,4
V04124,CU03002,Sedan,BYD Seal,50,4
V04125,CU01187,SUV,Mahindra XUV400,75,4
V04126,CU04088,Sedan,BYD Seal,55,3
V04127,CU02832,SUV,Mahindra XUV400,100,4
V04128,CU03662,Sedan,MG5,55,3
V04129,CU01749,SUV,Hyundai Ioniq 5,82,4
V04130,CU02864,Two-Wheeler,Ola S1,4,1
V04131,CU01115,Hatchback,MG Comet,40,4
V04132,CU03265,Sedan,BYD Seal,55,3
V04133,CU03091,Sedan,BYD Seal,60,1
V04134,CU01064,Commercial Van,Tata Ace EV,120,4
V04135,CU03749,Sedan,MG5,55,0
V04136,CU04546,Sedan,BYD Seal,60,4
V04137,CU02733,SUV,Mahindra XUV400,75,2
V04138,CU01873,Sedan,MG5,55,0
V04139,CU04721,Commercial Van,Tata Ace EV,60,0
V04140,CU01970,Two-Wheeler,Ather 450X,4,1
V04141,CU00885,SUV,Tata Nexon EV,75,1
V04142,CU03964,SUV,Mahindra XUV400,82,4
V04143,CU03679,Hatchback,Tata Tiago EV,35,2
V04144,CU00319,SUV,Hyundai Ioniq 5,75,0
V04145,CU03817,Two-Wheeler,Ather 450X,4,0
V04146,CU03718,Sedan,MG5,50,1
V04147,CU03196,Hatchback,Tata Tiago EV,35,2
V04148,CU01375,Commercial Van,Mahindra Treo,120,2
V04149,CU00488,Sedan,MG5,50,4
V04150,CU00451,SUV,Hyundai Ioniq 5,75,1
V04151,CU00353,Hatchback,Tata Tiago EV,30,0
V04152,CU01941,Sedan,MG5,50,1
V04153,CU02368,Two-Wheeler,Ola S1,4,2
V04154,CU03237,Sedan,BYD Seal,50,0
V04155,CU00248,SUV,Mahindra XUV400,75,3
V04156,CU03504,Hatchback,Tata Tiago EV,40,1
V04157,CU00568,Sedan,BYD Seal,55,4
V04158,CU00684,Commercial Van,Tata Ace EV,80,4
V04159,CU00644,SUV,Mahindra XUV400,82,4
V04160,CU00479,Commercial Van,Mahindra Treo,120,4
V04161,CU02761,Commercial Van,Tata Ace EV,60,4
V04162,CU04464,Commercial Van,Tata Ace EV,60,0
V04163,CU04453,Two-Wheeler,Ather 450X,2,0
V04164,CU01369,Hatchback,MG Comet,40,3
V04165,CU02227,Commercial Van,Mahindra Treo,60,1
V04166,CU03497,Hatchback,MG Comet,30,4
V04167,CU03613,Hatchback,MG Comet,35,4
V04168,CU04008,Hatchback,Tata Tiago EV,40,2
V04169,CU01843,Sedan,MG5,55,1
V04170,CU03378,SUV,Mahindra XUV400,70,3
V04171,CU02415,Sedan,BYD Seal,55,4
V04172,CU01060,Hatchback,Tata Tiago EV,30,1
V04173,CU01645,Sedan,BYD Seal,55,3
V04174,CU04924,Sedan,BYD Seal,50,1
V04175,CU01812,Two-Wheeler,Ola S1,3,0
V04176,CU02194,Sedan,MG5,55,4
V04177,CU02428,Hatchback,Tata Tiago EV,40,0
V04178,CU00168,Sedan,BYD Seal,50,4
V04179,CU04183,Sedan,BYD Seal,50,0
V04180,CU00154,SUV,Tata Nexon EV,75,0
V04181,CU02545,Sedan,MG5,60,2
V04182,CU03869,Sedan,MG5,50,3
V04183,CU00315,Sedan,MG5,55,1
V04184,CU00723,Sedan,MG5,60,4
V04185,CU03632,Commercial Van,Tata Ace EV,60,0
V04186,CU03346,Hatchback,MG Comet,40,0
V04187,CU02812,Two-Wheeler,Ather 450X,4,2
V04188,CU02310,Two-Wheeler,Ather 450X,4,3
V04189,CU02502,Hatchback,Tata Tiago EV,30,2
V04190,CU03334,Commercial Van,Mahindra Treo,80,3
V04191,CU02024,Two-Wheeler,Ather 450X,4,0
V04192,CU00350,SUV,Tata Nexon EV,100,4
V04193,CU00824,Sedan,MG5,55,1
V04194,CU00438,SUV,Tata Nexon EV,75,3
V04195,CU00169,Sedan,MG5,55,3
V04196,CU03820,Hatchback,Tata Tiago EV,40,2
V04197,CU03415,Two-Wheeler,Ather 450X,3,1
V04198,CU03302,Two-Wheeler,Ola S1,3,4
V04199,CU04119,Hatchback,MG Comet,30,3
V04200,CU03036,Two-Wheeler,Ola S1,3,0
V04201,CU04377,Two-Wheeler,Ather 450X,4,3
V04202,CU03591,Hatchback,MG Comet,35,2
V04203,CU02770,Sedan,BYD Seal,60,0
V04204,CU02301,Sedan,BYD Seal,50,4
V04205,CU04500,Two-Wheeler,Ather 450X,4,1
V04206,CU02181,Two-Wheeler,Ola S1,2,3
V04207,CU03346,Hatchback,MG Comet,40,1
V04208,CU02666,SUV,Mahindra XUV400,100,4
V04209,CU00232,Two-Wheeler,Ather 450X,4,1
V04210,CU02593,Two-Wheeler,Ather 450X,3,0
V04211,CU04175,Hatchback,MG Comet,35,3
V04212,CU01059,SUV,Mahindra XUV400,75,0
V04213,CU02543,Two-Wheeler,Ather 450X,3,3
V04214,CU01134,Sedan,MG5,50,1
V04215,CU03647,Sedan,MG5,50,3
V04216,CU02376,Two-Wheeler,Ola S1,2,1
V04217,CU03881,Hatchback,MG Comet,40,3
V04218,CU02738,Two-Wheeler,Ola S1,4,2
V04219,CU02432,Sedan,BYD Seal,55,1
V04220,CU01388,Hatchback,Tata Tiago EV,40,2
V04221,CU03304,Hatchback,Tata Tiago EV,30,3
V04222,CU01438,Hatchback,Tata Tiago EV,30,4
V04223,CU03366,Hatchback,MG Comet,35,2
V04224,CU04643,SUV,Tata Nexon EV,70,3
V04225,CU01730,Hatchback,Tata Tiago EV,35,1
V04226,CU02440,Commercial Van,Mahindra Treo,60,4
V04227,CU03174,SUV,Mahindra XUV400,82,0
V04228,CU03908,Sedan,BYD Seal,50,0
V04229,CU01317,Sedan,BYD Seal,60,3
V04230,CU00685,SUV,Hyundai Ioniq 5,70,2
V04231,CU02589,Sedan,BYD Seal,55,2
V04232,CU03544,Hatchback,Tata Tiago EV,35,2
V04233,CU03088,Two-Wheeler,Ather 450X,2,0
V04234,CU01676,Sedan,MG5,60,2
V04235,CU02114,Hatchback,Tata Tiago EV,30,1
V04236,CU00958,SUV,Tata Nexon EV,75,2
V04237,CU03544,SUV,Mahindra XUV400,75,3
V04238,CU03095,Sedan,BYD Seal,55,3
V04239,CU04798,Two-Wheeler,Ather 450X,2,2
V04240,CU02808,SUV,Hyundai Ioniq 5,75,2
V04241,CU00821,SUV,Tata Nexon EV,75,2
V04242,CU00888,Sedan,MG5,55,0
V04243,CU03729,Commercial Van,Mahindra Treo,80,2
V04244,CU03994,Sedan,BYD Seal,60,1
V04245,CU03085,SUV,Hyundai Ioniq 5,100,4
V04246,CU00876,Sedan,BYD Seal,55,3
V04247,CU04262,Two-Wheeler,Ather 450X,2,3
V04248,CU03997,Hatchback,Tata Tiago EV,40,1
V04249,CU00557,Hatchback,MG Comet,30,2
V04250,CU02215,Two-Wheeler,Ather 450X,4,4
V04251,CU00709,Sedan,MG5,60,1
V04252,CU00718,Sedan,MG5,55,4
V04253,CU03666,SUV,Hyundai Ioniq 5,75,4
V04254,CU02145,Two-Wheeler,Ola S1,3,1
V04255,CU02020,Hatchback,MG Comet,40,4
V04256,CU03780,Hatchback,Tata Tiago EV,35,0
V04257,CU00291,Commercial Van,Mahindra Treo,120,1
V04258,CU02184,SUV,Hyundai Ioniq 5,100,1
V04259,CU03880,Sedan,BYD Seal,60,4
V04260,CU02937,Two-Wheeler,Ather 450X,3,1
V04261,CU02415,SUV,Mahindra XUV400,100,2
V04262,CU02296,Hatchback,MG Comet,35,0
V04263,CU02814,Hatchback,MG Comet,35,0
V04264,CU01238,Sedan,BYD Seal,55,0
V04265,CU02118,Two-Wheeler,Ola S1,4,4
V04266,CU04842,Hatchback,MG Comet,30,2
V04267,CU03044,Hatchback,MG Comet,40,0
V04268,CU03088,Two-Wheeler,Ola S1,2,2
V04269,CU03559,Hatchback,Tata Tiago EV,40,1
V04270,CU00699,SUV,Mahindra XUV400,75,0
V04271,CU02854,Hatchback,MG Comet,30,2
V04272,CU03809,SUV,Tata Nexon EV,75,0
V04273,CU04620,Sedan,MG5,60,4
V04274,CU01846,Hatchback,MG Comet,30,3
V04275,CU04015,SUV,Tata Nexon EV,100,1
V04276,CU03183,SUV,Tata Nexon EV,82,3
V04277,CU00464,SUV,Mahindra XUV400,75,0
V04278,CU03861,SUV,Hyundai Ioniq 5,82,1
V04279,CU00451,SUV,Mahindra XUV400,70,1
V04280,CU01916,SUV,Hyundai Ioniq 5,100,3
V04281,CU00924,SUV,Tata Nexon EV,70,2
V04282,CU03623,SUV,Hyundai Ioniq 5,100,1
V04283,CU00316,SUV,Hyundai Ioniq 5,70,0
V04284,CU04767,SUV,Hyundai Ioniq 5,100,1
V04285,CU04794,Hatchback,Tata Tiago EV,35,1
V04286,CU01377,Hatchback,MG Comet,30,4
V04287,CU02816,Sedan,MG5,60,3
V04288,CU01263,Commercial Van,Mahindra Treo,120,4
V04289,CU01128,Two-Wheeler,Ola S1,2,3
V04290,CU02926,SUV,Hyundai Ioniq 5,82,1
V04291,CU01053,Sedan,MG5,55,0
V04292,CU04185,Hatchback,Tata Tiago EV,35,4
V04293,CU02423,Two-Wheeler,Ola S1,3,3
V04294,CU03469,Two-Wheeler,Ather 450X,2,3
V04295,CU04460,Hatchback,MG Comet,35,0
V04296,CU04022,Two-Wheeler,Ather 450X,4,3
V04297,CU04410,Sedan,MG5,50,0
V04298,CU00548,Sedan,BYD Seal,55,2
V04299,CU04892,Two-Wheeler,Ather 450X,3,1
V04300,CU03524,SUV,Mahindra XUV400,82,4
V04301,CU01530,Two-Wheeler,Ather 450X,3,0
V04302,CU00107,Hatchback,MG Comet,30,2
V04303,CU00857,Sedan,MG5,50,3
V04304,CU02985,Sedan,BYD Seal,60,2
V04305,CU04387,Sedan,MG5,60,4
V04306,CU04713,SUV,Tata Nexon EV,82,1
V04307,CU01251,Sedan,MG5,50,4
V04308,CU01612,Sedan,BYD Seal,50,1
V04309,CU01791,Sedan,BYD Seal,60,1
V04310,CU00868,Two-Wheeler,Ather 450X,2,0
V04311,CU02770,SUV,Mahindra XUV400,82,1
V04312,CU04254,SUV,Tata Nexon EV,100,2
V04313,CU00328,Hatchback,MG Comet,35,1
V04314,CU03817,Sedan,BYD Seal,50,3
V04315,CU03149,Hatchback,Tata Tiago EV,30,3
V04316,CU03382,Hatchback,Tata Tiago EV,40,2
V04317,CU02375,Sedan,MG5,60,3
V04318,CU02556,Hatchback,MG Comet,30,4
V04319,CU04966,SUV,Tata Nexon EV,82,3
V04320,CU01131,Commercial Van,Mahindra Treo,80,1
V04321,CU04337,Hatchback,MG Comet,30,1
V04322,CU02483,Two-Wheeler,Ather 450X,2,2
V04323,CU03100,Hatchback,Tata Tiago EV,40,2
V04324,CU02752,SUV,Tata Nexon EV,100,4
V04325,CU03321,SUV,Hyundai Ioniq 5,100,3
V04326,CU01557,Commercial Van,Tata Ace EV,60,1
V04327,CU03544,Hatchback,MG Comet,30,0
V04328,CU04509,Sedan,BYD Seal,60,3
V04329,CU00569,Hatchback,Tata Tiago EV,30,0
V04330,CU01655,Sedan,MG5,60,1
V04331,CU03237,Commercial Van,Mahindra Treo,80,4
V04332,CU03120,Two-Wheeler,Ola S1,4,4
V04333,CU03734,Two-Wheeler,Ather 450X,4,2
V04334,CU03230,SUV,Tata Nexon EV,82,2
V04335,CU00151,Two-Wheeler,Ather 450X,4,1
V04336,CU02273,Sedan,MG5,55,3
V04337,CU04352,Hatchback,Tata Tiago EV,30,0
V04338,CU02109,Two-Wheeler,Ola S1,2,3
V04339,CU01796,Sedan,BYD Seal,60,1
V04340,CU02428,Hatchback,MG Comet,40,3
V04341,CU03515,Hatchback,Tata Tiago EV,35,1
V04342,CU00349,SUV,Tata Nexon EV,100,0
V04343,CU02079,SUV,Hyundai Ioniq 5,82,3
V04344,CU00397,Sedan,BYD Seal,55,1
V04345,CU02977,Two-Wheeler,Ola S1,2,4
V04346,CU02610,Two-Wheeler,Ola S1,2,1
V04347,CU01159,Commercial Van,Tata Ace EV,60,3
V04348,CU00146,SUV,Tata Nexon EV,70,1
V04349,CU02227,Two-Wheeler,Ather 450X,4,3
V04350,CU00264,Two-Wheeler,Ola S1,3,2
V04351,CU04300,Sedan,MG5,55,2
V04352,CU03102,Sedan,MG5,50,2
V04353,CU02107,Sedan,BYD Seal,55,4
V04354,CU03081,Hatchback,Tata Tiago EV,30,0
V04355,CU00988,Sedan,MG5,60,3
V04356,CU01348,Sedan,BYD Seal,50,1
V04357,CU01361,Hatchback,MG Comet,40,3
V04358,CU02839,Hatchback,MG Comet,30,2
V04359,CU01727,Sedan,MG5,50,4
V04360,CU02290,Two-Wheeler,Ather 450X,3,1
V04361,CU00908,Two-Wheeler,Ola S1,4,4
V04362,CU01184,SUV,Mahindra XUV400,82,2
V04363,CU02825,Sedan,BYD Seal,55,0
V04364,CU01259,Sedan,MG5,55,1
V04365,CU00199,Hatchback,Tata Tiago EV,35,1
V04366,CU01057,Hatchback,Tata Tiago EV,30,4
V04367,CU02456,Two-Wheeler,Ola S1,2,4
V04368,CU03366,Sedan,MG5,55,1
V04369,CU01261,Two-Wheeler,Ola S1,2,1
V04370,CU03979,Two-Wheeler,Ather 450X,2,2
V04371,CU02836,Hatchback,MG Comet,40,0
V04372,CU01314,SUV,Hyundai Ioniq 5,100,3
V04373,CU01903,Sedan,MG5,60,3
V04374,CU03976,Sedan,BYD Seal,50,1
V04375,CU00578,SUV,Hyundai Ioniq 5,82,0
V04376,CU04431,Commercial Van,Tata Ace EV,60,0
V04377,CU01021,Two-Wheeler,Ather 450X,2,0
V04378,CU03654,Commercial Van,Mahindra Treo,120,2
V04379,CU03845,Hatchback,MG Comet,30,3
V04380,CU03574,Hatchback,MG Comet,30,0
V04381,CU02294,Hatchback,MG Comet,35,0
V04382,CU00611,Sedan,MG5,60,2
V04383,CU00329,Sedan,MG5,60,4
V04384,CU00547,SUV,Hyundai Ioniq 5,70,3
V04385,CU00339,SUV,Hyundai Ioniq 5,70,2
V04386,CU03182,Commercial Van,Tata Ace EV,80,0
V04387,CU03042,Commercial Van,Tata Ace EV,80,1
V04388,CU00807,Hatchback,MG Comet,30,4
V04389,CU01034,Two-Wheeler,Ather 450X,3,0
V04390,CU03274,Sedan,BYD Seal,50,0
V04391,CU03988,Sedan,BYD Seal,60,4
V04392,CU03334,Two-Wheeler,Ola S1,3,1
V04393,CU02741,Hatchback,MG Comet,30,3
V04394,CU04526,Two-Wheeler,Ather 450X,2,1
V04395,CU04902,SUV,Mahindra XUV400,82,2
V04396,CU01697,Two-Wheeler,Ola S1,2,2
V04397,CU03651,Commercial Van,Tata Ace EV,120,2
V04398,CU02083,SUV,Tata Nexon EV,82,1
V04399,CU01999,Hatchback,MG Comet,30,1
V04400,CU04653,Hatchback,MG Comet,40,4
V04401,CU01686,Sedan,MG5,50,2
V04402,CU04587,Hatchback,Tata Tiago EV,40,0
V04403,CU01604,Two-Wheeler,Ola S1,2,1
V04404,CU04350,Sedan,MG5,50,4
V04405,CU04113,Commercial Van,Mahindra Treo,120,3
V04406,CU00261,Two-Wheeler,Ather 450X,2,1
V04407,CU03797,Hatchback,MG Comet,35,0
V04408,CU02776,Sedan,MG5,60,1
V04409,CU00501,Sedan,BYD Seal,50,1
V04410,CU01016,Sedan,BYD Seal,55,2
V04411,CU02334,SUV,Hyundai Ioniq 5,70,3
V04412,CU02055,Hatchback,Tata Tiago EV,35,3
V04413,CU03964,SUV,Hyundai Ioniq 5,75,2
V04414,CU03675,Sedan,MG5,50,3
V04415,CU04056,Two-Wheeler,Ather 450X,2,2
V04416,CU02707,Two-Wheeler,Ola S1,3,3
V04417,CU02100,Hatchback,Tata Tiago EV,40,3
V04418,CU02566,Hatchback,Tata Tiago EV,35,3
V04419,CU03018,Two-Wheeler,Ola S1,3,1
V04420,CU00109,Commercial Van,Tata Ace EV,60,4
V04421,CU03423,Sedan,BYD Seal,60,2
V04422,CU00066,Sedan,BYD Seal,50,3
V04423,CU03082,Hatchback,Tata Tiago EV,40,4
V04424,CU04298,Sedan,BYD Seal,55,3
V04425,CU02949,Sedan,BYD Seal,60,4
V04426,CU00214,Sedan,BYD Seal,55,3
V04427,CU04423,SUV,Hyundai Ioniq 5,100,4
V04428,CU01041,Sedan,MG5,55,3
V04429,CU04619,Hatchback,Tata Tiago EV,30,3
V04430,CU00988,Sedan,BYD Seal,55,4
V04431,CU03196,Two-Wheeler,Ola S1,4,0
V04432,CU00504,Sedan,BYD Seal,60,3
V04433,CU00756,Commercial Van,Tata Ace EV,80,1
V04434,CU01342,SUV,Hyundai Ioniq 5,100,1
V04435,CU02589,Sedan,BYD Seal,50,2
V04436,CU01382,Hatchback,MG Comet,35,0
V04437,CU02988,SUV,Mahindra XUV400,75,2
V04438,CU02845,SUV,Tata Nexon EV,75,4
V04439,CU02520,SUV,Mahindra XUV400,100,2
V04440,CU03727,Two-Wheeler,Ather 450X,3,4
V04441,CU01888,Two-Wheeler,Ather 450X,4,4
V04442,CU01324,Hatchback,MG Comet,40,2
V04443,CU03810,Two-Wheeler,Ather 450X,4,0
V04444,CU03748,SUV,Hyundai Ioniq 5,75,0
V04445,CU02132,Sedan,MG5,50,1
V04446,CU02425,SUV,Tata Nexon EV,75,2
V04447,CU03385,SUV,Mahindra XUV400,100,1
V04448,CU02252,Hatchback,Tata Tiago EV,40,1
V04449,CU01009,Sedan,MG5,60,0
V04450,CU01318,Sedan,BYD Seal,50,0
V04451,CU03217,Sedan,BYD Seal,60,3
V04452,CU04635,Hatchback,Tata Tiago EV,40,0
V04453,CU00017,Hatchback,MG Comet,35,2
V04454,CU04671,Hatchback,MG Comet,35,2
V04455,CU01803,Sedan,MG5,60,3
V04456,CU02624,Two-Wheeler,Ola S1,4,0
V04457,CU00130,Hatchback,Tata Tiago EV,35,1
V04458,CU01474,Sedan,MG5,60,1
V04459,CU00950,Sedan,BYD Seal,60,4
V04460,CU03997,Two-Wheeler,Ola S1,4,2
V04461,CU01069,Hatchback,Tata Tiago EV,35,1
V04462,CU04312,Hatchback,MG Comet,35,2
V04463,CU01624,Hatchback,MG Comet,40,3
V04464,CU02896,Commercial Van,Tata Ace EV,60,2
V04465,CU02737,SUV,Mahindra XUV400,100,0
V04466,CU02313,Hatchback,MG Comet,35,2
V04467,CU01947,Sedan,BYD Seal,50,3
V04468,CU00617,Hatchback,Tata Tiago EV,40,4
V04469,CU01870,Hatchback,Tata Tiago EV,30,0
V04470,CU00301,Two-Wheeler,Ather 450X,4,0
V04471,CU00985,Sedan,MG5,50,3
V04472,CU03692,SUV,Mahindra XUV400,100,2
V04473,CU04502,Sedan,BYD Seal,50,0
V04474,CU03427,SUV,Mahindra XUV400,70,0
V04475,CU00161,Sedan,BYD Seal,60,0
V04476,CU00026,Sedan,MG5,60,1
V04477,CU00083,SUV,Mahindra XUV400,70,2
V04478,CU00173,Hatchback,MG Comet,35,2
V04479,CU00999,SUV,Mahindra XUV400,70,1
V04480,CU03142,Two-Wheeler,Ather 450X,2,1
V04481,CU02883,Hatchback,MG Comet,40,1
V04482,CU04102,Two-Wheeler,Ola S1,4,1
V04483,CU02844,Hatchback,Tata Tiago EV,35,1
V04484,CU04621,Sedan,MG5,55,3
V04485,CU02111,SUV,Mahindra XUV400,70,0
V04486,CU03085,SUV,Hyundai Ioniq 5,75,1
V04487,CU02046,Hatchback,MG Comet,35,0
V04488,CU00761,Two-Wheeler,Ola S1,4,1
V04489,CU00205,Commercial Van,Tata Ace EV,80,3
V04490,CU04993,Hatchback,Tata Tiago EV,30,2
V04491,CU03103,Two-Wheeler,Ather 450X,3,3
V04492,CU02036,SUV,Hyundai Ioniq 5,82,2
V04493,CU01553,Commercial Van,Tata Ace EV,120,1
V04494,CU04973,Hatchback,MG Comet,40,1
V04495,CU00825,Two-Wheeler,Ola S1,4,3
V04496,CU02957,Hatchback,MG Comet,30,0
V04497,CU03749,Two-Wheeler,Ola S1,4,2
V04498,CU02446,SUV,Mahindra XUV400,75,3
V04499,CU03897,Sedan,MG5,55,3
V04500,CU00839,Hatchback,Tata Tiago EV,30,0
V04501,CU04696,Two-Wheeler,Ola S1,2,4
V04502,CU03684,SUV,Hyundai Ioniq 5,100,2
V04503,CU01962,Sedan,MG5,55,3
V04504,CU00938,Sedan,MG5,55,0
V04505,CU02932,Two-Wheeler,Ather 450X,4,4
V04506,CU00425,Sedan,MG5,60,4
V04507,CU03311,Hatchback,Tata Tiago EV,30,0
V04508,CU03052,Commercial Van,Mahindra Treo,60,1
V04509,CU02906,Sedan,MG5,55,3
V04510,CU02138,Sedan,BYD Seal,60,1
V04511,CU04047,Hatchback,Tata Tiago EV,40,4
V04512,CU03211,Two-Wheeler,Ola S1,2,1
V04513,CU02695,Hatchback,MG Comet,35,1
V04514,CU03596,SUV,Hyundai Ioniq 5,75,4
V04515,CU01268,Two-Wheeler,Ather 450X,3,1
V04516,CU03577,Hatchback,Tata Tiago EV,40,2
V04517,CU00422,Two-Wheeler,Ola S1,2,3
V04518,CU03267,Sedan,BYD Seal,50,4
V04519,CU01658,SUV,Tata Nexon EV,70,2
V04520,CU02101,Sedan,MG5,50,1
V04521,CU03940,SUV,Hyundai Ioniq 5,100,0
V04522,CU00685,Sedan,MG5,50,0
V04523,CU02227,Hatchback,Tata Tiago EV,35,4
V04524,CU04389,Commercial Van,Tata Ace EV,80,2
V04525,CU02423,Hatchback,MG Comet,30,3
V04526,CU01078,Two-Wheeler,Ola S1,2,4
V04527,CU03986,Hatchback,MG Comet,40,1
V04528,CU03841,Sedan,MG5,55,2
V04529,CU03317,Two-Wheeler,Ola S1,2,1
V04530,CU02844,Hatchback,MG Comet,35,0
V04531,CU03440,Two-Wheeler,Ola S1,2,4
V04532,CU04112,Sedan,MG5,50,1
V04533,CU04272,Sedan,MG5,50,4
V04534,CU01904,SUV,Tata Nexon EV,70,4
V04535,CU04225,Sedan,BYD Seal,50,2
V04536,CU03295,Sedan,MG5,60,0
V04537,CU04980,Two-Wheeler,Ather 450X,4,2
V04538,CU00426,Sedan,MG5,50,0
V04539,CU02402,Hatchback,MG Comet,35,4
V04540,CU00750,Two-Wheeler,Ola S1,4,4
V04541,CU04840,Two-Wheeler,Ather 450X,4,3
V04542,CU04575,Sedan,BYD Seal,60,1
V04543,CU00044,SUV,Tata Nexon EV,100,0
V04544,CU01560,SUV,Mahindra XUV400,75,2
V04545,CU04195,SUV,Hyundai Ioniq 5,82,4
V04546,CU03469,Sedan,MG5,55,4
V04547,CU03952,Commercial Van,Mahindra Treo,80,3
V04548,CU04267,Hatchback,Tata Tiago EV,40,0
V04549,CU00148,SUV,Hyundai Ioniq 5,82,4
V04550,CU02171,Two-Wheeler,Ather 450X,3,0
V04551,CU00112,SUV,Hyundai Ioniq 5,100,3
V04552,CU04164,Two-Wheeler,Ola S1,4,4
V04553,CU00828,Sedan,BYD Seal,55,3
V04554,CU01753,Sedan,BYD Seal,55,4
V04555,CU02940,Two-Wheeler,Ola S1,4,4
V04556,CU03729,Sedan,MG5,50,0
V04557,CU03617,Two-Wheeler,Ola S1,2,0
V04558,CU03724,Hatchback,Tata Tiago EV,35,4
V04559,CU02278,Two-Wheeler,Ola S1,4,1
V04560,CU00160,SUV,Hyundai Ioniq 5,70,0
V04561,CU03366,Sedan,BYD Seal,60,3
V04562,CU02234,Sedan,MG5,55,2
V04563,CU01014,SUV,Hyundai Ioniq 5,82,1
V04564,CU04973,Hatchback,Tata Tiago EV,35,4
V04565,CU00552,SUV,Mahindra XUV400,75,4
V04566,CU01176,SUV,Hyundai Ioniq 5,82,1
V04567,CU01164,Hatchback,MG Comet,30,0
V04568,CU01309,Two-Wheeler,Ather 450X,3,0
V04569,CU01493,Sedan,MG5,60,0
V04570,CU01242,Sedan,MG5,60,0
V04571,CU04532,Sedan,MG5,60,4
V04572,CU04828,SUV,Hyundai Ioniq 5,82,3
V04573,CU01778,Commercial Van,Mahindra Treo,80,0
V04574,CU00060,Hatchback,Tata Tiago EV,40,0
V04575,CU01634,Sedan,MG5,50,0
V04576,CU02452,Hatchback,Tata Tiago EV,35,1
V04577,CU00336,Two-Wheeler,Ather 450X,4,4
V04578,CU00831,Sedan,MG5,55,2
V04579,CU01593,Two-Wheeler,Ola S1,4,1
V04580,CU04381,Sedan,MG5,55,4
V04581,CU00960,Two-Wheeler,Ola S1,2,1
V04582,CU04167,SUV,Hyundai Ioniq 5,100,4
V04583,CU01122,Commercial Van,Tata Ace EV,60,2
V04584,CU02224,Hatchback,MG Comet,35,1
V04585,CU03817,SUV,Tata Nexon EV,70,2
V04586,CU04980,Two-Wheeler,Ather 450X,4,3
V04587,CU01099,SUV,Tata Nexon EV,82,0
V04588,CU00143,Hatchback,Tata Tiago EV,40,3
V04589,CU02979,Commercial Van,Mahindra Treo,80,4
V04590,CU01047,Sedan,BYD Seal,55,3
V04591,CU01069,Hatchback,MG Comet,35,4
V04592,CU04188,Sedan,MG5,60,1
V04593,CU03341,SUV,Mahindra XUV400,70,0
V04594,CU04774,Two-Wheeler,Ather 450X,4,3
V04595,CU03436,Sedan,BYD Seal,50,4
V04596,CU03780,Sedan,BYD Seal,50,3
V04597,CU04478,SUV,Mahindra XUV400,100,2
V04598,CU00966,Sedan,MG5,60,0
V04599,CU01180,Commercial Van,Mahindra Treo,120,1
V04600,CU02435,Two-Wheeler,Ather 450X,3,2
V04601,CU00501,Sedan,BYD Seal,60,3
V04602,CU04555,Hatchback,MG Comet,35,3
V04603,CU00050,Commercial Van,Tata Ace EV,120,4
V04604,CU00970,Hatchback,Tata Tiago EV,30,1
V04605,CU00988,Hatchback,MG Comet,35,2
V04606,CU04628,Hatchback,MG Comet,35,0
V04607,CU01116,Hatchback,Tata Tiago EV,40,0
V04608,CU03933,Two-Wheeler,Ola S1,3,4
V04609,CU01480,SUV,Mahindra XUV400,75,4
V04610,CU04435,Commercial Van,Mahindra Treo,60,3
V04611,CU03125,Hatchback,Tata Tiago EV,40,4
V04612,CU03568,Sedan,BYD Seal,55,3
V04613,CU01659,Commercial Van,Tata Ace EV,80,2
V04614,CU01877,Two-Wheeler,Ather 450X,2,4
V04615,CU02052,Two-Wheeler,Ather 450X,4,4
V04616,CU04377,Hatchback,Tata Tiago EV,30,4
V04617,CU02816,Two-Wheeler,Ather 450X,4,4
V04618,CU00971,Sedan,BYD Seal,60,1
V04619,CU00208,SUV,Hyundai Ioniq 5,70,1
V04620,CU00260,SUV,Mahindra XUV400,82,0
V04621,CU04359,SUV,Tata Nexon EV,100,4
V04622,CU00783,Two-Wheeler,Ather 450X,3,4
V04623,CU00505,SUV,Hyundai Ioniq 5,75,4
V04624,CU01574,Hatchback,Tata Tiago EV,35,1
V04625,CU04299,Sedan,BYD Seal,50,1
V04626,CU01760,SUV,Mahindra XUV400,82,4
V04627,CU03795,Sedan,MG5,55,4
V04628,CU03591,Sedan,BYD Seal,50,1
V04629,CU04141,Hatchback,Tata Tiago EV,30,4
V04630,CU01402,Sedan,MG5,60,2
V04631,CU00789,Commercial Van,Mahindra Treo,80,3
V04632,CU03330,Sedan,BYD Seal,60,1
V04633,CU02845,SUV,Hyundai Ioniq 5,82,1
V04634,CU03986,Two-Wheeler,Ather 450X,3,3
V04635,CU04013,Hatchback,Tata Tiago EV,40,1
V04636,CU02093,Commercial Van,Mahindra Treo,80,2
V04637,CU02968,Sedan,BYD Seal,60,1
V04638,CU01070,Two-Wheeler,Ola S1,2,0
V04639,CU01676,Hatchback,Tata Tiago EV,30,2
V04640,CU02613,Hatchback,MG Comet,35,3
V04641,CU04397,Sedan,BYD Seal,55,0
V04642,CU00288,Sedan,BYD Seal,55,0
V04643,CU00786,Two-Wheeler,Ather 450X,2,4
V04644,CU02317,Hatchback,Tata Tiago EV,35,1
V04645,CU02839,SUV,Mahindra XUV400,100,3
V04646,CU03638,Hatchback,Tata Tiago EV,40,1
V04647,CU02629,Two-Wheeler,Ola S1,2,4
V04648,CU01266,Two-Wheeler,Ola S1,4,2
V04649,CU02984,Sedan,MG5,55,2
V04650,CU03016,Hatchback,MG Comet,35,2
V04651,CU00071,SUV,Mahindra XUV400,100,2
V04652,CU04931,Hatchback,MG Comet,35,4
V04653,CU02461,Hatchback,Tata Tiago EV,35,3
V04654,CU00612,SUV,Hyundai Ioniq 5,70,0
V04655,CU03524,Commercial Van,Tata Ace EV,60,0
V04656,CU03703,Two-Wheeler,Ola S1,2,0
V04657,CU02577,SUV,Hyundai Ioniq 5,75,1
V04658,CU00191,SUV,Mahindra XUV400,100,4
V04659,CU01748,Commercial Van,Mahindra Treo,120,3
V04660,CU02126,SUV,Tata Nexon EV,82,2
V04661,CU01629,Sedan,MG5,50,0
V04662,CU04985,Commercial Van,Tata Ace EV,80,4
V04663,CU03373,Hatchback,Tata Tiago EV,30,0
V04664,CU02997,Hatchback,MG Comet,35,2
V04665,CU00017,SUV,Hyundai Ioniq 5,100,3
V04666,CU04911,Hatchback,Tata Tiago EV,30,4
V04667,CU01598,Sedan,MG5,50,3
V04668,CU01067,Sedan,BYD Seal,55,2
V04669,CU03140,SUV,Mahindra XUV400,70,3
V04670,CU03452,Commercial Van,Tata Ace EV,60,3
V04671,CU02260,Hatchback,Tata Tiago EV,30,2
V04672,CU02251,Sedan,MG5,60,1
V04673,CU02774,Hatchback,MG Comet,30,2
V04674,CU04205,SUV,Tata Nexon EV,82,3
V04675,CU00284,Two-Wheeler,Ather 450X,2,4
V04676,CU02989,Sedan,MG5,55,3
V04677,CU04833,Hatchback,MG Comet,40,2
V04678,CU00603,SUV,Hyundai Ioniq 5,70,4
V04679,CU01364,SUV,Hyundai Ioniq 5,100,0
V04680,CU03353,Hatchback,MG Comet,40,3
V04681,CU04076,Sedan,BYD Seal,55,2
V04682,CU04587,Sedan,MG5,50,3
V04683,CU00801,Commercial Van,Tata Ace EV,60,0
V04684,CU00760,Two-Wheeler,Ather 450X,2,1
V04685,CU01494,Two-Wheeler,Ather 450X,2,4
V04686,CU04801,Two-Wheeler,Ather 450X,3,1
V04687,CU03935,Two-Wheeler,Ather 450X,4,3
V04688,CU00815,Commercial Van,Tata Ace EV,120,2
V04689,CU04899,Hatchback,MG Comet,40,3
V04690,CU00373,Sedan,MG5,50,4
V04691,CU02999,Two-Wheeler,Ola S1,4,4
V04692,CU02892,SUV,Hyundai Ioniq 5,75,2
V04693,CU03792,Hatchback,Tata Tiago EV,30,2
V04694,CU03320,Sedan,MG5,50,0
V04695,CU02190,Sedan,BYD Seal,60,3
V04696,CU02450,Sedan,MG5,50,4
V04697,CU03968,Sedan,BYD Seal,50,4
V04698,CU00823,SUV,Tata Nexon EV,70,2
V04699,CU00222,Two-Wheeler,Ather 450X,3,3
V04700,CU03938,Two-Wheeler,Ather 450X,3,2
V04701,CU01388,Two-Wheeler,Ola S1,3,2
V04702,CU03889,Two-Wheeler,Ola S1,4,1
V04703,CU02161,Sedan,BYD Seal,55,1
V04704,CU03271,Sedan,MG5,60,0
V04705,CU01926,Hatchback,Tata Tiago EV,40,0
V04706,CU04694,Commercial Van,Mahindra Treo,60,1
V04707,CU02952,Hatchback,Tata Tiago EV,40,2
V04708,CU04581,Two-Wheeler,Ola S1,4,2
V04709,CU03994,Sedan,BYD Seal,60,1
V04710,CU02599,Commercial Van,Tata Ace EV,120,4
V04711,CU01667,Sedan,MG5,50,0
V04712,CU03082,Two-Wheeler,Ola S1,3,0
V04713,CU03886,Sedan,MG5,50,1
V04714,CU04758,Sedan,BYD Seal,55,1
V04715,CU02115,SUV,Hyundai Ioniq 5,70,2
V04716,CU02753,Commercial Van,Mahindra Treo,120,3
V04717,CU03169,SUV,Hyundai Ioniq 5,75,0
V04718,CU01555,Commercial Van,Tata Ace EV,80,2
V04719,CU01081,Two-Wheeler,Ather 450X,4,4
V04720,CU03935,Two-Wheeler,Ola S1,4,3
V04721,CU00088,Sedan,BYD Seal,50,2
V04722,CU02701,Sedan,MG5,50,1
V04723,CU02704,Hatchback,Tata Tiago EV,30,0
V04724,CU02960,Commercial Van,Tata Ace EV,80,0
V04725,CU02419,Commercial Van,Mahindra Treo,60,1
V04726,CU02423,Two-Wheeler,Ola S1,2,4
V04727,CU04148,Sedan,BYD Seal,50,1
V04728,CU01748,Hatchback,MG Comet,40,0
V04729,CU00041,Commercial Van,Mahindra Treo,120,0
V04730,CU02139,Hatchback,Tata Tiago EV,30,2
V04731,CU00039,Two-Wheeler,Ather 450X,2,4
V04732,CU03085,Sedan,BYD Seal,60,1
V04733,CU03680,Sedan,BYD Seal,50,3
V04734,CU02152,Two-Wheeler,Ola S1,2,3
V04735,CU03938,Hatchback,Tata Tiago EV,30,1
V04736,CU02091,Sedan,MG5,50,2
V04737,CU00209,Commercial Van,Tata Ace EV,60,3
V04738,CU00600,SUV,Tata Nexon EV,100,3
V04739,CU00605,Two-Wheeler,Ola S1,4,4
V04740,CU02524,Two-Wheeler,Ola S1,3,0
V04741,CU03710,Hatchback,MG Comet,35,1
V04742,CU02157,Hatchback,MG Comet,35,3
V04743,CU00214,Sedan,BYD Seal,50,4
V04744,CU01577,Sedan,BYD Seal,50,0
V04745,CU02819,Sedan,MG5,50,4
V04746,CU02125,Two-Wheeler,Ola S1,2,3
V04747,CU00269,Hatchback,Tata Tiago EV,40,2
V04748,CU02409,SUV,Tata Nexon EV,75,1
V04749,CU02578,Hatchback,Tata Tiago EV,35,4
V04750,CU04779,Hatchback,Tata Tiago EV,40,3
V04751,CU04258,Sedan,MG5,50,0
V04752,CU04561,Two-Wheeler,Ather 450X,4,3
V04753,CU00823,Hatchback,Tata Tiago EV,30,2
V04754,CU03636,SUV,Hyundai Ioniq 5,100,2
V04755,CU02596,SUV,Tata Nexon EV,100,0
V04756,CU03954,Hatchback,MG Comet,35,1
V04757,CU03832,SUV,Mahindra XUV400,75,2
V04758,CU02100,Commercial Van,Tata Ace EV,60,1
V04759,CU04584,SUV,Hyundai Ioniq 5,100,4
V04760,CU03603,Hatchback,Tata Tiago EV,40,2
V04761,CU03468,SUV,Mahindra XUV400,75,4
V04762,CU00651,SUV,Hyundai Ioniq 5,82,3
V04763,CU01635,Hatchback,MG Comet,30,0
V04764,CU04815,Hatchback,MG Comet,40,1
V04765,CU01168,Hatchback,MG Comet,40,0
V04766,CU04077,Hatchback,MG Comet,40,2
V04767,CU00199,Sedan,BYD Seal,50,0
V04768,CU01356,Sedan,MG5,60,4
V04769,CU03506,Sedan,MG5,55,0
V04770,CU00803,Two-Wheeler,Ather 450X,3,0
V04771,CU00701,SUV,Tata Nexon EV,100,0
V04772,CU00503,Two-Wheeler,Ather 450X,3,1
V04773,CU04565,SUV,Mahindra XUV400,82,2
V04774,CU02414,Hatchback,Tata Tiago EV,30,4
V04775,CU04720,Sedan,BYD Seal,55,1
V04776,CU02968,Two-Wheeler,Ather 450X,2,0
V04777,CU02871,Hatchback,MG Comet,30,2
V04778,CU04759,Hatchback,Tata Tiago EV,35,0
V04779,CU04847,Sedan,MG5,55,0
V04780,CU03468,Sedan,BYD Seal,50,3
V04781,CU01419,Sedan,MG5,50,4
V04782,CU01099,Hatchback,Tata Tiago EV,35,3
V04783,CU03170,Sedan,MG5,55,4
V04784,CU00383,SUV,Hyundai Ioniq 5,100,0
V04785,CU03941,Sedan,BYD Seal,55,2
V04786,CU01394,SUV,Tata Nexon EV,75,2
V04787,CU03328,SUV,Mahindra XUV400,100,0
V04788,CU01653,SUV,Tata Nexon EV,82,1
V04789,CU04272,Hatchback,Tata Tiago EV,40,3
V04790,CU04324,SUV,Mahindra XUV400,100,3
V04791,CU02395,Hatchback,Tata Tiago EV,40,3
V04792,CU02039,Sedan,MG5,50,3
V04793,CU01986,SUV,Tata Nexon EV,70,4
V04794,CU01263,Hatchback,Tata Tiago EV,30,3
V04795,CU01712,Sedan,BYD Seal,50,3
V04796,CU00350,Hatchback,MG Comet,30,0
V04797,CU04027,Hatchback,MG Comet,35,0
V04798,CU00441,Sedan,BYD Seal,55,3
V04799,CU02809,Commercial Van,Mahindra Treo,80,1
V04800,CU02563,Sedan,BYD Seal,55,3
V04801,CU03153,Sedan,MG5,60,0
V04802,CU01385,SUV,Hyundai Ioniq 5,100,4
V04803,CU00288,SUV,Hyundai Ioniq 5,82,0
V04804,CU02056,Commercial Van,Tata Ace EV,120,3
V04805,CU00998,Two-Wheeler,Ather 450X,3,2
V04806,CU02334,Two-Wheeler,Ather 450X,4,1
V04807,CU01423,Commercial Van,Tata Ace EV,60,1
V04808,CU00074,Hatchback,MG Comet,35,4
V04809,CU01463,SUV,Hyundai Ioniq 5,70,0
V04810,CU03195,Two-Wheeler,Ather 450X,2,0
V04811,CU02206,SUV,Mahindra XUV400,100,4
V04812,CU00430,Commercial Van,Tata Ace EV,120,2
V04813,CU01472,Hatchback,Tata Tiago EV,40,3
V04814,CU03482,Sedan,BYD Seal,50,0
V04815,CU03181,Commercial Van,Tata Ace EV,60,0
V04816,CU04942,Sedan,BYD Seal,55,4
V04817,CU01731,Two-Wheeler,Ola S1,3,0
V04818,CU00036,Hatchback,Tata Tiago EV,40,1
V04819,CU01021,SUV,Tata Nexon EV,75,0
V04820,CU01998,Commercial Van,Mahindra Treo,80,0
V04821,CU02761,Sedan,BYD Seal,55,3
V04822,CU03118,Hatchback,Tata Tiago EV,35,2
V04823,CU02536,Hatchback,MG Comet,35,2
V04824,CU04715,Two-Wheeler,Ather 450X,4,4
V04825,CU04266,Two-Wheeler,Ather 450X,4,4
V04826,CU00146,Hatchback,Tata Tiago EV,30,3
V04827,CU04964,Hatchback,Tata Tiago EV,35,0
V04828,CU04516,Two-Wheeler,Ather 450X,2,2
V04829,CU04669,Two-Wheeler,Ather 450X,2,0
V04830,CU01027,Hatchback,MG Comet,35,3
V04831,CU03666,Sedan,BYD Seal,50,2
V04832,CU01287,Two-Wheeler,Ola S1,2,4
V04833,CU02847,SUV,Tata Nexon EV,100,0
V04834,CU00321,Commercial Van,Mahindra Treo,60,0
V04835,CU04096,Sedan,BYD Seal,50,1
V04836,CU02294,SUV,Tata Nexon EV,100,3
V04837,CU01613,SUV,Mahindra XUV400,100,4
V04838,CU00477,Commercial Van,Tata Ace EV,120,1
V04839,CU03165,Sedan,MG5,50,0
V04840,CU01827,Hatchback,Tata Tiago EV,40,2
V04841,CU00783,Sedan,BYD Seal,50,3
V04842,CU04629,Two-Wheeler,Ola S1,4,2
V04843,CU01948,Sedan,MG5,55,0
V04844,CU03332,Sedan,MG5,55,1
V04845,CU04675,SUV,Mahindra XUV400,82,2
V04846,CU01594,Hatchback,MG Comet,35,3
V04847,CU01748,Hatchback,MG Comet,40,3
V04848,CU02034,Sedan,BYD Seal,50,1
V04849,CU00257,SUV,Mahindra XUV400,100,4
V04850,CU02992,Two-Wheeler,Ather 450X,4,0
V04851,CU01418,Two-Wheeler,Ather 450X,2,2
V04852,CU04978,Commercial Van,Tata Ace EV,120,3
V04853,CU04115,Sedan,MG5,60,0
V04854,CU00110,Two-Wheeler,Ather 450X,2,1
V04855,CU02553,Hatchback,Tata Tiago EV,35,2
V04856,CU01058,Hatchback,Tata Tiago EV,35,0
V04857,CU04351,Hatchback,MG Comet,30,0
V04858,CU04734,Sedan,BYD Seal,60,3
V04859,CU02043,Hatchback,Tata Tiago EV,30,1
V04860,CU02182,Sedan,MG5,55,0
V04861,CU04493,SUV,Hyundai Ioniq 5,82,3
V04862,CU03559,Sedan,BYD Seal,60,3
V04863,CU01622,SUV,Hyundai Ioniq 5,100,3
V04864,CU03659,Sedan,BYD Seal,55,1
V04865,CU02695,Hatchback,MG Comet,35,2
V04866,CU03885,Hatchback,Tata Tiago EV,30,3
V04867,CU04781,Hatchback,MG Comet,30,0
V04868,CU03285,Hatchback,MG Comet,35,1
V04869,CU02167,SUV,Hyundai Ioniq 5,75,3
V04870,CU03887,Two-Wheeler,Ola S1,4,0
V04871,CU04398,Sedan,MG5,60,0
V04872,CU04323,Sedan,MG5,55,1
V04873,CU04452,Two-Wheeler,Ola S1,3,0
V04874,CU04797,Hatchback,MG Comet,30,3
V04875,CU03393,Hatchback,MG Comet,35,4
V04876,CU02271,SUV,Mahindra XUV400,100,2
V04877,CU03712,SUV,Hyundai Ioniq 5,100,0
V04878,CU01587,SUV,Tata Nexon EV,70,4
V04879,CU01215,Two-Wheeler,Ather 450X,2,0
V04880,CU01646,Hatchback,Tata Tiago EV,35,2
V04881,CU01351,Sedan,BYD Seal,60,3
V04882,CU03199,Hatchback,Tata Tiago EV,35,4
V04883,CU00365,Two-Wheeler,Ather 450X,2,0
V04884,CU03940,Two-Wheeler,Ather 450X,2,2
V04885,CU04615,Sedan,BYD Seal,55,3
V04886,CU03200,Hatchback,Tata Tiago EV,30,0
V04887,CU01627,Sedan,MG5,50,0
V04888,CU03202,Hatchback,Tata Tiago EV,30,4
V04889,CU01646,Sedan,BYD Seal,50,4
V04890,CU00982,SUV,Mahindra XUV400,82,2
V04891,CU02396,Commercial Van,Mahindra Treo,120,0
V04892,CU02037,Sedan,BYD Seal,50,4
V04893,CU03553,Hatchback,Tata Tiago EV,35,4
V04894,CU00922,Hatchback,MG Comet,35,0
V04895,CU03747,Hatchback,MG Comet,35,4
V04896,CU03659,Hatchback,MG Comet,40,0
V04897,CU03783,Two-Wheeler,Ola S1,2,3
V04898,CU03996,Hatchback,Tata Tiago EV,30,3
V04899,CU04457,Commercial Van,Tata Ace EV,60,3
V04900,CU04278,SUV,Hyundai Ioniq 5,100,3
V04901,CU01475,SUV,Mahindra XUV400,100,0
V04902,CU04659,Sedan,MG5,50,1
V04903,CU04410,SUV,Hyundai Ioniq 5,100,3
V04904,CU02069,Sedan,BYD Seal,55,2
V04905,CU03768,Sedan,BYD Seal,50,2
V04906,CU02853,Sedan,BYD Seal,55,1
V04907,CU00403,Commercial Van,Tata Ace EV,80,3
V04908,CU01148,Sedan,BYD Seal,55,1
V04909,CU00613,Sedan,MG5,55,3
V04910,CU01877,Sedan,BYD Seal,50,2
V04911,CU01614,Hatchback,Tata Tiago EV,35,4
V04912,CU03018,Hatchback,MG Comet,30,0
V04913,CU04789,Hatchback,Tata Tiago EV,35,3
V04914,CU01735,SUV,Mahindra XUV400,100,0
V04915,CU03549,Sedan,MG5,55,4
V04916,CU02920,Two-Wheeler,Ola S1,4,2
V04917,CU04936,Two-Wheeler,Ola S1,4,2
V04918,CU02151,Hatchback,Tata Tiago EV,30,4
V04919,CU02381,SUV,Mahindra XUV400,75,1
V04920,CU01811,Two-Wheeler,Ather 450X,4,2
V04921,CU03202,SUV,Mahindra XUV400,75,3
V04922,CU00753,SUV,Mahindra XUV400,75,4
V04923,CU02473,Two-Wheeler,Ola S1,4,1
V04924,CU01342,Hatchback,Tata Tiago EV,40,4
V04925,CU00505,Two-Wheeler,Ola S1,4,0
V04926,CU03483,Sedan,BYD Seal,60,3
V04927,CU01970,SUV,Tata Nexon EV,75,4
V04928,CU04050,Hatchback,Tata Tiago EV,30,2
V04929,CU04148,Two-Wheeler,Ather 450X,2,4
V04930,CU03638,Sedan,MG5,50,1
V04931,CU02423,SUV,Tata Nexon EV,75,1
V04932,CU04485,Two-Wheeler,Ola S1,2,3
V04933,CU00674,Two-Wheeler,Ather 450X,2,2
V04934,CU00593,Two-Wheeler,Ola S1,2,4
V04935,CU02780,Hatchback,Tata Tiago EV,30,4
V04936,CU03669,Two-Wheeler,Ola S1,2,3
V04937,CU02553,SUV,Hyundai Ioniq 5,75,4
V04938,CU04179,SUV,Tata Nexon EV,70,4
V04939,CU03139,Commercial Van,Mahindra Treo,80,2
V04940,CU04510,Hatchback,Tata Tiago EV,40,2
V04941,CU02501,Hatchback,MG Comet,40,4
V04942,CU02794,SUV,Tata Nexon EV,100,0
V04943,CU04294,Two-Wheeler,Ather 450X,2,2
V04944,CU01713,Sedan,MG5,55,1
V04945,CU02346,SUV,Hyundai Ioniq 5,75,2
V04946,CU00300,Sedan,BYD Seal,55,3
V04947,CU04225,SUV,Tata Nexon EV,82,0
V04948,CU01907,Two-Wheeler,Ather 450X,2,2
V04949,CU02486,Hatchback,Tata Tiago EV,30,0
V04950,CU00207,SUV,Hyundai Ioniq 5,70,1
V04951,CU00294,Two-Wheeler,Ather 450X,3,4
V04952,CU01874,Sedan,BYD Seal,60,3
V04953,CU03759,Sedan,BYD Seal,55,4
V04954,CU02089,Hatchback,Tata Tiago EV,35,3
V04955,CU01773,Two-Wheeler,Ather 450X,4,3
V04956,CU02864,Sedan,BYD Seal,50,3
V04957,CU04722,Sedan,MG5,60,1
V04958,CU04374,Sedan,MG5,55,0
V04959,CU03427,Sedan,BYD Seal,55,1
V04960,CU00529,Two-Wheeler,Ola S1,4,4
V04961,CU02134,Two-Wheeler,Ather 450X,4,2
V04962,CU01925,Sedan,MG5,55,3
V04963,CU04789,SUV,Tata Nexon EV,75,4
V04964,CU01361,Two-Wheeler,Ola S1,4,1
V04965,CU00863,Sedan,MG5,50,0
V04966,CU03217,Hatchback,MG Comet,35,2
V04967,CU02363,Two-Wheeler,Ather 450X,3,0
V04968,CU04321,SUV,Hyundai Ioniq 5,82,3
V04969,CU03495,SUV,Tata Nexon EV,70,3
V04970,CU01968,Hatchback,MG Comet,35,3
V04971,CU00068,Two-Wheeler,Ola S1,3,3
V04972,CU01643,SUV,Tata Nexon EV,75,4
V04973,CU01021,Two-Wheeler,Ather 450X,4,0
V04974,CU03144,Commercial Van,Tata Ace EV,60,2
V04975,CU01471,Commercial Van,Tata Ace EV,120,2
V04976,CU01383,Two-Wheeler,Ather 450X,2,1
V04977,CU02931,Hatchback,Tata Tiago EV,30,3
V04978,CU01337,Two-Wheeler,Ola S1,2,2
V04979,CU03167,Hatchback,MG Comet,30,0
V04980,CU01243,Two-Wheeler,Ather 450X,2,1
V04981,CU01706,Sedan,MG5,60,0
V04982,CU03200,SUV,Mahindra XUV400,100,4
V04983,CU02595,Hatchback,Tata Tiago EV,35,4
V04984,CU03938,Two-Wheeler,Ola S1,4,1
V04985,CU01680,Hatchback,Tata Tiago EV,40,3
V04986,CU01316,Sedan,MG5,60,3
V04987,CU04827,Two-Wheeler,Ather 450X,4,3
V04988,CU00568,SUV,Mahindra XUV400,75,3
V04989,CU02705,Hatchback,Tata Tiago EV,35,1
V04990,CU02452,Sedan,BYD Seal,55,0
V04991,CU01749,Hatchback,Tata Tiago EV,30,0
V04992,CU04692,SUV,Mahindra XUV400,100,0
V04993,CU00648,Commercial Van,Mahindra Treo,80,4
V04994,CU02194,SUV,Hyundai Ioniq 5,70,0
V04995,CU02809,Hatchback,MG Comet,35,3
V04996,CU00125,Sedan,BYD Seal,50,0
V04997,CU01538,Commercial Van,Tata Ace EV,120,3
V04998,CU04576,Hatchback,MG Comet,30,0
V04999,CU04808,SUV,Tata Nexon EV,100,3
V05000,CU01971,Sedan,MG5,50,3
V05001,CU02763,Two-Wheeler,Ather 450X,2,2
V05002,CU01818,Two-Wheeler,Ather 450X,4,4
V05003,CU00815,Sedan,BYD Seal,50,4
V05004,CU03102,SUV,Hyundai Ioniq 5,75,0
V05005,CU04152,SUV,Hyundai Ioniq 5,82,0
V05006,CU01655,Sedan,BYD Seal,55,3
V05007,CU00132,Sedan,BYD Seal,50,4
V05008,CU00231,SUV,Mahindra XUV400,82,2
V05009,CU00395,Hatchback,MG Comet,30,4
V05010,CU03574,Two-Wheeler,Ola S1,3,2
V05011,CU00982,Hatchback,MG Comet,30,3
V05012,CU00933,Hatchback,Tata Tiago EV,30,4
V05013,CU01410,Sedan,MG5,60,3
V05014,CU02956,Hatchback,MG Comet,35,3
V05015,CU04629,Sedan,BYD Seal,50,3
V05016,CU04651,Sedan,MG5,50,2
V05017,CU02742,Two-Wheeler,Ola S1,3,2
V05018,CU02939,Commercial Van,Mahindra Treo,120,4
V05019,CU03421,Two-Wheeler,Ola S1,2,4
V05020,CU02505,Hatchback,Tata Tiago EV,30,1
V05021,CU03034,Commercial Van,Mahindra Treo,120,0
V05022,CU03980,Sedan,MG5,60,1
V05023,CU03824,Sedan,BYD Seal,55,0
V05024,CU04481,Sedan,BYD Seal,50,3
V05025,CU00712,Sedan,BYD Seal,60,2
V05026,CU02977,Two-Wheeler,Ola S1,4,0
V05027,CU01472,Sedan,MG5,55,3
V05028,CU03700,SUV,Mahindra XUV400,75,1
V05029,CU03187,Hatchback,MG Comet,30,4
V05030,CU04750,Two-Wheeler,Ather 450X,2,2
V05031,CU01143,Two-Wheeler,Ola S1,4,3
V05032,CU03982,Sedan,MG5,55,2
V05033,CU02569,SUV,Hyundai Ioniq 5,82,0
V05034,CU01609,Two-Wheeler,Ola S1,4,4
V05035,CU04634,SUV,Tata Nexon EV,100,1
V05036,CU03823,SUV,Tata Nexon EV,70,4
V05037,CU01898,SUV,Hyundai Ioniq 5,75,2
V05038,CU02193,Hatchback,MG Comet,40,4
V05039,CU04073,SUV,Hyundai Ioniq 5,82,4
V05040,CU01092,Sedan,MG5,55,4
V05041,CU00700,Sedan,BYD Seal,60,3
V05042,CU04093,Two-Wheeler,Ola S1,2,3
V05043,CU01902,Hatchback,Tata Tiago EV,40,2
V05044,CU02179,Sedan,MG5,50,4
V05045,CU00733,Hatchback,Tata Tiago EV,35,2
V05046,CU00513,Hatchback,MG Comet,30,0
V05047,CU02688,Sedan,BYD Seal,60,4
V05048,CU04097,Commercial Van,Tata Ace EV,60,1
V05049,CU03757,Sedan,MG5,50,4
V05050,CU00432,SUV,Mahindra XUV400,82,4
V05051,CU04495,Hatchback,Tata Tiago EV,35,4
V05052,CU00808,SUV,Hyundai Ioniq 5,100,3
V05053,CU01280,Commercial Van,Mahindra Treo,120,1
V05054,CU02222,Sedan,BYD Seal,55,0
V05055,CU00855,Two-Wheeler,Ola S1,4,2
V05056,CU03213,Commercial Van,Tata Ace EV,120,4
V05057,CU02587,SUV,Hyundai Ioniq 5,100,2
V05058,CU04841,Sedan,MG5,50,3
V05059,CU02769,SUV,Tata Nexon EV,100,1
V05060,CU04339,Two-Wheeler,Ola S1,4,1
V05061,CU03341,Hatchback,Tata Tiago EV,30,4
V05062,CU03229,Sedan,BYD Seal,55,2
V05063,CU01620,Sedan,BYD Seal,60,3
V05064,CU00276,Sedan,BYD Seal,50,3
V05065,CU04104,Two-Wheeler,Ather 450X,2,2
V05066,CU03864,Sedan,BYD Seal,50,3
V05067,CU00715,Sedan,BYD Seal,60,0
V05068,CU02081,SUV,Hyundai Ioniq 5,75,4
V05069,CU00810,Hatchback,Tata Tiago EV,30,2
V05070,CU03727,Hatchback,MG Comet,30,1
V05071,CU03979,SUV,Hyundai Ioniq 5,70,3
V05072,CU00862,Sedan,MG5,60,0
V05073,CU00037,Sedan,BYD Seal,60,3
V05074,CU03812,Hatchback,MG Comet,40,2
V05075,CU02082,SUV,Hyundai Ioniq 5,100,3
V05076,CU00455,Two-Wheeler,Ather 450X,4,4
V05077,CU04540,Two-Wheeler,Ather 450X,4,3
V05078,CU03309,Hatchback,Tata Tiago EV,30,2
V05079,CU04308,SUV,Hyundai Ioniq 5,70,4
V05080,CU03212,Two-Wheeler,Ather 450X,2,4
V05081,CU02656,Sedan,MG5,60,3
V05082,CU00982,Commercial Van,Mahindra Treo,80,4
V05083,CU04392,Commercial Van,Tata Ace EV,80,4
V05084,CU00152,Hatchback,Tata Tiago EV,40,1
V05085,CU03295,Sedan,MG5,50,2
V05086,CU00600,Hatchback,MG Comet,30,0
V05087,CU01323,Hatchback,Tata Tiago EV,30,4
V05088,CU01512,Commercial Van,Tata Ace EV,60,1
V05089,CU02259,Commercial Van,Tata Ace EV,60,1
V05090,CU00232,Hatchback,Tata Tiago EV,40,3
V05091,CU02743,SUV,Mahindra XUV400,82,4
V05092,CU04463,SUV,Tata Nexon EV,75,1
V05093,CU04577,Sedan,MG5,50,1
V05094,CU00572,SUV,Mahindra XUV400,100,1
V05095,CU01203,Commercial Van,Tata Ace EV,60,3
V05096,CU01508,Hatchback,MG Comet,35,0
V05097,CU01613,Hatchback,MG Comet,40,2
V05098,CU03567,Hatchback,Tata Tiago EV,40,1
V05099,CU04041,Sedan,MG5,55,3
V05100,CU01571,Sedan,BYD Seal,50,4
V05101,CU01040,Sedan,MG5,55,3
V05102,CU01426,SUV,Tata Nexon EV,70,2
V05103,CU04082,Two-Wheeler,Ather 450X,3,0
V05104,CU00171,Sedan,BYD Seal,60,0
V05105,CU00189,Sedan,BYD Seal,50,3
V05106,CU04882,Two-Wheeler,Ather 450X,4,2
V05107,CU04679,Two-Wheeler,Ola S1,2,2
V05108,CU00600,Hatchback,Tata Tiago EV,35,0
V05109,CU04942,Sedan,BYD Seal,55,2
V05110,CU04018,Two-Wheeler,Ather 450X,4,1
V05111,CU03333,Hatchback,Tata Tiago EV,35,3
V05112,CU03577,Sedan,MG5,50,1
V05113,CU02390,Sedan,BYD Seal,60,4
V05114,CU00954,Hatchback,MG Comet,30,3
V05115,CU01626,Hatchback,Tata Tiago EV,30,0
V05116,CU01871,Sedan,MG5,55,4
V05117,CU04262,Two-Wheeler,Ather 450X,2,2
V05118,CU02025,Two-Wheeler,Ather 450X,4,4
V05119,CU04330,Commercial Van,Mahindra Treo,60,0
V05120,CU00641,Hatchback,Tata Tiago EV,30,2
V05121,CU01828,Hatchback,Tata Tiago EV,30,1
V05122,CU04703,Two-Wheeler,Ather 450X,3,2
V05123,CU00540,SUV,Hyundai Ioniq 5,100,4
V05124,CU02366,Sedan,MG5,60,2
V05125,CU04439,Hatchback,MG Comet,40,3
V05126,CU03502,Sedan,MG5,55,4
V05127,CU03948,Sedan,BYD Seal,55,1
V05128,CU03027,Hatchback,Tata Tiago EV,40,1
V05129,CU04733,Commercial Van,Tata Ace EV,80,4
V05130,CU03538,Hatchback,Tata Tiago EV,35,2
V05131,CU04175,Commercial Van,Tata Ace EV,80,2
V05132,CU02497,Two-Wheeler,Ather 450X,3,2
V05133,CU04287,Sedan,BYD Seal,60,2
V05134,CU04740,Two-Wheeler,Ather 450X,4,1
V05135,CU02090,SUV,Hyundai Ioniq 5,70,0
V05136,CU03322,Hatchback,MG Comet,30,0
V05137,CU03582,Sedan,MG5,55,4
V05138,CU02550,SUV,Hyundai Ioniq 5,70,0
V05139,CU01217,SUV,Tata Nexon EV,82,1
V05140,CU04886,SUV,Tata Nexon EV,82,0
V05141,CU03979,Sedan,BYD Seal,55,3
V05142,CU00742,Sedan,MG5,60,1
V05143,CU04186,Sedan,BYD Seal,55,4
V05144,CU01715,Sedan,BYD Seal,55,3
V05145,CU04045,SUV,Hyundai Ioniq 5,75,1
V05146,CU00648,Two-Wheeler,Ola S1,3,3
V05147,CU02798,SUV,Hyundai Ioniq 5,100,2
V05148,CU00819,Two-Wheeler,Ola S1,4,2
V05149,CU00243,SUV,Hyundai Ioniq 5,82,1
V05150,CU04315,SUV,Tata Nexon EV,75,2
V05151,CU04105,SUV,Hyundai Ioniq 5,75,0
V05152,CU04526,Hatchback,MG Comet,35,1
V05153,CU03878,Commercial Van,Tata Ace EV,120,3
V05154,CU00013,Hatchback,MG Comet,30,1
V05155,CU03018,Sedan,BYD Seal,50,4
V05156,CU00690,Hatchback,Tata Tiago EV,40,4
V05157,CU03139,Hatchback,MG Comet,40,4
V05158,CU03741,Two-Wheeler,Ola S1,3,0
V05159,CU00677,Sedan,MG5,55,0
V05160,CU03575,Two-Wheeler,Ola S1,3,3
V05161,CU04304,Sedan,BYD Seal,55,0
V05162,CU01324,Sedan,BYD Seal,55,4
V05163,CU02866,Sedan,MG5,60,4
V05164,CU01003,SUV,Mahindra XUV400,70,4
V05165,CU02503,Two-Wheeler,Ola S1,2,2
V05166,CU01766,Sedan,BYD Seal,50,4
V05167,CU01554,Sedan,BYD Seal,50,2
V05168,CU02292,Commercial Van,Tata Ace EV,80,1
V05169,CU01986,Hatchback,Tata Tiago EV,35,0
V05170,CU04867,Sedan,MG5,55,4
V05171,CU00238,Sedan,BYD Seal,50,1
V05172,CU03318,Hatchback,MG Comet,40,0
V05173,CU02393,Sedan,BYD Seal,55,2
V05174,CU03556,Hatchback,MG Comet,30,4
V05175,CU01585,Two-Wheeler,Ather 450X,2,2
V05176,CU01308,SUV,Mahindra XUV400,75,3
V05177,CU02086,Two-Wheeler,Ather 450X,3,3
V05178,CU01820,SUV,Hyundai Ioniq 5,100,3
V05179,CU00032,SUV,Hyundai Ioniq 5,82,2
V05180,CU00292,Two-Wheeler,Ola S1,3,1
V05181,CU03687,Commercial Van,Tata Ace EV,80,3
V05182,CU04388,Hatchback,MG Comet,40,2
V05183,CU01643,Sedan,BYD Seal,50,0
V05184,CU00578,Two-Wheeler,Ola S1,3,3
V05185,CU03910,Commercial Van,Tata Ace EV,60,2
V05186,CU01224,Commercial Van,Tata Ace EV,80,1
V05187,CU04077,SUV,Mahindra XUV400,82,0
V05188,CU02653,Hatchback,Tata Tiago EV,35,2
V05189,CU00447,Hatchback,Tata Tiago EV,30,1
V05190,CU03420,Commercial Van,Mahindra Treo,80,2
V05191,CU04374,Sedan,MG5,60,1
V05192,CU03042,Hatchback,Tata Tiago EV,35,4
V05193,CU02580,Commercial Van,Tata Ace EV,80,3
V05194,CU01423,Hatchback,Tata Tiago EV,30,3
V05195,CU02610,Two-Wheeler,Ather 450X,2,1
V05196,CU03082,SUV,Hyundai Ioniq 5,82,1
V05197,CU00059,Hatchback,Tata Tiago EV,40,1
V05198,CU03160,Sedan,BYD Seal,55,0
V05199,CU00459,Hatchback,Tata Tiago EV,30,1
V05200,CU00104,SUV,Hyundai Ioniq 5,100,4
V05201,CU04927,Sedan,MG5,55,4
V05202,CU00789,Hatchback,Tata Tiago EV,35,4
V05203,CU00742,Commercial Van,Tata Ace EV,120,2
V05204,CU03407,Sedan,MG5,50,4
V05205,CU01573,Sedan,BYD Seal,50,1
V05206,CU02702,Hatchback,MG Comet,30,1
V05207,CU04651,Hatchback,Tata Tiago EV,30,0
V05208,CU04724,Commercial Van,Tata Ace EV,120,1
V05209,CU03413,Sedan,BYD Seal,50,3
V05210,CU02977,Sedan,BYD Seal,60,3
V05211,CU02135,Two-Wheeler,Ola S1,4,4
V05212,CU00428,SUV,Tata Nexon EV,75,3
V05213,CU01945,Sedan,MG5,60,2
V05214,CU01272,Two-Wheeler,Ather 450X,2,1
V05215,CU04980,Two-Wheeler,Ather 450X,4,0
V05216,CU04582,Hatchback,MG Comet,35,1
V05217,CU04700,SUV,Tata Nexon EV,75,4
V05218,CU00412,Commercial Van,Mahindra Treo,60,0
V05219,CU01932,Sedan,BYD Seal,55,3
V05220,CU02496,Two-Wheeler,Ola S1,3,3
V05221,CU00247,Commercial Van,Tata Ace EV,60,2
V05222,CU02818,SUV,Mahindra XUV400,82,4
V05223,CU02172,Hatchback,MG Comet,35,2
V05224,CU03332,Hatchback,MG Comet,30,3
V05225,CU02925,SUV,Tata Nexon EV,100,1
V05226,CU02061,Sedan,BYD Seal,55,1
V05227,CU03335,Commercial Van,Mahindra Treo,60,1
V05228,CU04896,Sedan,MG5,50,0
V05229,CU00945,Sedan,MG5,60,0
V05230,CU02248,Two-Wheeler,Ola S1,2,0
V05231,CU01263,SUV,Tata Nexon EV,70,1
V05232,CU00176,Sedan,BYD Seal,55,4
V05233,CU01053,Hatchback,Tata Tiago EV,30,3
V05234,CU02725,SUV,Tata Nexon EV,75,3
V05235,CU02583,Two-Wheeler,Ola S1,3,4
V05236,CU01318,SUV,Hyundai Ioniq 5,100,2
V05237,CU04573,Sedan,MG5,60,2
V05238,CU03368,Hatchback,MG Comet,40,0
V05239,CU01675,Two-Wheeler,Ather 450X,3,4
V05240,CU00334,Commercial Van,Mahindra Treo,80,3
V05241,CU01265,Sedan,MG5,60,1
V05242,CU03178,Two-Wheeler,Ola S1,2,0
V05243,CU02946,Sedan,BYD Seal,55,3
V05244,CU04781,SUV,Tata Nexon EV,70,2
V05245,CU04657,Two-Wheeler,Ather 450X,2,0
V05246,CU04219,Hatchback,MG Comet,35,0
V05247,CU02666,SUV,Tata Nexon EV,100,1
V05248,CU04936,Hatchback,MG Comet,35,3
V05249,CU00416,Sedan,MG5,55,1
V05250,CU00708,SUV,Mahindra XUV400,75,3
V05251,CU02685,Hatchback,Tata Tiago EV,40,4
V05252,CU03367,SUV,Tata Nexon EV,82,0
V05253,CU03504,Sedan,BYD Seal,50,1
V05254,CU04443,SUV,Mahindra XUV400,75,0
V05255,CU02560,Hatchback,MG Comet,30,3
V05256,CU04945,Two-Wheeler,Ola S1,2,2
V05257,CU03972,SUV,Mahindra XUV400,100,3
V05258,CU04631,Commercial Van,Mahindra Treo,60,0
V05259,CU02958,Commercial Van,Mahindra Treo,80,0
V05260,CU01730,Sedan,MG5,60,2
V05261,CU01902,Hatchback,Tata Tiago EV,40,3
V05262,CU04760,SUV,Hyundai Ioniq 5,75,4
V05263,CU01042,SUV,Mahindra XUV400,70,4
V05264,CU00027,Hatchback,MG Comet,30,1
V05265,CU02584,Hatchback,Tata Tiago EV,30,2
V05266,CU01053,SUV,Tata Nexon EV,70,0
V05267,CU01675,Commercial Van,Tata Ace EV,120,4
V05268,CU03056,Commercial Van,Tata Ace EV,120,3
V05269,CU01659,Hatchback,Tata Tiago EV,30,1
V05270,CU04736,Sedan,BYD Seal,55,3
V05271,CU03952,Hatchback,Tata Tiago EV,30,4
V05272,CU03189,Sedan,MG5,55,2
V05273,CU01742,Two-Wheeler,Ola S1,2,0
V05274,CU04088,Two-Wheeler,Ola S1,3,0
V05275,CU04138,Sedan,BYD Seal,50,1
V05276,CU03232,Hatchback,Tata Tiago EV,35,3
V05277,CU01715,Sedan,MG5,50,3
V05278,CU03197,Commercial Van,Mahindra Treo,80,2
V05279,CU03332,Hatchback,Tata Tiago EV,40,0
V05280,CU03348,Sedan,BYD Seal,50,1
V05281,CU01987,Two-Wheeler,Ola S1,2,2
V05282,CU03545,Two-Wheeler,Ola S1,3,0
V05283,CU00702,Commercial Van,Mahindra Treo,60,0
V05284,CU01455,Sedan,BYD Seal,50,3
V05285,CU03787,SUV,Hyundai Ioniq 5,82,1
V05286,CU02472,Sedan,BYD Seal,55,2
V05287,CU04261,Commercial Van,Mahindra Treo,120,2
V05288,CU03045,Two-Wheeler,Ather 450X,2,2
V05289,CU03884,Two-Wheeler,Ola S1,2,4
V05290,CU02941,Hatchback,Tata Tiago EV,35,3
V05291,CU01821,Two-Wheeler,Ola S1,2,2
V05292,CU02803,Sedan,MG5,55,0
V05293,CU03796,Hatchback,MG Comet,40,0
V05294,CU02464,Hatchback,MG Comet,30,0
V05295,CU03372,SUV,Tata Nexon EV,100,4
V05296,CU00336,Sedan,BYD Seal,60,0
V05297,CU01925,Two-Wheeler,Ather 450X,4,1
V05298,CU04977,Two-Wheeler,Ather 450X,3,1
V05299,CU03861,Hatchback,Tata Tiago EV,35,1
V05300,CU02789,SUV,Mahindra XUV400,100,4
V05301,CU04126,Hatchback,Tata Tiago EV,40,1
V05302,CU03607,Sedan,MG5,55,1
V05303,CU01541,SUV,Mahindra XUV400,70,4
V05304,CU00575,Two-Wheeler,Ather 450X,3,1
V05305,CU00221,Sedan,BYD Seal,55,4
V05306,CU04923,Two-Wheeler,Ather 450X,4,4
V05307,CU02014,Two-Wheeler,Ather 450X,2,4
V05308,CU02642,Sedan,BYD Seal,50,0
V05309,CU00754,SUV,Mahindra XUV400,82,4
V05310,CU01021,Two-Wheeler,Ola S1,2,0
V05311,CU01489,Hatchback,Tata Tiago EV,35,1
V05312,CU01962,Two-Wheeler,Ola S1,4,1
V05313,CU03484,Two-Wheeler,Ather 450X,3,3
V05314,CU00438,Hatchback,Tata Tiago EV,40,1
V05315,CU00479,Commercial Van,Mahindra Treo,80,3
V05316,CU00783,Hatchback,Tata Tiago EV,30,3
V05317,CU04168,Commercial Van,Mahindra Treo,120,0
V05318,CU04678,Sedan,MG5,60,2
V05319,CU00220,Two-Wheeler,Ather 450X,3,2
V05320,CU01028,Sedan,MG5,60,4
V05321,CU00290,Two-Wheeler,Ola S1,4,3
V05322,CU00380,Hatchback,MG Comet,40,3
V05323,CU03974,Sedan,MG5,60,1
V05324,CU02852,Hatchback,MG Comet,40,1
V05325,CU01379,Two-Wheeler,Ola S1,2,2
V05326,CU01959,Sedan,MG5,50,0
V05327,CU02128,SUV,Tata Nexon EV,75,2
V05328,CU00066,Two-Wheeler,Ather 450X,2,2
V05329,CU02184,Commercial Van,Mahindra Treo,120,2
V05330,CU04495,Hatchback,Tata Tiago EV,30,0
V05331,CU03775,Two-Wheeler,Ather 450X,4,3
V05332,CU04443,Hatchback,MG Comet,30,4
V05333,CU03920,Two-Wheeler,Ola S1,4,2
V05334,CU00778,Two-Wheeler,Ola S1,3,2
V05335,CU02567,Hatchback,Tata Tiago EV,35,0
V05336,CU01904,Hatchback,MG Comet,40,2
V05337,CU02762,Sedan,BYD Seal,55,1
V05338,CU03852,Sedan,BYD Seal,60,2
V05339,CU00079,Commercial Van,Mahindra Treo,60,4
V05340,CU01582,Sedan,BYD Seal,60,1
V05341,CU02163,Commercial Van,Mahindra Treo,80,3
V05342,CU00986,Sedan,MG5,55,2
V05343,CU01486,Commercial Van,Tata Ace EV,60,3
V05344,CU02621,Two-Wheeler,Ola S1,3,0
V05345,CU00965,Two-Wheeler,Ather 450X,3,2
V05346,CU02548,Hatchback,Tata Tiago EV,40,0
V05347,CU00829,SUV,Mahindra XUV400,82,2
V05348,CU03174,Hatchback,MG Comet,30,3
V05349,CU02674,Sedan,BYD Seal,60,4
V05350,CU01719,SUV,Mahindra XUV400,70,3
V05351,CU02433,Two-Wheeler,Ather 450X,3,1
V05352,CU01229,Hatchback,Tata Tiago EV,30,4
V05353,CU02411,SUV,Hyundai Ioniq 5,75,2
V05354,CU03779,SUV,Tata Nexon EV,100,1
V05355,CU01841,Hatchback,MG Comet,40,0
V05356,CU00498,SUV,Mahindra XUV400,82,1
V05357,CU00537,Two-Wheeler,Ather 450X,2,3
V05358,CU03306,Hatchback,Tata Tiago EV,30,1
V05359,CU01165,Two-Wheeler,Ather 450X,3,2
V05360,CU01972,SUV,Mahindra XUV400,75,4
V05361,CU03528,Two-Wheeler,Ola S1,2,2
V05362,CU00300,Hatchback,MG Comet,35,0
V05363,CU02387,Two-Wheeler,Ather 450X,4,3
V05364,CU04399,Hatchback,MG Comet,30,2
V05365,CU03964,Sedan,BYD Seal,55,1
V05366,CU04688,Hatchback,Tata Tiago EV,35,0
V05367,CU04172,Two-Wheeler,Ola S1,2,0
V05368,CU03860,Two-Wheeler,Ola S1,2,0
V05369,CU00914,Hatchback,MG Comet,30,2
V05370,CU04876,Hatchback,MG Comet,35,4
V05371,CU03696,Sedan,BYD Seal,60,1
V05372,CU00921,Hatchback,Tata Tiago EV,35,0
V05373,CU01524,SUV,Hyundai Ioniq 5,82,3
V05374,CU01750,SUV,Tata Nexon EV,100,0
V05375,CU03618,Commercial Van,Tata Ace EV,120,0
V05376,CU02701,Commercial Van,Tata Ace EV,60,3
V05377,CU01006,SUV,Tata Nexon EV,70,3
V05378,CU01702,Hatchback,Tata Tiago EV,35,4
V05379,CU03303,Sedan,MG5,60,3
V05380,CU00804,SUV,Hyundai Ioniq 5,75,4
V05381,CU03367,Sedan,MG5,60,1
V05382,CU02893,SUV,Tata Nexon EV,82,0
V05383,CU03499,Commercial Van,Mahindra Treo,80,0
V05384,CU04968,Two-Wheeler,Ather 450X,4,1
V05385,CU03163,Hatchback,Tata Tiago EV,40,4
V05386,CU00115,Sedan,MG5,50,1
V05387,CU03330,Two-Wheeler,Ola S1,3,0
V05388,CU04469,Two-Wheeler,Ola S1,4,1
V05389,CU04946,Sedan,MG5,60,1
V05390,CU02138,Two-Wheeler,Ola S1,3,3
V05391,CU04853,SUV,Tata Nexon EV,82,0
V05392,CU00031,Sedan,MG5,55,2
V05393,CU01806,Hatchback,Tata Tiago EV,40,2
V05394,CU03570,Two-Wheeler,Ather 450X,2,2
V05395,CU01437,SUV,Mahindra XUV400,82,4
V05396,CU04786,Hatchback,Tata Tiago EV,40,0
V05397,CU03429,Two-Wheeler,Ola S1,2,0
V05398,CU00457,Two-Wheeler,Ola S1,4,2
V05399,CU00449,Two-Wheeler,Ather 450X,4,4
V05400,CU00068,Hatchback,MG Comet,40,4
V05401,CU04090,Commercial Van,Mahindra Treo,80,1
V05402,CU01863,Hatchback,Tata Tiago EV,40,0
V05403,CU01803,SUV,Hyundai Ioniq 5,75,0
V05404,CU04970,SUV,Mahindra XUV400,70,2
V05405,CU04563,Sedan,BYD Seal,60,1
V05406,CU03432,Sedan,MG5,60,3
V05407,CU00128,Two-Wheeler,Ola S1,2,0
V05408,CU04829,SUV,Tata Nexon EV,100,4
V05409,CU03826,Sedan,BYD Seal,55,4
V05410,CU01268,Hatchback,MG Comet,30,1
V05411,CU04011,Hatchback,Tata Tiago EV,40,4
V05412,CU01043,Hatchback,Tata Tiago EV,35,2
V05413,CU03739,Commercial Van,Mahindra Treo,80,0
V05414,CU00368,Two-Wheeler,Ola S1,4,0
V05415,CU02605,Commercial Van,Tata Ace EV,80,1
V05416,CU02641,Hatchback,MG Comet,35,4
V05417,CU04908,SUV,Mahindra XUV400,100,1
V05418,CU00059,Hatchback,MG Comet,40,1
V05419,CU04257,Two-Wheeler,Ola S1,2,3
V05420,CU00103,Sedan,MG5,60,3
V05421,CU04942,Hatchback,Tata Tiago EV,35,0
V05422,CU04508,SUV,Tata Nexon EV,82,2
V05423,CU00786,Sedan,BYD Seal,50,0
V05424,CU04279,SUV,Hyundai Ioniq 5,70,1
V05425,CU03946,SUV,Mahindra XUV400,100,4
V05426,CU02447,Two-Wheeler,Ola S1,4,1
V05427,CU00957,Commercial Van,Tata Ace EV,80,2
V05428,CU02703,Sedan,MG5,60,4
V05429,CU00437,Sedan,BYD Seal,55,4
V05430,CU02366,Two-Wheeler,Ather 450X,2,4
V05431,CU04702,SUV,Tata Nexon EV,75,3
V05432,CU00497,Hatchback,MG Comet,35,1
V05433,CU01367,Two-Wheeler,Ather 450X,3,1
V05434,CU02866,Hatchback,Tata Tiago EV,30,2
V05435,CU01852,Hatchback,Tata Tiago EV,40,2
V05436,CU01023,Hatchback,MG Comet,35,4
V05437,CU03131,Hatchback,Tata Tiago EV,35,2
V05438,CU02845,Hatchback,MG Comet,40,3
V05439,CU01490,Hatchback,Tata Tiago EV,30,3
V05440,CU02335,Sedan,BYD Seal,60,1
V05441,CU04433,Sedan,MG5,60,0
V05442,CU03390,Hatchback,Tata Tiago EV,35,0
V05443,CU00203,SUV,Mahindra XUV400,75,4
V05444,CU00231,Hatchback,Tata Tiago EV,40,0
V05445,CU03635,Hatchback,MG Comet,30,0
V05446,CU03129,Sedan,BYD Seal,50,1
V05447,CU02692,Sedan,MG5,60,3
V05448,CU03492,Sedan,MG5,60,3
V05449,CU02963,Sedan,MG5,55,2
V05450,CU02328,SUV,Mahindra XUV400,100,2
V05451,CU04905,SUV,Mahindra XUV400,75,3
V05452,CU04562,Commercial Van,Mahindra Treo,120,4
V05453,CU02785,SUV,Hyundai Ioniq 5,82,1
V05454,CU00804,Sedan,BYD Seal,60,0
V05455,CU04362,Hatchback,Tata Tiago EV,30,0
V05456,CU03724,Two-Wheeler,Ola S1,4,3
V05457,CU02902,Hatchback,MG Comet,35,4
V05458,CU00176,Sedan,BYD Seal,60,3
V05459,CU01445,Sedan,BYD Seal,60,2
V05460,CU04004,SUV,Tata Nexon EV,82,1
V05461,CU03533,Commercial Van,Tata Ace EV,60,1
V05462,CU04350,Commercial Van,Tata Ace EV,80,4
V05463,CU01544,Hatchback,Tata Tiago EV,30,2
V05464,CU04999,Sedan,BYD Seal,50,2
V05465,CU02155,Two-Wheeler,Ola S1,4,1
V05466,CU02106,SUV,Tata Nexon EV,100,4
V05467,CU03414,Sedan,MG5,60,0
V05468,CU03362,Two-Wheeler,Ola S1,4,2
V05469,CU04180,SUV,Hyundai Ioniq 5,70,2
V05470,CU01141,Commercial Van,Mahindra Treo,80,2
V05471,CU04808,SUV,Tata Nexon EV,70,3
V05472,CU01762,Sedan,MG5,55,3
V05473,CU01941,SUV,Hyundai Ioniq 5,82,3
V05474,CU01807,Two-Wheeler,Ather 450X,2,3
V05475,CU04997,SUV,Tata Nexon EV,75,1
V05476,CU03174,SUV,Mahindra XUV400,75,2
V05477,CU00657,Commercial Van,Tata Ace EV,80,1
V05478,CU02504,SUV,Tata Nexon EV,70,0
V05479,CU00659,Sedan,BYD Seal,50,1
V05480,CU02839,SUV,Hyundai Ioniq 5,75,2
V05481,CU04947,SUV,Hyundai Ioniq 5,75,4
V05482,CU04237,Hatchback,MG Comet,35,0
V05483,CU02454,Sedan,MG5,60,2
V05484,CU01055,Two-Wheeler,Ola S1,3,2
V05485,CU03042,Sedan,MG5,50,3
V05486,CU04004,Two-Wheeler,Ather 450X,4,1
V05487,CU02339,Sedan,MG5,60,0
V05488,CU00111,Commercial Van,Mahindra Treo,80,4
V05489,CU01719,Sedan,MG5,50,1
V05490,CU04292,Hatchback,Tata Tiago EV,30,0
V05491,CU00126,Sedan,MG5,55,1
V05492,CU00262,SUV,Hyundai Ioniq 5,75,3
V05493,CU02935,Sedan,BYD Seal,50,3
V05494,CU02203,Hatchback,MG Comet,40,0
V05495,CU01605,SUV,Tata Nexon EV,70,3
V05496,CU04204,Sedan,MG5,55,2
V05497,CU02083,SUV,Tata Nexon EV,82,0
V05498,CU03943,Two-Wheeler,Ola S1,3,0
V05499,CU00655,Two-Wheeler,Ather 450X,3,2
V05500,CU02464,Sedan,MG5,60,3
V05501,CU00285,SUV,Tata Nexon EV,82,3
V05502,CU02566,Sedan,BYD Seal,55,1
V05503,CU03802,Two-Wheeler,Ola S1,2,2
V05504,CU00027,Two-Wheeler,Ather 450X,4,3
V05505,CU02275,Sedan,BYD Seal,55,0
V05506,CU03868,Hatchback,Tata Tiago EV,30,4
V05507,CU03973,Hatchback,MG Comet,30,1
V05508,CU01592,Sedan,MG5,60,2
V05509,CU03382,SUV,Mahindra XUV400,75,0
V05510,CU04944,SUV,Hyundai Ioniq 5,70,2
V05511,CU01129,Sedan,BYD Seal,60,3
V05512,CU04114,SUV,Tata Nexon EV,100,4
V05513,CU02137,Commercial Van,Mahindra Treo,80,3
V05514,CU00157,SUV,Tata Nexon EV,75,0
V05515,CU01290,Hatchback,MG Comet,35,0
V05516,CU02182,SUV,Mahindra XUV400,70,1
V05517,CU02512,SUV,Tata Nexon EV,75,2
V05518,CU01772,Two-Wheeler,Ola S1,3,2
V05519,CU01156,Sedan,MG5,55,3
V05520,CU02789,Sedan,BYD Seal,50,2
V05521,CU02977,SUV,Mahindra XUV400,82,4
V05522,CU03500,SUV,Tata Nexon EV,75,3
V05523,CU02914,Two-Wheeler,Ather 450X,4,3
V05524,CU00204,Hatchback,MG Comet,40,1
V05525,CU01823,SUV,Tata Nexon EV,70,2
V05526,CU01360,Hatchback,Tata Tiago EV,40,1
V05527,CU02545,Sedan,MG5,60,0
V05528,CU00442,SUV,Hyundai Ioniq 5,100,2
V05529,CU01316,Hatchback,Tata Tiago EV,35,2
V05530,CU04038,Sedan,MG5,50,1
V05531,CU01149,Two-Wheeler,Ather 450X,4,4
V05532,CU04967,SUV,Tata Nexon EV,82,0
V05533,CU01199,Hatchback,Tata Tiago EV,30,0
V05534,CU02917,SUV,Hyundai Ioniq 5,82,4
V05535,CU03886,Hatchback,MG Comet,40,4
V05536,CU04176,Sedan,BYD Seal,50,0
V05537,CU02860,Sedan,MG5,60,1
V05538,CU02963,Hatchback,MG Comet,30,3
V05539,CU01368,Commercial Van,Mahindra Treo,120,1
V05540,CU04666,Hatchback,MG Comet,30,2
V05541,CU02910,Two-Wheeler,Ather 450X,2,1
V05542,CU02217,Two-Wheeler,Ola S1,2,4
V05543,CU03406,Commercial Van,Tata Ace EV,120,4
V05544,CU03060,Sedan,MG5,60,2
V05545,CU02284,Two-Wheeler,Ola S1,2,4
V05546,CU04495,Commercial Van,Mahindra Treo,80,4
V05547,CU00821,Hatchback,MG Comet,40,4
V05548,CU03061,Sedan,BYD Seal,55,2
V05549,CU02525,Hatchback,MG Comet,35,4
V05550,CU04941,SUV,Tata Nexon EV,75,3
V05551,CU02633,SUV,Tata Nexon EV,82,2
V05552,CU02663,Hatchback,MG Comet,35,4
V05553,CU02826,Two-Wheeler,Ola S1,3,0
V05554,CU04454,Hatchback,MG Comet,35,4
V05555,CU03130,Two-Wheeler,Ather 450X,4,0
V05556,CU04015,Hatchback,Tata Tiago EV,30,3
V05557,CU04617,SUV,Hyundai Ioniq 5,70,1
V05558,CU04489,Hatchback,MG Comet,30,2
V05559,CU01667,Sedan,MG5,55,4
V05560,CU03401,Two-Wheeler,Ather 450X,4,4
V05561,CU03583,Sedan,BYD Seal,55,0
V05562,CU02201,SUV,Tata Nexon EV,75,1
V05563,CU00893,Commercial Van,Mahindra Treo,120,1
V05564,CU03951,Hatchback,MG Comet,35,0
V05565,CU00984,Two-Wheeler,Ola S1,4,1
V05566,CU00583,Hatchback,Tata Tiago EV,30,1
V05567,CU04116,Hatchback,MG Comet,35,1
V05568,CU02641,Hatchback,Tata Tiago EV,30,2
V05569,CU01974,Commercial Van,Tata Ace EV,120,1
V05570,CU03418,Hatchback,Tata Tiago EV,40,0
V05571,CU04115,Two-Wheeler,Ather 450X,2,4
V05572,CU02416,Commercial Van,Tata Ace EV,60,4
V05573,CU00889,Sedan,MG5,60,2
V05574,CU01884,SUV,Mahindra XUV400,100,1
V05575,CU04822,Two-Wheeler,Ola S1,2,3
V05576,CU03823,Sedan,MG5,55,0
V05577,CU00147,Hatchback,MG Comet,35,4
V05578,CU01717,Sedan,MG5,50,2
V05579,CU02478,Two-Wheeler,Ather 450X,2,0
V05580,CU04944,Two-Wheeler,Ola S1,4,2
V05581,CU01464,Hatchback,MG Comet,40,2
V05582,CU02246,Hatchback,MG Comet,30,0
V05583,CU01311,Commercial Van,Mahindra Treo,120,3
V05584,CU04661,Hatchback,MG Comet,40,4
V05585,CU00369,Two-Wheeler,Ather 450X,2,4
V05586,CU01264,Hatchback,Tata Tiago EV,30,4
V05587,CU02850,Two-Wheeler,Ola S1,4,1
V05588,CU02748,Commercial Van,Mahindra Treo,80,2
V05589,CU02566,Sedan,BYD Seal,50,0
V05590,CU01819,Hatchback,MG Comet,40,3
V05591,CU01888,Sedan,MG5,50,4
V05592,CU03784,Sedan,BYD Seal,60,3
V05593,CU00060,Sedan,MG5,60,3
V05594,CU00545,SUV,Tata Nexon EV,70,0
V05595,CU03065,Hatchback,MG Comet,35,0
V05596,CU01231,Sedan,BYD Seal,50,0
V05597,CU00559,Two-Wheeler,Ola S1,4,2
V05598,CU01513,SUV,Mahindra XUV400,100,1
V05599,CU00670,Sedan,MG5,60,0
V05600,CU00258,SUV,Mahindra XUV400,70,3
V05601,CU01071,Two-Wheeler,Ather 450X,4,1
V05602,CU01051,SUV,Mahindra XUV400,82,3
V05603,CU04039,Hatchback,MG Comet,35,1
V05604,CU04023,Hatchback,MG Comet,35,3
V05605,CU00145,Two-Wheeler,Ather 450X,4,1
V05606,CU02635,Two-Wheeler,Ola S1,2,4
V05607,CU02570,SUV,Mahindra XUV400,70,4
V05608,CU00801,Hatchback,Tata Tiago EV,40,1
V05609,CU01486,SUV,Hyundai Ioniq 5,82,2
V05610,CU03749,Two-Wheeler,Ather 450X,3,3
V05611,CU02430,Sedan,MG5,50,1
V05612,CU02824,Hatchback,MG Comet,30,0
V05613,CU00673,SUV,Mahindra XUV400,70,2
V05614,CU03975,Two-Wheeler,Ather 450X,4,2
V05615,CU03490,Hatchback,Tata Tiago EV,30,3
V05616,CU04423,SUV,Tata Nexon EV,100,1
V05617,CU01415,SUV,Hyundai Ioniq 5,75,2
V05618,CU03369,SUV,Hyundai Ioniq 5,70,2
V05619,CU04726,SUV,Tata Nexon EV,100,0
V05620,CU03895,SUV,Tata Nexon EV,82,1
V05621,CU03847,Hatchback,MG Comet,40,2
V05622,CU02029,Hatchback,Tata Tiago EV,40,2
V05623,CU01195,SUV,Mahindra XUV400,75,4
V05624,CU02025,Hatchback,Tata Tiago EV,40,4
V05625,CU01358,SUV,Mahindra XUV400,82,4
V05626,CU02811,SUV,Tata Nexon EV,75,3
V05627,CU00569,Hatchback,Tata Tiago EV,30,1
V05628,CU01946,SUV,Hyundai Ioniq 5,100,3
V05629,CU00347,SUV,Hyundai Ioniq 5,82,1
V05630,CU00408,Sedan,MG5,50,2
V05631,CU04229,Sedan,MG5,55,2
V05632,CU03754,Commercial Van,Tata Ace EV,60,1
V05633,CU00614,Sedan,MG5,55,2
V05634,CU00106,SUV,Mahindra XUV400,82,3
V05635,CU02219,Hatchback,Tata Tiago EV,35,4
V05636,CU03800,Hatchback,Tata Tiago EV,40,3
V05637,CU04358,Hatchback,MG Comet,30,0
V05638,CU03914,Two-Wheeler,Ola S1,2,1
V05639,CU00494,Sedan,BYD Seal,55,2
V05640,CU03869,Hatchback,MG Comet,35,0
V05641,CU04386,Two-Wheeler,Ola S1,2,1
V05642,CU03335,Hatchback,Tata Tiago EV,40,1
V05643,CU03921,Hatchback,Tata Tiago EV,40,0
V05644,CU01869,Sedan,BYD Seal,55,0
V05645,CU01439,Sedan,MG5,50,2
V05646,CU01353,SUV,Hyundai Ioniq 5,70,2
V05647,CU00045,Sedan,BYD Seal,55,0
V05648,CU04911,Sedan,BYD Seal,60,1
V05649,CU02381,Two-Wheeler,Ola S1,3,2
V05650,CU04561,Two-Wheeler,Ola S1,2,3
V05651,CU00200,Two-Wheeler,Ather 450X,4,1
V05652,CU04425,Two-Wheeler,Ather 450X,3,2
V05653,CU02288,SUV,Mahindra XUV400,82,4
V05654,CU04894,SUV,Mahindra XUV400,100,0
V05655,CU04798,SUV,Mahindra XUV400,70,2
V05656,CU02631,Two-Wheeler,Ather 450X,3,2
V05657,CU02769,SUV,Tata Nexon EV,70,0
V05658,CU02408,Hatchback,Tata Tiago EV,30,2
V05659,CU03792,Two-Wheeler,Ola S1,4,4
V05660,CU03294,Two-Wheeler,Ather 450X,2,2
V05661,CU02847,Two-Wheeler,Ather 450X,3,4
V05662,CU03312,Hatchback,Tata Tiago EV,40,2
V05663,CU02552,Sedan,MG5,55,0
V05664,CU01438,Sedan,MG5,50,1
V05665,CU00127,SUV,Mahindra XUV400,70,1
V05666,CU01621,Hatchback,Tata Tiago EV,35,3
V05667,CU03320,Sedan,MG5,50,0
V05668,CU00482,Hatchback,MG Comet,30,4
V05669,CU04379,Sedan,BYD Seal,50,2
V05670,CU02122,Two-Wheeler,Ather 450X,3,4
V05671,CU03136,Two-Wheeler,Ather 450X,3,1
V05672,CU02821,Hatchback,MG Comet,30,2
V05673,CU02372,SUV,Tata Nexon EV,82,1
V05674,CU00239,Hatchback,Tata Tiago EV,30,0
V05675,CU01421,Hatchback,MG Comet,30,3
V05676,CU00341,Two-Wheeler,Ather 450X,4,0
V05677,CU03351,Two-Wheeler,Ola S1,2,0
V05678,CU02994,Two-Wheeler,Ather 450X,3,4
V05679,CU04988,Sedan,BYD Seal,55,3
V05680,CU01487,Two-Wheeler,Ather 450X,3,0
V05681,CU04558,Hatchback,Tata Tiago EV,40,0
V05682,CU04076,Hatchback,MG Comet,40,2
V05683,CU04894,Hatchback,Tata Tiago EV,40,2
V05684,CU00733,Two-Wheeler,Ola S1,2,4
V05685,CU03479,Hatchback,Tata Tiago EV,35,4
V05686,CU00162,Hatchback,MG Comet,40,0
V05687,CU02496,SUV,Mahindra XUV400,75,0
V05688,CU00132,Hatchback,MG Comet,35,1
V05689,CU01858,Hatchback,Tata Tiago EV,35,3
V05690,CU01243,Hatchback,MG Comet,35,2
V05691,CU03489,Hatchback,Tata Tiago EV,35,4
V05692,CU00672,SUV,Hyundai Ioniq 5,70,2
V05693,CU00505,SUV,Hyundai Ioniq 5,82,0
V05694,CU02157,Hatchback,Tata Tiago EV,40,4
V05695,CU01262,Hatchback,MG Comet,40,1
V05696,CU00293,Two-Wheeler,Ather 450X,2,2
V05697,CU03651,SUV,Tata Nexon EV,82,1
V05698,CU04924,SUV,Hyundai Ioniq 5,100,0
V05699,CU04283,Sedan,BYD Seal,60,1
V05700,CU01060,Hatchback,MG Comet,30,1
V05701,CU02304,Commercial Van,Tata Ace EV,60,2
V05702,CU02796,SUV,Mahindra XUV400,82,4
V05703,CU01202,Hatchback,Tata Tiago EV,35,0
V05704,CU03314,Sedan,BYD Seal,60,0
V05705,CU02089,Sedan,BYD Seal,50,2
V05706,CU03429,Hatchback,MG Comet,30,2
V05707,CU02161,Commercial Van,Mahindra Treo,60,3
V05708,CU04950,Two-Wheeler,Ola S1,4,2
V05709,CU00719,Hatchback,MG Comet,35,0
V05710,CU01847,Sedan,MG5,55,2
V05711,CU00878,Two-Wheeler,Ola S1,3,2
V05712,CU03268,Hatchback,MG Comet,35,0
V05713,CU04498,SUV,Hyundai Ioniq 5,100,2
V05714,CU00064,SUV,Hyundai Ioniq 5,70,2
V05715,CU02700,SUV,Mahindra XUV400,82,1
V05716,CU02934,Two-Wheeler,Ola S1,4,4
V05717,CU00373,Two-Wheeler,Ola S1,4,2
V05718,CU04028,Commercial Van,Tata Ace EV,80,2
V05719,CU00306,Sedan,MG5,60,4
V05720,CU02515,Two-Wheeler,Ola S1,4,1
V05721,CU00932,Hatchback,Tata Tiago EV,40,4
V05722,CU01991,Sedan,MG5,60,0
V05723,CU03657,Hatchback,Tata Tiago EV,35,1
V05724,CU01416,SUV,Mahindra XUV400,100,2
V05725,CU00362,Hatchback,MG Comet,30,1
V05726,CU02769,Two-Wheeler,Ola S1,4,1
V05727,CU00716,SUV,Hyundai Ioniq 5,82,3
V05728,CU01646,Hatchback,MG Comet,40,2
V05729,CU00543,Two-Wheeler,Ather 450X,3,1
V05730,CU01548,Two-Wheeler,Ather 450X,4,2
V05731,CU02242,SUV,Mahindra XUV400,100,4
V05732,CU00652,Hatchback,Tata Tiago EV,30,3
V05733,CU01051,Two-Wheeler,Ola S1,3,4
V05734,CU04743,Two-Wheeler,Ola S1,2,4
V05735,CU01853,Sedan,MG5,60,2
V05736,CU03002,Sedan,MG5,60,4
V05737,CU03085,Sedan,BYD Seal,55,0
V05738,CU02097,Two-Wheeler,Ather 450X,3,0
V05739,CU00803,Sedan,BYD Seal,55,0
V05740,CU02655,Hatchback,MG Comet,35,0
V05741,CU01681,Two-Wheeler,Ola S1,3,2
V05742,CU01608,Hatchback,Tata Tiago EV,40,4
V05743,CU03523,Commercial Van,Tata Ace EV,60,1
V05744,CU02058,Sedan,BYD Seal,60,2
V05745,CU02722,SUV,Tata Nexon EV,70,2
V05746,CU04822,Hatchback,Tata Tiago EV,35,2
V05747,CU02564,Commercial Van,Mahindra Treo,120,1
V05748,CU03613,Two-Wheeler,Ather 450X,3,3
V05749,CU00203,Commercial Van,Mahindra Treo,60,1
V05750,CU00942,SUV,Hyundai Ioniq 5,100,0
V05751,CU00589,Hatchback,MG Comet,30,1
V05752,CU00571,Sedan,MG5,55,4
V05753,CU03005,Sedan,BYD Seal,50,4
V05754,CU00196,SUV,Tata Nexon EV,100,4
V05755,CU01346,Commercial Van,Tata Ace EV,60,2
V05756,CU00418,Sedan,BYD Seal,60,2
V05757,CU01643,Two-Wheeler,Ola S1,3,0
V05758,CU01366,Commercial Van,Mahindra Treo,120,4
V05759,CU00009,Hatchback,MG Comet,30,1
V05760,CU00532,Two-Wheeler,Ather 450X,4,1
V05761,CU04245,Sedan,MG5,55,3
V05762,CU01553,Two-Wheeler,Ola S1,3,3
V05763,CU01036,Sedan,MG5,55,3
V05764,CU04572,Sedan,MG5,60,2
V05765,CU01618,Hatchback,MG Comet,40,1
V05766,CU03717,Commercial Van,Tata Ace EV,60,3
V05767,CU01077,Two-Wheeler,Ola S1,3,3
V05768,CU04302,Hatchback,Tata Tiago EV,35,4
V05769,CU04016,Commercial Van,Mahindra Treo,120,1
V05770,CU02963,SUV,Hyundai Ioniq 5,100,1
V05771,CU04841,Two-Wheeler,Ather 450X,2,0
V05772,CU00913,Hatchback,MG Comet,40,3
V05773,CU04150,Sedan,MG5,55,4
V05774,CU04071,SUV,Mahindra XUV400,75,0
V05775,CU03562,Hatchback,MG Comet,30,1
V05776,CU00344,Sedan,MG5,60,1
V05777,CU01193,Sedan,BYD Seal,60,0
V05778,CU01933,Hatchback,MG Comet,30,2
V05779,CU00703,Sedan,MG5,60,4
V05780,CU01899,Commercial Van,Mahindra Treo,60,2
V05781,CU03594,Sedan,MG5,55,4
V05782,CU00199,Hatchback,MG Comet,35,1
V05783,CU03233,SUV,Mahindra XUV400,100,0
V05784,CU02823,SUV,Mahindra XUV400,82,0
V05785,CU04485,Two-Wheeler,Ather 450X,2,0
V05786,CU00474,Two-Wheeler,Ola S1,3,1
V05787,CU04861,Hatchback,MG Comet,30,2
V05788,CU01655,Sedan,BYD Seal,55,3
V05789,CU00592,Two-Wheeler,Ola S1,3,2
V05790,CU01849,Commercial Van,Mahindra Treo,60,0
V05791,CU03042,SUV,Hyundai Ioniq 5,100,3
V05792,CU00168,Hatchback,MG Comet,35,0
V05793,CU04380,Sedan,BYD Seal,50,2
V05794,CU03271,Hatchback,MG Comet,35,2
V05795,CU04008,Two-Wheeler,Ather 450X,2,2
V05796,CU04011,Hatchback,Tata Tiago EV,35,2
V05797,CU04987,Hatchback,Tata Tiago EV,35,4
V05798,CU03849,Sedan,BYD Seal,50,2
V05799,CU02182,Sedan,BYD Seal,50,4
V05800,CU01655,Sedan,BYD Seal,50,4
V05801,CU04218,Sedan,MG5,60,2
V05802,CU00833,Two-Wheeler,Ather 450X,2,0
V05803,CU01022,Sedan,MG5,55,3
V05804,CU01994,SUV,Tata Nexon EV,100,3
V05805,CU03493,Sedan,MG5,55,4
V05806,CU00895,Sedan,BYD Seal,55,0
V05807,CU01516,SUV,Hyundai Ioniq 5,82,4
V05808,CU03671,Sedan,BYD Seal,60,2
V05809,CU00289,Two-Wheeler,Ather 450X,2,1
V05810,CU01077,SUV,Hyundai Ioniq 5,75,4
V05811,CU01372,Two-Wheeler,Ather 450X,2,0
V05812,CU01075,Sedan,BYD Seal,55,1
V05813,CU04935,Sedan,BYD Seal,60,2
V05814,CU02960,SUV,Mahindra XUV400,70,0
V05815,CU00040,Hatchback,Tata Tiago EV,35,3
V05816,CU04275,Sedan,BYD Seal,60,1
V05817,CU03623,SUV,Tata Nexon EV,70,3
V05818,CU00183,Hatchback,Tata Tiago EV,30,1
V05819,CU01760,Sedan,MG5,50,3
V05820,CU01770,SUV,Hyundai Ioniq 5,100,2
V05821,CU04801,Commercial Van,Tata Ace EV,60,1
V05822,CU00497,Two-Wheeler,Ather 450X,4,2
V05823,CU00597,Sedan,MG5,55,1
V05824,CU02509,SUV,Tata Nexon EV,82,1
V05825,CU03827,Hatchback,Tata Tiago EV,40,4
V05826,CU04570,Hatchback,MG Comet,40,4
V05827,CU00685,Two-Wheeler,Ola S1,2,0
V05828,CU00319,Hatchback,MG Comet,30,4
V05829,CU03627,Sedan,MG5,60,3
V05830,CU01436,Commercial Van,Mahindra Treo,60,3
V05831,CU02404,Two-Wheeler,Ola S1,3,0
V05832,CU02665,Two-Wheeler,Ather 450X,4,2
V05833,CU04325,Two-Wheeler,Ola S1,3,0
V05834,CU00729,Two-Wheeler,Ola S1,4,0
V05835,CU01288,Hatchback,MG Comet,40,0
V05836,CU04002,SUV,Mahindra XUV400,70,1
V05837,CU00561,Sedan,BYD Seal,50,2
V05838,CU01376,Sedan,MG5,55,3
V05839,CU01466,Two-Wheeler,Ather 450X,4,3
V05840,CU02507,Sedan,MG5,50,3
V05841,CU03887,Hatchback,Tata Tiago EV,35,3
V05842,CU00025,Sedan,MG5,55,0
V05843,CU01155,Hatchback,MG Comet,35,2
V05844,CU04466,Two-Wheeler,Ola S1,4,3
V05845,CU01460,SUV,Hyundai Ioniq 5,100,4
V05846,CU04707,SUV,Mahindra XUV400,75,4
V05847,CU01221,SUV,Mahindra XUV400,82,2
V05848,CU02157,SUV,Mahindra XUV400,82,4
V05849,CU03292,Two-Wheeler,Ather 450X,3,2
V05850,CU00720,SUV,Mahindra XUV400,75,2
V05851,CU01106,Commercial Van,Tata Ace EV,80,3
V05852,CU03770,Commercial Van,Tata Ace EV,120,1
V05853,CU02480,Commercial Van,Tata Ace EV,80,4
V05854,CU01921,SUV,Hyundai Ioniq 5,70,2
V05855,CU03080,Commercial Van,Tata Ace EV,120,0
V05856,CU04732,Sedan,MG5,60,0
V05857,CU03170,Two-Wheeler,Ola S1,4,1
V05858,CU03173,Commercial Van,Tata Ace EV,80,0
V05859,CU03331,Commercial Van,Mahindra Treo,120,1
V05860,CU04452,Two-Wheeler,Ola S1,3,3
V05861,CU02059,Sedan,BYD Seal,60,4
V05862,CU03322,Hatchback,Tata Tiago EV,35,4
V05863,CU01871,Sedan,MG5,60,3
V05864,CU03622,Two-Wheeler,Ather 450X,2,0
V05865,CU01146,Hatchback,Tata Tiago EV,35,0
V05866,CU03992,Sedan,MG5,50,4
V05867,CU03374,SUV,Hyundai Ioniq 5,100,2
V05868,CU00125,SUV,Tata Nexon EV,75,2
V05869,CU00312,Commercial Van,Mahindra Treo,80,2
V05870,CU00775,SUV,Tata Nexon EV,100,4
V05871,CU02921,Two-Wheeler,Ola S1,2,0
V05872,CU01832,SUV,Hyundai Ioniq 5,82,2
V05873,CU00694,Two-Wheeler,Ola S1,4,4
V05874,CU01377,Sedan,MG5,60,1
V05875,CU00990,Hatchback,MG Comet,30,2
V05876,CU02847,Commercial Van,Tata Ace EV,120,4
V05877,CU01753,SUV,Mahindra XUV400,82,3
V05878,CU02960,SUV,Mahindra XUV400,82,3
V05879,CU02454,Sedan,MG5,60,0
V05880,CU03044,Sedan,BYD Seal,60,2
V05881,CU01717,SUV,Tata Nexon EV,70,3
V05882,CU01627,Hatchback,Tata Tiago EV,40,2
V05883,CU03089,Sedan,MG5,55,4
V05884,CU03332,Sedan,BYD Seal,50,1
V05885,CU04029,SUV,Hyundai Ioniq 5,100,1
V05886,CU00890,SUV,Tata Nexon EV,82,1
V05887,CU01379,Commercial Van,Mahindra Treo,80,1
V05888,CU04585,SUV,Tata Nexon EV,70,1
V05889,CU04276,Two-Wheeler,Ather 450X,2,3
V05890,CU01708,SUV,Hyundai Ioniq 5,70,1
V05891,CU02365,SUV,Hyundai Ioniq 5,100,1
V05892,CU00232,Hatchback,MG Comet,30,3
V05893,CU01813,Hatchback,Tata Tiago EV,30,2
V05894,CU01613,SUV,Tata Nexon EV,75,1
V05895,CU04427,Sedan,MG5,55,4
V05896,CU04657,Two-Wheeler,Ather 450X,3,3
V05897,CU02997,SUV,Mahindra XUV400,70,3
V05898,CU00248,Two-Wheeler,Ather 450X,4,1
V05899,CU04379,Commercial Van,Mahindra Treo,80,0
V05900,CU02080,Hatchback,Tata Tiago EV,30,4
V05901,CU03742,Sedan,MG5,55,2
V05902,CU04626,SUV,Tata Nexon EV,75,3
V05903,CU04477,Sedan,MG5,60,0
V05904,CU00063,Sedan,MG5,60,0
V05905,CU04224,Two-Wheeler,Ather 450X,3,3
V05906,CU01552,Commercial Van,Mahindra Treo,80,4
V05907,CU03006,Two-Wheeler,Ather 450X,4,1
V05908,CU03323,SUV,Hyundai Ioniq 5,70,0
V05909,CU00295,Sedan,MG5,55,1
V05910,CU04275,SUV,Hyundai Ioniq 5,82,2
V05911,CU04325,Sedan,MG5,55,1
V05912,CU00883,SUV,Tata Nexon EV,82,1
V05913,CU00394,Hatchback,Tata Tiago EV,35,4
V05914,CU02740,Commercial Van,Mahindra Treo,60,2
V05915,CU03468,Two-Wheeler,Ather 450X,4,2
V05916,CU04168,SUV,Mahindra XUV400,82,3
V05917,CU04414,Commercial Van,Tata Ace EV,80,4
V05918,CU03971,Sedan,MG5,55,2
V05919,CU04691,Hatchback,Tata Tiago EV,30,1
V05920,CU04475,Two-Wheeler,Ola S1,4,4
V05921,CU04232,Commercial Van,Tata Ace EV,80,1
V05922,CU02778,SUV,Tata Nexon EV,82,0
V05923,CU03693,Hatchback,Tata Tiago EV,30,0
V05924,CU01402,Two-Wheeler,Ather 450X,2,4
V05925,CU00906,Hatchback,Tata Tiago EV,40,4
V05926,CU00530,SUV,Tata Nexon EV,70,0
V05927,CU04619,Sedan,MG5,60,3
V05928,CU03722,Commercial Van,Tata Ace EV,60,4
V05929,CU00387,Sedan,BYD Seal,50,0
V05930,CU02622,Two-Wheeler,Ola S1,4,2
V05931,CU00573,Sedan,BYD Seal,50,3
V05932,CU00644,Sedan,BYD Seal,55,4
V05933,CU04072,Commercial Van,Tata Ace EV,80,0
V05934,CU01293,Hatchback,MG Comet,40,0
V05935,CU03596,SUV,Hyundai Ioniq 5,100,3
V05936,CU04643,Sedan,MG5,55,1
V05937,CU02486,Two-Wheeler,Ola S1,2,4
V05938,CU00555,Hatchback,MG Comet,30,1
V05939,CU02159,Sedan,BYD Seal,60,4
V05940,CU03394,SUV,Mahindra XUV400,100,3
V05941,CU02575,Sedan,BYD Seal,50,3
V05942,CU02225,Hatchback,Tata Tiago EV,35,2
V05943,CU03610,Two-Wheeler,Ather 450X,2,4
V05944,CU04720,SUV,Tata Nexon EV,82,2
V05945,CU01989,Hatchback,Tata Tiago EV,30,4
V05946,CU00944,SUV,Mahindra XUV400,82,3
V05947,CU04569,Commercial Van,Tata Ace EV,80,3
V05948,CU00994,Hatchback,Tata Tiago EV,30,2
V05949,CU03460,SUV,Mahindra XUV400,75,1
V05950,CU01122,Two-Wheeler,Ola S1,2,0
V05951,CU03447,Hatchback,Tata Tiago EV,35,4
V05952,CU04266,Hatchback,MG Comet,35,3
V05953,CU00056,Sedan,BYD Seal,50,4
V05954,CU01757,Two-Wheeler,Ola S1,2,2
V05955,CU00658,Hatchback,MG Comet,40,2
V05956,CU00260,Two-Wheeler,Ola S1,4,4
V05957,CU04737,SUV,Tata Nexon EV,100,1
V05958,CU02610,Sedan,BYD Seal,55,4
V05959,CU03910,SUV,Mahindra XUV400,75,2
V05960,CU00404,Commercial Van,Mahindra Treo,120,2
V05961,CU00795,Hatchback,Tata Tiago EV,40,4
V05962,CU01562,Sedan,BYD Seal,60,4
V05963,CU01184,SUV,Hyundai Ioniq 5,75,4
V05964,CU02642,Hatchback,MG Comet,35,1
V05965,CU02665,Hatchback,Tata Tiago EV,30,0
V05966,CU04810,Hatchback,Tata Tiago EV,40,2
V05967,CU03608,Sedan,BYD Seal,50,2
V05968,CU01958,Hatchback,MG Comet,40,1
V05969,CU02094,Two-Wheeler,Ola S1,3,3
V05970,CU01753,Commercial Van,Tata Ace EV,80,1
V05971,CU05000,Hatchback,MG Comet,35,4
V05972,CU03563,Sedan,MG5,50,2
V05973,CU01695,Hatchback,MG Comet,30,3
V05974,CU00856,Hatchback,MG Comet,30,0
V05975,CU01296,Sedan,MG5,55,1
V05976,CU04756,Sedan,BYD Seal,60,2
V05977,CU03622,Commercial Van,Mahindra Treo,60,0
V05978,CU04207,Sedan,BYD Seal,55,0
V05979,CU01039,Sedan,MG5,60,3
V05980,CU04597,Hatchback,MG Comet,35,3
V05981,CU04514,Hatchback,MG Comet,40,0
V05982,CU04371,Two-Wheeler,Ather 450X,2,3
V05983,CU03448,Hatchback,MG Comet,40,3
V05984,CU03433,Commercial Van,Mahindra Treo,120,0
V05985,CU03749,Hatchback,MG Comet,35,3
V05986,CU02242,SUV,Mahindra XUV400,75,3
V05987,CU03531,Commercial Van,Mahindra Treo,80,2
V05988,CU04895,Hatchback,Tata Tiago EV,35,4
V05989,CU01964,Sedan,MG5,50,3
V05990,CU03016,Two-Wheeler,Ather 450X,3,3
V05991,CU03568,Hatchback,Tata Tiago EV,30,0
V05992,CU03871,SUV,Tata Nexon EV,100,3
V05993,CU04865,Hatchback,MG Comet,40,3
V05994,CU01485,Hatchback,MG Comet,40,3
V05995,CU04235,Hatchback,MG Comet,40,2
V05996,CU04957,Commercial Van,Mahindra Treo,80,3
V05997,CU02340,Hatchback,MG Comet,30,0
V05998,CU00335,Hatchback,MG Comet,30,4
V05999,CU01859,SUV,Mahindra XUV400,70,2
V06000,CU01208,Sedan,MG5,50,2
V06001,CU00925,Sedan,MG5,50,1
V06002,CU02946,Hatchback,MG Comet,35,3
V06003,CU04440,Two-Wheeler,Ather 450X,2,2
V06004,CU04753,SUV,Tata Nexon EV,100,0
V06005,CU03586,Sedan,MG5,60,2
V06006,CU04357,Hatchback,MG Comet,30,0
V06007,CU04028,SUV,Mahindra XUV400,70,4
V06008,CU04265,Two-Wheeler,Ather 450X,4,1
V06009,CU04756,Sedan,BYD Seal,50,3
V06010,CU04296,Hatchback,MG Comet,30,2
V06011,CU04678,Hatchback,Tata Tiago EV,35,2
V06012,CU04662,SUV,Mahindra XUV400,100,3
V06013,CU03843,Commercial Van,Mahindra Treo,60,2
V06014,CU02399,Hatchback,MG Comet,35,3
V06015,CU00028,Sedan,MG5,60,4
V06016,CU03951,Hatchback,Tata Tiago EV,30,3
V06017,CU01899,Sedan,BYD Seal,50,0
V06018,CU04728,Sedan,MG5,50,4
V06019,CU02428,Commercial Van,Mahindra Treo,80,3
V06020,CU01626,Hatchback,Tata Tiago EV,35,0
V06021,CU02576,Two-Wheeler,Ather 450X,4,0
V06022,CU02037,Sedan,BYD Seal,55,4
V06023,CU01311,Two-Wheeler,Ola S1,2,2
V06024,CU03356,SUV,Mahindra XUV400,70,3
V06025,CU03721,Hatchback,MG Comet,35,1
V06026,CU04903,Commercial Van,Mahindra Treo,60,2
V06027,CU02275,Hatchback,MG Comet,35,1
V06028,CU02075,SUV,Tata Nexon EV,75,3
V06029,CU00089,Two-Wheeler,Ather 450X,3,3
V06030,CU03805,Hatchback,Tata Tiago EV,35,0
V06031,CU00122,SUV,Hyundai Ioniq 5,82,2
V06032,CU04962,Two-Wheeler,Ather 450X,2,3
V06033,CU00033,Commercial Van,Mahindra Treo,120,2
V06034,CU04699,Two-Wheeler,Ather 450X,4,0
V06035,CU00696,Sedan,MG5,60,2
V06036,CU03842,SUV,Tata Nexon EV,100,2
V06037,CU00525,Two-Wheeler,Ola S1,4,3
V06038,CU00247,SUV,Hyundai Ioniq 5,100,3
V06039,CU03927,Two-Wheeler,Ola S1,3,2
V06040,CU03102,Hatchback,MG Comet,40,4
V06041,CU02097,Hatchback,MG Comet,30,0
V06042,CU01963,SUV,Tata Nexon EV,100,2
V06043,CU02960,Commercial Van,Mahindra Treo,80,4
V06044,CU02228,Sedan,MG5,60,1
V06045,CU01394,Commercial Van,Tata Ace EV,120,3
V06046,CU01908,Commercial Van,Tata Ace EV,120,2
V06047,CU02024,Commercial Van,Mahindra Treo,60,3
V06048,CU04834,Commercial Van,Mahindra Treo,120,0
V06049,CU02479,Two-Wheeler,Ather 450X,3,0
V06050,CU04460,Two-Wheeler,Ola S1,3,0
V06051,CU00982,SUV,Tata Nexon EV,82,3
V06052,CU03224,Hatchback,Tata Tiago EV,40,1
V06053,CU00227,Hatchback,MG Comet,30,3
V06054,CU01267,Hatchback,Tata Tiago EV,35,0
V06055,CU02058,Hatchback,Tata Tiago EV,30,4
V06056,CU02252,Hatchback,Tata Tiago EV,40,0
V06057,CU02942,Commercial Van,Tata Ace EV,80,0
V06058,CU00157,SUV,Tata Nexon EV,82,3
V06059,CU02074,Sedan,BYD Seal,50,0
V06060,CU04064,Two-Wheeler,Ather 450X,3,2
V06061,CU00761,Sedan,MG5,60,1
V06062,CU00774,Hatchback,Tata Tiago EV,35,1
V06063,CU01553,Two-Wheeler,Ola S1,3,4
V06064,CU00958,Sedan,BYD Seal,55,0
V06065,CU00254,SUV,Tata Nexon EV,75,3
V06066,CU01570,Sedan,MG5,55,3
V06067,CU03219,SUV,Tata Nexon EV,70,4
V06068,CU04214,Two-Wheeler,Ola S1,3,0
V06069,CU03237,Hatchback,MG Comet,40,3
V06070,CU04646,Commercial Van,Tata Ace EV,80,1
V06071,CU04966,Hatchback,MG Comet,35,1
V06072,CU00808,SUV,Mahindra XUV400,70,0
V06073,CU04917,Commercial Van,Tata Ace EV,120,2
V06074,CU01782,Commercial Van,Mahindra Treo,120,0
V06075,CU01222,Hatchback,MG Comet,35,1
V06076,CU03664,Hatchback,MG Comet,40,4
V06077,CU03201,Two-Wheeler,Ather 450X,4,3
V06078,CU00880,Hatchback,MG Comet,40,3
V06079,CU00001,Sedan,BYD Seal,50,1
V06080,CU00167,Two-Wheeler,Ola S1,2,1
V06081,CU02064,SUV,Mahindra XUV400,82,1
V06082,CU02705,Hatchback,MG Comet,30,0
V06083,CU00112,Sedan,MG5,50,1
V06084,CU03440,Commercial Van,Tata Ace EV,60,4
V06085,CU01126,SUV,Mahindra XUV400,82,3
V06086,CU02642,Two-Wheeler,Ola S1,3,4
V06087,CU01430,Sedan,BYD Seal,50,1
V06088,CU02044,Hatchback,Tata Tiago EV,35,4
V06089,CU04603,Sedan,BYD Seal,50,3
V06090,CU01635,SUV,Tata Nexon EV,70,1
V06091,CU00671,Sedan,BYD Seal,55,2
V06092,CU03112,SUV,Tata Nexon EV,75,4
V06093,CU01691,Two-Wheeler,Ola S1,2,1
V06094,CU03958,Two-Wheeler,Ola S1,4,1
V06095,CU00965,Hatchback,Tata Tiago EV,40,1
V06096,CU00281,Two-Wheeler,Ather 450X,2,4
V06097,CU04447,SUV,Hyundai Ioniq 5,100,0
V06098,CU01967,Hatchback,MG Comet,30,4
V06099,CU02809,Hatchback,MG Comet,40,4
V06100,CU01965,SUV,Tata Nexon EV,82,0
V06101,CU04824,Sedan,BYD Seal,60,3
V06102,CU03391,Hatchback,MG Comet,35,1
V06103,CU00823,Hatchback,MG Comet,35,1
V06104,CU01438,Hatchback,MG Comet,35,1
V06105,CU02062,Commercial Van,Tata Ace EV,60,0
V06106,CU03866,Two-Wheeler,Ather 450X,2,2
V06107,CU04295,SUV,Tata Nexon EV,75,2
V06108,CU04774,Commercial Van,Mahindra Treo,60,0
V06109,CU04037,SUV,Mahindra XUV400,75,3
V06110,CU01465,Two-Wheeler,Ola S1,3,1
V06111,CU00078,Sedan,BYD Seal,55,0
V06112,CU02160,SUV,Hyundai Ioniq 5,70,4
V06113,CU04631,Hatchback,Tata Tiago EV,30,0
V06114,CU03188,Sedan,BYD Seal,60,4
V06115,CU01166,Hatchback,Tata Tiago EV,30,4
V06116,CU00790,Hatchback,Tata Tiago EV,30,0
V06117,CU01564,Hatchback,Tata Tiago EV,30,0
V06118,CU01323,Sedan,MG5,60,2
V06119,CU01503,Two-Wheeler,Ather 450X,2,3
V06120,CU01492,Sedan,BYD Seal,60,4
V06121,CU01660,Two-Wheeler,Ola S1,3,0
V06122,CU01316,SUV,Hyundai Ioniq 5,75,3
V06123,CU03063,SUV,Hyundai Ioniq 5,82,4
V06124,CU00125,Hatchback,MG Comet,30,4
V06125,CU03063,Commercial Van,Mahindra Treo,120,0
V06126,CU00519,Hatchback,Tata Tiago EV,40,4
V06127,CU02071,SUV,Hyundai Ioniq 5,100,1
V06128,CU04258,SUV,Tata Nexon EV,100,3
V06129,CU02677,Sedan,MG5,60,0
V06130,CU02554,Hatchback,MG Comet,40,3
V06131,CU04978,Sedan,BYD Seal,55,1
V06132,CU03936,Two-Wheeler,Ather 450X,3,1
V06133,CU01045,Two-Wheeler,Ather 450X,4,0
V06134,CU01788,Commercial Van,Mahindra Treo,80,1
V06135,CU03536,Sedan,MG5,55,3
V06136,CU04579,Sedan,BYD Seal,55,0
V06137,CU01967,Hatchback,MG Comet,40,4
V06138,CU02357,Commercial Van,Mahindra Treo,120,4
V06139,CU04970,Sedan,BYD Seal,50,1
V06140,CU02251,Sedan,BYD Seal,60,4
V06141,CU03488,Commercial Van,Tata Ace EV,80,0
V06142,CU00142,SUV,Mahindra XUV400,75,2
V06143,CU01004,SUV,Mahindra XUV400,75,0
V06144,CU02155,Hatchback,Tata Tiago EV,40,2
V06145,CU02015,Sedan,BYD Seal,60,1
V06146,CU04625,Commercial Van,Mahindra Treo,80,3
V06147,CU03609,SUV,Mahindra XUV400,82,2
V06148,CU00969,Sedan,BYD Seal,50,0
V06149,CU03926,Hatchback,MG Comet,40,2
V06150,CU03959,Sedan,BYD Seal,60,2
V06151,CU02736,SUV,Tata Nexon EV,82,1
V06152,CU00805,Hatchback,Tata Tiago EV,30,2
V06153,CU01335,SUV,Hyundai Ioniq 5,70,3
V06154,CU03985,SUV,Hyundai Ioniq 5,100,4
V06155,CU00668,Two-Wheeler,Ola S1,3,4
V06156,CU00385,Hatchback,MG Comet,35,4
V06157,CU03125,Two-Wheeler,Ola S1,4,2
V06158,CU01609,SUV,Mahindra XUV400,100,4
V06159,CU03255,Sedan,MG5,50,0
V06160,CU03441,Commercial Van,Tata Ace EV,120,4
V06161,CU02749,Hatchback,MG Comet,40,0
V06162,CU00013,SUV,Tata Nexon EV,70,2
V06163,CU03008,Sedan,MG5,50,2
V06164,CU02208,SUV,Hyundai Ioniq 5,100,0
V06165,CU04168,SUV,Mahindra XUV400,75,1
V06166,CU02146,Hatchback,Tata Tiago EV,40,4
V06167,CU01866,SUV,Hyundai Ioniq 5,82,0
V06168,CU00101,SUV,Mahindra XUV400,82,1
V06169,CU04080,Two-Wheeler,Ola S1,3,3
V06170,CU04377,Hatchback,Tata Tiago EV,30,1
V06171,CU04979,Sedan,MG5,60,0
V06172,CU01313,SUV,Tata Nexon EV,100,2
V06173,CU02797,Hatchback,MG Comet,30,4
V06174,CU04705,SUV,Mahindra XUV400,82,3
V06175,CU00450,Hatchback,MG Comet,35,0
V06176,CU03440,Sedan,MG5,60,4
V06177,CU03502,Two-Wheeler,Ather 450X,3,4
V06178,CU03168,Two-Wheeler,Ola S1,4,4
V06179,CU00121,SUV,Hyundai Ioniq 5,75,2
V06180,CU03438,Two-Wheeler,Ather 450X,3,1
V06181,CU03857,Two-Wheeler,Ola S1,3,3
V06182,CU01076,SUV,Hyundai Ioniq 5,75,4
V06183,CU04414,Commercial Van,Tata Ace EV,60,0
V06184,CU02723,SUV,Hyundai Ioniq 5,70,3
V06185,CU00702,SUV,Tata Nexon EV,70,2
V06186,CU03349,Sedan,BYD Seal,60,1
V06187,CU03669,Commercial Van,Tata Ace EV,80,4
V06188,CU03266,Sedan,BYD Seal,55,4
V06189,CU00021,Hatchback,Tata Tiago EV,35,3
V06190,CU02447,Hatchback,MG Comet,40,0
V06191,CU02250,Hatchback,Tata Tiago EV,30,3
V06192,CU02514,Sedan,BYD Seal,55,4
V06193,CU03223,Two-Wheeler,Ather 450X,3,0
V06194,CU04992,SUV,Mahindra XUV400,75,2
V06195,CU01183,Hatchback,MG Comet,30,2
V06196,CU02358,Two-Wheeler,Ather 450X,3,2
V06197,CU02552,SUV,Tata Nexon EV,82,4
V06198,CU02074,SUV,Hyundai Ioniq 5,100,2
V06199,CU00066,Sedan,BYD Seal,55,4
V06200,CU04359,Two-Wheeler,Ola S1,2,1
V06201,CU00472,Sedan,MG5,50,1
V06202,CU02215,Hatchback,MG Comet,40,0
V06203,CU03226,Sedan,BYD Seal,60,1
V06204,CU00343,Two-Wheeler,Ola S1,3,0
V06205,CU00718,SUV,Tata Nexon EV,75,1
V06206,CU02461,Hatchback,Tata Tiago EV,35,4
V06207,CU03737,Hatchback,MG Comet,35,0
V06208,CU03256,SUV,Mahindra XUV400,70,2
V06209,CU03266,SUV,Tata Nexon EV,70,4
V06210,CU04090,Sedan,MG5,50,0
V06211,CU02531,Two-Wheeler,Ola S1,3,4
V06212,CU03633,Commercial Van,Mahindra Treo,60,1
V06213,CU01056,Hatchback,MG Comet,40,4
V06214,CU00015,SUV,Tata Nexon EV,75,3
V06215,CU03390,Hatchback,MG Comet,35,4
V06216,CU03315,Two-Wheeler,Ather 450X,3,2
V06217,CU00017,Sedan,BYD Seal,50,4
V06218,CU02582,Hatchback,Tata Tiago EV,35,4
V06219,CU01780,Two-Wheeler,Ather 450X,4,0
V06220,CU01950,Two-Wheeler,Ola S1,4,0
V06221,CU00081,Hatchback,Tata Tiago EV,35,0
V06222,CU03080,Hatchback,Tata Tiago EV,35,2
V06223,CU01019,Sedan,MG5,55,2
V06224,CU00780,SUV,Mahindra XUV400,75,3
V06225,CU01825,Two-Wheeler,Ola S1,4,4
V06226,CU03865,SUV,Tata Nexon EV,82,0
V06227,CU02470,SUV,Tata Nexon EV,100,1
V06228,CU02514,Two-Wheeler,Ola S1,2,4
V06229,CU02131,SUV,Tata Nexon EV,82,1
V06230,CU00325,SUV,Hyundai Ioniq 5,75,0
V06231,CU03491,SUV,Hyundai Ioniq 5,75,0
V06232,CU00677,Two-Wheeler,Ola S1,4,4
V06233,CU02012,Hatchback,Tata Tiago EV,30,3
V06234,CU04889,Sedan,BYD Seal,55,3
V06235,CU03617,Hatchback,Tata Tiago EV,35,0
V06236,CU03134,Two-Wheeler,Ola S1,3,1
V06237,CU02705,Sedan,BYD Seal,60,2
V06238,CU01195,Sedan,BYD Seal,55,3
V06239,CU03076,Commercial Van,Mahindra Treo,80,1
V06240,CU00905,Commercial Van,Tata Ace EV,60,4
V06241,CU04598,Commercial Van,Tata Ace EV,80,2
V06242,CU04895,Hatchback,Tata Tiago EV,30,0
V06243,CU02905,Two-Wheeler,Ola S1,4,1
V06244,CU03301,Sedan,MG5,50,1
V06245,CU01124,Hatchback,MG Comet,35,4
V06246,CU04317,Sedan,BYD Seal,55,3
V06247,CU03058,SUV,Hyundai Ioniq 5,75,0
V06248,CU02271,Hatchback,Tata Tiago EV,35,3
V06249,CU02725,SUV,Tata Nexon EV,70,3
V06250,CU02259,Two-Wheeler,Ather 450X,2,3
V06251,CU03863,Sedan,BYD Seal,50,0
V06252,CU00931,Sedan,MG5,55,4
V06253,CU03647,Sedan,BYD Seal,50,0
V06254,CU04982,Commercial Van,Mahindra Treo,120,4
V06255,CU04358,Hatchback,MG Comet,35,0
V06256,CU01272,Sedan,MG5,60,0
V06257,CU03813,Sedan,MG5,50,0
V06258,CU00798,Two-Wheeler,Ather 450X,4,0
V06259,CU03135,Hatchback,Tata Tiago EV,40,3
V06260,CU03464,Sedan,BYD Seal,50,1
V06261,CU02588,Sedan,MG5,55,0
V06262,CU00417,Two-Wheeler,Ola S1,2,3
V06263,CU04134,Hatchback,Tata Tiago EV,40,3
V06264,CU02356,SUV,Hyundai Ioniq 5,70,2
V06265,CU04942,Hatchback,MG Comet,35,2
V06266,CU00898,Commercial Van,Mahindra Treo,80,4
V06267,CU00053,SUV,Hyundai Ioniq 5,100,0
V06268,CU00606,SUV,Tata Nexon EV,82,4
V06269,CU03678,Sedan,MG5,55,1
V06270,CU04548,Sedan,BYD Seal,50,4
V06271,CU00461,Hatchback,MG Comet,30,4
V06272,CU00775,SUV,Mahindra XUV400,100,0
V06273,CU04031,Commercial Van,Mahindra Treo,80,0
V06274,CU03328,Sedan,MG5,55,4
V06275,CU03323,Two-Wheeler,Ather 450X,3,4
V06276,CU02695,Hatchback,MG Comet,30,1
V06277,CU03519,Commercial Van,Mahindra Treo,80,1
V06278,CU00485,Sedan,BYD Seal,60,0
V06279,CU04188,Sedan,MG5,50,4
V06280,CU01188,Sedan,MG5,55,1
V06281,CU03728,Two-Wheeler,Ather 450X,2,4
V06282,CU03997,Two-Wheeler,Ather 450X,4,0
V06283,CU02993,Sedan,BYD Seal,50,0
V06284,CU01710,SUV,Mahindra XUV400,70,3
V06285,CU01990,Hatchback,Tata Tiago EV,30,1
V06286,CU04274,Sedan,BYD Seal,60,4
V06287,CU04346,Sedan,MG5,50,0
V06288,CU04861,SUV,Tata Nexon EV,70,2
V06289,CU03639,SUV,Tata Nexon EV,100,4
V06290,CU02715,Two-Wheeler,Ather 450X,2,1
V06291,CU04187,Two-Wheeler,Ola S1,2,3
V06292,CU00339,Hatchback,Tata Tiago EV,40,2
V06293,CU01662,Two-Wheeler,Ather 450X,2,2
V06294,CU04265,Hatchback,MG Comet,35,3
V06295,CU03695,Two-Wheeler,Ather 450X,4,3
V06296,CU04876,Hatchback,MG Comet,30,1
V06297,CU00170,Two-Wheeler,Ola S1,3,4
V06298,CU04234,SUV,Mahindra XUV400,100,4
V06299,CU03100,Sedan,MG5,55,1
V06300,CU04615,SUV,Tata Nexon EV,100,4
V06301,CU03013,Hatchback,MG Comet,30,4
V06302,CU02611,Hatchback,Tata Tiago EV,35,3
V06303,CU02474,SUV,Tata Nexon EV,82,1
V06304,CU03762,Two-Wheeler,Ola S1,3,1
V06305,CU02689,Sedan,MG5,50,0
V06306,CU04805,Sedan,BYD Seal,50,1
V06307,CU01291,SUV,Tata Nexon EV,100,0
V06308,CU02036,SUV,Hyundai Ioniq 5,75,2
V06309,CU00107,Sedan,MG5,60,0
V06310,CU02608,Two-Wheeler,Ather 450X,4,1
V06311,CU02186,SUV,Tata Nexon EV,82,0
V06312,CU01689,Hatchback,Tata Tiago EV,30,3
V06313,CU00006,Hatchback,Tata Tiago EV,30,1
V06314,CU00523,Sedan,BYD Seal,50,1
V06315,CU03344,SUV,Hyundai Ioniq 5,100,2
V06316,CU03896,Hatchback,Tata Tiago EV,30,3
V06317,CU00066,Commercial Van,Mahindra Treo,80,4
V06318,CU03411,Sedan,BYD Seal,50,3
V06319,CU02982,SUV,Hyundai Ioniq 5,70,1
V06320,CU04594,Hatchback,Tata Tiago EV,30,2
V06321,CU02816,Two-Wheeler,Ather 450X,2,4
V06322,CU02018,Two-Wheeler,Ola S1,3,2
V06323,CU01743,Hatchback,MG Comet,35,0
V06324,CU03510,Commercial Van,Tata Ace EV,120,4
V06325,CU04082,Sedan,BYD Seal,50,2
V06326,CU03535,SUV,Mahindra XUV400,82,2
V06327,CU02783,Two-Wheeler,Ather 450X,2,1
V06328,CU00363,Two-Wheeler,Ather 450X,3,4
V06329,CU03282,Commercial Van,Tata Ace EV,80,1
V06330,CU01635,Two-Wheeler,Ather 450X,2,4
V06331,CU00525,Commercial Van,Mahindra Treo,120,2
V06332,CU04927,Hatchback,MG Comet,35,2
V06333,CU01723,Sedan,BYD Seal,55,2
V06334,CU00420,SUV,Mahindra XUV400,100,0
V06335,CU04229,Two-Wheeler,Ola S1,2,4
V06336,CU03865,SUV,Tata Nexon EV,70,2
V06337,CU01068,Hatchback,Tata Tiago EV,40,2
V06338,CU01401,Two-Wheeler,Ather 450X,4,4
V06339,CU01420,Commercial Van,Mahindra Treo,120,3
V06340,CU03134,Sedan,BYD Seal,55,4
V06341,CU03637,Hatchback,Tata Tiago EV,35,1
V06342,CU04003,Hatchback,Tata Tiago EV,35,1
V06343,CU00630,Hatchback,Tata Tiago EV,30,2
V06344,CU04417,SUV,Tata Nexon EV,100,1
V06345,CU01835,Commercial Van,Tata Ace EV,120,4
V06346,CU04132,Hatchback,MG Comet,40,4
V06347,CU02354,SUV,Hyundai Ioniq 5,75,2
V06348,CU03056,SUV,Hyundai Ioniq 5,82,0
V06349,CU02941,Sedan,BYD Seal,55,2
V06350,CU00012,SUV,Hyundai Ioniq 5,82,3
V06351,CU02131,Two-Wheeler,Ola S1,4,1
V06352,CU03104,Two-Wheeler,Ola S1,3,2
V06353,CU01432,Sedan,MG5,50,2
V06354,CU03158,Two-Wheeler,Ather 450X,3,1
V06355,CU01435,Sedan,MG5,60,4
V06356,CU00957,Hatchback,MG Comet,30,1
V06357,CU03859,Hatchback,Tata Tiago EV,30,1
V06358,CU04809,Sedan,MG5,60,0
V06359,CU03635,Hatchback,MG Comet,30,2
V06360,CU03904,Sedan,BYD Seal,60,3
V06361,CU00241,SUV,Mahindra XUV400,70,2
V06362,CU01956,SUV,Tata Nexon EV,82,2
V06363,CU02013,Hatchback,Tata Tiago EV,35,4
V06364,CU04992,Sedan,MG5,50,0
V06365,CU04066,SUV,Hyundai Ioniq 5,75,3
V06366,CU02804,Sedan,BYD Seal,60,1
V06367,CU03904,Sedan,BYD Seal,55,4
V06368,CU01025,Two-Wheeler,Ola S1,3,1
V06369,CU00601,Hatchback,Tata Tiago EV,35,2
V06370,CU02330,Sedan,MG5,60,4
V06371,CU02699,Hatchback,MG Comet,30,2
V06372,CU04695,Hatchback,MG Comet,35,4
V06373,CU03027,Commercial Van,Tata Ace EV,60,2
V06374,CU01143,Sedan,BYD Seal,60,2
V06375,CU01012,SUV,Tata Nexon EV,82,4
V06376,CU01104,Two-Wheeler,Ola S1,2,3
V06377,CU01647,Hatchback,MG Comet,40,1
V06378,CU01701,Hatchback,MG Comet,30,2
V06379,CU00219,Two-Wheeler,Ola S1,4,0
V06380,CU03589,Two-Wheeler,Ather 450X,3,0
V06381,CU00727,Sedan,BYD Seal,55,4
V06382,CU04614,Sedan,MG5,55,4
V06383,CU00812,Two-Wheeler,Ather 450X,4,1
V06384,CU04910,Sedan,MG5,55,2
V06385,CU04710,Hatchback,MG Comet,35,3
V06386,CU04522,Sedan,BYD Seal,50,1
V06387,CU01584,Sedan,MG5,55,2
V06388,CU04038,Hatchback,MG Comet,30,1
V06389,CU00883,Sedan,BYD Seal,55,1
V06390,CU00432,Two-Wheeler,Ola S1,3,3
V06391,CU04035,SUV,Hyundai Ioniq 5,75,4
V06392,CU00948,Hatchback,Tata Tiago EV,35,1
V06393,CU03908,Sedan,BYD Seal,50,0
V06394,CU01668,Two-Wheeler,Ather 450X,4,4
V06395,CU02983,Hatchback,MG Comet,35,1
V06396,CU02540,Hatchback,Tata Tiago EV,30,3
V06397,CU02114,Sedan,MG5,55,1
V06398,CU00391,Hatchback,Tata Tiago EV,30,3
V06399,CU00083,Commercial Van,Tata Ace EV,60,0
V06400,CU01003,SUV,Hyundai Ioniq 5,82,0
V06401,CU00481,Sedan,BYD Seal,50,1
V06402,CU00777,Two-Wheeler,Ather 450X,2,3
V06403,CU04090,Sedan,BYD Seal,50,4
V06404,CU01755,Hatchback,MG Comet,40,2
V06405,CU01249,Hatchback,Tata Tiago EV,30,4
V06406,CU01137,SUV,Hyundai Ioniq 5,100,2
V06407,CU02700,Hatchback,MG Comet,40,0
V06408,CU03257,Sedan,MG5,55,0
V06409,CU01536,Hatchback,MG Comet,35,1
V06410,CU03245,Hatchback,MG Comet,40,4
V06411,CU00523,SUV,Tata Nexon EV,70,3
V06412,CU01695,Two-Wheeler,Ola S1,4,4
V06413,CU02253,Two-Wheeler,Ola S1,4,4
V06414,CU04838,SUV,Tata Nexon EV,75,1
V06415,CU03610,Commercial Van,Tata Ace EV,80,1
V06416,CU00278,Hatchback,MG Comet,35,3
V06417,CU00148,Hatchback,MG Comet,40,4
V06418,CU04874,Sedan,BYD Seal,60,3
V06419,CU04515,Sedan,MG5,50,4
V06420,CU02586,Sedan,MG5,60,3
V06421,CU03655,Hatchback,Tata Tiago EV,40,4
V06422,CU03621,Hatchback,MG Comet,35,2
V06423,CU02440,SUV,Tata Nexon EV,70,2
V06424,CU00940,Commercial Van,Tata Ace EV,60,4
V06425,CU03710,Sedan,MG5,50,4
V06426,CU04338,Hatchback,Tata Tiago EV,30,0
V06427,CU01224,Two-Wheeler,Ather 450X,2,3
V06428,CU03364,Sedan,MG5,60,3
V06429,CU03024,Hatchback,Tata Tiago EV,30,2
V06430,CU01818,Sedan,BYD Seal,55,4
V06431,CU03373,Two-Wheeler,Ather 450X,2,1
V06432,CU00684,Two-Wheeler,Ola S1,4,3
V06433,CU01233,SUV,Hyundai Ioniq 5,82,1
V06434,CU03386,Sedan,BYD Seal,60,1
V06435,CU00617,Sedan,BYD Seal,50,3
V06436,CU02074,Hatchback,Tata Tiago EV,30,4
V06437,CU02911,Commercial Van,Mahindra Treo,120,3
V06438,CU02018,SUV,Hyundai Ioniq 5,100,4
V06439,CU04224,Hatchback,Tata Tiago EV,35,1
V06440,CU04509,SUV,Tata Nexon EV,100,4
V06441,CU02185,Sedan,MG5,50,4
V06442,CU01358,Commercial Van,Tata Ace EV,80,0
V06443,CU04667,Two-Wheeler,Ola S1,3,0
V06444,CU03064,Hatchback,MG Comet,40,0
V06445,CU02469,Two-Wheeler,Ather 450X,4,1
V06446,CU03921,Sedan,BYD Seal,60,3
V06447,CU04237,Hatchback,MG Comet,35,4
V06448,CU01940,SUV,Hyundai Ioniq 5,70,4
V06449,CU03857,SUV,Hyundai Ioniq 5,75,3
V06450,CU00051,Hatchback,Tata Tiago EV,35,1
V06451,CU02977,SUV,Tata Nexon EV,70,0
V06452,CU01361,SUV,Mahindra XUV400,82,4
V06453,CU03737,Hatchback,MG Comet,35,3
V06454,CU03803,Sedan,MG5,55,2
V06455,CU03803,SUV,Tata Nexon EV,100,0
V06456,CU00366,Hatchback,Tata Tiago EV,35,0
V06457,CU02956,Two-Wheeler,Ola S1,2,2
V06458,CU03046,Hatchback,Tata Tiago EV,40,2
V06459,CU02004,Hatchback,Tata Tiago EV,40,2
V06460,CU02902,Hatchback,Tata Tiago EV,40,0
V06461,CU00258,SUV,Tata Nexon EV,100,2
V06462,CU03460,SUV,Hyundai Ioniq 5,70,1
V06463,CU00045,Sedan,BYD Seal,50,2
V06464,CU00269,Sedan,BYD Seal,60,2
V06465,CU01335,Two-Wheeler,Ather 450X,4,0
V06466,CU00672,Hatchback,Tata Tiago EV,40,3
V06467,CU03639,Sedan,BYD Seal,60,2
V06468,CU00235,Hatchback,MG Comet,35,2
V06469,CU03208,Hatchback,Tata Tiago EV,30,3
V06470,CU02401,Sedan,MG5,55,1
V06471,CU01418,Hatchback,Tata Tiago EV,30,2
V06472,CU04371,Sedan,MG5,60,3
V06473,CU03255,Two-Wheeler,Ola S1,3,0
V06474,CU00440,Hatchback,Tata Tiago EV,35,4
V06475,CU04968,Two-Wheeler,Ather 450X,4,3
V06476,CU00651,SUV,Mahindra XUV400,82,3
V06477,CU00034,Sedan,BYD Seal,60,4
V06478,CU02753,SUV,Tata Nexon EV,70,4
V06479,CU04963,Sedan,MG5,60,3
V06480,CU03033,Hatchback,Tata Tiago EV,40,0
V06481,CU04928,Commercial Van,Mahindra Treo,80,0
V06482,CU01111,SUV,Mahindra XUV400,70,1
V06483,CU03282,Two-Wheeler,Ola S1,2,1
V06484,CU00462,Two-Wheeler,Ola S1,3,1
V06485,CU00322,Hatchback,Tata Tiago EV,35,2
V06486,CU04511,Hatchback,Tata Tiago EV,35,2
V06487,CU01875,Hatchback,Tata Tiago EV,40,4
V06488,CU03040,Two-Wheeler,Ather 450X,3,3
V06489,CU02238,Two-Wheeler,Ola S1,3,4
V06490,CU04022,SUV,Mahindra XUV400,75,0
V06491,CU01257,Hatchback,Tata Tiago EV,40,3
V06492,CU02440,Hatchback,Tata Tiago EV,30,4
V06493,CU04010,Two-Wheeler,Ather 450X,4,2
V06494,CU03241,Commercial Van,Tata Ace EV,60,4
V06495,CU04264,Hatchback,MG Comet,40,3
V06496,CU03303,Hatchback,Tata Tiago EV,40,2
V06497,CU02712,Sedan,BYD Seal,60,4
V06498,CU01410,Hatchback,MG Comet,30,1
V06499,CU02429,Two-Wheeler,Ather 450X,3,1
V06500,CU01833,Sedan,MG5,55,3
V06501,CU02025,SUV,Mahindra XUV400,70,4
V06502,CU03347,Sedan,MG5,55,2
V06503,CU04994,Sedan,MG5,60,0
V06504,CU03932,Hatchback,Tata Tiago EV,35,0
V06505,CU02912,Two-Wheeler,Ola S1,2,1
V06506,CU04958,SUV,Hyundai Ioniq 5,82,4
V06507,CU04246,Sedan,MG5,60,1
V06508,CU03214,Sedan,MG5,50,1
V06509,CU02164,Hatchback,MG Comet,30,1
V06510,CU04920,Hatchback,Tata Tiago EV,40,0
V06511,CU01453,SUV,Hyundai Ioniq 5,75,4
V06512,CU02754,SUV,Mahindra XUV400,82,3
V06513,CU02902,Sedan,MG5,60,4
V06514,CU03072,Two-Wheeler,Ather 450X,3,0
V06515,CU04047,SUV,Hyundai Ioniq 5,82,4
V06516,CU00306,Sedan,BYD Seal,60,1
V06517,CU01385,Hatchback,Tata Tiago EV,30,3
V06518,CU03368,Two-Wheeler,Ola S1,2,4
V06519,CU01575,SUV,Tata Nexon EV,82,1
V06520,CU00873,Hatchback,MG Comet,40,0
V06521,CU00169,SUV,Mahindra XUV400,75,0
V06522,CU01604,Sedan,BYD Seal,55,2
V06523,CU01031,Two-Wheeler,Ather 450X,4,4
V06524,CU01735,Commercial Van,Tata Ace EV,60,1
V06525,CU04443,SUV,Hyundai Ioniq 5,75,4
V06526,CU03668,Two-Wheeler,Ather 450X,2,0
V06527,CU04831,Hatchback,Tata Tiago EV,40,1
V06528,CU01277,SUV,Mahindra XUV400,82,1
V06529,CU00543,Two-Wheeler,Ather 450X,2,4
V06530,CU00355,Sedan,MG5,50,3
V06531,CU04809,SUV,Mahindra XUV400,70,4
V06532,CU04037,Two-Wheeler,Ola S1,2,4
V06533,CU03440,Hatchback,MG Comet,40,2
V06534,CU00584,Hatchback,MG Comet,30,3
V06535,CU00511,SUV,Tata Nexon EV,100,3
V06536,CU00947,Two-Wheeler,Ather 450X,2,0
V06537,CU03474,Two-Wheeler,Ather 450X,3,1
V06538,CU01199,SUV,Mahindra XUV400,70,1
V06539,CU02872,Two-Wheeler,Ather 450X,2,0
V06540,CU03996,Two-Wheeler,Ather 450X,3,2
V06541,CU03922,Hatchback,Tata Tiago EV,35,3
V06542,CU04174,Two-Wheeler,Ather 450X,2,0
V06543,CU04536,Hatchback,Tata Tiago EV,30,3
V06544,CU03304,Hatchback,Tata Tiago EV,40,0
V06545,CU02448,Sedan,BYD Seal,55,3
V06546,CU03285,Sedan,MG5,60,3
V06547,CU01217,Sedan,BYD Seal,55,1
V06548,CU01291,Hatchback,MG Comet,35,3
V06549,CU04222,Sedan,BYD Seal,60,1
V06550,CU00502,Hatchback,Tata Tiago EV,30,1
V06551,CU02872,Sedan,BYD Seal,50,4
V06552,CU00387,Two-Wheeler,Ather 450X,4,2
V06553,CU00412,Two-Wheeler,Ola S1,2,1
V06554,CU02007,Two-Wheeler,Ola S1,2,2
V06555,CU02148,Sedan,MG5,55,2
V06556,CU03869,Two-Wheeler,Ola S1,2,2
V06557,CU01339,Sedan,BYD Seal,50,2
V06558,CU00353,Hatchback,Tata Tiago EV,40,4
V06559,CU04965,SUV,Mahindra XUV400,75,1
V06560,CU03189,SUV,Mahindra XUV400,70,2
V06561,CU01303,Two-Wheeler,Ather 450X,3,3
V06562,CU00847,SUV,Hyundai Ioniq 5,82,2
V06563,CU00526,Hatchback,Tata Tiago EV,30,0
V06564,CU02525,Two-Wheeler,Ola S1,3,2
V06565,CU01879,SUV,Hyundai Ioniq 5,70,1
V06566,CU04106,Two-Wheeler,Ola S1,4,4
V06567,CU03631,Two-Wheeler,Ola S1,2,3
V06568,CU03810,Sedan,MG5,60,3
V06569,CU02820,Hatchback,MG Comet,35,1
V06570,CU02908,Hatchback,MG Comet,30,3
V06571,CU03078,Hatchback,Tata Tiago EV,30,2
V06572,CU03831,Hatchback,MG Comet,40,0
V06573,CU01059,Sedan,BYD Seal,50,0
V06574,CU02490,Commercial Van,Mahindra Treo,80,4
V06575,CU03649,Two-Wheeler,Ather 450X,4,2
V06576,CU03265,Two-Wheeler,Ather 450X,3,3
V06577,CU03602,Hatchback,Tata Tiago EV,40,2
V06578,CU02294,Sedan,BYD Seal,55,4
V06579,CU00675,SUV,Mahindra XUV400,70,0
V06580,CU01879,Hatchback,Tata Tiago EV,30,0
V06581,CU01012,Two-Wheeler,Ola S1,4,2
V06582,CU00794,Commercial Van,Mahindra Treo,120,0
V06583,CU00233,Sedan,MG5,50,4
V06584,CU03028,Two-Wheeler,Ola S1,2,2
V06585,CU03610,Hatchback,MG Comet,35,1
V06586,CU02174,SUV,Hyundai Ioniq 5,100,4
V06587,CU03385,Hatchback,MG Comet,35,2
V06588,CU04607,Hatchback,Tata Tiago EV,35,0
V06589,CU02329,Two-Wheeler,Ather 450X,3,4
V06590,CU00798,Two-Wheeler,Ola S1,3,3
V06591,CU03685,SUV,Mahindra XUV400,100,4
V06592,CU04488,Sedan,MG5,50,0
V06593,CU04478,SUV,Hyundai Ioniq 5,82,3
V06594,CU02590,Two-Wheeler,Ather 450X,2,3
V06595,CU04702,Commercial Van,Tata Ace EV,60,0
V06596,CU04212,Two-Wheeler,Ola S1,4,1
V06597,CU00509,Two-Wheeler,Ola S1,2,0
V06598,CU01464,SUV,Tata Nexon EV,100,3
V06599,CU03363,SUV,Tata Nexon EV,75,4
V06600,CU03111,Hatchback,Tata Tiago EV,40,3
V06601,CU01048,Hatchback,Tata Tiago EV,40,0
V06602,CU04872,Two-Wheeler,Ola S1,4,3
V06603,CU04436,Two-Wheeler,Ather 450X,3,3
V06604,CU00169,SUV,Mahindra XUV400,100,3
V06605,CU01562,Sedan,MG5,55,2
V06606,CU03173,Hatchback,MG Comet,40,2
V06607,CU00575,Sedan,BYD Seal,50,1
V06608,CU01743,Sedan,BYD Seal,60,2
V06609,CU04571,Sedan,BYD Seal,55,2
V06610,CU04017,Commercial Van,Mahindra Treo,80,4
V06611,CU02359,Hatchback,Tata Tiago EV,35,0
V06612,CU04025,SUV,Tata Nexon EV,70,0
V06613,CU00531,Sedan,MG5,50,4
V06614,CU00991,Commercial Van,Mahindra Treo,120,2
V06615,CU02121,Two-Wheeler,Ather 450X,4,4
V06616,CU04965,Sedan,BYD Seal,50,3
V06617,CU02442,Commercial Van,Tata Ace EV,120,4
V06618,CU02529,SUV,Hyundai Ioniq 5,100,1
V06619,CU02521,Hatchback,MG Comet,30,2
V06620,CU04409,SUV,Mahindra XUV400,100,4
V06621,CU01462,Hatchback,MG Comet,35,4
V06622,CU00952,SUV,Tata Nexon EV,82,0
V06623,CU00965,Commercial Van,Mahindra Treo,60,2
V06624,CU02135,Two-Wheeler,Ola S1,2,3
V06625,CU04455,Sedan,MG5,60,2
V06626,CU00695,Sedan,MG5,60,0
V06627,CU02245,Hatchback,Tata Tiago EV,30,1
V06628,CU02804,Sedan,MG5,50,2
V06629,CU03912,Hatchback,MG Comet,35,4
V06630,CU03025,Sedan,BYD Seal,60,1
V06631,CU01409,Two-Wheeler,Ola S1,3,4
V06632,CU04594,Two-Wheeler,Ola S1,4,2
V06633,CU02979,Hatchback,Tata Tiago EV,35,0
V06634,CU00462,Sedan,BYD Seal,55,1
V06635,CU01618,Sedan,MG5,60,3
V06636,CU00417,Hatchback,Tata Tiago EV,40,3
V06637,CU01389,Sedan,BYD Seal,50,0
V06638,CU04368,Sedan,BYD Seal,60,0
V06639,CU04488,SUV,Tata Nexon EV,75,3
V06640,CU02595,Two-Wheeler,Ather 450X,2,1
V06641,CU04821,Sedan,MG5,60,4
V06642,CU01747,Two-Wheeler,Ola S1,3,2
V06643,CU03502,Hatchback,MG Comet,40,1
V06644,CU02860,Two-Wheeler,Ather 450X,2,0
V06645,CU03979,Hatchback,Tata Tiago EV,40,1
V06646,CU04491,Hatchback,Tata Tiago EV,35,4
V06647,CU04758,Hatchback,MG Comet,35,0
V06648,CU00853,Sedan,MG5,50,0
V06649,CU03291,SUV,Tata Nexon EV,100,1
V06650,CU01712,Commercial Van,Tata Ace EV,80,0
V06651,CU02526,Two-Wheeler,Ather 450X,3,4
V06652,CU03647,Sedan,BYD Seal,50,4
V06653,CU02031,SUV,Hyundai Ioniq 5,100,1
V06654,CU00237,SUV,Tata Nexon EV,70,0
V06655,CU01057,Two-Wheeler,Ola S1,2,4
V06656,CU02261,Two-Wheeler,Ather 450X,4,2
V06657,CU02427,SUV,Mahindra XUV400,100,1
V06658,CU01026,SUV,Hyundai Ioniq 5,82,4
V06659,CU00909,Two-Wheeler,Ola S1,3,1
V06660,CU00450,Hatchback,Tata Tiago EV,30,4
V06661,CU00569,Hatchback,Tata Tiago EV,35,2
V06662,CU03499,SUV,Hyundai Ioniq 5,70,3
V06663,CU02861,Two-Wheeler,Ola S1,3,3
V06664,CU02327,Sedan,MG5,55,0
V06665,CU04310,Commercial Van,Mahindra Treo,60,3
V06666,CU01309,Hatchback,MG Comet,30,3
V06667,CU00718,Sedan,MG5,60,0
V06668,CU00970,Sedan,BYD Seal,50,1
V06669,CU03346,Commercial Van,Tata Ace EV,80,0
V06670,CU02486,Sedan,BYD Seal,60,2
V06671,CU03656,Sedan,MG5,60,2
V06672,CU02719,Hatchback,Tata Tiago EV,35,3
V06673,CU00904,SUV,Mahindra XUV400,75,0
V06674,CU01451,Two-Wheeler,Ola S1,2,4
V06675,CU01456,Sedan,BYD Seal,60,2
V06676,CU04231,Two-Wheeler,Ola S1,3,3
V06677,CU00532,Commercial Van,Tata Ace EV,80,3
V06678,CU02268,Hatchback,Tata Tiago EV,30,3
V06679,CU00333,Two-Wheeler,Ather 450X,3,0
V06680,CU01322,Sedan,MG5,55,4
V06681,CU04053,Hatchback,Tata Tiago EV,35,4
V06682,CU01709,SUV,Hyundai Ioniq 5,100,2
V06683,CU03527,Two-Wheeler,Ola S1,3,3
V06684,CU00401,Sedan,BYD Seal,60,4
V06685,CU03631,Hatchback,Tata Tiago EV,35,0
V06686,CU03038,Commercial Van,Mahindra Treo,80,0
V06687,CU03992,Two-Wheeler,Ola S1,3,1
V06688,CU01479,Sedan,BYD Seal,50,3
V06689,CU01915,Sedan,BYD Seal,60,2
V06690,CU01058,Hatchback,MG Comet,35,2
V06691,CU02994,Sedan,BYD Seal,60,1
V06692,CU00042,SUV,Mahindra XUV400,100,0
V06693,CU04897,SUV,Tata Nexon EV,70,4
V06694,CU02171,Hatchback,MG Comet,40,0
V06695,CU00027,Two-Wheeler,Ola S1,2,1
V06696,CU03534,Sedan,MG5,60,2
V06697,CU02619,SUV,Hyundai Ioniq 5,75,4
V06698,CU01171,Sedan,BYD Seal,55,4
V06699,CU03699,Sedan,MG5,60,2
V06700,CU00711,Hatchback,MG Comet,30,0
V06701,CU03200,SUV,Tata Nexon EV,75,2
V06702,CU02424,Sedan,MG5,60,1
V06703,CU02019,Hatchback,MG Comet,40,3
V06704,CU04761,Hatchback,Tata Tiago EV,40,4
V06705,CU04879,Sedan,BYD Seal,50,4
V06706,CU02899,Hatchback,MG Comet,35,0
V06707,CU02048,SUV,Tata Nexon EV,100,3
V06708,CU01559,Sedan,BYD Seal,55,1
V06709,CU03595,SUV,Hyundai Ioniq 5,100,1
V06710,CU01723,Commercial Van,Tata Ace EV,60,3
V06711,CU04053,SUV,Tata Nexon EV,70,2
V06712,CU01652,Two-Wheeler,Ather 450X,3,0
V06713,CU01779,Two-Wheeler,Ola S1,2,3
V06714,CU00684,Commercial Van,Tata Ace EV,60,3
V06715,CU01280,Hatchback,Tata Tiago EV,30,4
V06716,CU02295,Two-Wheeler,Ather 450X,3,3
V06717,CU02011,Commercial Van,Mahindra Treo,120,1
V06718,CU01216,Sedan,MG5,55,0
V06719,CU02583,Sedan,BYD Seal,55,2
V06720,CU01894,Commercial Van,Mahindra Treo,60,0
V06721,CU00314,SUV,Tata Nexon EV,75,3
V06722,CU03995,Sedan,BYD Seal,50,3
V06723,CU00444,Two-Wheeler,Ather 450X,2,3
V06724,CU01672,Sedan,BYD Seal,50,1
V06725,CU02917,Hatchback,Tata Tiago EV,40,3
V06726,CU03267,SUV,Mahindra XUV400,75,3
V06727,CU04678,SUV,Hyundai Ioniq 5,82,3
V06728,CU04644,Two-Wheeler,Ather 450X,2,1
V06729,CU03096,Sedan,BYD Seal,50,4
V06730,CU04561,Two-Wheeler,Ather 450X,4,3
V06731,CU01865,Sedan,MG5,55,0
V06732,CU00716,SUV,Hyundai Ioniq 5,75,1
V06733,CU00892,Hatchback,MG Comet,40,4
V06734,CU03808,Sedan,MG5,60,2
V06735,CU00501,Two-Wheeler,Ather 450X,4,1
V06736,CU02783,Hatchback,MG Comet,30,0
V06737,CU02641,Two-Wheeler,Ola S1,3,1
V06738,CU04503,Sedan,MG5,55,0
V06739,CU01354,Hatchback,Tata Tiago EV,35,1
V06740,CU00703,Hatchback,Tata Tiago EV,40,2
V06741,CU02334,Two-Wheeler,Ola S1,2,0
V06742,CU02195,Sedan,MG5,55,3
V06743,CU02010,SUV,Tata Nexon EV,82,2
V06744,CU00384,SUV,Tata Nexon EV,70,2
V06745,CU02059,Sedan,BYD Seal,50,3
V06746,CU02324,Sedan,BYD Seal,50,2
V06747,CU00886,Sedan,MG5,50,0
V06748,CU01592,Commercial Van,Tata Ace EV,120,0
V06749,CU04399,Sedan,MG5,50,3
V06750,CU02252,Hatchback,MG Comet,35,2
V06751,CU04441,Sedan,MG5,50,2
V06752,CU01784,SUV,Mahindra XUV400,100,1
V06753,CU04922,SUV,Tata Nexon EV,82,1
V06754,CU04118,Commercial Van,Tata Ace EV,80,2
V06755,CU02584,Two-Wheeler,Ather 450X,3,2
V06756,CU01730,Sedan,MG5,60,1
V06757,CU00263,Sedan,BYD Seal,55,4
V06758,CU02632,Two-Wheeler,Ather 450X,2,3
V06759,CU03827,Commercial Van,Tata Ace EV,60,3
V06760,CU02431,Sedan,BYD Seal,60,3
V06761,CU00392,Sedan,MG5,55,3
V06762,CU02937,Two-Wheeler,Ather 450X,2,0
V06763,CU03673,Sedan,BYD Seal,50,3
V06764,CU00540,Sedan,BYD Seal,60,3
V06765,CU01116,Commercial Van,Mahindra Treo,60,2
V06766,CU00884,Two-Wheeler,Ather 450X,3,1
V06767,CU04324,Hatchback,Tata Tiago EV,30,2
V06768,CU02420,Sedan,MG5,60,3
V06769,CU01400,Sedan,MG5,50,4
V06770,CU01577,Commercial Van,Mahindra Treo,120,0
V06771,CU02085,Commercial Van,Tata Ace EV,60,2
V06772,CU04787,Two-Wheeler,Ather 450X,3,1
V06773,CU01536,Sedan,BYD Seal,50,3
V06774,CU04754,Hatchback,MG Comet,30,4
V06775,CU00090,SUV,Hyundai Ioniq 5,100,0
V06776,CU04191,Sedan,MG5,55,1
V06777,CU01655,SUV,Hyundai Ioniq 5,82,1
V06778,CU01902,SUV,Tata Nexon EV,70,2
V06779,CU02680,Sedan,MG5,50,2
V06780,CU02171,Commercial Van,Mahindra Treo,60,4
V06781,CU00366,Hatchback,MG Comet,35,0
V06782,CU03961,Two-Wheeler,Ola S1,3,0
V06783,CU02373,Sedan,BYD Seal,60,0
V06784,CU00519,Two-Wheeler,Ola S1,3,2
V06785,CU04992,SUV,Tata Nexon EV,70,2
V06786,CU03711,Hatchback,Tata Tiago EV,35,2
V06787,CU00830,Sedan,MG5,50,2
V06788,CU02634,Hatchback,Tata Tiago EV,30,4
V06789,CU00271,Hatchback,Tata Tiago EV,35,3
V06790,CU02987,Two-Wheeler,Ola S1,3,1
V06791,CU03539,Hatchback,MG Comet,35,4
V06792,CU04565,Sedan,MG5,55,3
V06793,CU04815,Hatchback,MG Comet,30,0
V06794,CU01008,SUV,Tata Nexon EV,100,3
V06795,CU02318,Two-Wheeler,Ola S1,2,3
V06796,CU00605,Sedan,BYD Seal,50,3
V06797,CU04474,SUV,Hyundai Ioniq 5,75,0
V06798,CU00177,Two-Wheeler,Ola S1,3,0
V06799,CU02322,Hatchback,MG Comet,40,2
V06800,CU01715,Two-Wheeler,Ola S1,3,0
V06801,CU00637,Sedan,MG5,60,4
V06802,CU02624,Hatchback,Tata Tiago EV,30,2
V06803,CU04156,SUV,Hyundai Ioniq 5,100,1
V06804,CU02779,Hatchback,MG Comet,30,4
V06805,CU03753,Two-Wheeler,Ather 450X,4,1
V06806,CU00661,Hatchback,MG Comet,30,2
V06807,CU04366,Hatchback,MG Comet,35,3
V06808,CU03188,SUV,Hyundai Ioniq 5,100,2
V06809,CU04341,SUV,Mahindra XUV400,82,4
V06810,CU04756,Two-Wheeler,Ather 450X,4,4
V06811,CU00085,Sedan,BYD Seal,60,1
V06812,CU03671,Two-Wheeler,Ather 450X,4,4
V06813,CU00907,Commercial Van,Tata Ace EV,80,4
V06814,CU03522,Sedan,MG5,50,0
V06815,CU01876,Two-Wheeler,Ather 450X,4,3
V06816,CU03959,SUV,Tata Nexon EV,70,2
V06817,CU02137,Hatchback,Tata Tiago EV,40,3
V06818,CU02597,Sedan,MG5,50,2
V06819,CU00854,Hatchback,Tata Tiago EV,40,4
V06820,CU00507,Commercial Van,Mahindra Treo,80,1
V06821,CU00408,Hatchback,MG Comet,30,0
V06822,CU00524,SUV,Mahindra XUV400,75,3
V06823,CU03051,Sedan,BYD Seal,60,3
V06824,CU02398,SUV,Tata Nexon EV,100,2
V06825,CU02900,Hatchback,Tata Tiago EV,30,0
V06826,CU00328,Two-Wheeler,Ola S1,4,4
V06827,CU01836,Hatchback,MG Comet,35,0
V06828,CU01310,Two-Wheeler,Ola S1,4,4
V06829,CU04719,Two-Wheeler,Ather 450X,2,3
V06830,CU02536,SUV,Mahindra XUV400,82,3
V06831,CU02042,Hatchback,Tata Tiago EV,35,4
V06832,CU02535,Hatchback,Tata Tiago EV,35,0
V06833,CU02193,Two-Wheeler,Ather 450X,4,4
V06834,CU00756,Hatchback,Tata Tiago EV,35,2
V06835,CU00146,Hatchback,MG Comet,35,0
V06836,CU03823,SUV,Tata Nexon EV,82,2
V06837,CU03575,Sedan,MG5,55,0
V06838,CU01628,Hatchback,MG Comet,35,2
V06839,CU04924,SUV,Hyundai Ioniq 5,100,0
V06840,CU01859,Sedan,MG5,55,1
V06841,CU04723,Hatchback,MG Comet,30,4
V06842,CU03599,SUV,Mahindra XUV400,75,1
V06843,CU00630,Sedan,MG5,55,4
V06844,CU03167,Two-Wheeler,Ola S1,4,0
V06845,CU03519,Hatchback,Tata Tiago EV,30,0
V06846,CU04353,SUV,Hyundai Ioniq 5,75,2
V06847,CU03915,Sedan,BYD Seal,50,3
V06848,CU00905,Sedan,BYD Seal,50,2
V06849,CU02618,Hatchback,MG Comet,35,1
V06850,CU02790,Hatchback,Tata Tiago EV,40,3
V06851,CU00108,Two-Wheeler,Ola S1,2,4
V06852,CU01043,Sedan,MG5,55,1
V06853,CU01389,SUV,Mahindra XUV400,82,2
V06854,CU01677,Commercial Van,Mahindra Treo,80,0
V06855,CU04256,SUV,Tata Nexon EV,82,4
V06856,CU04196,Sedan,MG5,50,1
V06857,CU00265,Sedan,MG5,60,0
V06858,CU03822,Commercial Van,Mahindra Treo,80,0
V06859,CU02798,SUV,Mahindra XUV400,100,4
V06860,CU03121,SUV,Mahindra XUV400,75,4
V06861,CU00677,Sedan,BYD Seal,50,3
V06862,CU04895,Two-Wheeler,Ola S1,4,1
V06863,CU03487,Two-Wheeler,Ather 450X,4,2
V06864,CU02707,Sedan,MG5,60,1
V06865,CU03970,SUV,Hyundai Ioniq 5,82,2
V06866,CU00608,Sedan,MG5,55,3
V06867,CU03426,Hatchback,Tata Tiago EV,35,2
V06868,CU02395,Two-Wheeler,Ola S1,2,4
V06869,CU02860,Hatchback,Tata Tiago EV,35,1
V06870,CU04897,SUV,Hyundai Ioniq 5,75,1
V06871,CU01161,Sedan,MG5,50,0
V06872,CU01848,Sedan,BYD Seal,55,2
V06873,CU04058,Sedan,MG5,55,4
V06874,CU01492,Commercial Van,Tata Ace EV,80,0
V06875,CU02022,Sedan,MG5,60,2
V06876,CU04599,Hatchback,Tata Tiago EV,30,1
V06877,CU03016,SUV,Mahindra XUV400,70,3
V06878,CU04567,Hatchback,MG Comet,35,4
V06879,CU02738,Hatchback,MG Comet,35,0
V06880,CU02049,Hatchback,Tata Tiago EV,35,2
V06881,CU04206,Hatchback,Tata Tiago EV,40,1
V06882,CU03955,Sedan,MG5,60,3
V06883,CU00894,Sedan,MG5,55,3
V06884,CU01088,Hatchback,MG Comet,30,3
V06885,CU04852,Two-Wheeler,Ola S1,4,3
V06886,CU04149,Hatchback,Tata Tiago EV,35,3
V06887,CU02310,Commercial Van,Mahindra Treo,120,0
V06888,CU03601,SUV,Mahindra XUV400,82,4
V06889,CU02934,Hatchback,Tata Tiago EV,35,0
V06890,CU02282,Commercial Van,Tata Ace EV,60,3
V06891,CU00073,Sedan,BYD Seal,60,2
V06892,CU01381,Sedan,MG5,55,1
V06893,CU00484,Sedan,BYD Seal,60,3
V06894,CU01030,Two-Wheeler,Ather 450X,2,1
V06895,CU03782,Sedan,MG5,55,3
V06896,CU04973,Hatchback,MG Comet,35,2
V06897,CU03780,Hatchback,Tata Tiago EV,30,2
V06898,CU01832,Two-Wheeler,Ather 450X,4,4
V06899,CU04955,Hatchback,MG Comet,30,2
V06900,CU02021,Hatchback,MG Comet,30,3
V06901,CU00779,Sedan,BYD Seal,50,3
V06902,CU03476,Two-Wheeler,Ather 450X,2,0
V06903,CU04724,Sedan,BYD Seal,50,4
V06904,CU03278,Sedan,MG5,50,0
V06905,CU00410,Two-Wheeler,Ola S1,2,1
V06906,CU01060,Hatchback,MG Comet,35,4
V06907,CU02310,SUV,Tata Nexon EV,75,1
V06908,CU01601,Commercial Van,Tata Ace EV,80,4
V06909,CU04988,Two-Wheeler,Ola S1,3,2
V06910,CU04544,Hatchback,MG Comet,40,3
V06911,CU02234,Sedan,MG5,50,2
V06912,CU01653,Hatchback,MG Comet,40,3
V06913,CU01298,Commercial Van,Mahindra Treo,80,1
V06914,CU00352,Commercial Van,Mahindra Treo,60,2
V06915,CU03223,Hatchback,MG Comet,30,1
V06916,CU02432,SUV,Hyundai Ioniq 5,82,1
V06917,CU00465,Two-Wheeler,Ather 450X,2,4
V06918,CU02514,Hatchback,MG Comet,40,4
V06919,CU03167,Hatchback,Tata Tiago EV,30,1
V06920,CU02210,Hatchback,MG Comet,40,2
V06921,CU00556,Sedan,BYD Seal,55,4
V06922,CU00300,Two-Wheeler,Ather 450X,3,2
V06923,CU03867,Commercial Van,Tata Ace EV,80,0
V06924,CU00356,Hatchback,Tata Tiago EV,35,2
V06925,CU00564,Hatchback,MG Comet,30,2
V06926,CU04010,Sedan,MG5,55,1
V06927,CU04889,Two-Wheeler,Ather 450X,2,2
V06928,CU01023,SUV,Tata Nexon EV,100,4
V06929,CU01191,SUV,Hyundai Ioniq 5,100,3
V06930,CU03211,SUV,Hyundai Ioniq 5,70,1
V06931,CU01905,Hatchback,MG Comet,35,0
V06932,CU02037,Sedan,MG5,50,1
V06933,CU01027,Commercial Van,Mahindra Treo,80,4
V06934,CU00256,Hatchback,Tata Tiago EV,35,3
V06935,CU02419,SUV,Mahindra XUV400,82,0
V06936,CU02564,Sedan,BYD Seal,60,0
V06937,CU02952,SUV,Tata Nexon EV,82,0
V06938,CU00270,SUV,Hyundai Ioniq 5,82,3
V06939,CU00928,SUV,Tata Nexon EV,100,4
V06940,CU00064,Two-Wheeler,Ola S1,2,4
V06941,CU04556,Sedan,BYD Seal,60,1
V06942,CU01043,SUV,Hyundai Ioniq 5,100,0
V06943,CU04189,Hatchback,MG Comet,35,0
V06944,CU04869,Two-Wheeler,Ather 450X,4,3
V06945,CU00810,Sedan,BYD Seal,60,4
V06946,CU02042,Two-Wheeler,Ather 450X,4,3
V06947,CU03089,Sedan,BYD Seal,50,2
V06948,CU01647,Hatchback,Tata Tiago EV,35,1
V06949,CU04936,Hatchback,MG Comet,35,4
V06950,CU00488,Commercial Van,Tata Ace EV,80,1
V06951,CU03082,Sedan,MG5,60,1
V06952,CU01748,Hatchback,Tata Tiago EV,35,0
V06953,CU00749,Hatchback,MG Comet,35,1
V06954,CU03838,Sedan,MG5,60,2
V06955,CU00528,Hatchback,MG Comet,30,0
V06956,CU01168,SUV,Mahindra XUV400,70,2
V06957,CU04650,Hatchback,Tata Tiago EV,40,2
V06958,CU04611,SUV,Mahindra XUV400,70,1
V06959,CU03542,Hatchback,MG Comet,30,4
V06960,CU04473,Sedan,BYD Seal,55,0
V06961,CU03740,SUV,Mahindra XUV400,75,2
V06962,CU00484,Hatchback,Tata Tiago EV,40,3
V06963,CU00452,Sedan,MG5,60,1
V06964,CU04070,Sedan,MG5,55,4
V06965,CU04398,Hatchback,MG Comet,35,2
V06966,CU03134,SUV,Hyundai Ioniq 5,75,4
V06967,CU01774,SUV,Tata Nexon EV,70,4
V06968,CU00999,SUV,Tata Nexon EV,70,3
V06969,CU02066,Hatchback,Tata Tiago EV,40,4
V06970,CU00398,Sedan,MG5,50,1
V06971,CU01804,Hatchback,MG Comet,35,1
V06972,CU02152,SUV,Hyundai Ioniq 5,82,0
V06973,CU01947,Sedan,MG5,55,2
V06974,CU03718,Sedan,MG5,55,1
V06975,CU03416,Two-Wheeler,Ola S1,3,0
V06976,CU01395,Hatchback,Tata Tiago EV,40,4
V06977,CU04129,Commercial Van,Mahindra Treo,60,0
V06978,CU02422,Hatchback,MG Comet,35,1
V06979,CU03920,Two-Wheeler,Ather 450X,4,3
V06980,CU03084,Sedan,BYD Seal,50,3
V06981,CU02789,Two-Wheeler,Ather 450X,3,4
V06982,CU01845,Hatchback,Tata Tiago EV,35,4
V06983,CU01805,Sedan,MG5,60,1
V06984,CU00890,Sedan,BYD Seal,55,0
V06985,CU02504,Commercial Van,Mahindra Treo,120,1
V06986,CU01894,Commercial Van,Tata Ace EV,80,0
V06987,CU01667,Hatchback,MG Comet,30,0
V06988,CU04345,SUV,Hyundai Ioniq 5,70,2
V06989,CU03066,SUV,Tata Nexon EV,75,3
V06990,CU03642,Hatchback,MG Comet,40,0
V06991,CU03076,Hatchback,MG Comet,35,2
V06992,CU01260,Commercial Van,Mahindra Treo,80,4
V06993,CU02221,Sedan,BYD Seal,55,1
V06994,CU02419,Hatchback,MG Comet,35,4
V06995,CU02839,Hatchback,Tata Tiago EV,35,0
V06996,CU02797,Sedan,MG5,50,0
V06997,CU00787,SUV,Tata Nexon EV,82,2
V06998,CU03368,Sedan,MG5,50,2
V06999,CU04936,Sedan,BYD Seal,60,4
V07000,CU02448,Hatchback,MG Comet,30,4
V07001,CU03130,Sedan,BYD Seal,50,1
V07002,CU01899,Hatchback,Tata Tiago EV,30,4
V07003,CU04504,Two-Wheeler,Ola S1,2,0
V07004,CU03585,Hatchback,MG Comet,35,4
V07005,CU04160,Two-Wheeler,Ola S1,4,0
V07006,CU03950,Sedan,MG5,60,0
V07007,CU02468,Sedan,MG5,50,2
V07008,CU02194,Sedan,BYD Seal,55,4
V07009,CU00017,SUV,Tata Nexon EV,75,1
V07010,CU03023,Two-Wheeler,Ather 450X,2,0
V07011,CU04994,Sedan,BYD Seal,60,3
V07012,CU01267,Hatchback,MG Comet,35,3
V07013,CU00479,SUV,Hyundai Ioniq 5,100,3
V07014,CU04297,Hatchback,Tata Tiago EV,40,3
V07015,CU03978,SUV,Hyundai Ioniq 5,75,2
V07016,CU03545,Hatchback,MG Comet,35,1
V07017,CU04275,SUV,Mahindra XUV400,75,2
V07018,CU04549,SUV,Hyundai Ioniq 5,100,2
V07019,CU00486,Hatchback,MG Comet,40,2
V07020,CU04089,SUV,Tata Nexon EV,75,3
V07021,CU04674,Sedan,MG5,60,3
V07022,CU00338,Hatchback,MG Comet,40,4
V07023,CU00861,Sedan,MG5,55,2
V07024,CU02004,Sedan,BYD Seal,50,4
V07025,CU01472,Hatchback,MG Comet,35,0
V07026,CU02043,Commercial Van,Mahindra Treo,60,0
V07027,CU03429,SUV,Mahindra XUV400,82,1
V07028,CU03121,Hatchback,Tata Tiago EV,40,3
V07029,CU01520,Two-Wheeler,Ola S1,4,3
V07030,CU00702,Sedan,BYD Seal,50,3
V07031,CU04389,SUV,Hyundai Ioniq 5,82,4
V07032,CU04036,Sedan,BYD Seal,55,3
V07033,CU03745,Two-Wheeler,Ola S1,3,3
V07034,CU01174,Two-Wheeler,Ola S1,3,1
V07035,CU01606,SUV,Tata Nexon EV,70,0
V07036,CU01880,Hatchback,Tata Tiago EV,40,2
V07037,CU03394,Sedan,BYD Seal,60,1
V07038,CU02125,Sedan,MG5,55,4
V07039,CU04992,Hatchback,Tata Tiago EV,30,3
V07040,CU04643,Sedan,MG5,50,4
V07041,CU01447,SUV,Mahindra XUV400,100,2
V07042,CU03307,Two-Wheeler,Ather 450X,4,1
V07043,CU03402,Sedan,BYD Seal,55,0
V07044,CU03784,Hatchback,MG Comet,30,0
V07045,CU02373,Two-Wheeler,Ola S1,3,1
V07046,CU00151,Two-Wheeler,Ola S1,2,0
V07047,CU01660,Sedan,MG5,50,3
V07048,CU00879,Hatchback,Tata Tiago EV,30,0
V07049,CU02320,SUV,Tata Nexon EV,75,3
V07050,CU02884,Two-Wheeler,Ola S1,3,4
V07051,CU03996,Hatchback,MG Comet,30,1
V07052,CU02416,SUV,Hyundai Ioniq 5,70,3
V07053,CU01516,SUV,Mahindra XUV400,75,0
V07054,CU03388,Sedan,BYD Seal,55,0
V07055,CU00590,Two-Wheeler,Ola S1,4,3
V07056,CU00588,Sedan,MG5,55,0
V07057,CU02620,SUV,Mahindra XUV400,70,0
V07058,CU01196,SUV,Mahindra XUV400,100,0
V07059,CU04354,Hatchback,MG Comet,30,1
V07060,CU02327,SUV,Hyundai Ioniq 5,82,3
V07061,CU02606,Two-Wheeler,Ola S1,3,3
V07062,CU02539,Commercial Van,Mahindra Treo,80,1
V07063,CU00566,Sedan,BYD Seal,55,3
V07064,CU01757,Hatchback,Tata Tiago EV,40,1
V07065,CU04076,Commercial Van,Mahindra Treo,80,4
V07066,CU01361,SUV,Hyundai Ioniq 5,82,0
V07067,CU02569,Commercial Van,Tata Ace EV,120,0
V07068,CU02374,Hatchback,Tata Tiago EV,30,2
V07069,CU01196,Sedan,MG5,55,2
V07070,CU02132,Hatchback,MG Comet,40,0
V07071,CU02889,Two-Wheeler,Ola S1,4,4
V07072,CU01568,Two-Wheeler,Ola S1,4,4
V07073,CU03411,SUV,Tata Nexon EV,70,2
V07074,CU02368,Hatchback,MG Comet,30,2
V07075,CU03344,Hatchback,MG Comet,35,4
V07076,CU03098,SUV,Tata Nexon EV,70,3
V07077,CU01261,SUV,Tata Nexon EV,70,2
V07078,CU01334,SUV,Hyundai Ioniq 5,100,0
V07079,CU04329,Sedan,MG5,50,0
V07080,CU04645,Sedan,BYD Seal,50,2
V07081,CU03337,Hatchback,Tata Tiago EV,35,1
V07082,CU03085,SUV,Tata Nexon EV,70,1
V07083,CU03388,Sedan,MG5,50,3
V07084,CU04714,Commercial Van,Mahindra Treo,120,0
V07085,CU02432,SUV,Mahindra XUV400,70,4
V07086,CU01017,Sedan,BYD Seal,60,3
V07087,CU00642,Sedan,MG5,60,4
V07088,CU04063,Commercial Van,Mahindra Treo,80,2
V07089,CU00316,Hatchback,Tata Tiago EV,35,0
V07090,CU02304,Sedan,BYD Seal,50,2
V07091,CU00441,Commercial Van,Tata Ace EV,60,3
V07092,CU01139,SUV,Hyundai Ioniq 5,75,4
V07093,CU00915,SUV,Tata Nexon EV,75,1
V07094,CU02304,Hatchback,Tata Tiago EV,30,2
V07095,CU04143,Two-Wheeler,Ather 450X,4,2
V07096,CU03422,Hatchback,MG Comet,35,0
V07097,CU02079,Hatchback,MG Comet,35,2
V07098,CU04151,Hatchback,MG Comet,40,0
V07099,CU02201,Hatchback,Tata Tiago EV,30,1
V07100,CU04552,Commercial Van,Tata Ace EV,80,4
V07101,CU00036,SUV,Hyundai Ioniq 5,75,2
V07102,CU00818,SUV,Mahindra XUV400,100,3
V07103,CU01947,Commercial Van,Tata Ace EV,80,1
V07104,CU03957,Hatchback,Tata Tiago EV,30,3
V07105,CU04352,Hatchback,MG Comet,35,1
V07106,CU02226,SUV,Tata Nexon EV,70,4
V07107,CU03326,SUV,Hyundai Ioniq 5,82,4
V07108,CU00508,Sedan,BYD Seal,60,1
V07109,CU03746,Hatchback,MG Comet,40,1
V07110,CU04117,Sedan,BYD Seal,55,4
V07111,CU03878,Sedan,MG5,55,1
V07112,CU04815,Sedan,MG5,55,3
V07113,CU00460,Hatchback,MG Comet,35,1
V07114,CU01406,Sedan,BYD Seal,50,1
V07115,CU04096,Sedan,MG5,60,2
V07116,CU02037,Sedan,MG5,60,2
V07117,CU02678,Commercial Van,Mahindra Treo,80,1
V07118,CU01745,Commercial Van,Tata Ace EV,80,0
V07119,CU02984,SUV,Tata Nexon EV,100,2
V07120,CU02359,Commercial Van,Tata Ace EV,80,0
V07121,CU01232,Commercial Van,Mahindra Treo,120,4
V07122,CU01178,Sedan,BYD Seal,60,2
V07123,CU00762,Sedan,BYD Seal,55,0
V07124,CU04779,Commercial Van,Mahindra Treo,60,3
V07125,CU02355,SUV,Tata Nexon EV,70,3
V07126,CU04715,Hatchback,Tata Tiago EV,30,4
V07127,CU03727,SUV,Tata Nexon EV,100,2
V07128,CU01544,Hatchback,MG Comet,40,2
V07129,CU03678,Sedan,BYD Seal,55,4
V07130,CU01934,Hatchback,Tata Tiago EV,35,3
V07131,CU03169,Hatchback,MG Comet,40,2
V07132,CU03562,Hatchback,Tata Tiago EV,35,4
V07133,CU04103,Two-Wheeler,Ola S1,4,1
V07134,CU03858,Sedan,MG5,60,2
V07135,CU04018,Hatchback,Tata Tiago EV,35,0
V07136,CU04445,Hatchback,MG Comet,35,4
V07137,CU02965,SUV,Mahindra XUV400,100,2
V07138,CU01031,Commercial Van,Mahindra Treo,80,3
V07139,CU02548,Hatchback,MG Comet,30,0
V07140,CU02523,Hatchback,Tata Tiago EV,30,2
V07141,CU04620,Sedan,MG5,50,1
V07142,CU01876,SUV,Hyundai Ioniq 5,100,1
V07143,CU00590,Sedan,BYD Seal,60,2
V07144,CU02281,Sedan,BYD Seal,55,0
V07145,CU03102,Sedan,BYD Seal,50,0
V07146,CU02415,Sedan,MG5,50,2
V07147,CU03898,Commercial Van,Mahindra Treo,120,2
V07148,CU03679,Hatchback,Tata Tiago EV,40,2
V07149,CU01844,Hatchback,MG Comet,40,2
V07150,CU04152,Two-Wheeler,Ather 450X,2,3
V07151,CU01939,Two-Wheeler,Ather 450X,3,4
V07152,CU02195,Hatchback,MG Comet,30,3
V07153,CU04460,Commercial Van,Mahindra Treo,60,1
V07154,CU00253,SUV,Hyundai Ioniq 5,100,2
V07155,CU01467,Sedan,BYD Seal,50,4
V07156,CU00736,Sedan,MG5,60,4
V07157,CU00340,Sedan,MG5,50,4
V07158,CU03588,Hatchback,Tata Tiago EV,40,4
V07159,CU01377,Sedan,MG5,55,2
V07160,CU04720,SUV,Hyundai Ioniq 5,100,4
V07161,CU00705,Two-Wheeler,Ather 450X,3,4
V07162,CU03725,Sedan,BYD Seal,50,0
V07163,CU04419,Sedan,MG5,50,3
V07164,CU02909,Sedan,MG5,55,2
V07165,CU01975,SUV,Hyundai Ioniq 5,75,2
V07166,CU01469,Two-Wheeler,Ola S1,3,4
V07167,CU02143,Sedan,BYD Seal,60,1
V07168,CU00553,SUV,Hyundai Ioniq 5,100,0
V07169,CU03492,Sedan,MG5,50,2
V07170,CU00790,Two-Wheeler,Ather 450X,4,2
V07171,CU01174,Hatchback,MG Comet,35,0
V07172,CU00553,Sedan,BYD Seal,50,0
V07173,CU03423,Sedan,BYD Seal,55,3
V07174,CU04212,Two-Wheeler,Ather 450X,4,2
V07175,CU00632,SUV,Mahindra XUV400,82,0
V07176,CU00270,Commercial Van,Tata Ace EV,80,4
V07177,CU00861,Hatchback,MG Comet,40,4
V07178,CU00291,Sedan,MG5,60,2
V07179,CU01458,Sedan,BYD Seal,50,4
V07180,CU00630,SUV,Tata Nexon EV,70,0
V07181,CU00475,Two-Wheeler,Ather 450X,4,0
V07182,CU04633,Two-Wheeler,Ola S1,4,1
V07183,CU04081,SUV,Mahindra XUV400,100,0
V07184,CU04781,SUV,Tata Nexon EV,100,3
V07185,CU01761,Commercial Van,Mahindra Treo,60,0
V07186,CU03083,Sedan,MG5,55,2
V07187,CU04709,Two-Wheeler,Ather 450X,2,2
V07188,CU03975,Commercial Van,Tata Ace EV,60,2
V07189,CU03399,Sedan,MG5,60,0
V07190,CU02324,Two-Wheeler,Ola S1,4,0
V07191,CU03562,Sedan,MG5,60,2
V07192,CU02393,Hatchback,MG Comet,40,0
V07193,CU03845,SUV,Hyundai Ioniq 5,100,4
V07194,CU02416,Hatchback,MG Comet,40,3
V07195,CU03805,Sedan,MG5,50,2
V07196,CU04827,Two-Wheeler,Ather 450X,4,3
V07197,CU01625,Hatchback,MG Comet,35,3
V07198,CU01509,Hatchback,Tata Tiago EV,35,3
V07199,CU04111,SUV,Tata Nexon EV,75,4
V07200,CU04854,Sedan,MG5,60,3
V07201,CU00004,Sedan,BYD Seal,60,2
V07202,CU03448,Sedan,BYD Seal,60,4
V07203,CU02581,Hatchback,Tata Tiago EV,35,2
V07204,CU03792,Hatchback,MG Comet,30,0
V07205,CU01161,Two-Wheeler,Ather 450X,4,1
V07206,CU00834,Hatchback,MG Comet,30,3
V07207,CU01999,Sedan,BYD Seal,60,4
V07208,CU01203,Commercial Van,Mahindra Treo,80,0
V07209,CU02176,Two-Wheeler,Ather 450X,4,2
V07210,CU01382,Hatchback,Tata Tiago EV,35,0
V07211,CU04174,SUV,Mahindra XUV400,70,2
V07212,CU02789,Two-Wheeler,Ather 450X,4,2
V07213,CU02822,SUV,Hyundai Ioniq 5,100,0
V07214,CU04178,Two-Wheeler,Ola S1,3,0
V07215,CU00342,Sedan,MG5,60,2
V07216,CU01362,Hatchback,MG Comet,40,2
V07217,CU04192,Sedan,BYD Seal,50,0
V07218,CU04617,SUV,Tata Nexon EV,75,2
V07219,CU00996,SUV,Hyundai Ioniq 5,82,4
V07220,CU00357,Hatchback,MG Comet,30,2
V07221,CU00186,Hatchback,MG Comet,30,0
V07222,CU01694,Commercial Van,Mahindra Treo,80,2
V07223,CU02591,Hatchback,Tata Tiago EV,40,4
V07224,CU01343,Sedan,BYD Seal,60,1
V07225,CU01692,Two-Wheeler,Ola S1,4,1
V07226,CU01083,Sedan,MG5,60,2
V07227,CU02058,Hatchback,Tata Tiago EV,40,1
V07228,CU02905,Sedan,BYD Seal,60,0
V07229,CU03196,SUV,Mahindra XUV400,75,4
V07230,CU04452,Sedan,MG5,60,4
V07231,CU03418,Commercial Van,Mahindra Treo,120,4
V07232,CU02381,Sedan,MG5,60,4
V07233,CU00017,SUV,Hyundai Ioniq 5,82,1
V07234,CU00324,Hatchback,Tata Tiago EV,35,2
V07235,CU02071,Sedan,MG5,60,0
V07236,CU00931,Two-Wheeler,Ola S1,2,3
V07237,CU04555,Hatchback,Tata Tiago EV,40,3
V07238,CU04653,SUV,Mahindra XUV400,75,4
V07239,CU01445,Hatchback,Tata Tiago EV,35,2
V07240,CU04037,Hatchback,Tata Tiago EV,30,0
V07241,CU00403,SUV,Hyundai Ioniq 5,75,0
V07242,CU03403,SUV,Hyundai Ioniq 5,70,0
V07243,CU04553,Hatchback,Tata Tiago EV,35,1
V07244,CU01507,Commercial Van,Mahindra Treo,120,3
V07245,CU01522,Hatchback,Tata Tiago EV,35,3
V07246,CU03099,Hatchback,Tata Tiago EV,35,0
V07247,CU02445,Hatchback,Tata Tiago EV,35,1
V07248,CU02188,Hatchback,Tata Tiago EV,40,1
V07249,CU02569,Hatchback,MG Comet,40,1
V07250,CU02794,Two-Wheeler,Ather 450X,2,0
V07251,CU00092,Sedan,BYD Seal,55,0
V07252,CU04948,Sedan,MG5,55,0
V07253,CU04941,Commercial Van,Tata Ace EV,80,1
V07254,CU04763,Sedan,BYD Seal,55,2
V07255,CU01754,Hatchback,Tata Tiago EV,35,4
V07256,CU04893,Sedan,BYD Seal,55,0
V07257,CU00088,Hatchback,Tata Tiago EV,40,2
V07258,CU01642,Sedan,BYD Seal,50,3
V07259,CU02963,Sedan,MG5,60,2
V07260,CU02143,SUV,Mahindra XUV400,82,3
V07261,CU00551,SUV,Hyundai Ioniq 5,70,2
V07262,CU02447,Two-Wheeler,Ather 450X,3,0
V07263,CU01952,Two-Wheeler,Ather 450X,4,1
V07264,CU02291,Hatchback,MG Comet,40,1
V07265,CU03838,Hatchback,Tata Tiago EV,40,0
V07266,CU00624,SUV,Hyundai Ioniq 5,82,1
V07267,CU03758,Hatchback,Tata Tiago EV,35,4
V07268,CU04797,Hatchback,Tata Tiago EV,35,1
V07269,CU03293,SUV,Mahindra XUV400,70,0
V07270,CU03833,Sedan,MG5,60,0
V07271,CU02612,Two-Wheeler,Ola S1,2,0
V07272,CU00162,Sedan,BYD Seal,50,1
V07273,CU01993,Commercial Van,Tata Ace EV,60,1
V07274,CU02083,Two-Wheeler,Ola S1,2,3
V07275,CU03014,Hatchback,MG Comet,30,4
V07276,CU00037,SUV,Hyundai Ioniq 5,100,4
V07277,CU00846,SUV,Mahindra XUV400,75,4
V07278,CU02877,SUV,Tata Nexon EV,75,0
V07279,CU03347,Sedan,MG5,55,2
V07280,CU04055,Sedan,MG5,50,0
V07281,CU04201,Sedan,BYD Seal,50,2
V07282,CU00336,Sedan,MG5,55,3
V07283,CU03098,Commercial Van,Mahindra Treo,60,3
V07284,CU02344,Sedan,MG5,60,1
V07285,CU01561,Hatchback,MG Comet,35,4
V07286,CU04982,Hatchback,Tata Tiago EV,35,0
V07287,CU04165,Two-Wheeler,Ather 450X,3,2
V07288,CU04247,SUV,Mahindra XUV400,70,0
V07289,CU00662,Two-Wheeler,Ather 450X,3,3
V07290,CU04853,Two-Wheeler,Ather 450X,2,1
V07291,CU03740,Two-Wheeler,Ola S1,4,2
V07292,CU03184,SUV,Hyundai Ioniq 5,82,2
V07293,CU01486,Hatchback,Tata Tiago EV,40,1
V07294,CU02410,Hatchback,MG Comet,40,3
V07295,CU04299,SUV,Hyundai Ioniq 5,100,1
V07296,CU02535,Sedan,MG5,55,4
V07297,CU00004,SUV,Tata Nexon EV,100,3
V07298,CU03098,Sedan,MG5,55,1
V07299,CU02849,SUV,Hyundai Ioniq 5,70,3
V07300,CU00027,Hatchback,Tata Tiago EV,40,0
V07301,CU00965,Hatchback,Tata Tiago EV,40,0
V07302,CU03097,Two-Wheeler,Ather 450X,3,3
V07303,CU00072,Hatchback,MG Comet,35,2
V07304,CU02948,SUV,Tata Nexon EV,100,4
V07305,CU02316,SUV,Tata Nexon EV,100,4
V07306,CU03898,Commercial Van,Tata Ace EV,60,4
V07307,CU04491,Two-Wheeler,Ather 450X,4,0
V07308,CU04965,Sedan,BYD Seal,50,3
V07309,CU02412,SUV,Hyundai Ioniq 5,82,3
V07310,CU00117,Hatchback,MG Comet,40,4
V07311,CU02212,Sedan,BYD Seal,50,2
V07312,CU02925,Two-Wheeler,Ather 450X,4,1
V07313,CU02838,SUV,Tata Nexon EV,70,1
V07314,CU00577,Sedan,MG5,50,2
V07315,CU00772,Hatchback,MG Comet,30,2
V07316,CU00200,Two-Wheeler,Ather 450X,2,0
V07317,CU01756,Sedan,BYD Seal,55,0
V07318,CU00180,Two-Wheeler,Ather 450X,3,3
V07319,CU02406,SUV,Hyundai Ioniq 5,75,1
V07320,CU03324,Sedan,MG5,50,1
V07321,CU04749,Hatchback,Tata Tiago EV,30,3
V07322,CU04774,Hatchback,Tata Tiago EV,40,2
V07323,CU02302,Two-Wheeler,Ather 450X,2,2
V07324,CU02989,Two-Wheeler,Ola S1,3,2
V07325,CU01603,SUV,Mahindra XUV400,75,0
V07326,CU01120,Sedan,BYD Seal,50,3
V07327,CU02215,SUV,Mahindra XUV400,82,0
V07328,CU01912,Sedan,BYD Seal,55,4
V07329,CU02902,SUV,Mahindra XUV400,82,1
V07330,CU01086,Sedan,MG5,50,1
V07331,CU00174,Two-Wheeler,Ather 450X,4,1
V07332,CU03533,Two-Wheeler,Ather 450X,2,2
V07333,CU04720,Sedan,BYD Seal,55,1
V07334,CU01239,Two-Wheeler,Ola S1,2,0
V07335,CU03311,Sedan,MG5,60,3
V07336,CU04835,Hatchback,Tata Tiago EV,30,0
V07337,CU03814,Hatchback,Tata Tiago EV,35,1
V07338,CU03817,SUV,Mahindra XUV400,70,0
V07339,CU04771,Two-Wheeler,Ather 450X,3,1
V07340,CU01974,Two-Wheeler,Ather 450X,2,0
V07341,CU03783,SUV,Tata Nexon EV,70,0
V07342,CU02245,Hatchback,MG Comet,35,0
V07343,CU01658,Hatchback,Tata Tiago EV,30,4
V07344,CU00413,Sedan,BYD Seal,50,3
V07345,CU03411,Two-Wheeler,Ola S1,3,1
V07346,CU04093,Commercial Van,Tata Ace EV,80,3
V07347,CU01383,Hatchback,Tata Tiago EV,30,2
V07348,CU01124,Two-Wheeler,Ather 450X,3,3
V07349,CU04330,SUV,Hyundai Ioniq 5,82,1
V07350,CU04013,Hatchback,Tata Tiago EV,30,1
V07351,CU02244,SUV,Tata Nexon EV,82,1
V07352,CU02590,Two-Wheeler,Ather 450X,2,0
V07353,CU01779,Sedan,BYD Seal,55,1
V07354,CU01130,Two-Wheeler,Ather 450X,4,1
V07355,CU00645,Hatchback,MG Comet,40,4
V07356,CU03523,Hatchback,Tata Tiago EV,35,1
V07357,CU01558,Hatchback,MG Comet,35,3
V07358,CU04502,Two-Wheeler,Ola S1,2,1
V07359,CU02774,Sedan,BYD Seal,55,1
V07360,CU02786,Two-Wheeler,Ola S1,4,4
V07361,CU01707,SUV,Hyundai Ioniq 5,100,3
V07362,CU02602,Sedan,BYD Seal,50,0
V07363,CU03644,Two-Wheeler,Ather 450X,2,3
V07364,CU00375,Sedan,BYD Seal,60,1
V07365,CU01613,Two-Wheeler,Ola S1,3,3
V07366,CU00455,Hatchback,MG Comet,35,0
V07367,CU04298,SUV,Mahindra XUV400,100,2
V07368,CU01476,Two-Wheeler,Ather 450X,3,1
V07369,CU00854,Two-Wheeler,Ola S1,4,2
V07370,CU00724,Hatchback,MG Comet,35,3
V07371,CU01392,SUV,Hyundai Ioniq 5,100,2
V07372,CU02388,Sedan,MG5,50,3
V07373,CU00262,Sedan,MG5,60,1
V07374,CU00543,Hatchback,Tata Tiago EV,30,1
V07375,CU00551,Hatchback,Tata Tiago EV,30,4
V07376,CU03798,Two-Wheeler,Ola S1,2,4
V07377,CU00638,Two-Wheeler,Ather 450X,4,3
V07378,CU00165,Sedan,MG5,55,0
V07379,CU02806,Two-Wheeler,Ola S1,2,1
V07380,CU00621,Hatchback,Tata Tiago EV,40,4
V07381,CU01224,SUV,Tata Nexon EV,75,4
V07382,CU03343,Two-Wheeler,Ather 450X,3,2
V07383,CU00051,Two-Wheeler,Ather 450X,4,2
V07384,CU00489,Sedan,MG5,55,0
V07385,CU00665,Two-Wheeler,Ola S1,4,0
V07386,CU01247,Sedan,BYD Seal,60,2
V07387,CU02711,Two-Wheeler,Ola S1,4,2
V07388,CU04362,SUV,Hyundai Ioniq 5,75,1
V07389,CU04169,Two-Wheeler,Ather 450X,2,4
V07390,CU03953,Hatchback,MG Comet,30,3
V07391,CU02592,SUV,Mahindra XUV400,75,1
V07392,CU00881,SUV,Mahindra XUV400,70,2
V07393,CU00435,SUV,Tata Nexon EV,75,0
V07394,CU01985,SUV,Mahindra XUV400,100,1
V07395,CU04453,Commercial Van,Tata Ace EV,80,2
V07396,CU04114,Two-Wheeler,Ola S1,2,3
V07397,CU03871,Hatchback,Tata Tiago EV,30,4
V07398,CU02623,Two-Wheeler,Ola S1,4,2
V07399,CU01793,Hatchback,MG Comet,35,2
V07400,CU02799,SUV,Mahindra XUV400,70,3
V07401,CU03513,Two-Wheeler,Ola S1,4,4
V07402,CU01494,Hatchback,MG Comet,30,2
V07403,CU02680,Two-Wheeler,Ola S1,3,1
V07404,CU01626,Two-Wheeler,Ather 450X,3,2
V07405,CU02420,SUV,Hyundai Ioniq 5,75,3
V07406,CU03018,Sedan,BYD Seal,60,0
V07407,CU01848,Sedan,BYD Seal,55,0
V07408,CU03247,Commercial Van,Mahindra Treo,120,3
V07409,CU01539,Hatchback,Tata Tiago EV,30,4
V07410,CU01317,SUV,Tata Nexon EV,75,0
V07411,CU01720,Hatchback,Tata Tiago EV,40,0
V07412,CU01951,Hatchback,Tata Tiago EV,40,1
V07413,CU00224,Two-Wheeler,Ola S1,2,4
V07414,CU02027,Sedan,BYD Seal,55,3
V07415,CU01548,Commercial Van,Mahindra Treo,60,4
V07416,CU03779,SUV,Hyundai Ioniq 5,75,2
V07417,CU03724,SUV,Mahindra XUV400,82,4
V07418,CU01524,Hatchback,Tata Tiago EV,35,4
V07419,CU02704,Commercial Van,Mahindra Treo,120,3
V07420,CU01973,Hatchback,Tata Tiago EV,40,4
V07421,CU04529,SUV,Hyundai Ioniq 5,82,2
V07422,CU04605,Sedan,MG5,55,3
V07423,CU04604,Sedan,MG5,50,0
V07424,CU00617,SUV,Mahindra XUV400,100,1
V07425,CU04516,SUV,Tata Nexon EV,100,4
V07426,CU04170,Hatchback,MG Comet,35,0
V07427,CU02622,Sedan,MG5,60,3
V07428,CU04242,Two-Wheeler,Ola S1,2,0
V07429,CU02094,Sedan,BYD Seal,60,2
V07430,CU01765,Hatchback,MG Comet,30,2
V07431,CU03177,Sedan,MG5,60,0
V07432,CU01133,Hatchback,Tata Tiago EV,30,3
V07433,CU04217,Hatchback,MG Comet,30,0
V07434,CU03571,Sedan,BYD Seal,50,3
V07435,CU01067,SUV,Hyundai Ioniq 5,75,1
V07436,CU02147,Hatchback,Tata Tiago EV,40,0
V07437,CU00706,SUV,Tata Nexon EV,70,2
V07438,CU02359,Commercial Van,Tata Ace EV,120,4
V07439,CU03535,Commercial Van,Tata Ace EV,120,3
V07440,CU03813,Two-Wheeler,Ather 450X,3,4
V07441,CU02471,Sedan,BYD Seal,55,3
V07442,CU04068,Hatchback,MG Comet,40,4
V07443,CU03461,Two-Wheeler,Ola S1,4,3
V07444,CU03769,Hatchback,Tata Tiago EV,30,4
V07445,CU01935,Hatchback,MG Comet,40,1
V07446,CU02320,SUV,Hyundai Ioniq 5,82,3
V07447,CU02873,Hatchback,MG Comet,30,0
V07448,CU00210,Two-Wheeler,Ola S1,4,0
V07449,CU04835,Two-Wheeler,Ather 450X,2,3
V07450,CU02808,Two-Wheeler,Ather 450X,3,1
V07451,CU04255,Two-Wheeler,Ola S1,3,2
V07452,CU03963,Hatchback,MG Comet,30,2
V07453,CU04837,Two-Wheeler,Ola S1,3,4
V07454,CU01954,Sedan,MG5,55,1
V07455,CU02391,SUV,Mahindra XUV400,70,4
V07456,CU03526,Hatchback,Tata Tiago EV,30,0
V07457,CU04795,Two-Wheeler,Ola S1,2,2
V07458,CU03215,Commercial Van,Tata Ace EV,120,2
V07459,CU02445,Hatchback,Tata Tiago EV,40,3
V07460,CU02584,Hatchback,Tata Tiago EV,35,3
V07461,CU00141,Hatchback,MG Comet,35,2
V07462,CU04336,Sedan,BYD Seal,50,1
V07463,CU00292,Sedan,BYD Seal,55,3
V07464,CU02865,Two-Wheeler,Ola S1,2,0
V07465,CU04178,Sedan,BYD Seal,50,1
V07466,CU02608,Sedan,MG5,55,2
V07467,CU03937,Two-Wheeler,Ola S1,2,0
V07468,CU02918,Sedan,BYD Seal,55,3
V07469,CU02219,Sedan,BYD Seal,50,2
V07470,CU01798,Two-Wheeler,Ola S1,2,0
V07471,CU00977,Two-Wheeler,Ather 450X,4,4
V07472,CU00580,Hatchback,Tata Tiago EV,40,0
V07473,CU02574,Hatchback,Tata Tiago EV,35,4
V07474,CU02590,Hatchback,MG Comet,35,0
V07475,CU03284,Sedan,BYD Seal,50,4
V07476,CU01800,Sedan,BYD Seal,60,2
V07477,CU01462,SUV,Hyundai Ioniq 5,75,1
V07478,CU04418,Two-Wheeler,Ola S1,2,1
V07479,CU04069,Hatchback,Tata Tiago EV,30,4
V07480,CU02948,SUV,Hyundai Ioniq 5,75,3
V07481,CU00714,Sedan,MG5,55,4
V07482,CU02424,SUV,Tata Nexon EV,75,1
V07483,CU01891,SUV,Tata Nexon EV,75,2
V07484,CU03568,Two-Wheeler,Ola S1,3,0
V07485,CU01679,Hatchback,Tata Tiago EV,30,3
V07486,CU02148,Hatchback,Tata Tiago EV,30,4
V07487,CU00918,SUV,Hyundai Ioniq 5,70,1
V07488,CU02267,Sedan,MG5,55,2
V07489,CU02525,Hatchback,Tata Tiago EV,30,0
V07490,CU01807,Hatchback,MG Comet,35,2
V07491,CU04052,SUV,Mahindra XUV400,100,0
V07492,CU00560,Sedan,MG5,50,4
V07493,CU00629,Commercial Van,Tata Ace EV,80,2
V07494,CU03067,Sedan,MG5,50,0
V07495,CU01912,Hatchback,MG Comet,30,3
V07496,CU03763,SUV,Hyundai Ioniq 5,70,4
V07497,CU03552,Hatchback,MG Comet,40,3
V07498,CU01809,Sedan,BYD Seal,50,2
V07499,CU02387,Sedan,MG5,55,2
V07500,CU01896,Sedan,BYD Seal,50,2
V07501,CU03931,Two-Wheeler,Ola S1,4,4
V07502,CU01007,Hatchback,Tata Tiago EV,30,2
V07503,CU00049,Commercial Van,Tata Ace EV,120,0
V07504,CU01851,Two-Wheeler,Ola S1,2,4
V07505,CU01930,Sedan,BYD Seal,60,4
V07506,CU02133,Hatchback,MG Comet,35,1
V07507,CU01526,Sedan,BYD Seal,55,2
V07508,CU00329,Sedan,BYD Seal,55,4
V07509,CU02658,SUV,Tata Nexon EV,75,1
V07510,CU04530,Hatchback,Tata Tiago EV,35,3
V07511,CU00588,Commercial Van,Mahindra Treo,120,3
V07512,CU03206,Hatchback,MG Comet,30,3
V07513,CU01599,Sedan,MG5,55,0
V07514,CU03852,Hatchback,Tata Tiago EV,30,1
V07515,CU02473,Sedan,MG5,55,2
V07516,CU02818,Two-Wheeler,Ather 450X,3,2
V07517,CU04608,SUV,Hyundai Ioniq 5,100,1
V07518,CU01409,Hatchback,Tata Tiago EV,30,4
V07519,CU01012,Two-Wheeler,Ather 450X,3,0
V07520,CU04660,Two-Wheeler,Ather 450X,4,3
V07521,CU04399,Two-Wheeler,Ather 450X,2,2
V07522,CU04045,Two-Wheeler,Ather 450X,3,2
V07523,CU01330,SUV,Mahindra XUV400,70,4
V07524,CU02605,SUV,Mahindra XUV400,70,1
V07525,CU02024,Sedan,MG5,60,0
V07526,CU04508,Hatchback,Tata Tiago EV,40,4
V07527,CU03186,SUV,Hyundai Ioniq 5,70,0
V07528,CU04604,Two-Wheeler,Ola S1,2,1
V07529,CU04152,SUV,Mahindra XUV400,70,4
V07530,CU02594,Commercial Van,Tata Ace EV,120,3
V07531,CU03342,Sedan,MG5,55,3
V07532,CU00196,SUV,Tata Nexon EV,75,2
V07533,CU01791,SUV,Mahindra XUV400,100,3
V07534,CU01107,SUV,Tata Nexon EV,100,2
V07535,CU02790,SUV,Hyundai Ioniq 5,82,3
V07536,CU02185,Hatchback,Tata Tiago EV,30,3
V07537,CU00539,Hatchback,MG Comet,35,4
V07538,CU04785,Commercial Van,Mahindra Treo,60,2
V07539,CU00719,Hatchback,MG Comet,40,0
V07540,CU03996,Sedan,MG5,55,0
V07541,CU00306,Sedan,BYD Seal,55,3
V07542,CU00388,Sedan,BYD Seal,50,0
V07543,CU00725,Two-Wheeler,Ola S1,4,3
V07544,CU02597,Two-Wheeler,Ather 450X,2,4
V07545,CU02436,Commercial Van,Mahindra Treo,120,0
V07546,CU02341,Sedan,BYD Seal,50,3
V07547,CU00179,SUV,Tata Nexon EV,100,0
V07548,CU01904,Two-Wheeler,Ola S1,2,4
V07549,CU01705,Commercial Van,Tata Ace EV,80,2
V07550,CU03384,Commercial Van,Mahindra Treo,60,4
V07551,CU04176,Two-Wheeler,Ather 450X,3,2
V07552,CU04543,Hatchback,MG Comet,35,0
V07553,CU04862,Hatchback,Tata Tiago EV,30,1
V07554,CU04666,Two-Wheeler,Ather 450X,4,1
V07555,CU00096,Two-Wheeler,Ather 450X,2,3
V07556,CU01284,Two-Wheeler,Ola S1,4,3
V07557,CU00248,Sedan,BYD Seal,60,1
V07558,CU00982,SUV,Hyundai Ioniq 5,82,0
V07559,CU04364,Sedan,BYD Seal,55,0
V07560,CU01566,Sedan,MG5,60,2
V07561,CU02142,Sedan,BYD Seal,55,3
V07562,CU00736,Commercial Van,Mahindra Treo,120,2
V07563,CU03388,Hatchback,Tata Tiago EV,35,3
V07564,CU02660,SUV,Hyundai Ioniq 5,100,2
V07565,CU00449,Sedan,MG5,60,1
V07566,CU01836,SUV,Tata Nexon EV,70,3
V07567,CU04716,SUV,Hyundai Ioniq 5,70,0
V07568,CU00614,Commercial Van,Mahindra Treo,80,3
V07569,CU01434,Hatchback,MG Comet,40,0
V07570,CU00877,Hatchback,Tata Tiago EV,40,0
V07571,CU02576,Two-Wheeler,Ather 450X,3,2
V07572,CU01134,Sedan,MG5,55,1
V07573,CU04871,Hatchback,MG Comet,30,4
V07574,CU00672,SUV,Tata Nexon EV,82,4
V07575,CU01631,SUV,Tata Nexon EV,100,3
V07576,CU03319,Hatchback,MG Comet,30,4
V07577,CU00361,Sedan,MG5,55,3
V07578,CU02393,Two-Wheeler,Ola S1,2,1
V07579,CU03902,SUV,Mahindra XUV400,75,1
V07580,CU00798,Hatchback,Tata Tiago EV,35,1
V07581,CU01784,Sedan,MG5,55,1
V07582,CU00067,SUV,Mahindra XUV400,82,2
V07583,CU03035,Hatchback,MG Comet,30,1
V07584,CU02091,Two-Wheeler,Ather 450X,3,0
V07585,CU02277,SUV,Hyundai Ioniq 5,75,3
V07586,CU03516,Sedan,MG5,50,1
V07587,CU00234,Commercial Van,Mahindra Treo,120,2
V07588,CU01223,Sedan,BYD Seal,60,0
V07589,CU02545,Hatchback,MG Comet,30,3
V07590,CU01056,SUV,Tata Nexon EV,75,1
V07591,CU04555,SUV,Hyundai Ioniq 5,100,3
V07592,CU03348,Sedan,MG5,55,2
V07593,CU01170,Sedan,MG5,60,3
V07594,CU04102,Sedan,MG5,55,3
V07595,CU00494,Sedan,MG5,55,3
V07596,CU03180,Two-Wheeler,Ola S1,2,0
V07597,CU03844,SUV,Tata Nexon EV,82,0
V07598,CU01364,Sedan,MG5,55,2
V07599,CU03399,Sedan,BYD Seal,50,2
V07600,CU01057,Sedan,MG5,55,4
V07601,CU00143,Sedan,MG5,55,1
V07602,CU03316,Hatchback,MG Comet,30,4
V07603,CU04832,Sedan,MG5,60,0
V07604,CU02774,Sedan,BYD Seal,55,3
V07605,CU01885,SUV,Mahindra XUV400,75,2
V07606,CU02265,Two-Wheeler,Ather 450X,2,2
V07607,CU01925,Sedan,BYD Seal,55,2
V07608,CU04046,Commercial Van,Mahindra Treo,120,4
V07609,CU02482,Two-Wheeler,Ather 450X,4,4
V07610,CU01891,Commercial Van,Tata Ace EV,80,1
V07611,CU03126,Two-Wheeler,Ola S1,2,0
V07612,CU00942,SUV,Mahindra XUV400,82,0
V07613,CU01616,SUV,Mahindra XUV400,70,3
V07614,CU01969,Hatchback,Tata Tiago EV,35,3
V07615,CU03223,Two-Wheeler,Ola S1,3,0
V07616,CU04151,SUV,Tata Nexon EV,100,2
V07617,CU01472,SUV,Mahindra XUV400,100,4
V07618,CU01059,SUV,Hyundai Ioniq 5,100,2
V07619,CU01007,Sedan,MG5,55,4
V07620,CU03191,SUV,Hyundai Ioniq 5,82,1
V07621,CU01221,Sedan,MG5,55,4
V07622,CU04662,Two-Wheeler,Ola S1,4,0
V07623,CU04867,Two-Wheeler,Ola S1,2,0
V07624,CU01798,Two-Wheeler,Ather 450X,4,0
V07625,CU04974,Two-Wheeler,Ather 450X,3,2
V07626,CU02872,Hatchback,MG Comet,30,2
V07627,CU00514,Commercial Van,Mahindra Treo,80,1
V07628,CU01618,Sedan,BYD Seal,55,4
V07629,CU04518,Two-Wheeler,Ather 450X,4,1
V07630,CU04613,Hatchback,Tata Tiago EV,30,0
V07631,CU03758,Sedan,BYD Seal,60,0
V07632,CU02033,Two-Wheeler,Ather 450X,4,2
V07633,CU03211,SUV,Mahindra XUV400,82,1
V07634,CU00705,Sedan,MG5,60,1
V07635,CU01674,SUV,Tata Nexon EV,82,1
V07636,CU03700,SUV,Mahindra XUV400,82,0
V07637,CU02092,Sedan,MG5,50,0
V07638,CU04954,SUV,Tata Nexon EV,70,0
V07639,CU02849,Hatchback,MG Comet,40,3
V07640,CU04315,SUV,Tata Nexon EV,75,3
V07641,CU04664,Hatchback,MG Comet,30,4
V07642,CU01778,SUV,Mahindra XUV400,70,3
V07643,CU04354,Sedan,MG5,55,1
V07644,CU00893,Sedan,BYD Seal,55,4
V07645,CU00972,SUV,Hyundai Ioniq 5,75,2
V07646,CU00103,SUV,Tata Nexon EV,75,2
V07647,CU01108,Commercial Van,Tata Ace EV,120,3
V07648,CU03247,Two-Wheeler,Ather 450X,4,2
V07649,CU03713,Two-Wheeler,Ather 450X,3,2
V07650,CU03418,Sedan,MG5,50,2
V07651,CU04152,Sedan,MG5,50,4
V07652,CU03660,Hatchback,Tata Tiago EV,40,0
V07653,CU04927,Sedan,MG5,60,3
V07654,CU00920,Two-Wheeler,Ola S1,3,4
V07655,CU04553,Sedan,MG5,50,2
V07656,CU04228,Sedan,MG5,50,1
V07657,CU04589,Sedan,MG5,60,1
V07658,CU02158,Sedan,BYD Seal,60,0
V07659,CU00582,Hatchback,MG Comet,40,1
V07660,CU00796,SUV,Tata Nexon EV,70,2
V07661,CU03198,Sedan,BYD Seal,55,1
V07662,CU01884,SUV,Tata Nexon EV,75,0
V07663,CU03368,SUV,Hyundai Ioniq 5,82,0
V07664,CU00810,Two-Wheeler,Ola S1,4,1
V07665,CU02934,Two-Wheeler,Ather 450X,3,1
V07666,CU03269,Two-Wheeler,Ather 450X,3,1
V07667,CU04869,Sedan,BYD Seal,50,3
V07668,CU02985,Sedan,BYD Seal,60,0
V07669,CU00573,Commercial Van,Mahindra Treo,80,4
V07670,CU01207,Hatchback,Tata Tiago EV,40,0
V07671,CU04905,Hatchback,Tata Tiago EV,30,2
V07672,CU04975,Sedan,MG5,55,0
V07673,CU03081,SUV,Hyundai Ioniq 5,82,1
V07674,CU02461,Hatchback,MG Comet,35,0
V07675,CU01742,Two-Wheeler,Ather 450X,2,0
V07676,CU04006,SUV,Tata Nexon EV,70,2
V07677,CU04926,Sedan,MG5,50,1
V07678,CU02614,Sedan,MG5,60,0
V07679,CU01716,SUV,Tata Nexon EV,70,0
V07680,CU01570,Hatchback,MG Comet,30,0
V07681,CU00677,Hatchback,MG Comet,30,2
V07682,CU01834,Sedan,MG5,60,2
V07683,CU02514,Two-Wheeler,Ather 450X,4,2
V07684,CU00801,SUV,Tata Nexon EV,82,4
V07685,CU01142,Sedan,BYD Seal,50,4
V07686,CU03053,SUV,Tata Nexon EV,70,0
V07687,CU02032,SUV,Mahindra XUV400,82,4
V07688,CU01509,Sedan,MG5,50,1
V07689,CU01111,Hatchback,Tata Tiago EV,30,4
V07690,CU04330,Two-Wheeler,Ather 450X,2,2
V07691,CU00913,SUV,Mahindra XUV400,82,2
V07692,CU01056,SUV,Tata Nexon EV,70,3
V07693,CU04190,Sedan,BYD Seal,55,1
V07694,CU01751,Two-Wheeler,Ola S1,4,3
V07695,CU03172,SUV,Hyundai Ioniq 5,100,2
V07696,CU04154,Hatchback,Tata Tiago EV,35,0
V07697,CU03013,Two-Wheeler,Ola S1,4,1
V07698,CU03429,Sedan,MG5,60,1
V07699,CU03563,Hatchback,MG Comet,35,4
V07700,CU00357,Hatchback,Tata Tiago EV,40,1
V07701,CU04392,Two-Wheeler,Ola S1,4,2
V07702,CU04621,Two-Wheeler,Ather 450X,4,4
V07703,CU01618,Two-Wheeler,Ather 450X,2,1
V07704,CU01624,Commercial Van,Tata Ace EV,80,3
V07705,CU01666,Sedan,BYD Seal,50,3
V07706,CU03200,SUV,Hyundai Ioniq 5,70,0
V07707,CU04497,SUV,Tata Nexon EV,100,1
V07708,CU01596,Commercial Van,Mahindra Treo,60,1
V07709,CU01990,Sedan,MG5,50,1
V07710,CU02787,Commercial Van,Mahindra Treo,60,4
V07711,CU00529,Hatchback,MG Comet,40,4
V07712,CU02605,Two-Wheeler,Ather 450X,2,2
V07713,CU03196,SUV,Tata Nexon EV,70,1
V07714,CU02408,Two-Wheeler,Ather 450X,3,0
V07715,CU00064,Hatchback,MG Comet,30,3
V07716,CU03961,Hatchback,Tata Tiago EV,35,2
V07717,CU02813,Hatchback,Tata Tiago EV,30,2
V07718,CU02822,SUV,Hyundai Ioniq 5,82,2
V07719,CU04028,SUV,Mahindra XUV400,82,1
V07720,CU00102,Commercial Van,Tata Ace EV,120,3
V07721,CU03349,Sedan,BYD Seal,50,4
V07722,CU03299,Hatchback,MG Comet,30,0
V07723,CU03095,Hatchback,MG Comet,35,4
V07724,CU02892,Hatchback,MG Comet,35,1
V07725,CU03136,Two-Wheeler,Ather 450X,3,2
V07726,CU01181,Two-Wheeler,Ather 450X,2,1
V07727,CU02887,Commercial Van,Tata Ace EV,80,4
V07728,CU02729,Sedan,BYD Seal,60,4
V07729,CU02693,Hatchback,Tata Tiago EV,35,4
V07730,CU00399,Hatchback,MG Comet,40,2
V07731,CU00405,SUV,Mahindra XUV400,75,2
V07732,CU02874,Commercial Van,Tata Ace EV,60,0
V07733,CU03269,Hatchback,Tata Tiago EV,35,4
V07734,CU02695,Hatchback,MG Comet,35,0
V07735,CU02083,Two-Wheeler,Ather 450X,3,0
V07736,CU02468,SUV,Hyundai Ioniq 5,75,3
V07737,CU04473,Sedan,MG5,50,2
V07738,CU04316,Two-Wheeler,Ather 450X,3,1
V07739,CU01922,Hatchback,MG Comet,35,3
V07740,CU03960,Commercial Van,Mahindra Treo,120,2
V07741,CU01541,Hatchback,MG Comet,35,0
V07742,CU02390,Hatchback,MG Comet,35,1
V07743,CU04849,Sedan,MG5,55,0
V07744,CU02464,Hatchback,MG Comet,40,0
V07745,CU03369,SUV,Hyundai Ioniq 5,75,0
V07746,CU02986,SUV,Tata Nexon EV,75,0
V07747,CU00680,Sedan,MG5,55,3
V07748,CU00748,SUV,Mahindra XUV400,70,1
V07749,CU02854,Sedan,BYD Seal,55,2
V07750,CU01322,Hatchback,MG Comet,40,1
V07751,CU03749,Commercial Van,Mahindra Treo,80,0
V07752,CU04151,Two-Wheeler,Ather 450X,4,3
V07753,CU04790,Hatchback,Tata Tiago EV,40,3
V07754,CU00534,Sedan,MG5,50,2
V07755,CU01819,SUV,Hyundai Ioniq 5,100,1
V07756,CU04201,Hatchback,Tata Tiago EV,40,4
V07757,CU02342,SUV,Tata Nexon EV,75,2
V07758,CU02423,SUV,Mahindra XUV400,100,4
V07759,CU04546,Hatchback,Tata Tiago EV,40,3
V07760,CU01469,Hatchback,MG Comet,40,2
V07761,CU04908,Two-Wheeler,Ola S1,3,4
V07762,CU04486,Sedan,BYD Seal,55,0
V07763,CU01236,Hatchback,MG Comet,35,2
V07764,CU02715,Two-Wheeler,Ola S1,3,3
V07765,CU01709,Two-Wheeler,Ather 450X,3,2
V07766,CU01146,Sedan,MG5,55,3
V07767,CU01476,Two-Wheeler,Ola S1,3,2
V07768,CU03924,SUV,Mahindra XUV400,75,4
V07769,CU02922,Sedan,BYD Seal,50,1
V07770,CU01856,Sedan,MG5,60,1
V07771,CU03225,Two-Wheeler,Ather 450X,3,4
V07772,CU03965,Hatchback,MG Comet,30,0
V07773,CU03380,Sedan,BYD Seal,50,2
V07774,CU04939,SUV,Mahindra XUV400,75,3
V07775,CU01605,SUV,Hyundai Ioniq 5,70,2
V07776,CU03280,SUV,Hyundai Ioniq 5,75,4
V07777,CU00552,SUV,Mahindra XUV400,75,2
V07778,CU02005,Hatchback,MG Comet,35,4
V07779,CU01837,Sedan,BYD Seal,50,1
V07780,CU01125,SUV,Hyundai Ioniq 5,82,1
V07781,CU01383,Two-Wheeler,Ola S1,4,2
V07782,CU01771,SUV,Tata Nexon EV,70,1
V07783,CU03864,Sedan,MG5,50,0
V07784,CU03401,Commercial Van,Mahindra Treo,60,4
V07785,CU00035,Hatchback,MG Comet,40,0
V07786,CU02205,Hatchback,MG Comet,30,4
V07787,CU05000,Sedan,MG5,50,3
V07788,CU03345,Hatchback,Tata Tiago EV,35,0
V07789,CU03015,SUV,Mahindra XUV400,82,1
V07790,CU04492,Hatchback,Tata Tiago EV,35,3
V07791,CU04303,Hatchback,MG Comet,35,2
V07792,CU01781,Sedan,MG5,50,2
V07793,CU01629,SUV,Hyundai Ioniq 5,70,3
V07794,CU01330,Two-Wheeler,Ola S1,2,0
V07795,CU01560,Two-Wheeler,Ola S1,3,0
V07796,CU00805,Hatchback,MG Comet,30,2
V07797,CU02510,SUV,Mahindra XUV400,100,4
V07798,CU04348,Hatchback,Tata Tiago EV,35,2
V07799,CU01291,Sedan,BYD Seal,50,4
V07800,CU04305,Two-Wheeler,Ola S1,2,1
V07801,CU02587,Sedan,BYD Seal,60,2
V07802,CU04931,Hatchback,MG Comet,35,3
V07803,CU02551,Sedan,MG5,55,0
V07804,CU00956,Hatchback,MG Comet,35,2
V07805,CU04610,Sedan,BYD Seal,60,3
V07806,CU00580,Sedan,BYD Seal,50,2
V07807,CU01938,Sedan,BYD Seal,55,3
V07808,CU01998,Commercial Van,Mahindra Treo,120,1
V07809,CU01666,SUV,Tata Nexon EV,75,0
V07810,CU02131,Two-Wheeler,Ola S1,2,0
V07811,CU03741,Two-Wheeler,Ola S1,4,4
V07812,CU02501,SUV,Hyundai Ioniq 5,82,1
V07813,CU01643,Sedan,BYD Seal,50,2
V07814,CU04713,Hatchback,MG Comet,40,2
V07815,CU01498,SUV,Mahindra XUV400,100,4
V07816,CU04603,Sedan,MG5,50,0
V07817,CU03205,Hatchback,Tata Tiago EV,35,1
V07818,CU00622,Sedan,BYD Seal,55,4
V07819,CU03145,Two-Wheeler,Ather 450X,3,0
V07820,CU01952,Commercial Van,Mahindra Treo,120,3
V07821,CU01460,Sedan,BYD Seal,55,0
V07822,CU00293,SUV,Hyundai Ioniq 5,70,1
V07823,CU00655,Two-Wheeler,Ola S1,2,4
V07824,CU02985,Sedan,MG5,60,0
V07825,CU03844,Hatchback,Tata Tiago EV,40,4
V07826,CU02805,Sedan,BYD Seal,55,3
V07827,CU02715,Two-Wheeler,Ather 450X,4,0
V07828,CU01622,Hatchback,MG Comet,35,4
V07829,CU04015,Sedan,MG5,50,1
V07830,CU03254,Sedan,MG5,55,1
V07831,CU02847,Two-Wheeler,Ather 450X,3,2
V07832,CU04881,Commercial Van,Tata Ace EV,120,4
V07833,CU04863,Sedan,MG5,55,1
V07834,CU03506,Commercial Van,Tata Ace EV,120,3
V07835,CU00519,Hatchback,Tata Tiago EV,40,4
V07836,CU02686,Hatchback,Tata Tiago EV,30,2
V07837,CU00028,Commercial Van,Tata Ace EV,60,1
V07838,CU00266,SUV,Tata Nexon EV,82,1
V07839,CU01307,Hatchback,Tata Tiago EV,30,3
V07840,CU04054,Sedan,BYD Seal,55,3
V07841,CU03455,Two-Wheeler,Ola S1,3,4
V07842,CU00811,Two-Wheeler,Ola S1,2,2
V07843,CU04677,Two-Wheeler,Ola S1,3,3
V07844,CU03391,SUV,Hyundai Ioniq 5,75,2
V07845,CU00611,Two-Wheeler,Ola S1,2,3
V07846,CU04289,SUV,Mahindra XUV400,75,0
V07847,CU02275,SUV,Mahindra XUV400,70,2
V07848,CU04547,Two-Wheeler,Ola S1,4,4
V07849,CU00203,Sedan,BYD Seal,55,1
V07850,CU00402,Hatchback,MG Comet,35,3
V07851,CU02028,Sedan,MG5,55,0
V07852,CU03851,SUV,Tata Nexon EV,70,4
V07853,CU00890,Hatchback,MG Comet,30,1
V07854,CU00179,Hatchback,Tata Tiago EV,35,0
V07855,CU01980,Sedan,MG5,55,0
V07856,CU02511,Hatchback,Tata Tiago EV,30,1
V07857,CU02883,Two-Wheeler,Ola S1,2,2
V07858,CU03985,Sedan,BYD Seal,50,3
V07859,CU02045,Hatchback,Tata Tiago EV,40,1
V07860,CU02984,SUV,Hyundai Ioniq 5,70,1
V07861,CU00351,Two-Wheeler,Ola S1,2,1
V07862,CU04283,Hatchback,Tata Tiago EV,30,4
V07863,CU03419,Hatchback,Tata Tiago EV,30,0
V07864,CU03831,Commercial Van,Mahindra Treo,120,1
V07865,CU01968,Sedan,MG5,60,3
V07866,CU04405,Commercial Van,Tata Ace EV,60,3
V07867,CU02225,Sedan,MG5,55,4
V07868,CU04523,Hatchback,MG Comet,35,0
V07869,CU02788,Hatchback,MG Comet,40,0
V07870,CU04627,Hatchback,Tata Tiago EV,35,4
V07871,CU04344,Two-Wheeler,Ather 450X,4,4
V07872,CU04312,Commercial Van,Mahindra Treo,80,2
V07873,CU04809,Commercial Van,Mahindra Treo,80,1
V07874,CU00438,Two-Wheeler,Ola S1,4,3
V07875,CU02359,Two-Wheeler,Ola S1,4,4
V07876,CU03855,SUV,Tata Nexon EV,70,3
V07877,CU00383,Two-Wheeler,Ather 450X,4,3
V07878,CU04217,Hatchback,Tata Tiago EV,35,0
V07879,CU00407,Sedan,BYD Seal,50,2
V07880,CU04341,SUV,Hyundai Ioniq 5,70,3
V07881,CU00066,Two-Wheeler,Ola S1,2,3
V07882,CU02990,SUV,Tata Nexon EV,75,2
V07883,CU00228,Two-Wheeler,Ola S1,4,0
V07884,CU04978,Sedan,MG5,55,1
V07885,CU02185,Two-Wheeler,Ola S1,4,3
V07886,CU02242,Commercial Van,Mahindra Treo,80,2
V07887,CU04802,Hatchback,MG Comet,30,3
V07888,CU04754,Commercial Van,Tata Ace EV,80,0
V07889,CU01513,SUV,Tata Nexon EV,70,3
V07890,CU00930,SUV,Tata Nexon EV,70,1
V07891,CU04037,Two-Wheeler,Ola S1,3,2
V07892,CU02604,Sedan,BYD Seal,55,3
V07893,CU01181,Sedan,MG5,60,3
V07894,CU01040,SUV,Tata Nexon EV,75,0
V07895,CU01102,Hatchback,Tata Tiago EV,35,4
V07896,CU02100,Sedan,BYD Seal,55,1
V07897,CU00514,Sedan,MG5,50,2
V07898,CU04840,Commercial Van,Mahindra Treo,60,2
V07899,CU03133,Hatchback,Tata Tiago EV,40,0
V07900,CU01833,Sedan,BYD Seal,50,4
V07901,CU04639,Commercial Van,Mahindra Treo,60,3
V07902,CU02458,Commercial Van,Tata Ace EV,60,0
V07903,CU02203,Two-Wheeler,Ola S1,3,2
V07904,CU02681,SUV,Hyundai Ioniq 5,70,3
V07905,CU02099,Sedan,MG5,60,2
V07906,CU03167,Sedan,MG5,50,0
V07907,CU01928,Hatchback,MG Comet,40,1
V07908,CU04451,Two-Wheeler,Ola S1,4,4
V07909,CU03117,Sedan,BYD Seal,55,3
V07910,CU02888,SUV,Hyundai Ioniq 5,75,3
V07911,CU04344,Sedan,BYD Seal,50,2
V07912,CU04629,Sedan,MG5,55,2
V07913,CU03531,SUV,Hyundai Ioniq 5,82,3
V07914,CU00790,Two-Wheeler,Ola S1,4,2
V07915,CU01301,Hatchback,Tata Tiago EV,30,1
V07916,CU01948,Sedan,MG5,60,4
V07917,CU02243,Hatchback,MG Comet,35,3
V07918,CU01095,Hatchback,MG Comet,35,2
V07919,CU01359,SUV,Hyundai Ioniq 5,70,2
V07920,CU03657,Hatchback,MG Comet,35,4
V07921,CU00308,Hatchback,MG Comet,30,2
V07922,CU01451,Two-Wheeler,Ather 450X,2,4
V07923,CU02124,SUV,Mahindra XUV400,100,4
V07924,CU04883,Hatchback,Tata Tiago EV,30,0
V07925,CU02843,Hatchback,MG Comet,30,3
V07926,CU01665,Hatchback,MG Comet,30,2
V07927,CU03949,Sedan,MG5,50,3
V07928,CU01395,SUV,Mahindra XUV400,82,4
V07929,CU04073,SUV,Tata Nexon EV,100,3
V07930,CU03635,Hatchback,Tata Tiago EV,35,4
V07931,CU00215,SUV,Mahindra XUV400,75,1
V07932,CU03073,Sedan,BYD Seal,55,3
V07933,CU04055,Sedan,MG5,50,4
V07934,CU04473,Two-Wheeler,Ola S1,3,2
V07935,CU02460,Sedan,BYD Seal,55,3
V07936,CU03707,Hatchback,Tata Tiago EV,35,0
V07937,CU03272,Two-Wheeler,Ola S1,2,4
V07938,CU01207,Hatchback,Tata Tiago EV,30,2
V07939,CU00410,Sedan,MG5,50,1
V07940,CU03470,Two-Wheeler,Ola S1,2,3
V07941,CU00216,SUV,Hyundai Ioniq 5,75,3
V07942,CU04848,Two-Wheeler,Ather 450X,4,2
V07943,CU00349,Hatchback,Tata Tiago EV,40,3
V07944,CU03652,Sedan,MG5,55,0
V07945,CU02879,Hatchback,MG Comet,30,4
V07946,CU03666,SUV,Hyundai Ioniq 5,75,2
V07947,CU04750,Sedan,BYD Seal,55,4
V07948,CU03070,SUV,Tata Nexon EV,100,3
V07949,CU03995,Hatchback,Tata Tiago EV,40,1
V07950,CU03113,Hatchback,Tata Tiago EV,40,4
V07951,CU00003,Sedan,MG5,55,2
V07952,CU01118,Commercial Van,Tata Ace EV,60,3
V07953,CU01083,Two-Wheeler,Ather 450X,4,0
V07954,CU04503,Commercial Van,Mahindra Treo,60,1
V07955,CU01518,Sedan,MG5,60,3
V07956,CU04847,Hatchback,MG Comet,40,0
V07957,CU01896,Sedan,MG5,55,1
V07958,CU03580,SUV,Hyundai Ioniq 5,70,4
V07959,CU02634,Hatchback,MG Comet,30,4
V07960,CU04984,Sedan,MG5,50,2
V07961,CU02380,Hatchback,MG Comet,40,0
V07962,CU01013,Sedan,MG5,55,4
V07963,CU04265,Hatchback,MG Comet,35,4
V07964,CU02824,Hatchback,Tata Tiago EV,30,3
V07965,CU00849,Sedan,BYD Seal,60,0
V07966,CU01705,Sedan,MG5,55,1
V07967,CU04094,SUV,Tata Nexon EV,82,0
V07968,CU00206,Two-Wheeler,Ola S1,3,1
V07969,CU01893,Hatchback,MG Comet,30,1
V07970,CU00521,Two-Wheeler,Ola S1,3,1
V07971,CU03577,Hatchback,MG Comet,40,3
V07972,CU02352,Sedan,BYD Seal,50,1
V07973,CU02135,SUV,Tata Nexon EV,100,4
V07974,CU04839,Commercial Van,Tata Ace EV,60,3
V07975,CU02476,SUV,Tata Nexon EV,70,2
V07976,CU04546,Hatchback,MG Comet,35,3
V07977,CU00786,SUV,Hyundai Ioniq 5,82,4
V07978,CU04098,Sedan,BYD Seal,55,3
V07979,CU02791,Sedan,MG5,55,1
V07980,CU02158,Hatchback,Tata Tiago EV,35,4
V07981,CU00679,SUV,Hyundai Ioniq 5,100,4
V07982,CU03529,Hatchback,Tata Tiago EV,40,4
V07983,CU03560,Two-Wheeler,Ather 450X,2,3
V07984,CU00371,SUV,Mahindra XUV400,70,4
V07985,CU02938,Hatchback,Tata Tiago EV,35,1
V07986,CU00722,Two-Wheeler,Ather 450X,3,3
V07987,CU04401,SUV,Tata Nexon EV,70,2
V07988,CU00924,Sedan,MG5,60,2
V07989,CU00836,Hatchback,MG Comet,30,3
V07990,CU02494,SUV,Mahindra XUV400,70,1
V07991,CU02980,Sedan,MG5,50,4
V07992,CU02326,Commercial Van,Tata Ace EV,120,3
V07993,CU03925,Hatchback,Tata Tiago EV,40,0
V07994,CU02425,Hatchback,Tata Tiago EV,30,0
V07995,CU04522,Commercial Van,Tata Ace EV,120,0
V07996,CU03127,Commercial Van,Mahindra Treo,80,1
V07997,CU02377,Hatchback,MG Comet,30,2
V07998,CU00454,Two-Wheeler,Ola S1,3,2
V07999,CU03460,Hatchback,Tata Tiago EV,40,0
V08000,CU04860,Two-Wheeler,Ola S1,4,1
